Reaction,Dataset,Reference,Stoichiometry
GDB_W1-F12_1,GDB_W1-F12,1.5611048545003063,"-1,dsgdb9nsd_000018,3,dsgdb9nsd_c,6,dsgdb9nsd_h,1,dsgdb9nsd_o"
GDB_W1-F12_2,GDB_W1-F12,1.3843202872773532,"-1,dsgdb9nsd_000019,2,dsgdb9nsd_c,5,dsgdb9nsd_h,1,dsgdb9nsd_n,1,dsgdb9nsd_o"
GDB_W1-F12_3,GDB_W1-F12,1.2001339696553999,"-1,dsgdb9nsd_000020,1,dsgdb9nsd_c,4,dsgdb9nsd_h,2,dsgdb9nsd_n,1,dsgdb9nsd_o"
GDB_W1-F12_4,GDB_W1-F12,2.078436565366173,"-1,dsgdb9nsd_000021,4,dsgdb9nsd_c,10,dsgdb9nsd_h"
GDB_W1-F12_5,GDB_W1-F12,1.7684652437516697,"-1,dsgdb9nsd_000022,3,dsgdb9nsd_c,8,dsgdb9nsd_h,1,dsgdb9nsd_o"
GDB_W1-F12_6,GDB_W1-F12,1.1111780559879312,"-1,dsgdb9nsd_000023,4,dsgdb9nsd_c,2,dsgdb9nsd_h"
GDB_W1-F12_7,GDB_W1-F12,0.9591353096327145,"-1,dsgdb9nsd_000024,3,dsgdb9nsd_c,1,dsgdb9nsd_h,1,dsgdb9nsd_n"
GDB_W1-F12_8,GDB_W1-F12,0.7992709130827302,"-1,dsgdb9nsd_000025,2,dsgdb9nsd_c,2,dsgdb9nsd_n"
GDB_W1-F12_9,GDB_W1-F12,1.057471743664147,"-1,dsgdb9nsd_000026,3,dsgdb9nsd_c,2,dsgdb9nsd_h,1,dsgdb9nsd_o"
GDB_W1-F12_10,GDB_W1-F12,0.9043725173235196,"-1,dsgdb9nsd_000027,2,dsgdb9nsd_c,1,dsgdb9nsd_h,1,dsgdb9nsd_n,1,dsgdb9nsd_o"
GDB_W1-F12_11,GDB_W1-F12,1.6009178164279714,"-1,dsgdb9nsd_000029,4,dsgdb9nsd_c,6,dsgdb9nsd_h"
GDB_W1-F12_12,GDB_W1-F12,1.5934810158808712,"-1,dsgdb9nsd_000030,4,dsgdb9nsd_c,6,dsgdb9nsd_h"
GDB_W1-F12_13,GDB_W1-F12,1.4515653400523896,"-1,dsgdb9nsd_000031,3,dsgdb9nsd_c,5,dsgdb9nsd_h,1,dsgdb9nsd_n"
GDB_W1-F12_14,GDB_W1-F12,1.2401418712693275,"-1,dsgdb9nsd_000032,2,dsgdb9nsd_c,4,dsgdb9nsd_h,2,dsgdb9nsd_n"
GDB_W1-F12_15,GDB_W1-F12,1.2722958125786994,"-1,dsgdb9nsd_000033,3,dsgdb9nsd_c,4,dsgdb9nsd_h,1,dsgdb9nsd_o"
GDB_W1-F12_16,GDB_W1-F12,1.1270320065835022,"-1,dsgdb9nsd_000034,2,dsgdb9nsd_c,3,dsgdb9nsd_h,1,dsgdb9nsd_n,1,dsgdb9nsd_o"
GDB_W1-F12_17,GDB_W1-F12,1.5489728740048658,"-1,dsgdb9nsd_000035,3,dsgdb9nsd_c,6,dsgdb9nsd_h,1,dsgdb9nsd_o"
GDB_W1-F12_18,GDB_W1-F12,1.3669095265611646,"-1,dsgdb9nsd_000036,2,dsgdb9nsd_c,5,dsgdb9nsd_h,1,dsgdb9nsd_n,1,dsgdb9nsd_o"
GDB_W1-F12_19,GDB_W1-F12,1.2452358914110768,"-1,dsgdb9nsd_000037,2,dsgdb9nsd_c,4,dsgdb9nsd_h,2,dsgdb9nsd_o"
GDB_W1-F12_20,GDB_W1-F12,1.2312031909276446,"-1,dsgdb9nsd_000038,2,dsgdb9nsd_c,4,dsgdb9nsd_h,2,dsgdb9nsd_o"
GDB_W1-F12_21,GDB_W1-F12,2.076066266491836,"-1,dsgdb9nsd_000039,4,dsgdb9nsd_c,10,dsgdb9nsd_h"
GDB_W1-F12_22,GDB_W1-F12,1.7622724129488818,"-1,dsgdb9nsd_000040,3,dsgdb9nsd_c,8,dsgdb9nsd_h,1,dsgdb9nsd_o"
GDB_W1-F12_23,GDB_W1-F12,1.7477628519360557,"-1,dsgdb9nsd_000041,3,dsgdb9nsd_c,8,dsgdb9nsd_h,1,dsgdb9nsd_o"
GDB_W1-F12_24,GDB_W1-F12,1.4510222899247234,"-1,dsgdb9nsd_000042,2,dsgdb9nsd_c,6,dsgdb9nsd_h,2,dsgdb9nsd_o"
GDB_W1-F12_25,GDB_W1-F12,1.8338131256484764,"-1,dsgdb9nsd_000043,4,dsgdb9nsd_c,8,dsgdb9nsd_h"
GDB_W1-F12_26,GDB_W1-F12,1.5155796427211634,"-1,dsgdb9nsd_000044,3,dsgdb9nsd_c,6,dsgdb9nsd_h,1,dsgdb9nsd_o"
GDB_W1-F12_27,GDB_W1-F12,1.6111692967098212,"-1,dsgdb9nsd_000045,3,dsgdb9nsd_c,7,dsgdb9nsd_h,1,dsgdb9nsd_n"
GDB_W1-F12_28,GDB_W1-F12,1.5156690026468984,"-1,dsgdb9nsd_000046,3,dsgdb9nsd_c,6,dsgdb9nsd_h,1,dsgdb9nsd_o"
GDB_W1-F12_29,GDB_W1-F12,1.8339000757301174,"-1,dsgdb9nsd_000047,4,dsgdb9nsd_c,8,dsgdb9nsd_h"
GDB_W1-F12_30,GDB_W1-F12,1.5113815323994886,"-1,dsgdb9nsd_000048,3,dsgdb9nsd_c,6,dsgdb9nsd_h,1,dsgdb9nsd_o"
GDB_W1-F12_31,GDB_W1-F12,1.7789978528567365,"-1,dsgdb9nsd_000049,3,dsgdb9nsd_c,7,dsgdb9nsd_h,1,dsgdb9nsd_n,1,dsgdb9nsd_o"
GDB_W1-F12_32,GDB_W1-F12,1.7108667412682728,"-1,dsgdb9nsd_000050,4,dsgdb9nsd_c,5,dsgdb9nsd_h,1,dsgdb9nsd_n"
GDB_W1-F12_33,GDB_W1-F12,1.5167288626609583,"-1,dsgdb9nsd_000051,3,dsgdb9nsd_c,4,dsgdb9nsd_h,2,dsgdb9nsd_n"
GDB_W1-F12_34,GDB_W1-F12,1.3940482275752177,"-1,dsgdb9nsd_000053,3,dsgdb9nsd_c,3,dsgdb9nsd_h,1,dsgdb9nsd_n,1,dsgdb9nsd_o"
GDB_W1-F12_35,GDB_W1-F12,2.5521644950445324,"-1,dsgdb9nsd_000054,5,dsgdb9nsd_c,12,dsgdb9nsd_h"
GDB_W1-F12_36,GDB_W1-F12,2.244279572208249,"-1,dsgdb9nsd_000055,4,dsgdb9nsd_c,10,dsgdb9nsd_h,1,dsgdb9nsd_o"
GDB_W1-F12_37,GDB_W1-F12,1.540198493652684,"-1,dsgdb9nsd_000056,4,dsgdb9nsd_c,4,dsgdb9nsd_h,1,dsgdb9nsd_o"
GDB_W1-F12_38,GDB_W1-F12,1.3893083373855828,"-1,dsgdb9nsd_000057,3,dsgdb9nsd_c,3,dsgdb9nsd_h,1,dsgdb9nsd_n,1,dsgdb9nsd_o"
GDB_W1-F12_39,GDB_W1-F12,1.299104603673368,"-1,dsgdb9nsd_000058,2,dsgdb9nsd_c,3,dsgdb9nsd_h,3,dsgdb9nsd_n"
GDB_W1-F12_40,GDB_W1-F12,1.495592251903219,"-1,dsgdb9nsd_000060,3,dsgdb9nsd_c,4,dsgdb9nsd_h,2,dsgdb9nsd_o"
GDB_W1-F12_41,GDB_W1-F12,1.4123916983526794,"-1,dsgdb9nsd_000061,2,dsgdb9nsd_c,4,dsgdb9nsd_h,2,dsgdb9nsd_n,1,dsgdb9nsd_o"
GDB_W1-F12_42,GDB_W1-F12,1.311698474246937,"-1,dsgdb9nsd_000062,2,dsgdb9nsd_c,3,dsgdb9nsd_h,1,dsgdb9nsd_n,2,dsgdb9nsd_o"
GDB_W1-F12_43,GDB_W1-F12,2.0651088861107674,"-1,dsgdb9nsd_000063,5,dsgdb9nsd_c,8,dsgdb9nsd_h"
GDB_W1-F12_44,GDB_W1-F12,1.9231930494879004,"-1,dsgdb9nsd_000064,4,dsgdb9nsd_c,7,dsgdb9nsd_h,1,dsgdb9nsd_n"
GDB_W1-F12_45,GDB_W1-F12,1.717128371032327,"-1,dsgdb9nsd_000065,3,dsgdb9nsd_c,6,dsgdb9nsd_h,2,dsgdb9nsd_n"
GDB_W1-F12_46,GDB_W1-F12,1.7502698626905253,"-1,dsgdb9nsd_000066,4,dsgdb9nsd_c,6,dsgdb9nsd_h,1,dsgdb9nsd_o"
GDB_W1-F12_47,GDB_W1-F12,1.6054072370924484,"-1,dsgdb9nsd_000067,3,dsgdb9nsd_c,5,dsgdb9nsd_h,1,dsgdb9nsd_n,1,dsgdb9nsd_o"
GDB_W1-F12_48,GDB_W1-F12,2.021037043145484,"-1,dsgdb9nsd_000068,4,dsgdb9nsd_c,8,dsgdb9nsd_h,1,dsgdb9nsd_o"
GDB_W1-F12_49,GDB_W1-F12,1.707740020348339,"-1,dsgdb9nsd_000069,3,dsgdb9nsd_c,6,dsgdb9nsd_h,2,dsgdb9nsd_o"
GDB_W1-F12_50,GDB_W1-F12,1.830111116203153,"-1,dsgdb9nsd_000070,3,dsgdb9nsd_c,7,dsgdb9nsd_h,1,dsgdb9nsd_n,1,dsgdb9nsd_o"
GDB_W1-F12_51,GDB_W1-F12,1.7197104611313283,"-1,dsgdb9nsd_000071,3,dsgdb9nsd_c,6,dsgdb9nsd_h,2,dsgdb9nsd_o"
GDB_W1-F12_52,GDB_W1-F12,2.0316168834099595,"-1,dsgdb9nsd_000072,4,dsgdb9nsd_c,8,dsgdb9nsd_h,1,dsgdb9nsd_o"
GDB_W1-F12_53,GDB_W1-F12,1.8545103972226709,"-1,dsgdb9nsd_000073,3,dsgdb9nsd_c,7,dsgdb9nsd_h,1,dsgdb9nsd_n,1,dsgdb9nsd_o"
GDB_W1-F12_54,GDB_W1-F12,1.6601291280271446,"-1,dsgdb9nsd_000075,2,dsgdb9nsd_c,6,dsgdb9nsd_h,2,dsgdb9nsd_n,1,dsgdb9nsd_o"
GDB_W1-F12_55,GDB_W1-F12,1.8203902653600041,"-1,dsgdb9nsd_000076,3,dsgdb9nsd_c,7,dsgdb9nsd_h,1,dsgdb9nsd_n,1,dsgdb9nsd_o"
GDB_W1-F12_56,GDB_W1-F12,1.7346332222801182,"-1,dsgdb9nsd_000077,3,dsgdb9nsd_c,6,dsgdb9nsd_h,2,dsgdb9nsd_o"
GDB_W1-F12_57,GDB_W1-F12,1.5509658741932268,"-1,dsgdb9nsd_000078,2,dsgdb9nsd_c,5,dsgdb9nsd_h,1,dsgdb9nsd_n,2,dsgdb9nsd_o"
GDB_W1-F12_58,GDB_W1-F12,1.5424251537395186,"-1,dsgdb9nsd_000079,2,dsgdb9nsd_c,5,dsgdb9nsd_h,1,dsgdb9nsd_n,2,dsgdb9nsd_o"
GDB_W1-F12_59,GDB_W1-F12,1.5441897737903294,"-1,dsgdb9nsd_000080,2,dsgdb9nsd_c,5,dsgdb9nsd_h,1,dsgdb9nsd_n,2,dsgdb9nsd_o"
GDB_W1-F12_60,GDB_W1-F12,2.2347720631639634,"-1,dsgdb9nsd_000081,4,dsgdb9nsd_c,10,dsgdb9nsd_h,1,dsgdb9nsd_o"
GDB_W1-F12_61,GDB_W1-F12,1.9266511901052203,"-1,dsgdb9nsd_000082,3,dsgdb9nsd_c,8,dsgdb9nsd_h,2,dsgdb9nsd_o"
GDB_W1-F12_62,GDB_W1-F12,2.5476134450316574,"-1,dsgdb9nsd_000083,5,dsgdb9nsd_c,12,dsgdb9nsd_h"
GDB_W1-F12_63,GDB_W1-F12,2.23841017237884,"-1,dsgdb9nsd_000084,4,dsgdb9nsd_c,10,dsgdb9nsd_h,1,dsgdb9nsd_o"
GDB_W1-F12_64,GDB_W1-F12,2.2217285118896806,"-1,dsgdb9nsd_000085,4,dsgdb9nsd_c,10,dsgdb9nsd_h,1,dsgdb9nsd_o"
GDB_W1-F12_65,GDB_W1-F12,2.3081108060872295,"-1,dsgdb9nsd_000086,5,dsgdb9nsd_c,10,dsgdb9nsd_h"
GDB_W1-F12_66,GDB_W1-F12,1.9929851320147893,"-1,dsgdb9nsd_000087,4,dsgdb9nsd_c,8,dsgdb9nsd_h,1,dsgdb9nsd_o"
GDB_W1-F12_67,GDB_W1-F12,1.995555512330427,"-1,dsgdb9nsd_000088,4,dsgdb9nsd_c,8,dsgdb9nsd_h,1,dsgdb9nsd_o"
GDB_W1-F12_68,GDB_W1-F12,1.5861148855018452,"-1,dsgdb9nsd_000089,3,dsgdb9nsd_c,5,dsgdb9nsd_h,1,dsgdb9nsd_n,1,dsgdb9nsd_o"
GDB_W1-F12_69,GDB_W1-F12,1.7908480038224077,"-1,dsgdb9nsd_000090,4,dsgdb9nsd_c,6,dsgdb9nsd_h,1,dsgdb9nsd_o"
GDB_W1-F12_70,GDB_W1-F12,1.6096832059995623,"-1,dsgdb9nsd_000091,3,dsgdb9nsd_c,5,dsgdb9nsd_h,1,dsgdb9nsd_n,1,dsgdb9nsd_o"
GDB_W1-F12_71,GDB_W1-F12,1.5020414621020965,"-1,dsgdb9nsd_000092,3,dsgdb9nsd_c,4,dsgdb9nsd_h,2,dsgdb9nsd_o"
GDB_W1-F12_72,GDB_W1-F12,1.5743726850975601,"-1,dsgdb9nsd_000093,3,dsgdb9nsd_c,5,dsgdb9nsd_h,1,dsgdb9nsd_n,1,dsgdb9nsd_o"
GDB_W1-F12_73,GDB_W1-F12,1.4622467803765224,"-1,dsgdb9nsd_000094,3,dsgdb9nsd_c,4,dsgdb9nsd_h,2,dsgdb9nsd_o"
GDB_W1-F12_74,GDB_W1-F12,2.30767977514478,"-1,dsgdb9nsd_000095,5,dsgdb9nsd_c,10,dsgdb9nsd_h"
GDB_W1-F12_75,GDB_W1-F12,1.9897370519709727,"-1,dsgdb9nsd_000096,4,dsgdb9nsd_c,8,dsgdb9nsd_h,1,dsgdb9nsd_o"
GDB_W1-F12_76,GDB_W1-F12,1.9844857113359387,"-1,dsgdb9nsd_000097,4,dsgdb9nsd_c,8,dsgdb9nsd_h,1,dsgdb9nsd_o"
GDB_W1-F12_77,GDB_W1-F12,1.998062652166613,"-1,dsgdb9nsd_000098,4,dsgdb9nsd_c,8,dsgdb9nsd_h,1,dsgdb9nsd_o"
GDB_W1-F12_78,GDB_W1-F12,2.3045589856093973,"-1,dsgdb9nsd_000100,5,dsgdb9nsd_c,10,dsgdb9nsd_h"
GDB_W1-F12_79,GDB_W1-F12,1.9907407021564036,"-1,dsgdb9nsd_000101,4,dsgdb9nsd_c,8,dsgdb9nsd_h,1,dsgdb9nsd_o"
GDB_W1-F12_80,GDB_W1-F12,2.0821425157878517,"-1,dsgdb9nsd_000102,4,dsgdb9nsd_c,9,dsgdb9nsd_h,1,dsgdb9nsd_n"
GDB_W1-F12_81,GDB_W1-F12,1.9911275823710233,"-1,dsgdb9nsd_000103,4,dsgdb9nsd_c,8,dsgdb9nsd_h,1,dsgdb9nsd_o"
GDB_W1-F12_82,GDB_W1-F12,1.676142229685972,"-1,dsgdb9nsd_000104,3,dsgdb9nsd_c,6,dsgdb9nsd_h,2,dsgdb9nsd_o"
GDB_W1-F12_83,GDB_W1-F12,1.7128151309747892,"-1,dsgdb9nsd_000106,4,dsgdb9nsd_c,6,dsgdb9nsd_h,1,dsgdb9nsd_o"
GDB_W1-F12_84,GDB_W1-F12,1.5746228650653369,"-1,dsgdb9nsd_000107,5,dsgdb9nsd_c,4,dsgdb9nsd_h"
GDB_W1-F12_85,GDB_W1-F12,1.4298322090579465,"-1,dsgdb9nsd_000108,4,dsgdb9nsd_c,3,dsgdb9nsd_h,1,dsgdb9nsd_n"
GDB_W1-F12_86,GDB_W1-F12,1.281133733007403,"-1,dsgdb9nsd_000109,3,dsgdb9nsd_c,2,dsgdb9nsd_h,2,dsgdb9nsd_n"
GDB_W1-F12_87,GDB_W1-F12,1.5336286333232034,"-1,dsgdb9nsd_000110,4,dsgdb9nsd_c,4,dsgdb9nsd_h,1,dsgdb9nsd_o"
GDB_W1-F12_88,GDB_W1-F12,1.3877628273333993,"-1,dsgdb9nsd_000111,3,dsgdb9nsd_c,3,dsgdb9nsd_h,1,dsgdb9nsd_n,1,dsgdb9nsd_o"
GDB_W1-F12_89,GDB_W1-F12,1.4111980483267224,"-1,dsgdb9nsd_000112,2,dsgdb9nsd_c,4,dsgdb9nsd_h,2,dsgdb9nsd_n,1,dsgdb9nsd_o"
GDB_W1-F12_90,GDB_W1-F12,1.29721723360334,"-1,dsgdb9nsd_000113,2,dsgdb9nsd_c,3,dsgdb9nsd_h,1,dsgdb9nsd_n,2,dsgdb9nsd_o"
GDB_W1-F12_91,GDB_W1-F12,1.3195588346142268,"-1,dsgdb9nsd_000114,2,dsgdb9nsd_c,3,dsgdb9nsd_h,1,dsgdb9nsd_n,2,dsgdb9nsd_o"
GDB_W1-F12_92,GDB_W1-F12,1.5907696357817123,"-1,dsgdb9nsd_000115,5,dsgdb9nsd_c,4,dsgdb9nsd_h"
GDB_W1-F12_93,GDB_W1-F12,1.441313119542672,"-1,dsgdb9nsd_000116,4,dsgdb9nsd_c,3,dsgdb9nsd_h,1,dsgdb9nsd_n"
GDB_W1-F12_94,GDB_W1-F12,1.5381203435148658,"-1,dsgdb9nsd_000117,4,dsgdb9nsd_c,4,dsgdb9nsd_h,1,dsgdb9nsd_o"
GDB_W1-F12_95,GDB_W1-F12,1.7501942128366788,"-1,dsgdb9nsd_000118,4,dsgdb9nsd_c,6,dsgdb9nsd_h,1,dsgdb9nsd_o"
GDB_W1-F12_96,GDB_W1-F12,2.070291496309397,"-1,dsgdb9nsd_000119,5,dsgdb9nsd_c,8,dsgdb9nsd_h"
GDB_W1-F12_97,GDB_W1-F12,1.7927395035512017,"-1,dsgdb9nsd_000120,3,dsgdb9nsd_c,7,dsgdb9nsd_h,1,dsgdb9nsd_n,1,dsgdb9nsd_o"
GDB_W1-F12_98,GDB_W1-F12,2.0637758146041527,"-1,dsgdb9nsd_000121,5,dsgdb9nsd_c,8,dsgdb9nsd_h"
GDB_W1-F12_99,GDB_W1-F12,1.9219431894739543,"-1,dsgdb9nsd_000122,4,dsgdb9nsd_c,7,dsgdb9nsd_h,1,dsgdb9nsd_n"
GDB_W1-F12_100,GDB_W1-F12,1.7000406306184273,"-1,dsgdb9nsd_000123,3,dsgdb9nsd_c,6,dsgdb9nsd_h,2,dsgdb9nsd_n"
GDB_W1-F12_101,GDB_W1-F12,1.7276513914375433,"-1,dsgdb9nsd_000124,4,dsgdb9nsd_c,6,dsgdb9nsd_h,1,dsgdb9nsd_o"
GDB_W1-F12_102,GDB_W1-F12,1.5825158553782235,"-1,dsgdb9nsd_000125,3,dsgdb9nsd_c,5,dsgdb9nsd_h,1,dsgdb9nsd_n,1,dsgdb9nsd_o"
GDB_W1-F12_103,GDB_W1-F12,1.7496118216296814,"-1,dsgdb9nsd_000126,4,dsgdb9nsd_c,6,dsgdb9nsd_h,1,dsgdb9nsd_o"
GDB_W1-F12_104,GDB_W1-F12,1.606757466905742,"-1,dsgdb9nsd_000127,3,dsgdb9nsd_c,5,dsgdb9nsd_h,1,dsgdb9nsd_n,1,dsgdb9nsd_o"
GDB_W1-F12_105,GDB_W1-F12,2.018985254203287,"-1,dsgdb9nsd_000128,4,dsgdb9nsd_c,8,dsgdb9nsd_h,1,dsgdb9nsd_o"
GDB_W1-F12_106,GDB_W1-F12,1.839855356334602,"-1,dsgdb9nsd_000129,3,dsgdb9nsd_c,7,dsgdb9nsd_h,1,dsgdb9nsd_n,1,dsgdb9nsd_o"
GDB_W1-F12_107,GDB_W1-F12,1.7203874803916934,"-1,dsgdb9nsd_000130,3,dsgdb9nsd_c,6,dsgdb9nsd_h,2,dsgdb9nsd_o"
GDB_W1-F12_108,GDB_W1-F12,1.6864239804271297,"-1,dsgdb9nsd_000131,3,dsgdb9nsd_c,6,dsgdb9nsd_h,2,dsgdb9nsd_o"
GDB_W1-F12_109,GDB_W1-F12,1.703170729973409,"-1,dsgdb9nsd_000132,3,dsgdb9nsd_c,6,dsgdb9nsd_h,2,dsgdb9nsd_o"
GDB_W1-F12_110,GDB_W1-F12,2.5460546446622043,"-1,dsgdb9nsd_000133,5,dsgdb9nsd_c,12,dsgdb9nsd_h"
GDB_W1-F12_111,GDB_W1-F12,2.2320586316216744,"-1,dsgdb9nsd_000134,4,dsgdb9nsd_c,10,dsgdb9nsd_h,1,dsgdb9nsd_o"
GDB_W1-F12_112,GDB_W1-F12,2.2173705920286357,"-1,dsgdb9nsd_000135,4,dsgdb9nsd_c,10,dsgdb9nsd_h,1,dsgdb9nsd_o"
GDB_W1-F12_113,GDB_W1-F12,2.222539691674277,"-1,dsgdb9nsd_000136,4,dsgdb9nsd_c,10,dsgdb9nsd_h,1,dsgdb9nsd_o"
GDB_W1-F12_114,GDB_W1-F12,1.9059217293755868,"-1,dsgdb9nsd_000137,3,dsgdb9nsd_c,8,dsgdb9nsd_h,2,dsgdb9nsd_o"
GDB_W1-F12_115,GDB_W1-F12,1.916845989937977,"-1,dsgdb9nsd_000138,3,dsgdb9nsd_c,8,dsgdb9nsd_h,2,dsgdb9nsd_o"
GDB_W1-F12_116,GDB_W1-F12,1.8215216347326555,"-1,dsgdb9nsd_000139,5,dsgdb9nsd_c,6,dsgdb9nsd_h"
GDB_W1-F12_117,GDB_W1-F12,1.6085413571038572,"-1,dsgdb9nsd_000140,4,dsgdb9nsd_c,5,dsgdb9nsd_h,1,dsgdb9nsd_n"
GDB_W1-F12_118,GDB_W1-F12,1.4961346719208768,"-1,dsgdb9nsd_000141,4,dsgdb9nsd_c,4,dsgdb9nsd_h,1,dsgdb9nsd_o"
GDB_W1-F12_119,GDB_W1-F12,1.6788763589237339,"-1,dsgdb9nsd_000142,4,dsgdb9nsd_c,5,dsgdb9nsd_h,1,dsgdb9nsd_n"
GDB_W1-F12_120,GDB_W1-F12,1.4631640505115469,"-1,dsgdb9nsd_000143,3,dsgdb9nsd_c,4,dsgdb9nsd_h,2,dsgdb9nsd_n"
GDB_W1-F12_121,GDB_W1-F12,1.3490022358117575,"-1,dsgdb9nsd_000144,3,dsgdb9nsd_c,3,dsgdb9nsd_h,1,dsgdb9nsd_n,1,dsgdb9nsd_o"
GDB_W1-F12_122,GDB_W1-F12,1.569513454877064,"-1,dsgdb9nsd_000146,3,dsgdb9nsd_c,5,dsgdb9nsd_h,1,dsgdb9nsd_n,1,dsgdb9nsd_o"
GDB_W1-F12_123,GDB_W1-F12,1.4553573200915189,"-1,dsgdb9nsd_000147,3,dsgdb9nsd_c,4,dsgdb9nsd_h,2,dsgdb9nsd_o"
GDB_W1-F12_124,GDB_W1-F12,1.5741026550709158,"-1,dsgdb9nsd_000148,3,dsgdb9nsd_c,5,dsgdb9nsd_h,1,dsgdb9nsd_n,1,dsgdb9nsd_o"
GDB_W1-F12_125,GDB_W1-F12,2.3041684257690584,"-1,dsgdb9nsd_000149,5,dsgdb9nsd_c,10,dsgdb9nsd_h"
GDB_W1-F12_126,GDB_W1-F12,2.0846040961525367,"-1,dsgdb9nsd_000151,4,dsgdb9nsd_c,9,dsgdb9nsd_h,1,dsgdb9nsd_n"
GDB_W1-F12_127,GDB_W1-F12,1.9734918916643966,"-1,dsgdb9nsd_000152,4,dsgdb9nsd_c,8,dsgdb9nsd_h,1,dsgdb9nsd_o"
GDB_W1-F12_128,GDB_W1-F12,1.9897324321204048,"-1,dsgdb9nsd_000153,4,dsgdb9nsd_c,8,dsgdb9nsd_h,1,dsgdb9nsd_o"
GDB_W1-F12_129,GDB_W1-F12,1.7778262131757556,"-1,dsgdb9nsd_000154,3,dsgdb9nsd_c,7,dsgdb9nsd_h,1,dsgdb9nsd_n,1,dsgdb9nsd_o"
GDB_W1-F12_130,GDB_W1-F12,1.6718860596831195,"-1,dsgdb9nsd_000155,3,dsgdb9nsd_c,6,dsgdb9nsd_h,2,dsgdb9nsd_o"
GDB_W1-F12_131,GDB_W1-F12,2.1081487669674783,"-1,dsgdb9nsd_000156,5,dsgdb9nsd_c,8,dsgdb9nsd_h"
GDB_W1-F12_132,GDB_W1-F12,1.6014015461763624,"-1,dsgdb9nsd_000157,3,dsgdb9nsd_c,5,dsgdb9nsd_h,1,dsgdb9nsd_n,1,dsgdb9nsd_o"
GDB_W1-F12_133,GDB_W1-F12,1.7819794540553524,"-1,dsgdb9nsd_000158,4,dsgdb9nsd_c,6,dsgdb9nsd_h,1,dsgdb9nsd_o"
GDB_W1-F12_134,GDB_W1-F12,2.0134466828451316,"-1,dsgdb9nsd_000160,4,dsgdb9nsd_c,8,dsgdb9nsd_h,1,dsgdb9nsd_o"
GDB_W1-F12_135,GDB_W1-F12,1.6937088106790519,"-1,dsgdb9nsd_000161,3,dsgdb9nsd_c,6,dsgdb9nsd_h,2,dsgdb9nsd_o"
GDB_W1-F12_136,GDB_W1-F12,2.061717965195689,"-1,dsgdb9nsd_000162,5,dsgdb9nsd_c,8,dsgdb9nsd_h"
GDB_W1-F12_137,GDB_W1-F12,1.7332449818853337,"-1,dsgdb9nsd_000163,4,dsgdb9nsd_c,6,dsgdb9nsd_h,1,dsgdb9nsd_o"
GDB_W1-F12_138,GDB_W1-F12,1.7423736026262093,"-1,dsgdb9nsd_000164,4,dsgdb9nsd_c,6,dsgdb9nsd_h,1,dsgdb9nsd_o"
GDB_W1-F12_139,GDB_W1-F12,1.4994208919466205,"-1,dsgdb9nsd_000165,3,dsgdb9nsd_c,4,dsgdb9nsd_h,2,dsgdb9nsd_n"
GDB_W1-F12_140,GDB_W1-F12,1.2808175729999431,"-1,dsgdb9nsd_000166,2,dsgdb9nsd_c,3,dsgdb9nsd_h,3,dsgdb9nsd_n"
GDB_W1-F12_141,GDB_W1-F12,1.3084151241380224,"-1,dsgdb9nsd_000167,2,dsgdb9nsd_c,3,dsgdb9nsd_h,3,dsgdb9nsd_n"
GDB_W1-F12_142,GDB_W1-F12,1.2984144136158415,"-1,dsgdb9nsd_000168,2,dsgdb9nsd_c,3,dsgdb9nsd_h,3,dsgdb9nsd_n"
GDB_W1-F12_143,GDB_W1-F12,1.2872581332895772,"-1,dsgdb9nsd_000169,2,dsgdb9nsd_c,3,dsgdb9nsd_h,3,dsgdb9nsd_n"
GDB_W1-F12_144,GDB_W1-F12,1.356570786082834,"-1,dsgdb9nsd_000170,3,dsgdb9nsd_c,3,dsgdb9nsd_h,1,dsgdb9nsd_n,1,dsgdb9nsd_o"
GDB_W1-F12_145,GDB_W1-F12,1.1427700472159465,"-1,dsgdb9nsd_000171,2,dsgdb9nsd_c,2,dsgdb9nsd_h,2,dsgdb9nsd_n,1,dsgdb9nsd_o"
GDB_W1-F12_146,GDB_W1-F12,1.1674072581889905,"-1,dsgdb9nsd_000172,2,dsgdb9nsd_c,2,dsgdb9nsd_h,2,dsgdb9nsd_n,1,dsgdb9nsd_o"
GDB_W1-F12_147,GDB_W1-F12,1.1771856986008928,"-1,dsgdb9nsd_000173,2,dsgdb9nsd_c,2,dsgdb9nsd_h,2,dsgdb9nsd_n,1,dsgdb9nsd_o"
GDB_W1-F12_148,GDB_W1-F12,0.931458398577282,"-1,dsgdb9nsd_000174,1,dsgdb9nsd_c,1,dsgdb9nsd_h,3,dsgdb9nsd_n,1,dsgdb9nsd_o"
GDB_W1-F12_149,GDB_W1-F12,1.1257358765111742,"-1,dsgdb9nsd_000175,2,dsgdb9nsd_c,2,dsgdb9nsd_h,2,dsgdb9nsd_n,1,dsgdb9nsd_o"
GDB_W1-F12_150,GDB_W1-F12,1.7611080831176955,"-1,dsgdb9nsd_000178,4,dsgdb9nsd_c,5,dsgdb9nsd_h,1,dsgdb9nsd_n,1,dsgdb9nsd_o"
GDB_W1-F12_151,GDB_W1-F12,1.935374379517141,"-1,dsgdb9nsd_000179,3,dsgdb9nsd_c,7,dsgdb9nsd_h,1,dsgdb9nsd_n,2,dsgdb9nsd_o"
GDB_W1-F12_152,GDB_W1-F12,2.2485185631876035,"-1,dsgdb9nsd_000180,4,dsgdb9nsd_c,9,dsgdb9nsd_h,1,dsgdb9nsd_n,1,dsgdb9nsd_o"
GDB_W1-F12_153,GDB_W1-F12,1.787175444131652,"-1,dsgdb9nsd_000182,3,dsgdb9nsd_c,6,dsgdb9nsd_h,2,dsgdb9nsd_n,1,dsgdb9nsd_o"
GDB_W1-F12_154,GDB_W1-F12,1.6753688596890854,"-1,dsgdb9nsd_000183,3,dsgdb9nsd_c,5,dsgdb9nsd_h,1,dsgdb9nsd_n,2,dsgdb9nsd_o"
GDB_W1-F12_155,GDB_W1-F12,0.7631244215353672,"-1,dsgdb9nsd_000184,1,dsgdb9nsd_c,4,dsgdb9nsd_f"
GDB_W1-F12_156,GDB_W1-F12,1.6606872582458552,"-1,dsgdb9nsd_000185,3,dsgdb9nsd_c,4,dsgdb9nsd_h,2,dsgdb9nsd_n,1,dsgdb9nsd_o"
GDB_W1-F12_157,GDB_W1-F12,1.5397539736708656,"-1,dsgdb9nsd_000186,3,dsgdb9nsd_c,3,dsgdb9nsd_h,1,dsgdb9nsd_n,2,dsgdb9nsd_o"
GDB_W1-F12_158,GDB_W1-F12,1.7014580402939263,"-1,dsgdb9nsd_000187,3,dsgdb9nsd_c,4,dsgdb9nsd_h,2,dsgdb9nsd_n,1,dsgdb9nsd_o"
GDB_W1-F12_159,GDB_W1-F12,1.580905335311552,"-1,dsgdb9nsd_000188,3,dsgdb9nsd_c,3,dsgdb9nsd_h,1,dsgdb9nsd_n,2,dsgdb9nsd_o"
GDB_W1-F12_160,GDB_W1-F12,1.459561260285333,"-1,dsgdb9nsd_000189,3,dsgdb9nsd_c,2,dsgdb9nsd_h,3,dsgdb9nsd_o"
GDB_W1-F12_161,GDB_W1-F12,2.1854553495854834,"-1,dsgdb9nsd_000190,5,dsgdb9nsd_c,7,dsgdb9nsd_h,1,dsgdb9nsd_n"
GDB_W1-F12_162,GDB_W1-F12,2.064319815952517,"-1,dsgdb9nsd_000191,5,dsgdb9nsd_c,6,dsgdb9nsd_h,1,dsgdb9nsd_o"
GDB_W1-F12_163,GDB_W1-F12,1.8721819981440935,"-1,dsgdb9nsd_000192,4,dsgdb9nsd_c,5,dsgdb9nsd_h,1,dsgdb9nsd_n,1,dsgdb9nsd_o"
GDB_W1-F12_164,GDB_W1-F12,1.8741917781587922,"-1,dsgdb9nsd_000193,4,dsgdb9nsd_c,5,dsgdb9nsd_h,1,dsgdb9nsd_n,1,dsgdb9nsd_o"
GDB_W1-F12_165,GDB_W1-F12,1.981959371789632,"-1,dsgdb9nsd_000194,4,dsgdb9nsd_c,6,dsgdb9nsd_h,2,dsgdb9nsd_n"
GDB_W1-F12_166,GDB_W1-F12,1.8613838169530443,"-1,dsgdb9nsd_000195,4,dsgdb9nsd_c,5,dsgdb9nsd_h,1,dsgdb9nsd_n,1,dsgdb9nsd_o"
GDB_W1-F12_167,GDB_W1-F12,1.667876598306032,"-1,dsgdb9nsd_000196,3,dsgdb9nsd_c,4,dsgdb9nsd_h,2,dsgdb9nsd_n,1,dsgdb9nsd_o"
GDB_W1-F12_168,GDB_W1-F12,1.6768403099829368,"-1,dsgdb9nsd_000197,3,dsgdb9nsd_c,4,dsgdb9nsd_h,2,dsgdb9nsd_n,1,dsgdb9nsd_o"
GDB_W1-F12_169,GDB_W1-F12,1.871088296728624,"-1,dsgdb9nsd_000198,4,dsgdb9nsd_c,5,dsgdb9nsd_h,1,dsgdb9nsd_n,1,dsgdb9nsd_o"
GDB_W1-F12_170,GDB_W1-F12,1.6752109592842375,"-1,dsgdb9nsd_000199,3,dsgdb9nsd_c,4,dsgdb9nsd_h,2,dsgdb9nsd_n,1,dsgdb9nsd_o"
GDB_W1-F12_171,GDB_W1-F12,1.6880603891865964,"-1,dsgdb9nsd_000200,3,dsgdb9nsd_c,4,dsgdb9nsd_h,2,dsgdb9nsd_n,1,dsgdb9nsd_o"
GDB_W1-F12_172,GDB_W1-F12,2.1833469208609895,"-1,dsgdb9nsd_000201,5,dsgdb9nsd_c,7,dsgdb9nsd_h,1,dsgdb9nsd_n"
GDB_W1-F12_173,GDB_W1-F12,1.9926174626655007,"-1,dsgdb9nsd_000202,4,dsgdb9nsd_c,6,dsgdb9nsd_h,2,dsgdb9nsd_n"
GDB_W1-F12_174,GDB_W1-F12,2.0602221551102615,"-1,dsgdb9nsd_000203,5,dsgdb9nsd_c,6,dsgdb9nsd_h,1,dsgdb9nsd_o"
GDB_W1-F12_175,GDB_W1-F12,1.8709245972081443,"-1,dsgdb9nsd_000204,4,dsgdb9nsd_c,5,dsgdb9nsd_h,1,dsgdb9nsd_n,1,dsgdb9nsd_o"
GDB_W1-F12_176,GDB_W1-F12,1.9777674510159409,"-1,dsgdb9nsd_000205,4,dsgdb9nsd_c,6,dsgdb9nsd_h,2,dsgdb9nsd_n"
GDB_W1-F12_177,GDB_W1-F12,1.7909250942919541,"-1,dsgdb9nsd_000206,3,dsgdb9nsd_c,5,dsgdb9nsd_h,3,dsgdb9nsd_n"
GDB_W1-F12_178,GDB_W1-F12,1.8546582069432156,"-1,dsgdb9nsd_000207,4,dsgdb9nsd_c,5,dsgdb9nsd_h,1,dsgdb9nsd_n,1,dsgdb9nsd_o"
GDB_W1-F12_179,GDB_W1-F12,1.668593828911473,"-1,dsgdb9nsd_000208,3,dsgdb9nsd_c,4,dsgdb9nsd_h,2,dsgdb9nsd_n,1,dsgdb9nsd_o"
GDB_W1-F12_180,GDB_W1-F12,1.8670136172127008,"-1,dsgdb9nsd_000209,4,dsgdb9nsd_c,5,dsgdb9nsd_h,1,dsgdb9nsd_n,1,dsgdb9nsd_o"
GDB_W1-F12_181,GDB_W1-F12,1.68347603927808,"-1,dsgdb9nsd_000210,3,dsgdb9nsd_c,4,dsgdb9nsd_h,2,dsgdb9nsd_n,1,dsgdb9nsd_o"
GDB_W1-F12_182,GDB_W1-F12,1.5592446543786291,"-1,dsgdb9nsd_000211,3,dsgdb9nsd_c,3,dsgdb9nsd_h,1,dsgdb9nsd_n,2,dsgdb9nsd_o"
GDB_W1-F12_183,GDB_W1-F12,1.9805480815436536,"-1,dsgdb9nsd_000213,4,dsgdb9nsd_c,6,dsgdb9nsd_h,2,dsgdb9nsd_n"
GDB_W1-F12_184,GDB_W1-F12,2.1832008704764316,"-1,dsgdb9nsd_000214,6,dsgdb9nsd_c,6,dsgdb9nsd_h"
GDB_W1-F12_185,GDB_W1-F12,1.9759322611939467,"-1,dsgdb9nsd_000215,5,dsgdb9nsd_c,5,dsgdb9nsd_h,1,dsgdb9nsd_n"
GDB_W1-F12_186,GDB_W1-F12,1.765121192248474,"-1,dsgdb9nsd_000216,4,dsgdb9nsd_c,4,dsgdb9nsd_h,2,dsgdb9nsd_n"
GDB_W1-F12_187,GDB_W1-F12,1.7724289735483012,"-1,dsgdb9nsd_000217,4,dsgdb9nsd_c,4,dsgdb9nsd_h,2,dsgdb9nsd_n"
GDB_W1-F12_188,GDB_W1-F12,1.5724212850779282,"-1,dsgdb9nsd_000218,3,dsgdb9nsd_c,3,dsgdb9nsd_h,3,dsgdb9nsd_n"
GDB_W1-F12_189,GDB_W1-F12,2.5381453648741426,"-1,dsgdb9nsd_000219,6,dsgdb9nsd_c,10,dsgdb9nsd_h"
GDB_W1-F12_190,GDB_W1-F12,2.396330498838365,"-1,dsgdb9nsd_000220,5,dsgdb9nsd_c,9,dsgdb9nsd_h,1,dsgdb9nsd_n"
GDB_W1-F12_191,GDB_W1-F12,2.1925447803971276,"-1,dsgdb9nsd_000221,4,dsgdb9nsd_c,8,dsgdb9nsd_h,2,dsgdb9nsd_n"
GDB_W1-F12_192,GDB_W1-F12,2.223587441592292,"-1,dsgdb9nsd_000222,5,dsgdb9nsd_c,8,dsgdb9nsd_h,1,dsgdb9nsd_o"
GDB_W1-F12_193,GDB_W1-F12,2.079292106233989,"-1,dsgdb9nsd_000223,4,dsgdb9nsd_c,7,dsgdb9nsd_h,1,dsgdb9nsd_n,1,dsgdb9nsd_o"
GDB_W1-F12_194,GDB_W1-F12,2.4953891036396953,"-1,dsgdb9nsd_000224,5,dsgdb9nsd_c,10,dsgdb9nsd_h,1,dsgdb9nsd_o"
GDB_W1-F12_195,GDB_W1-F12,2.184332639843044,"-1,dsgdb9nsd_000225,4,dsgdb9nsd_c,8,dsgdb9nsd_h,2,dsgdb9nsd_o"
GDB_W1-F12_196,GDB_W1-F12,2.7082740121904574,"-1,dsgdb9nsd_000226,5,dsgdb9nsd_c,12,dsgdb9nsd_h,1,dsgdb9nsd_o"
GDB_W1-F12_197,GDB_W1-F12,2.3998725393841744,"-1,dsgdb9nsd_000227,4,dsgdb9nsd_c,10,dsgdb9nsd_h,2,dsgdb9nsd_o"
GDB_W1-F12_198,GDB_W1-F12,3.0203412447901616,"-1,dsgdb9nsd_000228,6,dsgdb9nsd_c,14,dsgdb9nsd_h"
GDB_W1-F12_199,GDB_W1-F12,2.7132445522841704,"-1,dsgdb9nsd_000229,5,dsgdb9nsd_c,12,dsgdb9nsd_h,1,dsgdb9nsd_o"
GDB_W1-F12_200,GDB_W1-F12,2.695012441897091,"-1,dsgdb9nsd_000230,5,dsgdb9nsd_c,12,dsgdb9nsd_h,1,dsgdb9nsd_o"
GDB_W1-F12_201,GDB_W1-F12,2.0202731040819053,"-1,dsgdb9nsd_000231,5,dsgdb9nsd_c,6,dsgdb9nsd_h,1,dsgdb9nsd_o"
GDB_W1-F12_202,GDB_W1-F12,1.8421687062679628,"-1,dsgdb9nsd_000232,4,dsgdb9nsd_c,5,dsgdb9nsd_h,1,dsgdb9nsd_n,1,dsgdb9nsd_o"
GDB_W1-F12_203,GDB_W1-F12,2.542015285728545,"-1,dsgdb9nsd_000233,6,dsgdb9nsd_c,10,dsgdb9nsd_h"
GDB_W1-F12_204,GDB_W1-F12,2.2281596514450563,"-1,dsgdb9nsd_000234,5,dsgdb9nsd_c,8,dsgdb9nsd_h,1,dsgdb9nsd_o"
GDB_W1-F12_205,GDB_W1-F12,2.015567054018799,"-1,dsgdb9nsd_000235,5,dsgdb9nsd_c,6,dsgdb9nsd_h,1,dsgdb9nsd_o"
GDB_W1-F12_206,GDB_W1-F12,1.8690593170038043,"-1,dsgdb9nsd_000236,4,dsgdb9nsd_c,5,dsgdb9nsd_h,1,dsgdb9nsd_n,1,dsgdb9nsd_o"
GDB_W1-F12_207,GDB_W1-F12,1.8416454759207368,"-1,dsgdb9nsd_000237,4,dsgdb9nsd_c,5,dsgdb9nsd_h,1,dsgdb9nsd_n,1,dsgdb9nsd_o"
GDB_W1-F12_208,GDB_W1-F12,1.696827029735316,"-1,dsgdb9nsd_000238,3,dsgdb9nsd_c,4,dsgdb9nsd_h,2,dsgdb9nsd_n,1,dsgdb9nsd_o"
GDB_W1-F12_209,GDB_W1-F12,1.9006732890951692,"-1,dsgdb9nsd_000239,3,dsgdb9nsd_c,6,dsgdb9nsd_h,2,dsgdb9nsd_n,1,dsgdb9nsd_o"
GDB_W1-F12_210,GDB_W1-F12,1.7827151035062094,"-1,dsgdb9nsd_000240,3,dsgdb9nsd_c,5,dsgdb9nsd_h,1,dsgdb9nsd_n,2,dsgdb9nsd_o"
GDB_W1-F12_211,GDB_W1-F12,1.9711975613641939,"-1,dsgdb9nsd_000241,4,dsgdb9nsd_c,6,dsgdb9nsd_h,2,dsgdb9nsd_o"
GDB_W1-F12_212,GDB_W1-F12,1.8904175586782854,"-1,dsgdb9nsd_000242,3,dsgdb9nsd_c,6,dsgdb9nsd_h,2,dsgdb9nsd_n,1,dsgdb9nsd_o"
GDB_W1-F12_213,GDB_W1-F12,1.7998604350824643,"-1,dsgdb9nsd_000243,3,dsgdb9nsd_c,5,dsgdb9nsd_h,1,dsgdb9nsd_n,2,dsgdb9nsd_o"
GDB_W1-F12_214,GDB_W1-F12,1.7863027545187657,"-1,dsgdb9nsd_000244,3,dsgdb9nsd_c,5,dsgdb9nsd_h,1,dsgdb9nsd_n,2,dsgdb9nsd_o"
GDB_W1-F12_215,GDB_W1-F12,1.7106288611944722,"-1,dsgdb9nsd_000245,2,dsgdb9nsd_c,5,dsgdb9nsd_h,3,dsgdb9nsd_n,1,dsgdb9nsd_o"
GDB_W1-F12_216,GDB_W1-F12,1.79557086478708,"-1,dsgdb9nsd_000246,3,dsgdb9nsd_c,5,dsgdb9nsd_h,1,dsgdb9nsd_n,2,dsgdb9nsd_o"
GDB_W1-F12_217,GDB_W1-F12,1.705454000679634,"-1,dsgdb9nsd_000247,2,dsgdb9nsd_c,5,dsgdb9nsd_h,3,dsgdb9nsd_n,1,dsgdb9nsd_o"
GDB_W1-F12_218,GDB_W1-F12,1.6154532368113264,"-1,dsgdb9nsd_000248,2,dsgdb9nsd_c,4,dsgdb9nsd_h,2,dsgdb9nsd_n,2,dsgdb9nsd_o"
GDB_W1-F12_219,GDB_W1-F12,1.6047162961299244,"-1,dsgdb9nsd_000249,2,dsgdb9nsd_c,4,dsgdb9nsd_h,2,dsgdb9nsd_n,2,dsgdb9nsd_o"
GDB_W1-F12_220,GDB_W1-F12,2.5365602445833453,"-1,dsgdb9nsd_000250,6,dsgdb9nsd_c,10,dsgdb9nsd_h"
GDB_W1-F12_221,GDB_W1-F12,2.394943869574634,"-1,dsgdb9nsd_000251,5,dsgdb9nsd_c,9,dsgdb9nsd_h,1,dsgdb9nsd_n"
GDB_W1-F12_222,GDB_W1-F12,2.225998492042592,"-1,dsgdb9nsd_000252,5,dsgdb9nsd_c,8,dsgdb9nsd_h,1,dsgdb9nsd_o"
GDB_W1-F12_223,GDB_W1-F12,2.081859506514938,"-1,dsgdb9nsd_000253,4,dsgdb9nsd_c,7,dsgdb9nsd_h,1,dsgdb9nsd_n,1,dsgdb9nsd_o"
GDB_W1-F12_224,GDB_W1-F12,2.164257589950179,"-1,dsgdb9nsd_000254,4,dsgdb9nsd_c,8,dsgdb9nsd_h,2,dsgdb9nsd_n"
GDB_W1-F12_225,GDB_W1-F12,2.491442012635675,"-1,dsgdb9nsd_000255,5,dsgdb9nsd_c,10,dsgdb9nsd_h,1,dsgdb9nsd_o"
GDB_W1-F12_226,GDB_W1-F12,2.313816665756302,"-1,dsgdb9nsd_000256,4,dsgdb9nsd_c,9,dsgdb9nsd_h,1,dsgdb9nsd_n,1,dsgdb9nsd_o"
GDB_W1-F12_227,GDB_W1-F12,2.1962694014532502,"-1,dsgdb9nsd_000257,4,dsgdb9nsd_c,8,dsgdb9nsd_h,2,dsgdb9nsd_o"
GDB_W1-F12_228,GDB_W1-F12,2.1795152400666846,"-1,dsgdb9nsd_000258,4,dsgdb9nsd_c,8,dsgdb9nsd_h,2,dsgdb9nsd_o"
GDB_W1-F12_229,GDB_W1-F12,2.264821113862754,"-1,dsgdb9nsd_000259,4,dsgdb9nsd_c,9,dsgdb9nsd_h,1,dsgdb9nsd_n,1,dsgdb9nsd_o"
GDB_W1-F12_230,GDB_W1-F12,2.18733089098948,"-1,dsgdb9nsd_000260,4,dsgdb9nsd_c,8,dsgdb9nsd_h,2,dsgdb9nsd_o"
GDB_W1-F12_231,GDB_W1-F12,2.501284813828839,"-1,dsgdb9nsd_000261,5,dsgdb9nsd_c,10,dsgdb9nsd_h,1,dsgdb9nsd_o"
GDB_W1-F12_232,GDB_W1-F12,2.3243046858931433,"-1,dsgdb9nsd_000262,4,dsgdb9nsd_c,9,dsgdb9nsd_h,1,dsgdb9nsd_n,1,dsgdb9nsd_o"
GDB_W1-F12_233,GDB_W1-F12,2.31906141525579,"-1,dsgdb9nsd_000263,4,dsgdb9nsd_c,9,dsgdb9nsd_h,1,dsgdb9nsd_n,1,dsgdb9nsd_o"
GDB_W1-F12_234,GDB_W1-F12,2.1323839675957736,"-1,dsgdb9nsd_000264,3,dsgdb9nsd_c,8,dsgdb9nsd_h,2,dsgdb9nsd_n,1,dsgdb9nsd_o"
GDB_W1-F12_235,GDB_W1-F12,2.2089545406089957,"-1,dsgdb9nsd_000265,4,dsgdb9nsd_c,8,dsgdb9nsd_h,2,dsgdb9nsd_o"
GDB_W1-F12_236,GDB_W1-F12,2.025345934264698,"-1,dsgdb9nsd_000266,3,dsgdb9nsd_c,7,dsgdb9nsd_h,1,dsgdb9nsd_n,2,dsgdb9nsd_o"
GDB_W1-F12_237,GDB_W1-F12,2.0040294321990717,"-1,dsgdb9nsd_000267,3,dsgdb9nsd_c,7,dsgdb9nsd_h,1,dsgdb9nsd_n,2,dsgdb9nsd_o"
GDB_W1-F12_238,GDB_W1-F12,2.1646142299839175,"-1,dsgdb9nsd_000268,4,dsgdb9nsd_c,8,dsgdb9nsd_h,2,dsgdb9nsd_o"
GDB_W1-F12_239,GDB_W1-F12,1.9860714913777313,"-1,dsgdb9nsd_000269,3,dsgdb9nsd_c,7,dsgdb9nsd_h,1,dsgdb9nsd_n,2,dsgdb9nsd_o"
GDB_W1-F12_240,GDB_W1-F12,2.0105610323890764,"-1,dsgdb9nsd_000270,3,dsgdb9nsd_c,7,dsgdb9nsd_h,1,dsgdb9nsd_n,2,dsgdb9nsd_o"
GDB_W1-F12_241,GDB_W1-F12,1.9398236908270337,"-1,dsgdb9nsd_000271,3,dsgdb9nsd_c,7,dsgdb9nsd_h,1,dsgdb9nsd_n,2,dsgdb9nsd_o"
GDB_W1-F12_242,GDB_W1-F12,2.703336292318353,"-1,dsgdb9nsd_000272,5,dsgdb9nsd_c,12,dsgdb9nsd_h,1,dsgdb9nsd_o"
GDB_W1-F12_243,GDB_W1-F12,2.393910559279246,"-1,dsgdb9nsd_000273,4,dsgdb9nsd_c,10,dsgdb9nsd_h,2,dsgdb9nsd_o"
GDB_W1-F12_244,GDB_W1-F12,3.017592784294671,"-1,dsgdb9nsd_000274,6,dsgdb9nsd_c,14,dsgdb9nsd_h"
GDB_W1-F12_245,GDB_W1-F12,2.70780496269851,"-1,dsgdb9nsd_000275,5,dsgdb9nsd_c,12,dsgdb9nsd_h,1,dsgdb9nsd_o"
GDB_W1-F12_246,GDB_W1-F12,2.6964914219577354,"-1,dsgdb9nsd_000276,5,dsgdb9nsd_c,12,dsgdb9nsd_h,1,dsgdb9nsd_o"
GDB_W1-F12_247,GDB_W1-F12,2.6899867408832154,"-1,dsgdb9nsd_000277,5,dsgdb9nsd_c,12,dsgdb9nsd_h,1,dsgdb9nsd_o"
GDB_W1-F12_248,GDB_W1-F12,2.3808821280954033,"-1,dsgdb9nsd_000278,4,dsgdb9nsd_c,10,dsgdb9nsd_h,2,dsgdb9nsd_o"
GDB_W1-F12_249,GDB_W1-F12,1.978663952221509,"-1,dsgdb9nsd_000279,4,dsgdb9nsd_c,6,dsgdb9nsd_h,2,dsgdb9nsd_o"
GDB_W1-F12_250,GDB_W1-F12,1.8944153485184432,"-1,dsgdb9nsd_000280,3,dsgdb9nsd_c,6,dsgdb9nsd_h,2,dsgdb9nsd_n,1,dsgdb9nsd_o"
GDB_W1-F12_251,GDB_W1-F12,1.8062312839146493,"-1,dsgdb9nsd_000281,3,dsgdb9nsd_c,5,dsgdb9nsd_h,1,dsgdb9nsd_n,2,dsgdb9nsd_o"
GDB_W1-F12_252,GDB_W1-F12,1.6053286470439492,"-1,dsgdb9nsd_000282,2,dsgdb9nsd_c,4,dsgdb9nsd_h,2,dsgdb9nsd_n,2,dsgdb9nsd_o"
GDB_W1-F12_253,GDB_W1-F12,1.635093937883549,"-1,dsgdb9nsd_000283,2,dsgdb9nsd_c,4,dsgdb9nsd_h,2,dsgdb9nsd_n,2,dsgdb9nsd_o"
GDB_W1-F12_254,GDB_W1-F12,2.5021882535750666,"-1,dsgdb9nsd_000284,5,dsgdb9nsd_c,10,dsgdb9nsd_h,1,dsgdb9nsd_o"
GDB_W1-F12_255,GDB_W1-F12,2.3262375156752224,"-1,dsgdb9nsd_000285,4,dsgdb9nsd_c,9,dsgdb9nsd_h,1,dsgdb9nsd_n,1,dsgdb9nsd_o"
GDB_W1-F12_256,GDB_W1-F12,2.0180922238616503,"-1,dsgdb9nsd_000286,3,dsgdb9nsd_c,7,dsgdb9nsd_h,1,dsgdb9nsd_n,2,dsgdb9nsd_o"
GDB_W1-F12_257,GDB_W1-F12,2.1949144306756794,"-1,dsgdb9nsd_000287,4,dsgdb9nsd_c,8,dsgdb9nsd_h,2,dsgdb9nsd_o"
GDB_W1-F12_258,GDB_W1-F12,2.017696913495426,"-1,dsgdb9nsd_000288,3,dsgdb9nsd_c,7,dsgdb9nsd_h,1,dsgdb9nsd_n,2,dsgdb9nsd_o"
GDB_W1-F12_259,GDB_W1-F12,2.305074714874656,"-1,dsgdb9nsd_000289,4,dsgdb9nsd_c,9,dsgdb9nsd_h,1,dsgdb9nsd_n,1,dsgdb9nsd_o"
GDB_W1-F12_260,GDB_W1-F12,2.119522788070015,"-1,dsgdb9nsd_000290,3,dsgdb9nsd_c,8,dsgdb9nsd_h,2,dsgdb9nsd_n,1,dsgdb9nsd_o"
GDB_W1-F12_261,GDB_W1-F12,3.01796128550391,"-1,dsgdb9nsd_000291,6,dsgdb9nsd_c,14,dsgdb9nsd_h"
GDB_W1-F12_262,GDB_W1-F12,2.709001621922062,"-1,dsgdb9nsd_000292,5,dsgdb9nsd_c,12,dsgdb9nsd_h,1,dsgdb9nsd_o"
GDB_W1-F12_263,GDB_W1-F12,2.4008069985823854,"-1,dsgdb9nsd_000293,4,dsgdb9nsd_c,10,dsgdb9nsd_h,2,dsgdb9nsd_o"
GDB_W1-F12_264,GDB_W1-F12,2.781835844972581,"-1,dsgdb9nsd_000294,6,dsgdb9nsd_c,12,dsgdb9nsd_h"
GDB_W1-F12_265,GDB_W1-F12,2.4674497613273534,"-1,dsgdb9nsd_000295,5,dsgdb9nsd_c,10,dsgdb9nsd_h,1,dsgdb9nsd_o"
GDB_W1-F12_266,GDB_W1-F12,2.4590948723308905,"-1,dsgdb9nsd_000296,5,dsgdb9nsd_c,10,dsgdb9nsd_h,1,dsgdb9nsd_o"
GDB_W1-F12_267,GDB_W1-F12,2.4746153615069133,"-1,dsgdb9nsd_000297,5,dsgdb9nsd_c,10,dsgdb9nsd_h,1,dsgdb9nsd_o"
GDB_W1-F12_268,GDB_W1-F12,2.1495476590541918,"-1,dsgdb9nsd_000298,4,dsgdb9nsd_c,8,dsgdb9nsd_h,2,dsgdb9nsd_o"
GDB_W1-F12_269,GDB_W1-F12,2.4652802418917474,"-1,dsgdb9nsd_000299,5,dsgdb9nsd_c,10,dsgdb9nsd_h,1,dsgdb9nsd_o"
GDB_W1-F12_270,GDB_W1-F12,2.152723459711202,"-1,dsgdb9nsd_000300,4,dsgdb9nsd_c,8,dsgdb9nsd_h,2,dsgdb9nsd_o"
GDB_W1-F12_271,GDB_W1-F12,2.7789483746236843,"-1,dsgdb9nsd_000301,6,dsgdb9nsd_c,12,dsgdb9nsd_h"
GDB_W1-F12_272,GDB_W1-F12,2.4671985922111643,"-1,dsgdb9nsd_000302,5,dsgdb9nsd_c,10,dsgdb9nsd_h,1,dsgdb9nsd_o"
GDB_W1-F12_273,GDB_W1-F12,2.468579911594905,"-1,dsgdb9nsd_000303,5,dsgdb9nsd_c,10,dsgdb9nsd_h,1,dsgdb9nsd_o"
GDB_W1-F12_274,GDB_W1-F12,2.5586680653788503,"-1,dsgdb9nsd_000304,5,dsgdb9nsd_c,11,dsgdb9nsd_h,1,dsgdb9nsd_n"
GDB_W1-F12_275,GDB_W1-F12,2.2637185042152477,"-1,dsgdb9nsd_000306,5,dsgdb9nsd_c,8,dsgdb9nsd_h,1,dsgdb9nsd_o"
GDB_W1-F12_276,GDB_W1-F12,2.0851658868737495,"-1,dsgdb9nsd_000307,4,dsgdb9nsd_c,7,dsgdb9nsd_h,1,dsgdb9nsd_n,1,dsgdb9nsd_o"
GDB_W1-F12_277,GDB_W1-F12,1.9798622911009758,"-1,dsgdb9nsd_000308,4,dsgdb9nsd_c,6,dsgdb9nsd_h,2,dsgdb9nsd_o"
GDB_W1-F12_278,GDB_W1-F12,2.038387114260042,"-1,dsgdb9nsd_000309,4,dsgdb9nsd_c,7,dsgdb9nsd_h,1,dsgdb9nsd_n,1,dsgdb9nsd_o"
GDB_W1-F12_279,GDB_W1-F12,1.950966110645434,"-1,dsgdb9nsd_000310,4,dsgdb9nsd_c,6,dsgdb9nsd_h,2,dsgdb9nsd_o"
GDB_W1-F12_280,GDB_W1-F12,2.78132677536773,"-1,dsgdb9nsd_000311,6,dsgdb9nsd_c,12,dsgdb9nsd_h"
GDB_W1-F12_281,GDB_W1-F12,2.4681099919965725,"-1,dsgdb9nsd_000312,5,dsgdb9nsd_c,10,dsgdb9nsd_h,1,dsgdb9nsd_o"
GDB_W1-F12_282,GDB_W1-F12,2.470809262796487,"-1,dsgdb9nsd_000313,5,dsgdb9nsd_c,10,dsgdb9nsd_h,1,dsgdb9nsd_o"
GDB_W1-F12_283,GDB_W1-F12,2.2483681829879396,"-1,dsgdb9nsd_000314,4,dsgdb9nsd_c,9,dsgdb9nsd_h,1,dsgdb9nsd_n,1,dsgdb9nsd_o"
GDB_W1-F12_284,GDB_W1-F12,2.159135528638173,"-1,dsgdb9nsd_000315,4,dsgdb9nsd_c,8,dsgdb9nsd_h,2,dsgdb9nsd_o"
GDB_W1-F12_285,GDB_W1-F12,2.5213319342629084,"-1,dsgdb9nsd_000316,6,dsgdb9nsd_c,10,dsgdb9nsd_h"
GDB_W1-F12_286,GDB_W1-F12,2.193917260073694,"-1,dsgdb9nsd_000317,5,dsgdb9nsd_c,8,dsgdb9nsd_h,1,dsgdb9nsd_o"
GDB_W1-F12_287,GDB_W1-F12,2.2925245346374616,"-1,dsgdb9nsd_000318,5,dsgdb9nsd_c,9,dsgdb9nsd_h,1,dsgdb9nsd_n"
GDB_W1-F12_288,GDB_W1-F12,2.2132007410412546,"-1,dsgdb9nsd_000319,5,dsgdb9nsd_c,8,dsgdb9nsd_h,1,dsgdb9nsd_o"
GDB_W1-F12_289,GDB_W1-F12,1.9867205827729013,"-1,dsgdb9nsd_000320,4,dsgdb9nsd_c,7,dsgdb9nsd_h,1,dsgdb9nsd_n,1,dsgdb9nsd_o"
GDB_W1-F12_290,GDB_W1-F12,1.515384782714973,"-1,dsgdb9nsd_000321,5,dsgdb9nsd_c,2,dsgdb9nsd_h,1,dsgdb9nsd_o"
GDB_W1-F12_291,GDB_W1-F12,1.3618453462876152,"-1,dsgdb9nsd_000322,4,dsgdb9nsd_c,1,dsgdb9nsd_h,1,dsgdb9nsd_n,1,dsgdb9nsd_o"
GDB_W1-F12_292,GDB_W1-F12,1.2029659197270097,"-1,dsgdb9nsd_000323,3,dsgdb9nsd_c,2,dsgdb9nsd_n,1,dsgdb9nsd_o"
GDB_W1-F12_293,GDB_W1-F12,1.465455060543154,"-1,dsgdb9nsd_000324,4,dsgdb9nsd_c,2,dsgdb9nsd_h,2,dsgdb9nsd_o"
GDB_W1-F12_294,GDB_W1-F12,1.3102037741049113,"-1,dsgdb9nsd_000325,3,dsgdb9nsd_c,1,dsgdb9nsd_h,1,dsgdb9nsd_n,2,dsgdb9nsd_o"
GDB_W1-F12_295,GDB_W1-F12,1.4080457881907886,"-1,dsgdb9nsd_000326,3,dsgdb9nsd_c,2,dsgdb9nsd_h,3,dsgdb9nsd_o"
GDB_W1-F12_296,GDB_W1-F12,2.046175935309033,"-1,dsgdb9nsd_000327,6,dsgdb9nsd_c,6,dsgdb9nsd_h"
GDB_W1-F12_297,GDB_W1-F12,1.9017304779144997,"-1,dsgdb9nsd_000328,5,dsgdb9nsd_c,5,dsgdb9nsd_h,1,dsgdb9nsd_n"
GDB_W1-F12_298,GDB_W1-F12,1.7536458818385605,"-1,dsgdb9nsd_000329,4,dsgdb9nsd_c,4,dsgdb9nsd_h,2,dsgdb9nsd_n"
GDB_W1-F12_299,GDB_W1-F12,1.6919748304843627,"-1,dsgdb9nsd_000330,4,dsgdb9nsd_c,4,dsgdb9nsd_h,2,dsgdb9nsd_n"
GDB_W1-F12_300,GDB_W1-F12,1.5423092138166847,"-1,dsgdb9nsd_000331,3,dsgdb9nsd_c,3,dsgdb9nsd_h,3,dsgdb9nsd_n"
GDB_W1-F12_301,GDB_W1-F12,1.7270296813022752,"-1,dsgdb9nsd_000332,5,dsgdb9nsd_c,4,dsgdb9nsd_h,1,dsgdb9nsd_o"
GDB_W1-F12_302,GDB_W1-F12,1.5798372053028316,"-1,dsgdb9nsd_000333,4,dsgdb9nsd_c,3,dsgdb9nsd_h,1,dsgdb9nsd_n,1,dsgdb9nsd_o"
GDB_W1-F12_303,GDB_W1-F12,1.4284502090470317,"-1,dsgdb9nsd_000334,3,dsgdb9nsd_c,2,dsgdb9nsd_h,2,dsgdb9nsd_n,1,dsgdb9nsd_o"
GDB_W1-F12_304,GDB_W1-F12,2.0054100631469916,"-1,dsgdb9nsd_000335,5,dsgdb9nsd_c,6,dsgdb9nsd_h,1,dsgdb9nsd_o"
GDB_W1-F12_305,GDB_W1-F12,1.859760587277467,"-1,dsgdb9nsd_000336,4,dsgdb9nsd_c,5,dsgdb9nsd_h,1,dsgdb9nsd_n,1,dsgdb9nsd_o"
GDB_W1-F12_306,GDB_W1-F12,1.6907461494335227,"-1,dsgdb9nsd_000337,4,dsgdb9nsd_c,4,dsgdb9nsd_h,2,dsgdb9nsd_o"
GDB_W1-F12_307,GDB_W1-F12,1.5425455938334522,"-1,dsgdb9nsd_000338,3,dsgdb9nsd_c,3,dsgdb9nsd_h,1,dsgdb9nsd_n,2,dsgdb9nsd_o"
GDB_W1-F12_308,GDB_W1-F12,1.9584260601657377,"-1,dsgdb9nsd_000339,4,dsgdb9nsd_c,6,dsgdb9nsd_h,2,dsgdb9nsd_o"
GDB_W1-F12_309,GDB_W1-F12,1.88994357858349,"-1,dsgdb9nsd_000340,3,dsgdb9nsd_c,6,dsgdb9nsd_h,2,dsgdb9nsd_n,1,dsgdb9nsd_o"
GDB_W1-F12_310,GDB_W1-F12,1.796839304600188,"-1,dsgdb9nsd_000341,3,dsgdb9nsd_c,5,dsgdb9nsd_h,1,dsgdb9nsd_n,2,dsgdb9nsd_o"
GDB_W1-F12_311,GDB_W1-F12,1.6449537587400676,"-1,dsgdb9nsd_000342,3,dsgdb9nsd_c,4,dsgdb9nsd_h,3,dsgdb9nsd_o"
GDB_W1-F12_312,GDB_W1-F12,1.7622124026995443,"-1,dsgdb9nsd_000343,3,dsgdb9nsd_c,5,dsgdb9nsd_h,3,dsgdb9nsd_n"
GDB_W1-F12_313,GDB_W1-F12,1.8757692571306959,"-1,dsgdb9nsd_000344,3,dsgdb9nsd_c,6,dsgdb9nsd_h,2,dsgdb9nsd_n,1,dsgdb9nsd_o"
GDB_W1-F12_314,GDB_W1-F12,2.0111069125935357,"-1,dsgdb9nsd_000345,5,dsgdb9nsd_c,6,dsgdb9nsd_h,1,dsgdb9nsd_o"
GDB_W1-F12_315,GDB_W1-F12,1.8605466774010286,"-1,dsgdb9nsd_000346,4,dsgdb9nsd_c,5,dsgdb9nsd_h,1,dsgdb9nsd_n,1,dsgdb9nsd_o"
GDB_W1-F12_316,GDB_W1-F12,1.7659641835049682,"-1,dsgdb9nsd_000347,3,dsgdb9nsd_c,5,dsgdb9nsd_h,3,dsgdb9nsd_n"
GDB_W1-F12_317,GDB_W1-F12,1.8246090749707526,"-1,dsgdb9nsd_000348,4,dsgdb9nsd_c,5,dsgdb9nsd_h,1,dsgdb9nsd_n,1,dsgdb9nsd_o"
GDB_W1-F12_318,GDB_W1-F12,1.7087208405995742,"-1,dsgdb9nsd_000349,4,dsgdb9nsd_c,4,dsgdb9nsd_h,2,dsgdb9nsd_o"
GDB_W1-F12_319,GDB_W1-F12,1.5564523943850652,"-1,dsgdb9nsd_000350,3,dsgdb9nsd_c,3,dsgdb9nsd_h,1,dsgdb9nsd_n,2,dsgdb9nsd_o"
GDB_W1-F12_320,GDB_W1-F12,1.6889840501414661,"-1,dsgdb9nsd_000351,4,dsgdb9nsd_c,4,dsgdb9nsd_h,2,dsgdb9nsd_o"
GDB_W1-F12_321,GDB_W1-F12,1.5374060935815537,"-1,dsgdb9nsd_000352,3,dsgdb9nsd_c,3,dsgdb9nsd_h,1,dsgdb9nsd_n,2,dsgdb9nsd_o"
GDB_W1-F12_322,GDB_W1-F12,1.869597887358469,"-1,dsgdb9nsd_000354,3,dsgdb9nsd_c,6,dsgdb9nsd_h,2,dsgdb9nsd_n,1,dsgdb9nsd_o"
GDB_W1-F12_323,GDB_W1-F12,1.774649333650572,"-1,dsgdb9nsd_000355,3,dsgdb9nsd_c,5,dsgdb9nsd_h,1,dsgdb9nsd_n,2,dsgdb9nsd_o"
GDB_W1-F12_324,GDB_W1-F12,1.661201279170373,"-1,dsgdb9nsd_000356,3,dsgdb9nsd_c,4,dsgdb9nsd_h,3,dsgdb9nsd_o"
GDB_W1-F12_325,GDB_W1-F12,1.6349619781229028,"-1,dsgdb9nsd_000357,3,dsgdb9nsd_c,4,dsgdb9nsd_h,3,dsgdb9nsd_o"
GDB_W1-F12_326,GDB_W1-F12,2.5020932828973903,"-1,dsgdb9nsd_000358,5,dsgdb9nsd_c,10,dsgdb9nsd_h,1,dsgdb9nsd_o"
GDB_W1-F12_327,GDB_W1-F12,2.1801075896890656,"-1,dsgdb9nsd_000359,4,dsgdb9nsd_c,8,dsgdb9nsd_h,2,dsgdb9nsd_o"
GDB_W1-F12_328,GDB_W1-F12,2.315902766531053,"-1,dsgdb9nsd_000360,4,dsgdb9nsd_c,9,dsgdb9nsd_h,1,dsgdb9nsd_n,1,dsgdb9nsd_o"
GDB_W1-F12_329,GDB_W1-F12,2.204931371072342,"-1,dsgdb9nsd_000361,4,dsgdb9nsd_c,8,dsgdb9nsd_h,2,dsgdb9nsd_o"
GDB_W1-F12_330,GDB_W1-F12,2.0028178632404696,"-1,dsgdb9nsd_000362,3,dsgdb9nsd_c,7,dsgdb9nsd_h,1,dsgdb9nsd_n,2,dsgdb9nsd_o"
GDB_W1-F12_331,GDB_W1-F12,2.11977114766687,"-1,dsgdb9nsd_000363,3,dsgdb9nsd_c,8,dsgdb9nsd_h,2,dsgdb9nsd_n,1,dsgdb9nsd_o"
GDB_W1-F12_332,GDB_W1-F12,2.0114509424590983,"-1,dsgdb9nsd_000364,3,dsgdb9nsd_c,7,dsgdb9nsd_h,1,dsgdb9nsd_n,2,dsgdb9nsd_o"
GDB_W1-F12_333,GDB_W1-F12,1.999059172579212,"-1,dsgdb9nsd_000365,3,dsgdb9nsd_c,7,dsgdb9nsd_h,1,dsgdb9nsd_n,2,dsgdb9nsd_o"
GDB_W1-F12_334,GDB_W1-F12,1.890689168920115,"-1,dsgdb9nsd_000366,3,dsgdb9nsd_c,6,dsgdb9nsd_h,3,dsgdb9nsd_o"
GDB_W1-F12_335,GDB_W1-F12,1.857130507464772,"-1,dsgdb9nsd_000367,3,dsgdb9nsd_c,6,dsgdb9nsd_h,3,dsgdb9nsd_o"
GDB_W1-F12_336,GDB_W1-F12,2.2213956324533775,"-1,dsgdb9nsd_000369,5,dsgdb9nsd_c,8,dsgdb9nsd_h,1,dsgdb9nsd_o"
GDB_W1-F12_337,GDB_W1-F12,2.078654815457465,"-1,dsgdb9nsd_000370,4,dsgdb9nsd_c,7,dsgdb9nsd_h,1,dsgdb9nsd_n,1,dsgdb9nsd_o"
GDB_W1-F12_338,GDB_W1-F12,2.5345101448586727,"-1,dsgdb9nsd_000371,6,dsgdb9nsd_c,10,dsgdb9nsd_h"
GDB_W1-F12_339,GDB_W1-F12,2.3927200290468233,"-1,dsgdb9nsd_000372,5,dsgdb9nsd_c,9,dsgdb9nsd_h,1,dsgdb9nsd_n"
GDB_W1-F12_340,GDB_W1-F12,2.187170890217937,"-1,dsgdb9nsd_000373,4,dsgdb9nsd_c,8,dsgdb9nsd_h,2,dsgdb9nsd_n"
GDB_W1-F12_341,GDB_W1-F12,2.220554982197395,"-1,dsgdb9nsd_000374,5,dsgdb9nsd_c,8,dsgdb9nsd_h,1,dsgdb9nsd_o"
GDB_W1-F12_342,GDB_W1-F12,2.1725910195096825,"-1,dsgdb9nsd_000376,4,dsgdb9nsd_c,8,dsgdb9nsd_h,2,dsgdb9nsd_n"
GDB_W1-F12_343,GDB_W1-F12,2.2014923313618535,"-1,dsgdb9nsd_000377,5,dsgdb9nsd_c,8,dsgdb9nsd_h,1,dsgdb9nsd_o"
GDB_W1-F12_344,GDB_W1-F12,2.0614548153838914,"-1,dsgdb9nsd_000378,4,dsgdb9nsd_c,7,dsgdb9nsd_h,1,dsgdb9nsd_n,1,dsgdb9nsd_o"
GDB_W1-F12_345,GDB_W1-F12,1.8710185177024736,"-1,dsgdb9nsd_000379,3,dsgdb9nsd_c,6,dsgdb9nsd_h,2,dsgdb9nsd_n,1,dsgdb9nsd_o"
GDB_W1-F12_346,GDB_W1-F12,1.9808370317627264,"-1,dsgdb9nsd_000380,3,dsgdb9nsd_c,7,dsgdb9nsd_h,3,dsgdb9nsd_n"
GDB_W1-F12_347,GDB_W1-F12,1.8704038672215741,"-1,dsgdb9nsd_000381,3,dsgdb9nsd_c,6,dsgdb9nsd_h,2,dsgdb9nsd_n,1,dsgdb9nsd_o"
GDB_W1-F12_348,GDB_W1-F12,1.9087094084024576,"-1,dsgdb9nsd_000382,4,dsgdb9nsd_c,6,dsgdb9nsd_h,2,dsgdb9nsd_o"
GDB_W1-F12_349,GDB_W1-F12,1.7615959434810131,"-1,dsgdb9nsd_000383,3,dsgdb9nsd_c,5,dsgdb9nsd_h,1,dsgdb9nsd_n,2,dsgdb9nsd_o"
GDB_W1-F12_350,GDB_W1-F12,2.177573589700648,"-1,dsgdb9nsd_000384,4,dsgdb9nsd_c,8,dsgdb9nsd_h,2,dsgdb9nsd_o"
GDB_W1-F12_351,GDB_W1-F12,2.4901188134899663,"-1,dsgdb9nsd_000385,5,dsgdb9nsd_c,10,dsgdb9nsd_h,1,dsgdb9nsd_o"
GDB_W1-F12_352,GDB_W1-F12,2.1831088495550164,"-1,dsgdb9nsd_000386,4,dsgdb9nsd_c,8,dsgdb9nsd_h,2,dsgdb9nsd_o"
GDB_W1-F12_353,GDB_W1-F12,2.302242494687603,"-1,dsgdb9nsd_000387,4,dsgdb9nsd_c,9,dsgdb9nsd_h,1,dsgdb9nsd_n,1,dsgdb9nsd_o"
GDB_W1-F12_354,GDB_W1-F12,2.1614612098594583,"-1,dsgdb9nsd_000388,4,dsgdb9nsd_c,8,dsgdb9nsd_h,2,dsgdb9nsd_o"
GDB_W1-F12_355,GDB_W1-F12,1.8694825966688609,"-1,dsgdb9nsd_000389,3,dsgdb9nsd_c,6,dsgdb9nsd_h,3,dsgdb9nsd_o"
GDB_W1-F12_356,GDB_W1-F12,2.389404189069878,"-1,dsgdb9nsd_000390,4,dsgdb9nsd_c,10,dsgdb9nsd_h,2,dsgdb9nsd_o"
GDB_W1-F12_357,GDB_W1-F12,3.0166079242637913,"-1,dsgdb9nsd_000391,6,dsgdb9nsd_c,14,dsgdb9nsd_h"
GDB_W1-F12_358,GDB_W1-F12,2.7037792019659186,"-1,dsgdb9nsd_000392,5,dsgdb9nsd_c,12,dsgdb9nsd_h,1,dsgdb9nsd_o"
GDB_W1-F12_359,GDB_W1-F12,2.6918171116544625,"-1,dsgdb9nsd_000393,5,dsgdb9nsd_c,12,dsgdb9nsd_h,1,dsgdb9nsd_o"
GDB_W1-F12_360,GDB_W1-F12,2.70776755131116,"-1,dsgdb9nsd_000394,5,dsgdb9nsd_c,12,dsgdb9nsd_h,1,dsgdb9nsd_o"
GDB_W1-F12_361,GDB_W1-F12,2.396330898832326,"-1,dsgdb9nsd_000395,4,dsgdb9nsd_c,10,dsgdb9nsd_h,2,dsgdb9nsd_o"
GDB_W1-F12_362,GDB_W1-F12,2.08239380601775,"-1,dsgdb9nsd_000397,3,dsgdb9nsd_c,8,dsgdb9nsd_h,3,dsgdb9nsd_o"
GDB_W1-F12_363,GDB_W1-F12,2.295138804330294,"-1,dsgdb9nsd_000398,6,dsgdb9nsd_c,8,dsgdb9nsd_h"
GDB_W1-F12_364,GDB_W1-F12,2.1526643084130397,"-1,dsgdb9nsd_000399,5,dsgdb9nsd_c,7,dsgdb9nsd_h,1,dsgdb9nsd_n"
GDB_W1-F12_365,GDB_W1-F12,2.081871045782948,"-1,dsgdb9nsd_000400,5,dsgdb9nsd_c,7,dsgdb9nsd_h,1,dsgdb9nsd_n"
GDB_W1-F12_366,GDB_W1-F12,1.9376000208145767,"-1,dsgdb9nsd_000401,4,dsgdb9nsd_c,6,dsgdb9nsd_h,2,dsgdb9nsd_n"
GDB_W1-F12_367,GDB_W1-F12,1.9737411213676364,"-1,dsgdb9nsd_000402,5,dsgdb9nsd_c,6,dsgdb9nsd_h,1,dsgdb9nsd_o"
GDB_W1-F12_368,GDB_W1-F12,1.8274714062569704,"-1,dsgdb9nsd_000403,4,dsgdb9nsd_c,5,dsgdb9nsd_h,1,dsgdb9nsd_n,1,dsgdb9nsd_o"
GDB_W1-F12_369,GDB_W1-F12,1.9480216005202795,"-1,dsgdb9nsd_000404,4,dsgdb9nsd_c,6,dsgdb9nsd_h,2,dsgdb9nsd_n"
GDB_W1-F12_370,GDB_W1-F12,1.9785587012209578,"-1,dsgdb9nsd_000405,5,dsgdb9nsd_c,6,dsgdb9nsd_h,1,dsgdb9nsd_o"
GDB_W1-F12_371,GDB_W1-F12,1.833575065497713,"-1,dsgdb9nsd_000406,4,dsgdb9nsd_c,5,dsgdb9nsd_h,1,dsgdb9nsd_n,1,dsgdb9nsd_o"
GDB_W1-F12_372,GDB_W1-F12,2.2569434033191715,"-1,dsgdb9nsd_000407,5,dsgdb9nsd_c,8,dsgdb9nsd_h,1,dsgdb9nsd_o"
GDB_W1-F12_373,GDB_W1-F12,2.0444214645870584,"-1,dsgdb9nsd_000408,4,dsgdb9nsd_c,7,dsgdb9nsd_h,1,dsgdb9nsd_n,1,dsgdb9nsd_o"
GDB_W1-F12_374,GDB_W1-F12,1.9344618801467406,"-1,dsgdb9nsd_000409,4,dsgdb9nsd_c,6,dsgdb9nsd_h,2,dsgdb9nsd_o"
GDB_W1-F12_375,GDB_W1-F12,1.9437387201637304,"-1,dsgdb9nsd_000410,4,dsgdb9nsd_c,6,dsgdb9nsd_h,2,dsgdb9nsd_o"
GDB_W1-F12_376,GDB_W1-F12,2.4642765024646356,"-1,dsgdb9nsd_000411,5,dsgdb9nsd_c,10,dsgdb9nsd_h,1,dsgdb9nsd_o"
GDB_W1-F12_377,GDB_W1-F12,2.2586060730367294,"-1,dsgdb9nsd_000412,4,dsgdb9nsd_c,9,dsgdb9nsd_h,1,dsgdb9nsd_n,1,dsgdb9nsd_o"
GDB_W1-F12_378,GDB_W1-F12,2.1497886482443973,"-1,dsgdb9nsd_000413,4,dsgdb9nsd_c,8,dsgdb9nsd_h,2,dsgdb9nsd_o"
GDB_W1-F12_379,GDB_W1-F12,2.7779727447323315,"-1,dsgdb9nsd_000414,6,dsgdb9nsd_c,12,dsgdb9nsd_h"
GDB_W1-F12_380,GDB_W1-F12,2.4625416218851344,"-1,dsgdb9nsd_000415,5,dsgdb9nsd_c,10,dsgdb9nsd_h,1,dsgdb9nsd_o"
GDB_W1-F12_381,GDB_W1-F12,2.4659368423368915,"-1,dsgdb9nsd_000416,5,dsgdb9nsd_c,10,dsgdb9nsd_h,1,dsgdb9nsd_o"
GDB_W1-F12_382,GDB_W1-F12,2.449104612009497,"-1,dsgdb9nsd_000417,5,dsgdb9nsd_c,10,dsgdb9nsd_h,1,dsgdb9nsd_o"
GDB_W1-F12_383,GDB_W1-F12,2.1535318395380725,"-1,dsgdb9nsd_000418,4,dsgdb9nsd_c,8,dsgdb9nsd_h,2,dsgdb9nsd_o"
GDB_W1-F12_384,GDB_W1-F12,2.264324032921518,"-1,dsgdb9nsd_000419,5,dsgdb9nsd_c,8,dsgdb9nsd_h,1,dsgdb9nsd_o"
GDB_W1-F12_385,GDB_W1-F12,2.0827527057783275,"-1,dsgdb9nsd_000420,4,dsgdb9nsd_c,7,dsgdb9nsd_h,1,dsgdb9nsd_n,1,dsgdb9nsd_o"
GDB_W1-F12_386,GDB_W1-F12,2.059407845492442,"-1,dsgdb9nsd_000421,4,dsgdb9nsd_c,7,dsgdb9nsd_h,1,dsgdb9nsd_n,1,dsgdb9nsd_o"
GDB_W1-F12_387,GDB_W1-F12,1.9749341423991056,"-1,dsgdb9nsd_000422,4,dsgdb9nsd_c,6,dsgdb9nsd_h,2,dsgdb9nsd_o"
GDB_W1-F12_388,GDB_W1-F12,2.0506860648241925,"-1,dsgdb9nsd_000423,4,dsgdb9nsd_c,7,dsgdb9nsd_h,1,dsgdb9nsd_n,1,dsgdb9nsd_o"
GDB_W1-F12_389,GDB_W1-F12,1.9401168194690763,"-1,dsgdb9nsd_000424,4,dsgdb9nsd_c,6,dsgdb9nsd_h,2,dsgdb9nsd_o"
GDB_W1-F12_390,GDB_W1-F12,2.0765650350569946,"-1,dsgdb9nsd_000425,4,dsgdb9nsd_c,7,dsgdb9nsd_h,1,dsgdb9nsd_n,1,dsgdb9nsd_o"
GDB_W1-F12_391,GDB_W1-F12,1.85409859626877,"-1,dsgdb9nsd_000426,3,dsgdb9nsd_c,6,dsgdb9nsd_h,2,dsgdb9nsd_n,1,dsgdb9nsd_o"
GDB_W1-F12_392,GDB_W1-F12,1.7687389830450202,"-1,dsgdb9nsd_000427,3,dsgdb9nsd_c,5,dsgdb9nsd_h,1,dsgdb9nsd_n,2,dsgdb9nsd_o"
GDB_W1-F12_393,GDB_W1-F12,1.9498874703571516,"-1,dsgdb9nsd_000428,4,dsgdb9nsd_c,6,dsgdb9nsd_h,2,dsgdb9nsd_o"
GDB_W1-F12_394,GDB_W1-F12,1.7665279232007391,"-1,dsgdb9nsd_000429,3,dsgdb9nsd_c,5,dsgdb9nsd_h,1,dsgdb9nsd_n,2,dsgdb9nsd_o"
GDB_W1-F12_395,GDB_W1-F12,1.7430289026925803,"-1,dsgdb9nsd_000430,3,dsgdb9nsd_c,5,dsgdb9nsd_h,1,dsgdb9nsd_n,2,dsgdb9nsd_o"
GDB_W1-F12_396,GDB_W1-F12,1.6565601492426334,"-1,dsgdb9nsd_000431,3,dsgdb9nsd_c,4,dsgdb9nsd_h,3,dsgdb9nsd_o"
GDB_W1-F12_397,GDB_W1-F12,2.7794222049199444,"-1,dsgdb9nsd_000432,6,dsgdb9nsd_c,12,dsgdb9nsd_h"
GDB_W1-F12_398,GDB_W1-F12,2.4694008219098795,"-1,dsgdb9nsd_000433,5,dsgdb9nsd_c,10,dsgdb9nsd_h,1,dsgdb9nsd_o"
GDB_W1-F12_399,GDB_W1-F12,2.4616738724367044,"-1,dsgdb9nsd_000434,5,dsgdb9nsd_c,10,dsgdb9nsd_h,1,dsgdb9nsd_o"
GDB_W1-F12_400,GDB_W1-F12,2.1487543786009433,"-1,dsgdb9nsd_000435,4,dsgdb9nsd_c,8,dsgdb9nsd_h,2,dsgdb9nsd_o"
GDB_W1-F12_401,GDB_W1-F12,2.1608073599703954,"-1,dsgdb9nsd_000436,4,dsgdb9nsd_c,8,dsgdb9nsd_h,2,dsgdb9nsd_o"
GDB_W1-F12_402,GDB_W1-F12,1.7750622230342552,"-1,dsgdb9nsd_000437,3,dsgdb9nsd_c,5,dsgdb9nsd_h,3,dsgdb9nsd_n"
GDB_W1-F12_403,GDB_W1-F12,2.063536565626717,"-1,dsgdb9nsd_000438,5,dsgdb9nsd_c,6,dsgdb9nsd_h,1,dsgdb9nsd_o"
GDB_W1-F12_404,GDB_W1-F12,1.8829153675646735,"-1,dsgdb9nsd_000439,4,dsgdb9nsd_c,5,dsgdb9nsd_h,1,dsgdb9nsd_n,1,dsgdb9nsd_o"
GDB_W1-F12_405,GDB_W1-F12,1.6894430599443564,"-1,dsgdb9nsd_000440,3,dsgdb9nsd_c,4,dsgdb9nsd_h,2,dsgdb9nsd_n,1,dsgdb9nsd_o"
GDB_W1-F12_406,GDB_W1-F12,1.5752127750432774,"-1,dsgdb9nsd_000441,3,dsgdb9nsd_c,3,dsgdb9nsd_h,1,dsgdb9nsd_n,2,dsgdb9nsd_o"
GDB_W1-F12_407,GDB_W1-F12,1.8585296767782158,"-1,dsgdb9nsd_000442,4,dsgdb9nsd_c,5,dsgdb9nsd_h,1,dsgdb9nsd_n,1,dsgdb9nsd_o"
GDB_W1-F12_408,GDB_W1-F12,2.0702157763370868,"-1,dsgdb9nsd_000443,5,dsgdb9nsd_c,6,dsgdb9nsd_h,1,dsgdb9nsd_o"
GDB_W1-F12_409,GDB_W1-F12,1.8842261174959511,"-1,dsgdb9nsd_000444,4,dsgdb9nsd_c,5,dsgdb9nsd_h,1,dsgdb9nsd_n,1,dsgdb9nsd_o"
GDB_W1-F12_410,GDB_W1-F12,2.085364596224213,"-1,dsgdb9nsd_000445,4,dsgdb9nsd_c,7,dsgdb9nsd_h,1,dsgdb9nsd_n,1,dsgdb9nsd_o"
GDB_W1-F12_411,GDB_W1-F12,1.7612798924758912,"-1,dsgdb9nsd_000446,3,dsgdb9nsd_c,5,dsgdb9nsd_h,1,dsgdb9nsd_n,2,dsgdb9nsd_o"
GDB_W1-F12_412,GDB_W1-F12,1.7700469935754264,"-1,dsgdb9nsd_000447,3,dsgdb9nsd_c,5,dsgdb9nsd_h,1,dsgdb9nsd_n,2,dsgdb9nsd_o"
GDB_W1-F12_413,GDB_W1-F12,2.2938871754187518,"-1,dsgdb9nsd_000448,5,dsgdb9nsd_c,8,dsgdb9nsd_h,1,dsgdb9nsd_o"
GDB_W1-F12_414,GDB_W1-F12,2.1120550665555,"-1,dsgdb9nsd_000449,4,dsgdb9nsd_c,7,dsgdb9nsd_h,1,dsgdb9nsd_n,1,dsgdb9nsd_o"
GDB_W1-F12_415,GDB_W1-F12,1.9980409122558007,"-1,dsgdb9nsd_000450,4,dsgdb9nsd_c,6,dsgdb9nsd_h,2,dsgdb9nsd_o"
GDB_W1-F12_416,GDB_W1-F12,1.9654265919211833,"-1,dsgdb9nsd_000451,4,dsgdb9nsd_c,6,dsgdb9nsd_h,2,dsgdb9nsd_o"
GDB_W1-F12_417,GDB_W1-F12,1.6725808189146882,"-1,dsgdb9nsd_000452,3,dsgdb9nsd_c,4,dsgdb9nsd_h,3,dsgdb9nsd_o"
GDB_W1-F12_418,GDB_W1-F12,1.9180486299477244,"-1,dsgdb9nsd_000453,3,dsgdb9nsd_c,6,dsgdb9nsd_h,2,dsgdb9nsd_n,1,dsgdb9nsd_o"
GDB_W1-F12_419,GDB_W1-F12,1.8045300952567422,"-1,dsgdb9nsd_000454,3,dsgdb9nsd_c,5,dsgdb9nsd_h,1,dsgdb9nsd_n,2,dsgdb9nsd_o"
GDB_W1-F12_420,GDB_W1-F12,1.689141080439929,"-1,dsgdb9nsd_000455,3,dsgdb9nsd_c,4,dsgdb9nsd_h,3,dsgdb9nsd_o"
GDB_W1-F12_421,GDB_W1-F12,2.584097377061998,"-1,dsgdb9nsd_000456,6,dsgdb9nsd_c,10,dsgdb9nsd_h"
GDB_W1-F12_422,GDB_W1-F12,2.258051404120341,"-1,dsgdb9nsd_000457,5,dsgdb9nsd_c,8,dsgdb9nsd_h,1,dsgdb9nsd_o"
GDB_W1-F12_423,GDB_W1-F12,2.0827541957956712,"-1,dsgdb9nsd_000458,4,dsgdb9nsd_c,7,dsgdb9nsd_h,1,dsgdb9nsd_n,1,dsgdb9nsd_o"
GDB_W1-F12_424,GDB_W1-F12,2.580291646473504,"-1,dsgdb9nsd_000459,6,dsgdb9nsd_c,10,dsgdb9nsd_h"
GDB_W1-F12_425,GDB_W1-F12,2.078284636185912,"-1,dsgdb9nsd_000460,4,dsgdb9nsd_c,7,dsgdb9nsd_h,1,dsgdb9nsd_n,1,dsgdb9nsd_o"
GDB_W1-F12_426,GDB_W1-F12,2.270071643354656,"-1,dsgdb9nsd_000461,5,dsgdb9nsd_c,8,dsgdb9nsd_h,1,dsgdb9nsd_o"
GDB_W1-F12_427,GDB_W1-F12,2.580469366499432,"-1,dsgdb9nsd_000462,6,dsgdb9nsd_c,10,dsgdb9nsd_h"
GDB_W1-F12_428,GDB_W1-F12,2.0764152763618915,"-1,dsgdb9nsd_000463,4,dsgdb9nsd_c,7,dsgdb9nsd_h,1,dsgdb9nsd_n,1,dsgdb9nsd_o"
GDB_W1-F12_429,GDB_W1-F12,2.2584538936610428,"-1,dsgdb9nsd_000464,5,dsgdb9nsd_c,8,dsgdb9nsd_h,1,dsgdb9nsd_o"
GDB_W1-F12_430,GDB_W1-F12,2.2696007341298308,"-1,dsgdb9nsd_000465,5,dsgdb9nsd_c,8,dsgdb9nsd_h,1,dsgdb9nsd_o"
GDB_W1-F12_431,GDB_W1-F12,2.80892043684342,"-1,dsgdb9nsd_000466,6,dsgdb9nsd_c,12,dsgdb9nsd_h"
GDB_W1-F12_432,GDB_W1-F12,2.490045673558384,"-1,dsgdb9nsd_000467,5,dsgdb9nsd_c,10,dsgdb9nsd_h,1,dsgdb9nsd_o"
GDB_W1-F12_433,GDB_W1-F12,2.4858274822649933,"-1,dsgdb9nsd_000468,5,dsgdb9nsd_c,10,dsgdb9nsd_h,1,dsgdb9nsd_o"
GDB_W1-F12_434,GDB_W1-F12,2.170307970314057,"-1,dsgdb9nsd_000469,4,dsgdb9nsd_c,8,dsgdb9nsd_h,2,dsgdb9nsd_o"
GDB_W1-F12_435,GDB_W1-F12,2.174175540606339,"-1,dsgdb9nsd_000470,4,dsgdb9nsd_c,8,dsgdb9nsd_h,2,dsgdb9nsd_o"
GDB_W1-F12_436,GDB_W1-F12,2.498519293829959,"-1,dsgdb9nsd_000471,5,dsgdb9nsd_c,10,dsgdb9nsd_h,1,dsgdb9nsd_o"
GDB_W1-F12_437,GDB_W1-F12,2.1740747293793934,"-1,dsgdb9nsd_000472,4,dsgdb9nsd_c,8,dsgdb9nsd_h,2,dsgdb9nsd_o"
GDB_W1-F12_438,GDB_W1-F12,2.7742688946773475,"-1,dsgdb9nsd_000473,6,dsgdb9nsd_c,12,dsgdb9nsd_h"
GDB_W1-F12_439,GDB_W1-F12,2.461387451263113,"-1,dsgdb9nsd_000474,5,dsgdb9nsd_c,10,dsgdb9nsd_h,1,dsgdb9nsd_o"
GDB_W1-F12_440,GDB_W1-F12,2.552625195658548,"-1,dsgdb9nsd_000475,5,dsgdb9nsd_c,11,dsgdb9nsd_h,1,dsgdb9nsd_n"
GDB_W1-F12_441,GDB_W1-F12,2.1466055982944465,"-1,dsgdb9nsd_000476,4,dsgdb9nsd_c,8,dsgdb9nsd_h,2,dsgdb9nsd_o"
GDB_W1-F12_442,GDB_W1-F12,1.8368166563964754,"-1,dsgdb9nsd_000477,3,dsgdb9nsd_c,6,dsgdb9nsd_h,3,dsgdb9nsd_o"
GDB_W1-F12_443,GDB_W1-F12,2.5370869043608653,"-1,dsgdb9nsd_000478,6,dsgdb9nsd_c,10,dsgdb9nsd_h"
GDB_W1-F12_444,GDB_W1-F12,2.2126107212641752,"-1,dsgdb9nsd_000479,5,dsgdb9nsd_c,8,dsgdb9nsd_h,1,dsgdb9nsd_o"
GDB_W1-F12_445,GDB_W1-F12,2.208249861208478,"-1,dsgdb9nsd_000480,5,dsgdb9nsd_c,8,dsgdb9nsd_h,1,dsgdb9nsd_o"
GDB_W1-F12_446,GDB_W1-F12,2.221658302591142,"-1,dsgdb9nsd_000481,5,dsgdb9nsd_c,8,dsgdb9nsd_h,1,dsgdb9nsd_o"
GDB_W1-F12_447,GDB_W1-F12,2.2234693716617766,"-1,dsgdb9nsd_000482,5,dsgdb9nsd_c,8,dsgdb9nsd_h,1,dsgdb9nsd_o"
GDB_W1-F12_448,GDB_W1-F12,1.8924767084655227,"-1,dsgdb9nsd_000483,4,dsgdb9nsd_c,6,dsgdb9nsd_h,2,dsgdb9nsd_o"
GDB_W1-F12_449,GDB_W1-F12,1.4250428289382249,"-1,dsgdb9nsd_000485,5,dsgdb9nsd_c,1,dsgdb9nsd_h,1,dsgdb9nsd_n"
GDB_W1-F12_450,GDB_W1-F12,1.2671621224382825,"-1,dsgdb9nsd_000486,4,dsgdb9nsd_c,2,dsgdb9nsd_n"
GDB_W1-F12_451,GDB_W1-F12,2.0502873553061014,"-1,dsgdb9nsd_000487,6,dsgdb9nsd_c,6,dsgdb9nsd_h"
GDB_W1-F12_452,GDB_W1-F12,1.9068520483972626,"-1,dsgdb9nsd_000488,5,dsgdb9nsd_c,5,dsgdb9nsd_h,1,dsgdb9nsd_n"
GDB_W1-F12_453,GDB_W1-F12,1.7611946332053758,"-1,dsgdb9nsd_000489,4,dsgdb9nsd_c,4,dsgdb9nsd_h,2,dsgdb9nsd_n"
GDB_W1-F12_454,GDB_W1-F12,1.5232924429258936,"-1,dsgdb9nsd_000490,5,dsgdb9nsd_c,2,dsgdb9nsd_h,1,dsgdb9nsd_o"
GDB_W1-F12_455,GDB_W1-F12,1.3680929466220528,"-1,dsgdb9nsd_000491,4,dsgdb9nsd_c,1,dsgdb9nsd_h,1,dsgdb9nsd_n,1,dsgdb9nsd_o"
GDB_W1-F12_456,GDB_W1-F12,1.468267540629839,"-1,dsgdb9nsd_000492,4,dsgdb9nsd_c,2,dsgdb9nsd_h,2,dsgdb9nsd_o"
GDB_W1-F12_457,GDB_W1-F12,1.786962213884889,"-1,dsgdb9nsd_000493,4,dsgdb9nsd_c,5,dsgdb9nsd_h,1,dsgdb9nsd_n,1,dsgdb9nsd_o"
GDB_W1-F12_458,GDB_W1-F12,1.6393614383926232,"-1,dsgdb9nsd_000494,3,dsgdb9nsd_c,4,dsgdb9nsd_h,2,dsgdb9nsd_n,1,dsgdb9nsd_o"
GDB_W1-F12_459,GDB_W1-F12,2.004389672178458,"-1,dsgdb9nsd_000495,5,dsgdb9nsd_c,6,dsgdb9nsd_h,1,dsgdb9nsd_o"
GDB_W1-F12_460,GDB_W1-F12,1.8601558275252283,"-1,dsgdb9nsd_000496,4,dsgdb9nsd_c,5,dsgdb9nsd_h,1,dsgdb9nsd_n,1,dsgdb9nsd_o"
GDB_W1-F12_461,GDB_W1-F12,1.8215902552105605,"-1,dsgdb9nsd_000497,4,dsgdb9nsd_c,5,dsgdb9nsd_h,1,dsgdb9nsd_n,1,dsgdb9nsd_o"
GDB_W1-F12_462,GDB_W1-F12,1.6757755898032123,"-1,dsgdb9nsd_000498,3,dsgdb9nsd_c,4,dsgdb9nsd_h,2,dsgdb9nsd_n,1,dsgdb9nsd_o"
GDB_W1-F12_463,GDB_W1-F12,1.69946498990712,"-1,dsgdb9nsd_000499,4,dsgdb9nsd_c,4,dsgdb9nsd_h,2,dsgdb9nsd_o"
GDB_W1-F12_464,GDB_W1-F12,1.5504368640129467,"-1,dsgdb9nsd_000500,3,dsgdb9nsd_c,3,dsgdb9nsd_h,1,dsgdb9nsd_n,2,dsgdb9nsd_o"
GDB_W1-F12_465,GDB_W1-F12,1.7430918626981788,"-1,dsgdb9nsd_000501,3,dsgdb9nsd_c,5,dsgdb9nsd_h,1,dsgdb9nsd_n,2,dsgdb9nsd_o"
GDB_W1-F12_466,GDB_W1-F12,1.9595607012021403,"-1,dsgdb9nsd_000502,4,dsgdb9nsd_c,6,dsgdb9nsd_h,2,dsgdb9nsd_o"
GDB_W1-F12_467,GDB_W1-F12,1.779147613145441,"-1,dsgdb9nsd_000503,3,dsgdb9nsd_c,5,dsgdb9nsd_h,1,dsgdb9nsd_n,2,dsgdb9nsd_o"
GDB_W1-F12_468,GDB_W1-F12,1.6556198287783346,"-1,dsgdb9nsd_000504,3,dsgdb9nsd_c,4,dsgdb9nsd_h,3,dsgdb9nsd_o"
GDB_W1-F12_469,GDB_W1-F12,2.069512774998883,"-1,dsgdb9nsd_000505,6,dsgdb9nsd_c,6,dsgdb9nsd_h"
GDB_W1-F12_470,GDB_W1-F12,1.9086849386523825,"-1,dsgdb9nsd_000507,5,dsgdb9nsd_c,5,dsgdb9nsd_h,1,dsgdb9nsd_n"
GDB_W1-F12_471,GDB_W1-F12,2.0116278130954597,"-1,dsgdb9nsd_000508,5,dsgdb9nsd_c,6,dsgdb9nsd_h,1,dsgdb9nsd_o"
GDB_W1-F12_472,GDB_W1-F12,1.8735509081534394,"-1,dsgdb9nsd_000509,3,dsgdb9nsd_c,6,dsgdb9nsd_h,2,dsgdb9nsd_n,1,dsgdb9nsd_o"
GDB_W1-F12_473,GDB_W1-F12,1.7590890426850425,"-1,dsgdb9nsd_000510,3,dsgdb9nsd_c,5,dsgdb9nsd_h,1,dsgdb9nsd_n,2,dsgdb9nsd_o"
GDB_W1-F12_474,GDB_W1-F12,2.0603057251632535,"-1,dsgdb9nsd_000511,6,dsgdb9nsd_c,6,dsgdb9nsd_h"
GDB_W1-F12_475,GDB_W1-F12,1.9109529283144222,"-1,dsgdb9nsd_000512,5,dsgdb9nsd_c,5,dsgdb9nsd_h,1,dsgdb9nsd_n"
GDB_W1-F12_476,GDB_W1-F12,1.7384325513716374,"-1,dsgdb9nsd_000513,5,dsgdb9nsd_c,4,dsgdb9nsd_h,1,dsgdb9nsd_o"
GDB_W1-F12_477,GDB_W1-F12,1.5876320756628801,"-1,dsgdb9nsd_000514,4,dsgdb9nsd_c,3,dsgdb9nsd_h,1,dsgdb9nsd_n,1,dsgdb9nsd_o"
GDB_W1-F12_478,GDB_W1-F12,2.0076343036687634,"-1,dsgdb9nsd_000515,5,dsgdb9nsd_c,6,dsgdb9nsd_h,1,dsgdb9nsd_o"
GDB_W1-F12_479,GDB_W1-F12,1.6861602792292352,"-1,dsgdb9nsd_000516,4,dsgdb9nsd_c,4,dsgdb9nsd_h,2,dsgdb9nsd_o"
GDB_W1-F12_480,GDB_W1-F12,2.539732725768561,"-1,dsgdb9nsd_000517,6,dsgdb9nsd_c,10,dsgdb9nsd_h"
GDB_W1-F12_481,GDB_W1-F12,2.2196188720280947,"-1,dsgdb9nsd_000518,5,dsgdb9nsd_c,8,dsgdb9nsd_h,1,dsgdb9nsd_o"
GDB_W1-F12_482,GDB_W1-F12,1.899138228606333,"-1,dsgdb9nsd_000519,4,dsgdb9nsd_c,6,dsgdb9nsd_h,2,dsgdb9nsd_o"
GDB_W1-F12_483,GDB_W1-F12,2.262572633069514,"-1,dsgdb9nsd_000520,4,dsgdb9nsd_c,9,dsgdb9nsd_h,1,dsgdb9nsd_n,1,dsgdb9nsd_o"
GDB_W1-F12_484,GDB_W1-F12,2.2267212014497755,"-1,dsgdb9nsd_000521,5,dsgdb9nsd_c,8,dsgdb9nsd_h,1,dsgdb9nsd_o"
GDB_W1-F12_485,GDB_W1-F12,2.540602634546939,"-1,dsgdb9nsd_000522,6,dsgdb9nsd_c,10,dsgdb9nsd_h"
GDB_W1-F12_486,GDB_W1-F12,2.2055623814656005,"-1,dsgdb9nsd_000523,5,dsgdb9nsd_c,8,dsgdb9nsd_h,1,dsgdb9nsd_o"
GDB_W1-F12_487,GDB_W1-F12,2.267706914117344,"-1,dsgdb9nsd_000524,4,dsgdb9nsd_c,9,dsgdb9nsd_h,1,dsgdb9nsd_n,1,dsgdb9nsd_o"
GDB_W1-F12_488,GDB_W1-F12,2.533791714271349,"-1,dsgdb9nsd_000525,6,dsgdb9nsd_c,10,dsgdb9nsd_h"
GDB_W1-F12_489,GDB_W1-F12,2.392027558226919,"-1,dsgdb9nsd_000526,5,dsgdb9nsd_c,9,dsgdb9nsd_h,1,dsgdb9nsd_n"
GDB_W1-F12_490,GDB_W1-F12,2.173090180100794,"-1,dsgdb9nsd_000527,4,dsgdb9nsd_c,8,dsgdb9nsd_h,2,dsgdb9nsd_n"
GDB_W1-F12_491,GDB_W1-F12,2.202627990709575,"-1,dsgdb9nsd_000528,5,dsgdb9nsd_c,8,dsgdb9nsd_h,1,dsgdb9nsd_o"
GDB_W1-F12_492,GDB_W1-F12,2.0577374850543464,"-1,dsgdb9nsd_000529,4,dsgdb9nsd_c,7,dsgdb9nsd_h,1,dsgdb9nsd_n,1,dsgdb9nsd_o"
GDB_W1-F12_493,GDB_W1-F12,2.2046658117351705,"-1,dsgdb9nsd_000530,5,dsgdb9nsd_c,8,dsgdb9nsd_h,1,dsgdb9nsd_o"
GDB_W1-F12_494,GDB_W1-F12,2.061860544716315,"-1,dsgdb9nsd_000531,4,dsgdb9nsd_c,7,dsgdb9nsd_h,1,dsgdb9nsd_n,1,dsgdb9nsd_o"
GDB_W1-F12_495,GDB_W1-F12,2.2188718315141607,"-1,dsgdb9nsd_000532,5,dsgdb9nsd_c,8,dsgdb9nsd_h,1,dsgdb9nsd_o"
GDB_W1-F12_496,GDB_W1-F12,2.076444995435102,"-1,dsgdb9nsd_000533,4,dsgdb9nsd_c,7,dsgdb9nsd_h,1,dsgdb9nsd_n,1,dsgdb9nsd_o"
GDB_W1-F12_497,GDB_W1-F12,2.489138702391371,"-1,dsgdb9nsd_000534,5,dsgdb9nsd_c,10,dsgdb9nsd_h,1,dsgdb9nsd_o"
GDB_W1-F12_498,GDB_W1-F12,2.3101334958671744,"-1,dsgdb9nsd_000535,4,dsgdb9nsd_c,9,dsgdb9nsd_h,1,dsgdb9nsd_n,1,dsgdb9nsd_o"
GDB_W1-F12_499,GDB_W1-F12,2.19040645092886,"-1,dsgdb9nsd_000536,4,dsgdb9nsd_c,8,dsgdb9nsd_h,2,dsgdb9nsd_o"
GDB_W1-F12_500,GDB_W1-F12,2.161437439700414,"-1,dsgdb9nsd_000537,4,dsgdb9nsd_c,8,dsgdb9nsd_h,2,dsgdb9nsd_o"
GDB_W1-F12_501,GDB_W1-F12,2.1584283791554264,"-1,dsgdb9nsd_000538,4,dsgdb9nsd_c,8,dsgdb9nsd_h,2,dsgdb9nsd_o"
GDB_W1-F12_502,GDB_W1-F12,2.1746006003242013,"-1,dsgdb9nsd_000539,4,dsgdb9nsd_c,8,dsgdb9nsd_h,2,dsgdb9nsd_o"
GDB_W1-F12_503,GDB_W1-F12,1.9978872428627694,"-1,dsgdb9nsd_000540,3,dsgdb9nsd_c,7,dsgdb9nsd_h,1,dsgdb9nsd_n,2,dsgdb9nsd_o"
GDB_W1-F12_504,GDB_W1-F12,1.9644935717450702,"-1,dsgdb9nsd_000541,3,dsgdb9nsd_c,7,dsgdb9nsd_h,1,dsgdb9nsd_n,2,dsgdb9nsd_o"
GDB_W1-F12_505,GDB_W1-F12,1.8774052069329483,"-1,dsgdb9nsd_000542,3,dsgdb9nsd_c,6,dsgdb9nsd_h,3,dsgdb9nsd_o"
GDB_W1-F12_506,GDB_W1-F12,3.016076705192558,"-1,dsgdb9nsd_000543,6,dsgdb9nsd_c,14,dsgdb9nsd_h"
GDB_W1-F12_507,GDB_W1-F12,2.7021207011097217,"-1,dsgdb9nsd_000544,5,dsgdb9nsd_c,12,dsgdb9nsd_h,1,dsgdb9nsd_o"
GDB_W1-F12_508,GDB_W1-F12,2.6871974602868995,"-1,dsgdb9nsd_000545,5,dsgdb9nsd_c,12,dsgdb9nsd_h,1,dsgdb9nsd_o"
GDB_W1-F12_509,GDB_W1-F12,2.6921807205072876,"-1,dsgdb9nsd_000546,5,dsgdb9nsd_c,12,dsgdb9nsd_h,1,dsgdb9nsd_o"
GDB_W1-F12_510,GDB_W1-F12,2.380852189105194,"-1,dsgdb9nsd_000547,4,dsgdb9nsd_c,10,dsgdb9nsd_h,2,dsgdb9nsd_o"
GDB_W1-F12_511,GDB_W1-F12,2.372041428107072,"-1,dsgdb9nsd_000548,4,dsgdb9nsd_c,10,dsgdb9nsd_h,2,dsgdb9nsd_o"
GDB_W1-F12_512,GDB_W1-F12,2.3566563966468506,"-1,dsgdb9nsd_000549,4,dsgdb9nsd_c,10,dsgdb9nsd_h,2,dsgdb9nsd_o"
GDB_W1-F12_513,GDB_W1-F12,2.388246918893061,"-1,dsgdb9nsd_000550,4,dsgdb9nsd_c,10,dsgdb9nsd_h,2,dsgdb9nsd_o"
GDB_W1-F12_514,GDB_W1-F12,2.2954565955481856,"-1,dsgdb9nsd_000551,6,dsgdb9nsd_c,8,dsgdb9nsd_h"
GDB_W1-F12_515,GDB_W1-F12,1.9700951509168676,"-1,dsgdb9nsd_000552,5,dsgdb9nsd_c,6,dsgdb9nsd_h,1,dsgdb9nsd_o"
GDB_W1-F12_516,GDB_W1-F12,1.9704852517999927,"-1,dsgdb9nsd_000553,5,dsgdb9nsd_c,6,dsgdb9nsd_h,1,dsgdb9nsd_o"
GDB_W1-F12_517,GDB_W1-F12,2.1531724489482524,"-1,dsgdb9nsd_000554,5,dsgdb9nsd_c,7,dsgdb9nsd_h,1,dsgdb9nsd_n"
GDB_W1-F12_518,GDB_W1-F12,1.9380145101741033,"-1,dsgdb9nsd_000555,4,dsgdb9nsd_c,6,dsgdb9nsd_h,2,dsgdb9nsd_n"
GDB_W1-F12_519,GDB_W1-F12,1.824512695549405,"-1,dsgdb9nsd_000556,4,dsgdb9nsd_c,5,dsgdb9nsd_h,1,dsgdb9nsd_n,1,dsgdb9nsd_o"
GDB_W1-F12_520,GDB_W1-F12,1.8258639548292273,"-1,dsgdb9nsd_000557,4,dsgdb9nsd_c,5,dsgdb9nsd_h,1,dsgdb9nsd_n,1,dsgdb9nsd_o"
GDB_W1-F12_521,GDB_W1-F12,2.2508358732205367,"-1,dsgdb9nsd_000558,5,dsgdb9nsd_c,8,dsgdb9nsd_h,1,dsgdb9nsd_o"
GDB_W1-F12_522,GDB_W1-F12,1.9274257202439538,"-1,dsgdb9nsd_000559,4,dsgdb9nsd_c,6,dsgdb9nsd_h,2,dsgdb9nsd_o"
GDB_W1-F12_523,GDB_W1-F12,1.9256176200527977,"-1,dsgdb9nsd_000560,4,dsgdb9nsd_c,6,dsgdb9nsd_h,2,dsgdb9nsd_o"
GDB_W1-F12_524,GDB_W1-F12,2.0611785757298846,"-1,dsgdb9nsd_000561,4,dsgdb9nsd_c,7,dsgdb9nsd_h,1,dsgdb9nsd_n,1,dsgdb9nsd_o"
GDB_W1-F12_525,GDB_W1-F12,2.0459840051390854,"-1,dsgdb9nsd_000562,4,dsgdb9nsd_c,7,dsgdb9nsd_h,1,dsgdb9nsd_n,1,dsgdb9nsd_o"
GDB_W1-F12_526,GDB_W1-F12,2.778054485330873,"-1,dsgdb9nsd_000563,6,dsgdb9nsd_c,12,dsgdb9nsd_h"
GDB_W1-F12_527,GDB_W1-F12,2.460173012228321,"-1,dsgdb9nsd_000564,5,dsgdb9nsd_c,10,dsgdb9nsd_h,1,dsgdb9nsd_o"
GDB_W1-F12_528,GDB_W1-F12,2.454864482018495,"-1,dsgdb9nsd_000565,5,dsgdb9nsd_c,10,dsgdb9nsd_h,1,dsgdb9nsd_o"
GDB_W1-F12_529,GDB_W1-F12,2.452485110771174,"-1,dsgdb9nsd_000566,5,dsgdb9nsd_c,10,dsgdb9nsd_h,1,dsgdb9nsd_o"
GDB_W1-F12_530,GDB_W1-F12,2.1264270583306195,"-1,dsgdb9nsd_000567,4,dsgdb9nsd_c,8,dsgdb9nsd_h,2,dsgdb9nsd_o"
GDB_W1-F12_531,GDB_W1-F12,2.4636316612045,"-1,dsgdb9nsd_000568,5,dsgdb9nsd_c,10,dsgdb9nsd_h,1,dsgdb9nsd_o"
GDB_W1-F12_532,GDB_W1-F12,2.1474482182418067,"-1,dsgdb9nsd_000569,4,dsgdb9nsd_c,8,dsgdb9nsd_h,2,dsgdb9nsd_o"
GDB_W1-F12_533,GDB_W1-F12,2.140785278202115,"-1,dsgdb9nsd_000570,4,dsgdb9nsd_c,8,dsgdb9nsd_h,2,dsgdb9nsd_o"
GDB_W1-F12_534,GDB_W1-F12,2.290803084930877,"-1,dsgdb9nsd_000571,6,dsgdb9nsd_c,8,dsgdb9nsd_h"
GDB_W1-F12_535,GDB_W1-F12,1.9702193020304692,"-1,dsgdb9nsd_000572,5,dsgdb9nsd_c,6,dsgdb9nsd_h,1,dsgdb9nsd_o"
GDB_W1-F12_536,GDB_W1-F12,2.068298095330274,"-1,dsgdb9nsd_000573,5,dsgdb9nsd_c,7,dsgdb9nsd_h,1,dsgdb9nsd_n"
GDB_W1-F12_537,GDB_W1-F12,2.148803778651909,"-1,dsgdb9nsd_000574,5,dsgdb9nsd_c,7,dsgdb9nsd_h,1,dsgdb9nsd_n"
GDB_W1-F12_538,GDB_W1-F12,1.9352212503549973,"-1,dsgdb9nsd_000575,4,dsgdb9nsd_c,6,dsgdb9nsd_h,2,dsgdb9nsd_n"
GDB_W1-F12_539,GDB_W1-F12,1.8264587554106195,"-1,dsgdb9nsd_000576,4,dsgdb9nsd_c,5,dsgdb9nsd_h,1,dsgdb9nsd_n,1,dsgdb9nsd_o"
GDB_W1-F12_540,GDB_W1-F12,1.923165239549212,"-1,dsgdb9nsd_000577,4,dsgdb9nsd_c,6,dsgdb9nsd_h,2,dsgdb9nsd_n"
GDB_W1-F12_541,GDB_W1-F12,2.0323888637863923,"-1,dsgdb9nsd_000578,4,dsgdb9nsd_c,7,dsgdb9nsd_h,1,dsgdb9nsd_n,1,dsgdb9nsd_o"
GDB_W1-F12_542,GDB_W1-F12,2.2468043324955307,"-1,dsgdb9nsd_000579,5,dsgdb9nsd_c,8,dsgdb9nsd_h,1,dsgdb9nsd_o"
GDB_W1-F12_543,GDB_W1-F12,2.034783334407335,"-1,dsgdb9nsd_000580,4,dsgdb9nsd_c,7,dsgdb9nsd_h,1,dsgdb9nsd_n,1,dsgdb9nsd_o"
GDB_W1-F12_544,GDB_W1-F12,1.9263987397334756,"-1,dsgdb9nsd_000581,4,dsgdb9nsd_c,6,dsgdb9nsd_h,2,dsgdb9nsd_o"
GDB_W1-F12_545,GDB_W1-F12,2.024513534083358,"-1,dsgdb9nsd_000582,4,dsgdb9nsd_c,7,dsgdb9nsd_h,1,dsgdb9nsd_n,1,dsgdb9nsd_o"
GDB_W1-F12_546,GDB_W1-F12,2.0653350548076026,"-1,dsgdb9nsd_000583,4,dsgdb9nsd_c,7,dsgdb9nsd_h,1,dsgdb9nsd_n,1,dsgdb9nsd_o"
GDB_W1-F12_547,GDB_W1-F12,1.9451502701667431,"-1,dsgdb9nsd_000584,4,dsgdb9nsd_c,6,dsgdb9nsd_h,2,dsgdb9nsd_o"
GDB_W1-F12_548,GDB_W1-F12,2.2984452850859958,"-1,dsgdb9nsd_000585,6,dsgdb9nsd_c,8,dsgdb9nsd_h"
GDB_W1-F12_549,GDB_W1-F12,2.086317206542799,"-1,dsgdb9nsd_000586,5,dsgdb9nsd_c,7,dsgdb9nsd_h,1,dsgdb9nsd_n"
GDB_W1-F12_550,GDB_W1-F12,1.9745714116206723,"-1,dsgdb9nsd_000587,5,dsgdb9nsd_c,6,dsgdb9nsd_h,1,dsgdb9nsd_o"
GDB_W1-F12_551,GDB_W1-F12,2.7742384552962873,"-1,dsgdb9nsd_000588,6,dsgdb9nsd_c,12,dsgdb9nsd_h"
GDB_W1-F12_552,GDB_W1-F12,2.4557268419068623,"-1,dsgdb9nsd_000589,5,dsgdb9nsd_c,10,dsgdb9nsd_h,1,dsgdb9nsd_o"
GDB_W1-F12_553,GDB_W1-F12,2.5544280560881765,"-1,dsgdb9nsd_000590,5,dsgdb9nsd_c,11,dsgdb9nsd_h,1,dsgdb9nsd_n"
GDB_W1-F12_554,GDB_W1-F12,2.4483517309462948,"-1,dsgdb9nsd_000591,5,dsgdb9nsd_c,10,dsgdb9nsd_h,1,dsgdb9nsd_o"
GDB_W1-F12_555,GDB_W1-F12,2.4449361315193525,"-1,dsgdb9nsd_000592,5,dsgdb9nsd_c,10,dsgdb9nsd_h,1,dsgdb9nsd_o"
GDB_W1-F12_556,GDB_W1-F12,2.233077142140511,"-1,dsgdb9nsd_000593,4,dsgdb9nsd_c,9,dsgdb9nsd_h,1,dsgdb9nsd_n,1,dsgdb9nsd_o"
GDB_W1-F12_557,GDB_W1-F12,2.1237264170334686,"-1,dsgdb9nsd_000594,4,dsgdb9nsd_c,8,dsgdb9nsd_h,2,dsgdb9nsd_o"
GDB_W1-F12_558,GDB_W1-F12,2.4603189510607786,"-1,dsgdb9nsd_000595,5,dsgdb9nsd_c,10,dsgdb9nsd_h,1,dsgdb9nsd_o"
GDB_W1-F12_559,GDB_W1-F12,2.1413629284448352,"-1,dsgdb9nsd_000596,4,dsgdb9nsd_c,8,dsgdb9nsd_h,2,dsgdb9nsd_o"
GDB_W1-F12_560,GDB_W1-F12,2.2946843554147183,"-1,dsgdb9nsd_000598,6,dsgdb9nsd_c,8,dsgdb9nsd_h"
GDB_W1-F12_561,GDB_W1-F12,2.152588218725196,"-1,dsgdb9nsd_000599,5,dsgdb9nsd_c,7,dsgdb9nsd_h,1,dsgdb9nsd_n"
GDB_W1-F12_562,GDB_W1-F12,2.0830376560577917,"-1,dsgdb9nsd_000600,5,dsgdb9nsd_c,7,dsgdb9nsd_h,1,dsgdb9nsd_n"
GDB_W1-F12_563,GDB_W1-F12,1.9388071308763564,"-1,dsgdb9nsd_000601,4,dsgdb9nsd_c,6,dsgdb9nsd_h,2,dsgdb9nsd_n"
GDB_W1-F12_564,GDB_W1-F12,1.9742661923245228,"-1,dsgdb9nsd_000602,5,dsgdb9nsd_c,6,dsgdb9nsd_h,1,dsgdb9nsd_o"
GDB_W1-F12_565,GDB_W1-F12,1.827836425447068,"-1,dsgdb9nsd_000603,4,dsgdb9nsd_c,5,dsgdb9nsd_h,1,dsgdb9nsd_n,1,dsgdb9nsd_o"
GDB_W1-F12_566,GDB_W1-F12,2.0700895854136454,"-1,dsgdb9nsd_000604,5,dsgdb9nsd_c,7,dsgdb9nsd_h,1,dsgdb9nsd_n"
GDB_W1-F12_567,GDB_W1-F12,1.9257892302108137,"-1,dsgdb9nsd_000605,4,dsgdb9nsd_c,6,dsgdb9nsd_h,2,dsgdb9nsd_n"
GDB_W1-F12_568,GDB_W1-F12,1.979238051920226,"-1,dsgdb9nsd_000606,5,dsgdb9nsd_c,6,dsgdb9nsd_h,1,dsgdb9nsd_o"
GDB_W1-F12_569,GDB_W1-F12,1.8354431153813517,"-1,dsgdb9nsd_000607,4,dsgdb9nsd_c,5,dsgdb9nsd_h,1,dsgdb9nsd_n,1,dsgdb9nsd_o"
GDB_W1-F12_570,GDB_W1-F12,2.2519099127814686,"-1,dsgdb9nsd_000608,5,dsgdb9nsd_c,8,dsgdb9nsd_h,1,dsgdb9nsd_o"
GDB_W1-F12_571,GDB_W1-F12,2.0491103547498843,"-1,dsgdb9nsd_000609,4,dsgdb9nsd_c,7,dsgdb9nsd_h,1,dsgdb9nsd_n,1,dsgdb9nsd_o"
GDB_W1-F12_572,GDB_W1-F12,2.0415592336977313,"-1,dsgdb9nsd_000610,4,dsgdb9nsd_c,7,dsgdb9nsd_h,1,dsgdb9nsd_n,1,dsgdb9nsd_o"
GDB_W1-F12_573,GDB_W1-F12,1.928817219553678,"-1,dsgdb9nsd_000611,4,dsgdb9nsd_c,6,dsgdb9nsd_h,2,dsgdb9nsd_o"
GDB_W1-F12_574,GDB_W1-F12,2.0256409130780098,"-1,dsgdb9nsd_000612,4,dsgdb9nsd_c,7,dsgdb9nsd_h,1,dsgdb9nsd_n,1,dsgdb9nsd_o"
GDB_W1-F12_575,GDB_W1-F12,1.9365078396948787,"-1,dsgdb9nsd_000613,4,dsgdb9nsd_c,6,dsgdb9nsd_h,2,dsgdb9nsd_o"
GDB_W1-F12_576,GDB_W1-F12,2.459753852022981,"-1,dsgdb9nsd_000614,5,dsgdb9nsd_c,10,dsgdb9nsd_h,1,dsgdb9nsd_o"
GDB_W1-F12_577,GDB_W1-F12,2.256013442857819,"-1,dsgdb9nsd_000615,4,dsgdb9nsd_c,9,dsgdb9nsd_h,1,dsgdb9nsd_n,1,dsgdb9nsd_o"
GDB_W1-F12_578,GDB_W1-F12,2.146927408575164,"-1,dsgdb9nsd_000616,4,dsgdb9nsd_c,8,dsgdb9nsd_h,2,dsgdb9nsd_o"
GDB_W1-F12_579,GDB_W1-F12,2.774819275212267,"-1,dsgdb9nsd_000617,6,dsgdb9nsd_c,12,dsgdb9nsd_h"
GDB_W1-F12_580,GDB_W1-F12,2.4608683515308134,"-1,dsgdb9nsd_000618,5,dsgdb9nsd_c,10,dsgdb9nsd_h,1,dsgdb9nsd_o"
GDB_W1-F12_581,GDB_W1-F12,2.5521974156630316,"-1,dsgdb9nsd_000619,5,dsgdb9nsd_c,11,dsgdb9nsd_h,1,dsgdb9nsd_n"
GDB_W1-F12_582,GDB_W1-F12,2.4611736616622455,"-1,dsgdb9nsd_000620,5,dsgdb9nsd_c,10,dsgdb9nsd_h,1,dsgdb9nsd_o"
GDB_W1-F12_583,GDB_W1-F12,2.5554832162528767,"-1,dsgdb9nsd_000621,5,dsgdb9nsd_c,11,dsgdb9nsd_h,1,dsgdb9nsd_n"
GDB_W1-F12_584,GDB_W1-F12,2.2352229328507107,"-1,dsgdb9nsd_000622,4,dsgdb9nsd_c,9,dsgdb9nsd_h,1,dsgdb9nsd_n,1,dsgdb9nsd_o"
GDB_W1-F12_585,GDB_W1-F12,2.4454392107763994,"-1,dsgdb9nsd_000623,5,dsgdb9nsd_c,10,dsgdb9nsd_h,1,dsgdb9nsd_o"
GDB_W1-F12_586,GDB_W1-F12,2.1297926585124554,"-1,dsgdb9nsd_000624,4,dsgdb9nsd_c,8,dsgdb9nsd_h,2,dsgdb9nsd_o"
GDB_W1-F12_587,GDB_W1-F12,2.1461336388862744,"-1,dsgdb9nsd_000625,4,dsgdb9nsd_c,8,dsgdb9nsd_h,2,dsgdb9nsd_o"
GDB_W1-F12_588,GDB_W1-F12,2.2636224737926147,"-1,dsgdb9nsd_000626,5,dsgdb9nsd_c,8,dsgdb9nsd_h,1,dsgdb9nsd_o"
GDB_W1-F12_589,GDB_W1-F12,2.05220914461742,"-1,dsgdb9nsd_000627,4,dsgdb9nsd_c,7,dsgdb9nsd_h,1,dsgdb9nsd_n,1,dsgdb9nsd_o"
GDB_W1-F12_590,GDB_W1-F12,1.9371581804735758,"-1,dsgdb9nsd_000628,4,dsgdb9nsd_c,6,dsgdb9nsd_h,2,dsgdb9nsd_o"
GDB_W1-F12_591,GDB_W1-F12,2.05467425480929,"-1,dsgdb9nsd_000629,4,dsgdb9nsd_c,7,dsgdb9nsd_h,1,dsgdb9nsd_n,1,dsgdb9nsd_o"
GDB_W1-F12_592,GDB_W1-F12,2.0864324669539793,"-1,dsgdb9nsd_000630,4,dsgdb9nsd_c,7,dsgdb9nsd_h,1,dsgdb9nsd_n,1,dsgdb9nsd_o"
GDB_W1-F12_593,GDB_W1-F12,1.8754787180909898,"-1,dsgdb9nsd_000631,3,dsgdb9nsd_c,6,dsgdb9nsd_h,2,dsgdb9nsd_n,1,dsgdb9nsd_o"
GDB_W1-F12_594,GDB_W1-F12,1.7634142124429426,"-1,dsgdb9nsd_000632,3,dsgdb9nsd_c,5,dsgdb9nsd_h,1,dsgdb9nsd_n,2,dsgdb9nsd_o"
GDB_W1-F12_595,GDB_W1-F12,1.8744262080854805,"-1,dsgdb9nsd_000633,3,dsgdb9nsd_c,6,dsgdb9nsd_h,2,dsgdb9nsd_n,1,dsgdb9nsd_o"
GDB_W1-F12_596,GDB_W1-F12,2.776911914533716,"-1,dsgdb9nsd_000634,6,dsgdb9nsd_c,12,dsgdb9nsd_h"
GDB_W1-F12_597,GDB_W1-F12,2.45688891201121,"-1,dsgdb9nsd_000635,5,dsgdb9nsd_c,10,dsgdb9nsd_h,1,dsgdb9nsd_o"
GDB_W1-F12_598,GDB_W1-F12,2.559885465325113,"-1,dsgdb9nsd_000636,5,dsgdb9nsd_c,11,dsgdb9nsd_h,1,dsgdb9nsd_n"
GDB_W1-F12_599,GDB_W1-F12,2.4656074114540996,"-1,dsgdb9nsd_000637,5,dsgdb9nsd_c,10,dsgdb9nsd_h,1,dsgdb9nsd_o"
GDB_W1-F12_600,GDB_W1-F12,2.255813123969904,"-1,dsgdb9nsd_000638,4,dsgdb9nsd_c,9,dsgdb9nsd_h,1,dsgdb9nsd_n,1,dsgdb9nsd_o"
GDB_W1-F12_601,GDB_W1-F12,2.1489659690318272,"-1,dsgdb9nsd_000639,4,dsgdb9nsd_c,8,dsgdb9nsd_h,2,dsgdb9nsd_o"
GDB_W1-F12_602,GDB_W1-F12,2.5332869250799597,"-1,dsgdb9nsd_000640,6,dsgdb9nsd_c,10,dsgdb9nsd_h"
GDB_W1-F12_603,GDB_W1-F12,2.212695252258834,"-1,dsgdb9nsd_000641,5,dsgdb9nsd_c,8,dsgdb9nsd_h,1,dsgdb9nsd_o"
GDB_W1-F12_604,GDB_W1-F12,2.2088853607769865,"-1,dsgdb9nsd_000642,5,dsgdb9nsd_c,8,dsgdb9nsd_h,1,dsgdb9nsd_o"
GDB_W1-F12_605,GDB_W1-F12,1.9994904824019128,"-1,dsgdb9nsd_000643,4,dsgdb9nsd_c,7,dsgdb9nsd_h,1,dsgdb9nsd_n,1,dsgdb9nsd_o"
GDB_W1-F12_606,GDB_W1-F12,2.2192334818308193,"-1,dsgdb9nsd_000644,5,dsgdb9nsd_c,8,dsgdb9nsd_h,1,dsgdb9nsd_o"
GDB_W1-F12_607,GDB_W1-F12,1.8918140889877484,"-1,dsgdb9nsd_000645,4,dsgdb9nsd_c,6,dsgdb9nsd_h,2,dsgdb9nsd_o"
GDB_W1-F12_608,GDB_W1-F12,2.3103461858830507,"-1,dsgdb9nsd_000646,6,dsgdb9nsd_c,8,dsgdb9nsd_h"
GDB_W1-F12_609,GDB_W1-F12,1.9839073423789702,"-1,dsgdb9nsd_000647,5,dsgdb9nsd_c,6,dsgdb9nsd_h,1,dsgdb9nsd_o"
GDB_W1-F12_610,GDB_W1-F12,2.562162516204927,"-1,dsgdb9nsd_000648,6,dsgdb9nsd_c,10,dsgdb9nsd_h"
GDB_W1-F12_611,GDB_W1-F12,2.235386241938838,"-1,dsgdb9nsd_000649,5,dsgdb9nsd_c,8,dsgdb9nsd_h,1,dsgdb9nsd_o"
GDB_W1-F12_612,GDB_W1-F12,2.2402130933653237,"-1,dsgdb9nsd_000650,5,dsgdb9nsd_c,8,dsgdb9nsd_h,1,dsgdb9nsd_o"
GDB_W1-F12_613,GDB_W1-F12,2.514861534742515,"-1,dsgdb9nsd_000651,6,dsgdb9nsd_c,10,dsgdb9nsd_h"
GDB_W1-F12_614,GDB_W1-F12,2.1838998798430347,"-1,dsgdb9nsd_000652,5,dsgdb9nsd_c,8,dsgdb9nsd_h,1,dsgdb9nsd_o"
GDB_W1-F12_615,GDB_W1-F12,2.2065842417346593,"-1,dsgdb9nsd_000653,5,dsgdb9nsd_c,8,dsgdb9nsd_h,1,dsgdb9nsd_o"
GDB_W1-F12_616,GDB_W1-F12,2.258244833869242,"-1,dsgdb9nsd_000655,5,dsgdb9nsd_c,8,dsgdb9nsd_h,1,dsgdb9nsd_o"
GDB_W1-F12_617,GDB_W1-F12,2.5855980763166357,"-1,dsgdb9nsd_000656,6,dsgdb9nsd_c,10,dsgdb9nsd_h"
GDB_W1-F12_618,GDB_W1-F12,2.0728365957318275,"-1,dsgdb9nsd_000657,4,dsgdb9nsd_c,7,dsgdb9nsd_h,1,dsgdb9nsd_n,1,dsgdb9nsd_o"
GDB_W1-F12_619,GDB_W1-F12,2.8162603467418315,"-1,dsgdb9nsd_000658,6,dsgdb9nsd_c,12,dsgdb9nsd_h"
GDB_W1-F12_620,GDB_W1-F12,2.490861622992083,"-1,dsgdb9nsd_000659,5,dsgdb9nsd_c,10,dsgdb9nsd_h,1,dsgdb9nsd_o"
GDB_W1-F12_621,GDB_W1-F12,2.1632745992137856,"-1,dsgdb9nsd_000660,4,dsgdb9nsd_c,8,dsgdb9nsd_h,2,dsgdb9nsd_o"
GDB_W1-F12_622,GDB_W1-F12,2.1721991401673533,"-1,dsgdb9nsd_000661,4,dsgdb9nsd_c,8,dsgdb9nsd_h,2,dsgdb9nsd_o"
GDB_W1-F12_623,GDB_W1-F12,2.5345694650785875,"-1,dsgdb9nsd_000662,6,dsgdb9nsd_c,10,dsgdb9nsd_h"
GDB_W1-F12_624,GDB_W1-F12,2.216329151178712,"-1,dsgdb9nsd_000663,5,dsgdb9nsd_c,8,dsgdb9nsd_h,1,dsgdb9nsd_o"
GDB_W1-F12_625,GDB_W1-F12,1.894343067538036,"-1,dsgdb9nsd_000664,4,dsgdb9nsd_c,6,dsgdb9nsd_h,2,dsgdb9nsd_o"
GDB_W1-F12_626,GDB_W1-F12,2.533175704448423,"-1,dsgdb9nsd_000665,6,dsgdb9nsd_c,10,dsgdb9nsd_h"
GDB_W1-F12_627,GDB_W1-F12,2.206180531495257,"-1,dsgdb9nsd_000666,5,dsgdb9nsd_c,8,dsgdb9nsd_h,1,dsgdb9nsd_o"
GDB_W1-F12_628,GDB_W1-F12,2.22148562153296,"-1,dsgdb9nsd_000667,5,dsgdb9nsd_c,8,dsgdb9nsd_h,1,dsgdb9nsd_o"
GDB_W1-F12_629,GDB_W1-F12,1.8935665581463172,"-1,dsgdb9nsd_000668,4,dsgdb9nsd_c,6,dsgdb9nsd_h,2,dsgdb9nsd_o"
GDB_W1-F12_630,GDB_W1-F12,2.339380326008651,"-1,dsgdb9nsd_000669,6,dsgdb9nsd_c,8,dsgdb9nsd_h"
GDB_W1-F12_631,GDB_W1-F12,1.8287537948634618,"-1,dsgdb9nsd_000670,4,dsgdb9nsd_c,5,dsgdb9nsd_h,1,dsgdb9nsd_n,1,dsgdb9nsd_o"
GDB_W1-F12_632,GDB_W1-F12,2.1274339977094177,"-1,dsgdb9nsd_000671,5,dsgdb9nsd_c,7,dsgdb9nsd_h,1,dsgdb9nsd_n"
GDB_W1-F12_633,GDB_W1-F12,2.0197221641928813,"-1,dsgdb9nsd_000672,5,dsgdb9nsd_c,6,dsgdb9nsd_h,1,dsgdb9nsd_o"
GDB_W1-F12_634,GDB_W1-F12,2.5704574459472984,"-1,dsgdb9nsd_000673,6,dsgdb9nsd_c,10,dsgdb9nsd_h"
GDB_W1-F12_635,GDB_W1-F12,2.2418230228433025,"-1,dsgdb9nsd_000674,5,dsgdb9nsd_c,8,dsgdb9nsd_h,1,dsgdb9nsd_o"
GDB_W1-F12_636,GDB_W1-F12,2.246912963524731,"-1,dsgdb9nsd_000675,5,dsgdb9nsd_c,8,dsgdb9nsd_h,1,dsgdb9nsd_o"
GDB_W1-F12_637,GDB_W1-F12,1.9156830290104256,"-1,dsgdb9nsd_000676,4,dsgdb9nsd_c,6,dsgdb9nsd_h,2,dsgdb9nsd_o"
GDB_W1-F12_638,GDB_W1-F12,2.2559879038011794,"-1,dsgdb9nsd_000677,5,dsgdb9nsd_c,8,dsgdb9nsd_h,1,dsgdb9nsd_o"
GDB_W1-F12_639,GDB_W1-F12,2.0340959248655968,"-1,dsgdb9nsd_000678,4,dsgdb9nsd_c,7,dsgdb9nsd_h,1,dsgdb9nsd_n,1,dsgdb9nsd_o"
GDB_W1-F12_640,GDB_W1-F12,1.9262236093098835,"-1,dsgdb9nsd_000679,4,dsgdb9nsd_c,6,dsgdb9nsd_h,2,dsgdb9nsd_o"
GDB_W1-F12_641,GDB_W1-F12,1.8026104349969438,"-1,dsgdb9nsd_000680,4,dsgdb9nsd_c,5,dsgdb9nsd_h,1,dsgdb9nsd_n,1,dsgdb9nsd_o"
GDB_W1-F12_642,GDB_W1-F12,2.0211108731064886,"-1,dsgdb9nsd_000681,5,dsgdb9nsd_c,6,dsgdb9nsd_h,1,dsgdb9nsd_o"
GDB_W1-F12_643,GDB_W1-F12,1.8142380745810789,"-1,dsgdb9nsd_000682,4,dsgdb9nsd_c,5,dsgdb9nsd_h,1,dsgdb9nsd_n,1,dsgdb9nsd_o"
GDB_W1-F12_644,GDB_W1-F12,1.8026431038264155,"-1,dsgdb9nsd_000683,4,dsgdb9nsd_c,5,dsgdb9nsd_h,1,dsgdb9nsd_n,1,dsgdb9nsd_o"
GDB_W1-F12_645,GDB_W1-F12,1.6917336803404117,"-1,dsgdb9nsd_000684,4,dsgdb9nsd_c,4,dsgdb9nsd_h,2,dsgdb9nsd_o"
GDB_W1-F12_646,GDB_W1-F12,1.802145935237101,"-1,dsgdb9nsd_000685,4,dsgdb9nsd_c,5,dsgdb9nsd_h,1,dsgdb9nsd_n,1,dsgdb9nsd_o"
GDB_W1-F12_647,GDB_W1-F12,1.8268725658959335,"-1,dsgdb9nsd_000686,4,dsgdb9nsd_c,5,dsgdb9nsd_h,1,dsgdb9nsd_n,1,dsgdb9nsd_o"
GDB_W1-F12_648,GDB_W1-F12,1.7170128508641118,"-1,dsgdb9nsd_000687,4,dsgdb9nsd_c,4,dsgdb9nsd_h,2,dsgdb9nsd_o"
GDB_W1-F12_649,GDB_W1-F12,2.5344858041903136,"-1,dsgdb9nsd_000688,6,dsgdb9nsd_c,10,dsgdb9nsd_h"
GDB_W1-F12_650,GDB_W1-F12,2.2155676614805437,"-1,dsgdb9nsd_000689,5,dsgdb9nsd_c,8,dsgdb9nsd_h,1,dsgdb9nsd_o"
GDB_W1-F12_651,GDB_W1-F12,2.2108303417700275,"-1,dsgdb9nsd_000690,5,dsgdb9nsd_c,8,dsgdb9nsd_h,1,dsgdb9nsd_o"
GDB_W1-F12_652,GDB_W1-F12,2.224774322477422,"-1,dsgdb9nsd_000691,5,dsgdb9nsd_c,8,dsgdb9nsd_h,1,dsgdb9nsd_o"
GDB_W1-F12_653,GDB_W1-F12,2.016499922802775,"-1,dsgdb9nsd_000692,4,dsgdb9nsd_c,7,dsgdb9nsd_h,1,dsgdb9nsd_n,1,dsgdb9nsd_o"
GDB_W1-F12_654,GDB_W1-F12,1.9065809895415302,"-1,dsgdb9nsd_000693,4,dsgdb9nsd_c,6,dsgdb9nsd_h,2,dsgdb9nsd_o"
GDB_W1-F12_655,GDB_W1-F12,2.264700293376157,"-1,dsgdb9nsd_000695,6,dsgdb9nsd_c,8,dsgdb9nsd_h"
GDB_W1-F12_656,GDB_W1-F12,2.0432986050460844,"-1,dsgdb9nsd_000696,5,dsgdb9nsd_c,7,dsgdb9nsd_h,1,dsgdb9nsd_n"
GDB_W1-F12_657,GDB_W1-F12,1.9358492695583573,"-1,dsgdb9nsd_000697,5,dsgdb9nsd_c,6,dsgdb9nsd_h,1,dsgdb9nsd_o"
GDB_W1-F12_658,GDB_W1-F12,1.829627635056586,"-1,dsgdb9nsd_000698,4,dsgdb9nsd_c,6,dsgdb9nsd_h,2,dsgdb9nsd_n"
GDB_W1-F12_659,GDB_W1-F12,1.7161086605316072,"-1,dsgdb9nsd_000699,4,dsgdb9nsd_c,5,dsgdb9nsd_h,1,dsgdb9nsd_n,1,dsgdb9nsd_o"
GDB_W1-F12_660,GDB_W1-F12,1.601580145870284,"-1,dsgdb9nsd_000700,4,dsgdb9nsd_c,4,dsgdb9nsd_h,2,dsgdb9nsd_o"
GDB_W1-F12_661,GDB_W1-F12,2.531071893980896,"-1,dsgdb9nsd_000701,6,dsgdb9nsd_c,10,dsgdb9nsd_h"
GDB_W1-F12_662,GDB_W1-F12,2.2130273317072158,"-1,dsgdb9nsd_000702,5,dsgdb9nsd_c,8,dsgdb9nsd_h,1,dsgdb9nsd_o"
GDB_W1-F12_663,GDB_W1-F12,2.3084137560949323,"-1,dsgdb9nsd_000703,5,dsgdb9nsd_c,9,dsgdb9nsd_h,1,dsgdb9nsd_n"
GDB_W1-F12_664,GDB_W1-F12,2.114287126879526,"-1,dsgdb9nsd_000704,4,dsgdb9nsd_c,8,dsgdb9nsd_h,2,dsgdb9nsd_n"
GDB_W1-F12_665,GDB_W1-F12,2.001566972166393,"-1,dsgdb9nsd_000705,4,dsgdb9nsd_c,7,dsgdb9nsd_h,1,dsgdb9nsd_n,1,dsgdb9nsd_o"
GDB_W1-F12_666,GDB_W1-F12,1.8924164081807233,"-1,dsgdb9nsd_000706,4,dsgdb9nsd_c,6,dsgdb9nsd_h,2,dsgdb9nsd_o"
GDB_W1-F12_667,GDB_W1-F12,2.2639581643418545,"-1,dsgdb9nsd_000707,6,dsgdb9nsd_c,8,dsgdb9nsd_h"
GDB_W1-F12_668,GDB_W1-F12,2.053241744166568,"-1,dsgdb9nsd_000708,5,dsgdb9nsd_c,7,dsgdb9nsd_h,1,dsgdb9nsd_n"
GDB_W1-F12_669,GDB_W1-F12,1.9467408405744573,"-1,dsgdb9nsd_000709,5,dsgdb9nsd_c,6,dsgdb9nsd_h,1,dsgdb9nsd_o"
GDB_W1-F12_670,GDB_W1-F12,2.049393295497936,"-1,dsgdb9nsd_000710,5,dsgdb9nsd_c,7,dsgdb9nsd_h,1,dsgdb9nsd_n"
GDB_W1-F12_671,GDB_W1-F12,1.8314152957157026,"-1,dsgdb9nsd_000711,4,dsgdb9nsd_c,6,dsgdb9nsd_h,2,dsgdb9nsd_n"
GDB_W1-F12_672,GDB_W1-F12,1.6169040260625385,"-1,dsgdb9nsd_000713,4,dsgdb9nsd_c,4,dsgdb9nsd_h,2,dsgdb9nsd_o"
GDB_W1-F12_673,GDB_W1-F12,2.0749388859035833,"-1,dsgdb9nsd_000714,5,dsgdb9nsd_c,7,dsgdb9nsd_h,1,dsgdb9nsd_n"
GDB_W1-F12_674,GDB_W1-F12,2.2897716040899385,"-1,dsgdb9nsd_000715,6,dsgdb9nsd_c,8,dsgdb9nsd_h"
GDB_W1-F12_675,GDB_W1-F12,2.087609236437988,"-1,dsgdb9nsd_000716,5,dsgdb9nsd_c,7,dsgdb9nsd_h,1,dsgdb9nsd_n"
GDB_W1-F12_676,GDB_W1-F12,2.064067136102165,"-1,dsgdb9nsd_000717,5,dsgdb9nsd_c,7,dsgdb9nsd_h,1,dsgdb9nsd_n"
GDB_W1-F12_677,GDB_W1-F12,1.960129041625262,"-1,dsgdb9nsd_000718,5,dsgdb9nsd_c,6,dsgdb9nsd_h,1,dsgdb9nsd_o"
GDB_W1-F12_678,GDB_W1-F12,1.999841892235733,"-1,dsgdb9nsd_000719,6,dsgdb9nsd_c,6,dsgdb9nsd_h"
GDB_W1-F12_679,GDB_W1-F12,1.7908668035385675,"-1,dsgdb9nsd_000720,5,dsgdb9nsd_c,5,dsgdb9nsd_h,1,dsgdb9nsd_n"
GDB_W1-F12_680,GDB_W1-F12,1.7362527117731212,"-1,dsgdb9nsd_000721,4,dsgdb9nsd_c,4,dsgdb9nsd_h,2,dsgdb9nsd_n"
GDB_W1-F12_681,GDB_W1-F12,1.5031957221251582,"-1,dsgdb9nsd_000722,3,dsgdb9nsd_c,3,dsgdb9nsd_h,3,dsgdb9nsd_n"
GDB_W1-F12_682,GDB_W1-F12,1.287008703270637,"-1,dsgdb9nsd_000723,2,dsgdb9nsd_c,2,dsgdb9nsd_h,4,dsgdb9nsd_n"
GDB_W1-F12_683,GDB_W1-F12,1.298764873663205,"-1,dsgdb9nsd_000724,2,dsgdb9nsd_c,2,dsgdb9nsd_h,4,dsgdb9nsd_n"
GDB_W1-F12_684,GDB_W1-F12,1.2660246623209366,"-1,dsgdb9nsd_000725,2,dsgdb9nsd_c,2,dsgdb9nsd_h,4,dsgdb9nsd_n"
GDB_W1-F12_685,GDB_W1-F12,1.9747308418829006,"-1,dsgdb9nsd_000726,4,dsgdb9nsd_c,6,dsgdb9nsd_h,2,dsgdb9nsd_n"
GDB_W1-F12_686,GDB_W1-F12,1.835547395878627,"-1,dsgdb9nsd_000727,4,dsgdb9nsd_c,5,dsgdb9nsd_h,1,dsgdb9nsd_n,1,dsgdb9nsd_o"
GDB_W1-F12_687,GDB_W1-F12,1.756459302309454,"-1,dsgdb9nsd_000728,3,dsgdb9nsd_c,5,dsgdb9nsd_h,3,dsgdb9nsd_n"
GDB_W1-F12_688,GDB_W1-F12,1.622225317832678,"-1,dsgdb9nsd_000729,3,dsgdb9nsd_c,4,dsgdb9nsd_h,2,dsgdb9nsd_n,1,dsgdb9nsd_o"
GDB_W1-F12_689,GDB_W1-F12,1.97164906211711,"-1,dsgdb9nsd_000730,4,dsgdb9nsd_c,6,dsgdb9nsd_h,2,dsgdb9nsd_n"
GDB_W1-F12_690,GDB_W1-F12,1.7567141032433198,"-1,dsgdb9nsd_000731,3,dsgdb9nsd_c,5,dsgdb9nsd_h,3,dsgdb9nsd_n"
GDB_W1-F12_691,GDB_W1-F12,1.8298492763317373,"-1,dsgdb9nsd_000732,4,dsgdb9nsd_c,5,dsgdb9nsd_h,1,dsgdb9nsd_n,1,dsgdb9nsd_o"
GDB_W1-F12_692,GDB_W1-F12,1.619401977192835,"-1,dsgdb9nsd_000733,3,dsgdb9nsd_c,4,dsgdb9nsd_h,2,dsgdb9nsd_n,1,dsgdb9nsd_o"
GDB_W1-F12_693,GDB_W1-F12,1.7869873338243507,"-1,dsgdb9nsd_000734,3,dsgdb9nsd_c,5,dsgdb9nsd_h,3,dsgdb9nsd_n"
GDB_W1-F12_694,GDB_W1-F12,1.649129228766118,"-1,dsgdb9nsd_000735,3,dsgdb9nsd_c,4,dsgdb9nsd_h,2,dsgdb9nsd_n,1,dsgdb9nsd_o"
GDB_W1-F12_695,GDB_W1-F12,1.9752437313503979,"-1,dsgdb9nsd_000736,4,dsgdb9nsd_c,6,dsgdb9nsd_h,2,dsgdb9nsd_n"
GDB_W1-F12_696,GDB_W1-F12,1.7868468243919917,"-1,dsgdb9nsd_000737,3,dsgdb9nsd_c,5,dsgdb9nsd_h,3,dsgdb9nsd_n"
GDB_W1-F12_697,GDB_W1-F12,1.7630582433154094,"-1,dsgdb9nsd_000738,3,dsgdb9nsd_c,5,dsgdb9nsd_h,3,dsgdb9nsd_n"
GDB_W1-F12_698,GDB_W1-F12,1.5504943041018857,"-1,dsgdb9nsd_000739,2,dsgdb9nsd_c,4,dsgdb9nsd_h,4,dsgdb9nsd_n"
GDB_W1-F12_699,GDB_W1-F12,1.8341412752757125,"-1,dsgdb9nsd_000740,4,dsgdb9nsd_c,5,dsgdb9nsd_h,1,dsgdb9nsd_n,1,dsgdb9nsd_o"
GDB_W1-F12_700,GDB_W1-F12,1.647697138834175,"-1,dsgdb9nsd_000741,3,dsgdb9nsd_c,4,dsgdb9nsd_h,2,dsgdb9nsd_n,1,dsgdb9nsd_o"
GDB_W1-F12_701,GDB_W1-F12,1.6034617270237297,"-1,dsgdb9nsd_000742,3,dsgdb9nsd_c,4,dsgdb9nsd_h,2,dsgdb9nsd_n,1,dsgdb9nsd_o"
GDB_W1-F12_702,GDB_W1-F12,1.3946866576174095,"-1,dsgdb9nsd_000743,2,dsgdb9nsd_c,3,dsgdb9nsd_h,3,dsgdb9nsd_n,1,dsgdb9nsd_o"
GDB_W1-F12_703,GDB_W1-F12,1.9657446620193264,"-1,dsgdb9nsd_000744,4,dsgdb9nsd_c,6,dsgdb9nsd_h,2,dsgdb9nsd_n"
GDB_W1-F12_704,GDB_W1-F12,1.7481863021164663,"-1,dsgdb9nsd_000745,3,dsgdb9nsd_c,5,dsgdb9nsd_h,3,dsgdb9nsd_n"
GDB_W1-F12_705,GDB_W1-F12,1.7757720226761926,"-1,dsgdb9nsd_000746,3,dsgdb9nsd_c,5,dsgdb9nsd_h,3,dsgdb9nsd_n"
GDB_W1-F12_706,GDB_W1-F12,1.7621224136199618,"-1,dsgdb9nsd_000747,3,dsgdb9nsd_c,5,dsgdb9nsd_h,3,dsgdb9nsd_n"
GDB_W1-F12_707,GDB_W1-F12,1.5360073634646663,"-1,dsgdb9nsd_000748,2,dsgdb9nsd_c,4,dsgdb9nsd_h,4,dsgdb9nsd_n"
GDB_W1-F12_708,GDB_W1-F12,1.7558054619819998,"-1,dsgdb9nsd_000749,3,dsgdb9nsd_c,5,dsgdb9nsd_h,3,dsgdb9nsd_n"
GDB_W1-F12_709,GDB_W1-F12,1.5421534336985496,"-1,dsgdb9nsd_000750,2,dsgdb9nsd_c,4,dsgdb9nsd_h,4,dsgdb9nsd_n"
GDB_W1-F12_710,GDB_W1-F12,1.308732994079825,"-1,dsgdb9nsd_000751,1,dsgdb9nsd_c,3,dsgdb9nsd_h,5,dsgdb9nsd_n"
GDB_W1-F12_711,GDB_W1-F12,1.4344159293345347,"-1,dsgdb9nsd_000752,2,dsgdb9nsd_c,3,dsgdb9nsd_h,3,dsgdb9nsd_n,1,dsgdb9nsd_o"
GDB_W1-F12_712,GDB_W1-F12,1.3290911048782899,"-1,dsgdb9nsd_000753,1,dsgdb9nsd_c,3,dsgdb9nsd_h,5,dsgdb9nsd_n"
GDB_W1-F12_713,GDB_W1-F12,1.3132546343375282,"-1,dsgdb9nsd_000754,2,dsgdb9nsd_c,2,dsgdb9nsd_h,2,dsgdb9nsd_n,2,dsgdb9nsd_o"
GDB_W1-F12_714,GDB_W1-F12,1.0618147338701234,"-1,dsgdb9nsd_000755,1,dsgdb9nsd_c,1,dsgdb9nsd_h,3,dsgdb9nsd_n,2,dsgdb9nsd_o"
GDB_W1-F12_715,GDB_W1-F12,1.7707684026038368,"-1,dsgdb9nsd_000756,3,dsgdb9nsd_c,5,dsgdb9nsd_h,3,dsgdb9nsd_n"
GDB_W1-F12_716,GDB_W1-F12,1.6353962775419009,"-1,dsgdb9nsd_000757,3,dsgdb9nsd_c,4,dsgdb9nsd_h,2,dsgdb9nsd_n,1,dsgdb9nsd_o"
GDB_W1-F12_717,GDB_W1-F12,1.5510390241644985,"-1,dsgdb9nsd_000758,2,dsgdb9nsd_c,4,dsgdb9nsd_h,4,dsgdb9nsd_n"
GDB_W1-F12_718,GDB_W1-F12,1.765149263537798,"-1,dsgdb9nsd_000760,3,dsgdb9nsd_c,5,dsgdb9nsd_h,3,dsgdb9nsd_n"
GDB_W1-F12_719,GDB_W1-F12,1.554359744227126,"-1,dsgdb9nsd_000761,2,dsgdb9nsd_c,4,dsgdb9nsd_h,4,dsgdb9nsd_n"
GDB_W1-F12_720,GDB_W1-F12,1.622767207659137,"-1,dsgdb9nsd_000762,3,dsgdb9nsd_c,4,dsgdb9nsd_h,2,dsgdb9nsd_n,1,dsgdb9nsd_o"
GDB_W1-F12_721,GDB_W1-F12,1.4148515984240086,"-1,dsgdb9nsd_000763,2,dsgdb9nsd_c,3,dsgdb9nsd_h,3,dsgdb9nsd_n,1,dsgdb9nsd_o"
GDB_W1-F12_722,GDB_W1-F12,1.5879153956880738,"-1,dsgdb9nsd_000764,2,dsgdb9nsd_c,4,dsgdb9nsd_h,4,dsgdb9nsd_n"
GDB_W1-F12_723,GDB_W1-F12,1.4543477101554314,"-1,dsgdb9nsd_000765,2,dsgdb9nsd_c,3,dsgdb9nsd_h,3,dsgdb9nsd_n,1,dsgdb9nsd_o"
GDB_W1-F12_724,GDB_W1-F12,1.5893800656858883,"-1,dsgdb9nsd_000767,2,dsgdb9nsd_c,4,dsgdb9nsd_h,4,dsgdb9nsd_n"
GDB_W1-F12_725,GDB_W1-F12,1.5615047545980312,"-1,dsgdb9nsd_000768,2,dsgdb9nsd_c,4,dsgdb9nsd_h,4,dsgdb9nsd_n"
GDB_W1-F12_726,GDB_W1-F12,1.3517960859008358,"-1,dsgdb9nsd_000769,1,dsgdb9nsd_c,3,dsgdb9nsd_h,5,dsgdb9nsd_n"
GDB_W1-F12_727,GDB_W1-F12,1.6343362776096346,"-1,dsgdb9nsd_000770,3,dsgdb9nsd_c,4,dsgdb9nsd_h,2,dsgdb9nsd_n,1,dsgdb9nsd_o"
GDB_W1-F12_728,GDB_W1-F12,1.4503366599577106,"-1,dsgdb9nsd_000771,2,dsgdb9nsd_c,3,dsgdb9nsd_h,3,dsgdb9nsd_n,1,dsgdb9nsd_o"
GDB_W1-F12_729,GDB_W1-F12,1.402245597993737,"-1,dsgdb9nsd_000772,2,dsgdb9nsd_c,3,dsgdb9nsd_h,3,dsgdb9nsd_n,1,dsgdb9nsd_o"
GDB_W1-F12_730,GDB_W1-F12,1.1952162993610627,"-1,dsgdb9nsd_000773,1,dsgdb9nsd_c,2,dsgdb9nsd_h,4,dsgdb9nsd_n,1,dsgdb9nsd_o"
GDB_W1-F12_731,GDB_W1-F12,1.4890827815782985,"-1,dsgdb9nsd_000774,2,dsgdb9nsd_c,3,dsgdb9nsd_h,3,dsgdb9nsd_n,1,dsgdb9nsd_o"
GDB_W1-F12_732,GDB_W1-F12,1.3518720959086072,"-1,dsgdb9nsd_000775,2,dsgdb9nsd_c,2,dsgdb9nsd_h,2,dsgdb9nsd_n,2,dsgdb9nsd_o"
GDB_W1-F12_733,GDB_W1-F12,1.2501622716934315,"-1,dsgdb9nsd_000776,1,dsgdb9nsd_c,2,dsgdb9nsd_h,4,dsgdb9nsd_n,1,dsgdb9nsd_o"
GDB_W1-F12_734,GDB_W1-F12,1.1156294461508993,"-1,dsgdb9nsd_000777,1,dsgdb9nsd_c,1,dsgdb9nsd_h,3,dsgdb9nsd_n,2,dsgdb9nsd_o"
GDB_W1-F12_735,GDB_W1-F12,1.230868490961059,"-1,dsgdb9nsd_000778,2,dsgdb9nsd_c,1,dsgdb9nsd_h,1,dsgdb9nsd_n,3,dsgdb9nsd_o"
GDB_W1-F12_736,GDB_W1-F12,1.6601310180384496,"-1,dsgdb9nsd_000780,3,dsgdb9nsd_c,4,dsgdb9nsd_h,2,dsgdb9nsd_n,1,dsgdb9nsd_o"
GDB_W1-F12_737,GDB_W1-F12,1.6535142286963926,"-1,dsgdb9nsd_000781,3,dsgdb9nsd_c,4,dsgdb9nsd_h,2,dsgdb9nsd_n,1,dsgdb9nsd_o"
GDB_W1-F12_738,GDB_W1-F12,1.4452936497230995,"-1,dsgdb9nsd_000782,2,dsgdb9nsd_c,3,dsgdb9nsd_h,3,dsgdb9nsd_n,1,dsgdb9nsd_o"
GDB_W1-F12_739,GDB_W1-F12,1.4795167612261884,"-1,dsgdb9nsd_000783,2,dsgdb9nsd_c,3,dsgdb9nsd_h,3,dsgdb9nsd_n,1,dsgdb9nsd_o"
GDB_W1-F12_740,GDB_W1-F12,1.6666561689234365,"-1,dsgdb9nsd_000784,3,dsgdb9nsd_c,4,dsgdb9nsd_h,2,dsgdb9nsd_n,1,dsgdb9nsd_o"
GDB_W1-F12_741,GDB_W1-F12,1.4783550211566983,"-1,dsgdb9nsd_000785,2,dsgdb9nsd_c,3,dsgdb9nsd_h,3,dsgdb9nsd_n,1,dsgdb9nsd_o"
GDB_W1-F12_742,GDB_W1-F12,1.4513877699843567,"-1,dsgdb9nsd_000786,2,dsgdb9nsd_c,3,dsgdb9nsd_h,3,dsgdb9nsd_n,1,dsgdb9nsd_o"
GDB_W1-F12_743,GDB_W1-F12,1.5243822629657016,"-1,dsgdb9nsd_000788,3,dsgdb9nsd_c,3,dsgdb9nsd_h,1,dsgdb9nsd_n,2,dsgdb9nsd_o"
GDB_W1-F12_744,GDB_W1-F12,1.336562045308349,"-1,dsgdb9nsd_000789,2,dsgdb9nsd_c,2,dsgdb9nsd_h,2,dsgdb9nsd_n,2,dsgdb9nsd_o"
GDB_W1-F12_745,GDB_W1-F12,2.2398931619407016,"-1,dsgdb9nsd_000791,5,dsgdb9nsd_c,7,dsgdb9nsd_h,1,dsgdb9nsd_n,1,dsgdb9nsd_o"
GDB_W1-F12_746,GDB_W1-F12,2.2338458620084025,"-1,dsgdb9nsd_000792,5,dsgdb9nsd_c,7,dsgdb9nsd_h,1,dsgdb9nsd_n,1,dsgdb9nsd_o"
GDB_W1-F12_747,GDB_W1-F12,2.090031056446804,"-1,dsgdb9nsd_000793,4,dsgdb9nsd_c,6,dsgdb9nsd_h,2,dsgdb9nsd_n,1,dsgdb9nsd_o"
GDB_W1-F12_748,GDB_W1-F12,2.1901815300219503,"-1,dsgdb9nsd_000794,4,dsgdb9nsd_c,7,dsgdb9nsd_h,1,dsgdb9nsd_n,2,dsgdb9nsd_o"
GDB_W1-F12_749,GDB_W1-F12,2.027373913207815,"-1,dsgdb9nsd_000799,3,dsgdb9nsd_c,6,dsgdb9nsd_h,2,dsgdb9nsd_n,2,dsgdb9nsd_o"
GDB_W1-F12_750,GDB_W1-F12,2.4772895123673666,"-1,dsgdb9nsd_000802,5,dsgdb9nsd_c,9,dsgdb9nsd_h,1,dsgdb9nsd_n,1,dsgdb9nsd_o"
GDB_W1-F12_751,GDB_W1-F12,2.2517886030592305,"-1,dsgdb9nsd_000803,4,dsgdb9nsd_c,8,dsgdb9nsd_h,2,dsgdb9nsd_n,1,dsgdb9nsd_o"
GDB_W1-F12_752,GDB_W1-F12,2.165279499620883,"-1,dsgdb9nsd_000804,4,dsgdb9nsd_c,7,dsgdb9nsd_h,1,dsgdb9nsd_n,2,dsgdb9nsd_o"
GDB_W1-F12_753,GDB_W1-F12,1.7398839812506273,"-1,dsgdb9nsd_000805,5,dsgdb9nsd_c,3,dsgdb9nsd_h,1,dsgdb9nsd_n,1,dsgdb9nsd_o"
GDB_W1-F12_754,GDB_W1-F12,2.230717531551017,"-1,dsgdb9nsd_000806,5,dsgdb9nsd_c,7,dsgdb9nsd_h,1,dsgdb9nsd_n,1,dsgdb9nsd_o"
GDB_W1-F12_755,GDB_W1-F12,1.9107960286912773,"-1,dsgdb9nsd_000807,4,dsgdb9nsd_c,5,dsgdb9nsd_h,1,dsgdb9nsd_n,2,dsgdb9nsd_o"
GDB_W1-F12_756,GDB_W1-F12,2.4775496120260123,"-1,dsgdb9nsd_000810,5,dsgdb9nsd_c,9,dsgdb9nsd_h,1,dsgdb9nsd_n,1,dsgdb9nsd_o"
GDB_W1-F12_757,GDB_W1-F12,2.264011363538647,"-1,dsgdb9nsd_000811,4,dsgdb9nsd_c,8,dsgdb9nsd_h,2,dsgdb9nsd_n,1,dsgdb9nsd_o"
GDB_W1-F12_758,GDB_W1-F12,2.153801449810098,"-1,dsgdb9nsd_000812,4,dsgdb9nsd_c,7,dsgdb9nsd_h,1,dsgdb9nsd_n,2,dsgdb9nsd_o"
GDB_W1-F12_759,GDB_W1-F12,2.1638591593123393,"-1,dsgdb9nsd_000813,4,dsgdb9nsd_c,7,dsgdb9nsd_h,1,dsgdb9nsd_n,2,dsgdb9nsd_o"
GDB_W1-F12_760,GDB_W1-F12,2.281133395068282,"-1,dsgdb9nsd_000814,5,dsgdb9nsd_c,7,dsgdb9nsd_h,1,dsgdb9nsd_n,1,dsgdb9nsd_o"
GDB_W1-F12_761,GDB_W1-F12,2.2845330138600075,"-1,dsgdb9nsd_000815,5,dsgdb9nsd_c,7,dsgdb9nsd_h,1,dsgdb9nsd_n,1,dsgdb9nsd_o"
GDB_W1-F12_762,GDB_W1-F12,2.077943626195074,"-1,dsgdb9nsd_000816,4,dsgdb9nsd_c,6,dsgdb9nsd_h,2,dsgdb9nsd_n,1,dsgdb9nsd_o"
GDB_W1-F12_763,GDB_W1-F12,2.51098897329053,"-1,dsgdb9nsd_000817,5,dsgdb9nsd_c,9,dsgdb9nsd_h,1,dsgdb9nsd_n,1,dsgdb9nsd_o"
GDB_W1-F12_764,GDB_W1-F12,2.1831879798344027,"-1,dsgdb9nsd_000818,4,dsgdb9nsd_c,7,dsgdb9nsd_h,1,dsgdb9nsd_n,2,dsgdb9nsd_o"
GDB_W1-F12_765,GDB_W1-F12,2.476456791872138,"-1,dsgdb9nsd_000819,5,dsgdb9nsd_c,9,dsgdb9nsd_h,1,dsgdb9nsd_n,1,dsgdb9nsd_o"
GDB_W1-F12_766,GDB_W1-F12,2.2667532137753743,"-1,dsgdb9nsd_000820,4,dsgdb9nsd_c,8,dsgdb9nsd_h,2,dsgdb9nsd_n,1,dsgdb9nsd_o"
GDB_W1-F12_767,GDB_W1-F12,2.1567908692173665,"-1,dsgdb9nsd_000821,4,dsgdb9nsd_c,7,dsgdb9nsd_h,1,dsgdb9nsd_n,2,dsgdb9nsd_o"
GDB_W1-F12_768,GDB_W1-F12,2.2322322529047045,"-1,dsgdb9nsd_000822,5,dsgdb9nsd_c,7,dsgdb9nsd_h,1,dsgdb9nsd_n,1,dsgdb9nsd_o"
GDB_W1-F12_769,GDB_W1-F12,2.015480443374264,"-1,dsgdb9nsd_000823,4,dsgdb9nsd_c,6,dsgdb9nsd_h,2,dsgdb9nsd_n,1,dsgdb9nsd_o"
GDB_W1-F12_770,GDB_W1-F12,1.9060276688119586,"-1,dsgdb9nsd_000824,4,dsgdb9nsd_c,5,dsgdb9nsd_h,1,dsgdb9nsd_n,2,dsgdb9nsd_o"
GDB_W1-F12_771,GDB_W1-F12,1.1788055288058832,"-1,dsgdb9nsd_000826,3,dsgdb9nsd_c,1,dsgdb9nsd_h,3,dsgdb9nsd_f"
GDB_W1-F12_772,GDB_W1-F12,1.0230626722595366,"-1,dsgdb9nsd_000827,2,dsgdb9nsd_c,3,dsgdb9nsd_f,1,dsgdb9nsd_n"
GDB_W1-F12_773,GDB_W1-F12,1.1352130569296985,"-1,dsgdb9nsd_000828,2,dsgdb9nsd_c,1,dsgdb9nsd_h,3,dsgdb9nsd_f,1,dsgdb9nsd_o"
GDB_W1-F12_774,GDB_W1-F12,1.474831480889339,"-1,dsgdb9nsd_000829,2,dsgdb9nsd_c,4,dsgdb9nsd_h,3,dsgdb9nsd_f,1,dsgdb9nsd_n"
GDB_W1-F12_775,GDB_W1-F12,1.361828356265248,"-1,dsgdb9nsd_000830,2,dsgdb9nsd_c,3,dsgdb9nsd_h,3,dsgdb9nsd_f,1,dsgdb9nsd_o"
GDB_W1-F12_776,GDB_W1-F12,1.6842214304145258,"-1,dsgdb9nsd_000831,3,dsgdb9nsd_c,5,dsgdb9nsd_h,3,dsgdb9nsd_f"
GDB_W1-F12_777,GDB_W1-F12,2.658033000216532,"-1,dsgdb9nsd_000832,6,dsgdb9nsd_c,9,dsgdb9nsd_h,1,dsgdb9nsd_n"
GDB_W1-F12_778,GDB_W1-F12,2.537920305323908,"-1,dsgdb9nsd_000833,6,dsgdb9nsd_c,8,dsgdb9nsd_h,1,dsgdb9nsd_o"
GDB_W1-F12_779,GDB_W1-F12,2.4524641007298196,"-1,dsgdb9nsd_000834,5,dsgdb9nsd_c,8,dsgdb9nsd_h,2,dsgdb9nsd_n"
GDB_W1-F12_780,GDB_W1-F12,2.332466076615844,"-1,dsgdb9nsd_000835,5,dsgdb9nsd_c,7,dsgdb9nsd_h,1,dsgdb9nsd_n,1,dsgdb9nsd_o"
GDB_W1-F12_781,GDB_W1-F12,2.3416975563615128,"-1,dsgdb9nsd_000836,5,dsgdb9nsd_c,7,dsgdb9nsd_h,1,dsgdb9nsd_n,1,dsgdb9nsd_o"
GDB_W1-F12_782,GDB_W1-F12,2.2200685815729946,"-1,dsgdb9nsd_000837,5,dsgdb9nsd_c,6,dsgdb9nsd_h,2,dsgdb9nsd_o"
GDB_W1-F12_783,GDB_W1-F12,2.4545578810698983,"-1,dsgdb9nsd_000838,5,dsgdb9nsd_c,8,dsgdb9nsd_h,2,dsgdb9nsd_n"
GDB_W1-F12_784,GDB_W1-F12,2.34407153645517,"-1,dsgdb9nsd_000839,5,dsgdb9nsd_c,7,dsgdb9nsd_h,1,dsgdb9nsd_n,1,dsgdb9nsd_o"
GDB_W1-F12_785,GDB_W1-F12,2.1642632392672754,"-1,dsgdb9nsd_000840,4,dsgdb9nsd_c,6,dsgdb9nsd_h,2,dsgdb9nsd_n,1,dsgdb9nsd_o"
GDB_W1-F12_786,GDB_W1-F12,2.3353890157519386,"-1,dsgdb9nsd_000841,5,dsgdb9nsd_c,7,dsgdb9nsd_h,1,dsgdb9nsd_n,1,dsgdb9nsd_o"
GDB_W1-F12_787,GDB_W1-F12,2.154042338603413,"-1,dsgdb9nsd_000842,4,dsgdb9nsd_c,6,dsgdb9nsd_h,2,dsgdb9nsd_n,1,dsgdb9nsd_o"
GDB_W1-F12_788,GDB_W1-F12,2.0398137142350317,"-1,dsgdb9nsd_000843,4,dsgdb9nsd_c,5,dsgdb9nsd_h,1,dsgdb9nsd_n,2,dsgdb9nsd_o"
GDB_W1-F12_789,GDB_W1-F12,2.470178661958798,"-1,dsgdb9nsd_000844,5,dsgdb9nsd_c,8,dsgdb9nsd_h,2,dsgdb9nsd_n"
GDB_W1-F12_790,GDB_W1-F12,2.351038317325768,"-1,dsgdb9nsd_000845,5,dsgdb9nsd_c,7,dsgdb9nsd_h,1,dsgdb9nsd_n,1,dsgdb9nsd_o"
GDB_W1-F12_791,GDB_W1-F12,2.1486793980597003,"-1,dsgdb9nsd_000846,4,dsgdb9nsd_c,6,dsgdb9nsd_h,2,dsgdb9nsd_n,1,dsgdb9nsd_o"
GDB_W1-F12_792,GDB_W1-F12,2.160893729981113,"-1,dsgdb9nsd_000847,4,dsgdb9nsd_c,6,dsgdb9nsd_h,2,dsgdb9nsd_n,1,dsgdb9nsd_o"
GDB_W1-F12_793,GDB_W1-F12,2.0395583937870976,"-1,dsgdb9nsd_000848,4,dsgdb9nsd_c,5,dsgdb9nsd_h,1,dsgdb9nsd_n,2,dsgdb9nsd_o"
GDB_W1-F12_794,GDB_W1-F12,2.2490174225880435,"-1,dsgdb9nsd_000849,4,dsgdb9nsd_c,7,dsgdb9nsd_h,3,dsgdb9nsd_n"
GDB_W1-F12_795,GDB_W1-F12,2.1301947878992316,"-1,dsgdb9nsd_000850,4,dsgdb9nsd_c,6,dsgdb9nsd_h,2,dsgdb9nsd_n,1,dsgdb9nsd_o"
GDB_W1-F12_796,GDB_W1-F12,2.138276468271622,"-1,dsgdb9nsd_000851,4,dsgdb9nsd_c,6,dsgdb9nsd_h,2,dsgdb9nsd_n,1,dsgdb9nsd_o"
GDB_W1-F12_797,GDB_W1-F12,2.017846723185775,"-1,dsgdb9nsd_000852,4,dsgdb9nsd_c,5,dsgdb9nsd_h,1,dsgdb9nsd_n,2,dsgdb9nsd_o"
GDB_W1-F12_798,GDB_W1-F12,2.138468078127681,"-1,dsgdb9nsd_000853,4,dsgdb9nsd_c,6,dsgdb9nsd_h,2,dsgdb9nsd_n,1,dsgdb9nsd_o"
GDB_W1-F12_799,GDB_W1-F12,1.9617413312269698,"-1,dsgdb9nsd_000854,3,dsgdb9nsd_c,5,dsgdb9nsd_h,3,dsgdb9nsd_n,1,dsgdb9nsd_o"
GDB_W1-F12_800,GDB_W1-F12,1.9518217407549303,"-1,dsgdb9nsd_000856,3,dsgdb9nsd_c,5,dsgdb9nsd_h,3,dsgdb9nsd_n,1,dsgdb9nsd_o"
GDB_W1-F12_801,GDB_W1-F12,1.961157110565522,"-1,dsgdb9nsd_000857,3,dsgdb9nsd_c,5,dsgdb9nsd_h,3,dsgdb9nsd_n,1,dsgdb9nsd_o"
GDB_W1-F12_802,GDB_W1-F12,1.8427687163324546,"-1,dsgdb9nsd_000858,3,dsgdb9nsd_c,4,dsgdb9nsd_h,2,dsgdb9nsd_n,2,dsgdb9nsd_o"
GDB_W1-F12_803,GDB_W1-F12,2.027090054545335,"-1,dsgdb9nsd_000859,4,dsgdb9nsd_c,5,dsgdb9nsd_h,1,dsgdb9nsd_n,2,dsgdb9nsd_o"
GDB_W1-F12_804,GDB_W1-F12,1.8536201062819058,"-1,dsgdb9nsd_000860,3,dsgdb9nsd_c,4,dsgdb9nsd_h,2,dsgdb9nsd_n,2,dsgdb9nsd_o"
GDB_W1-F12_805,GDB_W1-F12,2.6600182802027286,"-1,dsgdb9nsd_000861,6,dsgdb9nsd_c,9,dsgdb9nsd_h,1,dsgdb9nsd_n"
GDB_W1-F12_806,GDB_W1-F12,2.541775445524976,"-1,dsgdb9nsd_000862,6,dsgdb9nsd_c,8,dsgdb9nsd_h,1,dsgdb9nsd_o"
GDB_W1-F12_807,GDB_W1-F12,2.4565164220175726,"-1,dsgdb9nsd_000863,5,dsgdb9nsd_c,8,dsgdb9nsd_h,2,dsgdb9nsd_n"
GDB_W1-F12_808,GDB_W1-F12,2.338463047427539,"-1,dsgdb9nsd_000864,5,dsgdb9nsd_c,7,dsgdb9nsd_h,1,dsgdb9nsd_n,1,dsgdb9nsd_o"
GDB_W1-F12_809,GDB_W1-F12,2.3455923071199156,"-1,dsgdb9nsd_000865,5,dsgdb9nsd_c,7,dsgdb9nsd_h,1,dsgdb9nsd_n,1,dsgdb9nsd_o"
GDB_W1-F12_810,GDB_W1-F12,2.352151726810217,"-1,dsgdb9nsd_000866,5,dsgdb9nsd_c,7,dsgdb9nsd_h,1,dsgdb9nsd_n,1,dsgdb9nsd_o"
GDB_W1-F12_811,GDB_W1-F12,2.154502578666613,"-1,dsgdb9nsd_000867,4,dsgdb9nsd_c,6,dsgdb9nsd_h,2,dsgdb9nsd_n,1,dsgdb9nsd_o"
GDB_W1-F12_812,GDB_W1-F12,2.1632674790025623,"-1,dsgdb9nsd_000868,4,dsgdb9nsd_c,6,dsgdb9nsd_h,2,dsgdb9nsd_n,1,dsgdb9nsd_o"
GDB_W1-F12_813,GDB_W1-F12,2.0441029339381,"-1,dsgdb9nsd_000869,4,dsgdb9nsd_c,5,dsgdb9nsd_h,1,dsgdb9nsd_n,2,dsgdb9nsd_o"
GDB_W1-F12_814,GDB_W1-F12,2.1475996087847813,"-1,dsgdb9nsd_000870,4,dsgdb9nsd_c,6,dsgdb9nsd_h,2,dsgdb9nsd_n,1,dsgdb9nsd_o"
GDB_W1-F12_815,GDB_W1-F12,2.15284751839592,"-1,dsgdb9nsd_000871,4,dsgdb9nsd_c,6,dsgdb9nsd_h,2,dsgdb9nsd_n,1,dsgdb9nsd_o"
GDB_W1-F12_816,GDB_W1-F12,2.2525542727739705,"-1,dsgdb9nsd_000872,4,dsgdb9nsd_c,7,dsgdb9nsd_h,3,dsgdb9nsd_n"
GDB_W1-F12_817,GDB_W1-F12,2.1350226687922462,"-1,dsgdb9nsd_000873,4,dsgdb9nsd_c,6,dsgdb9nsd_h,2,dsgdb9nsd_n,1,dsgdb9nsd_o"
GDB_W1-F12_818,GDB_W1-F12,2.024385712905646,"-1,dsgdb9nsd_000875,4,dsgdb9nsd_c,5,dsgdb9nsd_h,1,dsgdb9nsd_n,2,dsgdb9nsd_o"
GDB_W1-F12_819,GDB_W1-F12,1.950578769879999,"-1,dsgdb9nsd_000876,3,dsgdb9nsd_c,5,dsgdb9nsd_h,3,dsgdb9nsd_n,1,dsgdb9nsd_o"
GDB_W1-F12_820,GDB_W1-F12,1.9586306116590715,"-1,dsgdb9nsd_000877,3,dsgdb9nsd_c,5,dsgdb9nsd_h,3,dsgdb9nsd_n,1,dsgdb9nsd_o"
GDB_W1-F12_821,GDB_W1-F12,1.8404876463898148,"-1,dsgdb9nsd_000878,3,dsgdb9nsd_c,4,dsgdb9nsd_h,2,dsgdb9nsd_n,2,dsgdb9nsd_o"
GDB_W1-F12_822,GDB_W1-F12,2.0294708536595443,"-1,dsgdb9nsd_000879,4,dsgdb9nsd_c,5,dsgdb9nsd_h,1,dsgdb9nsd_n,2,dsgdb9nsd_o"
GDB_W1-F12_823,GDB_W1-F12,1.8455754357093028,"-1,dsgdb9nsd_000880,3,dsgdb9nsd_c,4,dsgdb9nsd_h,2,dsgdb9nsd_n,2,dsgdb9nsd_o"
GDB_W1-F12_824,GDB_W1-F12,2.139517479016785,"-1,dsgdb9nsd_000881,4,dsgdb9nsd_c,6,dsgdb9nsd_h,2,dsgdb9nsd_n,1,dsgdb9nsd_o"
GDB_W1-F12_825,GDB_W1-F12,2.177947450191522,"-1,dsgdb9nsd_000882,4,dsgdb9nsd_c,6,dsgdb9nsd_h,2,dsgdb9nsd_n,1,dsgdb9nsd_o"
GDB_W1-F12_826,GDB_W1-F12,2.060084045641668,"-1,dsgdb9nsd_000883,4,dsgdb9nsd_c,5,dsgdb9nsd_h,1,dsgdb9nsd_n,2,dsgdb9nsd_o"
GDB_W1-F12_827,GDB_W1-F12,2.1382580876726403,"-1,dsgdb9nsd_000884,4,dsgdb9nsd_c,6,dsgdb9nsd_h,2,dsgdb9nsd_n,1,dsgdb9nsd_o"
GDB_W1-F12_828,GDB_W1-F12,2.019940262892036,"-1,dsgdb9nsd_000885,4,dsgdb9nsd_c,5,dsgdb9nsd_h,1,dsgdb9nsd_n,2,dsgdb9nsd_o"
GDB_W1-F12_829,GDB_W1-F12,2.0584723647957093,"-1,dsgdb9nsd_000886,4,dsgdb9nsd_c,5,dsgdb9nsd_h,1,dsgdb9nsd_n,2,dsgdb9nsd_o"
GDB_W1-F12_830,GDB_W1-F12,1.9399088704174774,"-1,dsgdb9nsd_000887,4,dsgdb9nsd_c,4,dsgdb9nsd_h,3,dsgdb9nsd_o"
GDB_W1-F12_831,GDB_W1-F12,1.933693010480314,"-1,dsgdb9nsd_000888,3,dsgdb9nsd_c,5,dsgdb9nsd_h,3,dsgdb9nsd_n,1,dsgdb9nsd_o"
GDB_W1-F12_832,GDB_W1-F12,1.972063890913743,"-1,dsgdb9nsd_000889,3,dsgdb9nsd_c,5,dsgdb9nsd_h,3,dsgdb9nsd_n,1,dsgdb9nsd_o"
GDB_W1-F12_833,GDB_W1-F12,1.8546859866034768,"-1,dsgdb9nsd_000890,3,dsgdb9nsd_c,4,dsgdb9nsd_h,2,dsgdb9nsd_n,2,dsgdb9nsd_o"
GDB_W1-F12_834,GDB_W1-F12,1.8161349447467174,"-1,dsgdb9nsd_000891,3,dsgdb9nsd_c,4,dsgdb9nsd_h,2,dsgdb9nsd_n,2,dsgdb9nsd_o"
GDB_W1-F12_835,GDB_W1-F12,1.8527249373271397,"-1,dsgdb9nsd_000892,3,dsgdb9nsd_c,4,dsgdb9nsd_h,2,dsgdb9nsd_n,2,dsgdb9nsd_o"
GDB_W1-F12_836,GDB_W1-F12,1.7346655612340924,"-1,dsgdb9nsd_000893,3,dsgdb9nsd_c,3,dsgdb9nsd_h,1,dsgdb9nsd_n,3,dsgdb9nsd_o"
GDB_W1-F12_837,GDB_W1-F12,1.8220123858889807,"-1,dsgdb9nsd_000894,3,dsgdb9nsd_c,4,dsgdb9nsd_h,2,dsgdb9nsd_n,2,dsgdb9nsd_o"
GDB_W1-F12_838,GDB_W1-F12,1.8592674664358038,"-1,dsgdb9nsd_000895,3,dsgdb9nsd_c,4,dsgdb9nsd_h,2,dsgdb9nsd_n,2,dsgdb9nsd_o"
GDB_W1-F12_839,GDB_W1-F12,1.7430452817281565,"-1,dsgdb9nsd_000896,3,dsgdb9nsd_c,3,dsgdb9nsd_h,1,dsgdb9nsd_n,3,dsgdb9nsd_o"
GDB_W1-F12_840,GDB_W1-F12,1.8195153845451408,"-1,dsgdb9nsd_000897,3,dsgdb9nsd_c,4,dsgdb9nsd_h,2,dsgdb9nsd_n,2,dsgdb9nsd_o"
GDB_W1-F12_841,GDB_W1-F12,1.7020749409400557,"-1,dsgdb9nsd_000898,3,dsgdb9nsd_c,3,dsgdb9nsd_h,1,dsgdb9nsd_n,3,dsgdb9nsd_o"
GDB_W1-F12_842,GDB_W1-F12,1.6215038068137753,"-1,dsgdb9nsd_000899,3,dsgdb9nsd_c,2,dsgdb9nsd_h,4,dsgdb9nsd_o"
GDB_W1-F12_843,GDB_W1-F12,2.646389689155859,"-1,dsgdb9nsd_000900,6,dsgdb9nsd_c,9,dsgdb9nsd_h,1,dsgdb9nsd_n"
GDB_W1-F12_844,GDB_W1-F12,2.440990591089531,"-1,dsgdb9nsd_000901,5,dsgdb9nsd_c,8,dsgdb9nsd_h,2,dsgdb9nsd_n"
GDB_W1-F12_845,GDB_W1-F12,2.3304081363720983,"-1,dsgdb9nsd_000902,5,dsgdb9nsd_c,7,dsgdb9nsd_h,1,dsgdb9nsd_n,1,dsgdb9nsd_o"
GDB_W1-F12_846,GDB_W1-F12,2.4564739621008678,"-1,dsgdb9nsd_000903,5,dsgdb9nsd_c,8,dsgdb9nsd_h,2,dsgdb9nsd_n"
GDB_W1-F12_847,GDB_W1-F12,2.2551637425392723,"-1,dsgdb9nsd_000904,4,dsgdb9nsd_c,7,dsgdb9nsd_h,3,dsgdb9nsd_n"
GDB_W1-F12_848,GDB_W1-F12,2.147972328257026,"-1,dsgdb9nsd_000905,4,dsgdb9nsd_c,6,dsgdb9nsd_h,2,dsgdb9nsd_n,1,dsgdb9nsd_o"
GDB_W1-F12_849,GDB_W1-F12,1.9123436483530436,"-1,dsgdb9nsd_000906,4,dsgdb9nsd_c,4,dsgdb9nsd_h,2,dsgdb9nsd_n,1,dsgdb9nsd_o"
GDB_W1-F12_850,GDB_W1-F12,1.7133530304232485,"-1,dsgdb9nsd_000908,3,dsgdb9nsd_c,3,dsgdb9nsd_h,3,dsgdb9nsd_n,1,dsgdb9nsd_o"
GDB_W1-F12_851,GDB_W1-F12,2.1392270977436216,"-1,dsgdb9nsd_000909,5,dsgdb9nsd_c,5,dsgdb9nsd_h,1,dsgdb9nsd_n,1,dsgdb9nsd_o"
GDB_W1-F12_852,GDB_W1-F12,1.9414558510450677,"-1,dsgdb9nsd_000910,4,dsgdb9nsd_c,4,dsgdb9nsd_h,2,dsgdb9nsd_n,1,dsgdb9nsd_o"
GDB_W1-F12_853,GDB_W1-F12,2.010975132909852,"-1,dsgdb9nsd_000911,5,dsgdb9nsd_c,4,dsgdb9nsd_h,2,dsgdb9nsd_o"
GDB_W1-F12_854,GDB_W1-F12,1.8162251250584727,"-1,dsgdb9nsd_000912,4,dsgdb9nsd_c,3,dsgdb9nsd_h,1,dsgdb9nsd_n,2,dsgdb9nsd_o"
GDB_W1-F12_855,GDB_W1-F12,1.6189834863000985,"-1,dsgdb9nsd_000913,3,dsgdb9nsd_c,2,dsgdb9nsd_h,2,dsgdb9nsd_n,2,dsgdb9nsd_o"
GDB_W1-F12_856,GDB_W1-F12,1.8452564461031302,"-1,dsgdb9nsd_000914,3,dsgdb9nsd_c,4,dsgdb9nsd_h,4,dsgdb9nsd_n"
GDB_W1-F12_857,GDB_W1-F12,2.111555266930212,"-1,dsgdb9nsd_000915,5,dsgdb9nsd_c,5,dsgdb9nsd_h,1,dsgdb9nsd_n,1,dsgdb9nsd_o"
GDB_W1-F12_858,GDB_W1-F12,1.9040073487173512,"-1,dsgdb9nsd_000916,4,dsgdb9nsd_c,4,dsgdb9nsd_h,2,dsgdb9nsd_n,1,dsgdb9nsd_o"
GDB_W1-F12_859,GDB_W1-F12,1.8996036781526326,"-1,dsgdb9nsd_000917,4,dsgdb9nsd_c,4,dsgdb9nsd_h,2,dsgdb9nsd_n,1,dsgdb9nsd_o"
GDB_W1-F12_860,GDB_W1-F12,1.9164540994404378,"-1,dsgdb9nsd_000918,4,dsgdb9nsd_c,4,dsgdb9nsd_h,2,dsgdb9nsd_n,1,dsgdb9nsd_o"
GDB_W1-F12_861,GDB_W1-F12,1.713067361429536,"-1,dsgdb9nsd_000919,3,dsgdb9nsd_c,3,dsgdb9nsd_h,3,dsgdb9nsd_n,1,dsgdb9nsd_o"
GDB_W1-F12_862,GDB_W1-F12,2.1543544789106064,"-1,dsgdb9nsd_000920,5,dsgdb9nsd_c,5,dsgdb9nsd_h,1,dsgdb9nsd_n,1,dsgdb9nsd_o"
GDB_W1-F12_863,GDB_W1-F12,1.949423529951413,"-1,dsgdb9nsd_000921,4,dsgdb9nsd_c,4,dsgdb9nsd_h,2,dsgdb9nsd_n,1,dsgdb9nsd_o"
GDB_W1-F12_864,GDB_W1-F12,1.940274780430779,"-1,dsgdb9nsd_000922,4,dsgdb9nsd_c,4,dsgdb9nsd_h,2,dsgdb9nsd_n,1,dsgdb9nsd_o"
GDB_W1-F12_865,GDB_W1-F12,1.955861101282191,"-1,dsgdb9nsd_000923,4,dsgdb9nsd_c,4,dsgdb9nsd_h,2,dsgdb9nsd_n,1,dsgdb9nsd_o"
GDB_W1-F12_866,GDB_W1-F12,1.7552646223388877,"-1,dsgdb9nsd_000924,3,dsgdb9nsd_c,3,dsgdb9nsd_h,3,dsgdb9nsd_n,1,dsgdb9nsd_o"
GDB_W1-F12_867,GDB_W1-F12,2.025082613937547,"-1,dsgdb9nsd_000925,5,dsgdb9nsd_c,4,dsgdb9nsd_h,2,dsgdb9nsd_o"
GDB_W1-F12_868,GDB_W1-F12,1.8188624653193177,"-1,dsgdb9nsd_000926,4,dsgdb9nsd_c,3,dsgdb9nsd_h,1,dsgdb9nsd_n,2,dsgdb9nsd_o"
GDB_W1-F12_869,GDB_W1-F12,1.810177504812285,"-1,dsgdb9nsd_000927,4,dsgdb9nsd_c,3,dsgdb9nsd_h,1,dsgdb9nsd_n,2,dsgdb9nsd_o"
GDB_W1-F12_870,GDB_W1-F12,1.8290262863668867,"-1,dsgdb9nsd_000928,4,dsgdb9nsd_c,3,dsgdb9nsd_h,1,dsgdb9nsd_n,2,dsgdb9nsd_o"
GDB_W1-F12_871,GDB_W1-F12,1.626827316877116,"-1,dsgdb9nsd_000929,3,dsgdb9nsd_c,2,dsgdb9nsd_h,2,dsgdb9nsd_n,2,dsgdb9nsd_o"
GDB_W1-F12_872,GDB_W1-F12,2.65658343007042,"-1,dsgdb9nsd_000930,7,dsgdb9nsd_c,8,dsgdb9nsd_h"
GDB_W1-F12_873,GDB_W1-F12,2.450823231479929,"-1,dsgdb9nsd_000931,6,dsgdb9nsd_c,7,dsgdb9nsd_h,1,dsgdb9nsd_n"
GDB_W1-F12_874,GDB_W1-F12,2.4498063814937905,"-1,dsgdb9nsd_000932,6,dsgdb9nsd_c,7,dsgdb9nsd_h,1,dsgdb9nsd_n"
GDB_W1-F12_875,GDB_W1-F12,2.242505592617474,"-1,dsgdb9nsd_000933,5,dsgdb9nsd_c,6,dsgdb9nsd_h,2,dsgdb9nsd_n"
GDB_W1-F12_876,GDB_W1-F12,2.246713272515782,"-1,dsgdb9nsd_000934,5,dsgdb9nsd_c,6,dsgdb9nsd_h,2,dsgdb9nsd_n"
GDB_W1-F12_877,GDB_W1-F12,2.452674341380286,"-1,dsgdb9nsd_000935,6,dsgdb9nsd_c,7,dsgdb9nsd_h,1,dsgdb9nsd_n"
GDB_W1-F12_878,GDB_W1-F12,2.250885893182462,"-1,dsgdb9nsd_000936,5,dsgdb9nsd_c,6,dsgdb9nsd_h,2,dsgdb9nsd_n"
GDB_W1-F12_879,GDB_W1-F12,2.250873673446638,"-1,dsgdb9nsd_000938,5,dsgdb9nsd_c,6,dsgdb9nsd_h,2,dsgdb9nsd_n"
GDB_W1-F12_880,GDB_W1-F12,2.458284532374252,"-1,dsgdb9nsd_000940,6,dsgdb9nsd_c,7,dsgdb9nsd_h,1,dsgdb9nsd_n"
GDB_W1-F12_881,GDB_W1-F12,2.2503435125267597,"-1,dsgdb9nsd_000941,5,dsgdb9nsd_c,6,dsgdb9nsd_h,2,dsgdb9nsd_n"
GDB_W1-F12_882,GDB_W1-F12,2.050204435442496,"-1,dsgdb9nsd_000942,4,dsgdb9nsd_c,5,dsgdb9nsd_h,3,dsgdb9nsd_n"
GDB_W1-F12_883,GDB_W1-F12,2.046389704193082,"-1,dsgdb9nsd_000943,4,dsgdb9nsd_c,5,dsgdb9nsd_h,3,dsgdb9nsd_n"
GDB_W1-F12_884,GDB_W1-F12,2.2612402037842787,"-1,dsgdb9nsd_000944,5,dsgdb9nsd_c,6,dsgdb9nsd_h,2,dsgdb9nsd_n"
GDB_W1-F12_885,GDB_W1-F12,2.0502043350456054,"-1,dsgdb9nsd_000946,4,dsgdb9nsd_c,5,dsgdb9nsd_h,3,dsgdb9nsd_n"
GDB_W1-F12_886,GDB_W1-F12,2.062624445533459,"-1,dsgdb9nsd_000947,4,dsgdb9nsd_c,5,dsgdb9nsd_h,3,dsgdb9nsd_n"
GDB_W1-F12_887,GDB_W1-F12,1.871167658080219,"-1,dsgdb9nsd_000948,3,dsgdb9nsd_c,4,dsgdb9nsd_h,4,dsgdb9nsd_n"
GDB_W1-F12_888,GDB_W1-F12,2.3483655863641957,"-1,dsgdb9nsd_000949,6,dsgdb9nsd_c,6,dsgdb9nsd_h,1,dsgdb9nsd_o"
GDB_W1-F12_889,GDB_W1-F12,2.143960468509775,"-1,dsgdb9nsd_000950,5,dsgdb9nsd_c,5,dsgdb9nsd_h,1,dsgdb9nsd_n,1,dsgdb9nsd_o"
GDB_W1-F12_890,GDB_W1-F12,2.1391052987857417,"-1,dsgdb9nsd_000951,5,dsgdb9nsd_c,5,dsgdb9nsd_h,1,dsgdb9nsd_n,1,dsgdb9nsd_o"
GDB_W1-F12_891,GDB_W1-F12,1.9432278306660378,"-1,dsgdb9nsd_000952,4,dsgdb9nsd_c,4,dsgdb9nsd_h,2,dsgdb9nsd_n,1,dsgdb9nsd_o"
GDB_W1-F12_892,GDB_W1-F12,1.93459820000092,"-1,dsgdb9nsd_000953,4,dsgdb9nsd_c,4,dsgdb9nsd_h,2,dsgdb9nsd_n,1,dsgdb9nsd_o"
GDB_W1-F12_893,GDB_W1-F12,2.1558287084453647,"-1,dsgdb9nsd_000954,5,dsgdb9nsd_c,5,dsgdb9nsd_h,1,dsgdb9nsd_n,1,dsgdb9nsd_o"
GDB_W1-F12_894,GDB_W1-F12,1.9546506908718337,"-1,dsgdb9nsd_000955,4,dsgdb9nsd_c,4,dsgdb9nsd_h,2,dsgdb9nsd_n,1,dsgdb9nsd_o"
GDB_W1-F12_895,GDB_W1-F12,1.943227849789255,"-1,dsgdb9nsd_000956,4,dsgdb9nsd_c,4,dsgdb9nsd_h,2,dsgdb9nsd_n,1,dsgdb9nsd_o"
GDB_W1-F12_896,GDB_W1-F12,1.9552529909415914,"-1,dsgdb9nsd_000957,4,dsgdb9nsd_c,4,dsgdb9nsd_h,2,dsgdb9nsd_n,1,dsgdb9nsd_o"
GDB_W1-F12_897,GDB_W1-F12,1.757979862618809,"-1,dsgdb9nsd_000958,3,dsgdb9nsd_c,3,dsgdb9nsd_h,3,dsgdb9nsd_n,1,dsgdb9nsd_o"
GDB_W1-F12_898,GDB_W1-F12,2.6576918292719487,"-1,dsgdb9nsd_000959,6,dsgdb9nsd_c,9,dsgdb9nsd_h,1,dsgdb9nsd_n"
GDB_W1-F12_899,GDB_W1-F12,2.5376074654256833,"-1,dsgdb9nsd_000960,6,dsgdb9nsd_c,8,dsgdb9nsd_h,1,dsgdb9nsd_o"
GDB_W1-F12_900,GDB_W1-F12,2.467419172147758,"-1,dsgdb9nsd_000961,5,dsgdb9nsd_c,8,dsgdb9nsd_h,2,dsgdb9nsd_n"
GDB_W1-F12_901,GDB_W1-F12,2.34877316746149,"-1,dsgdb9nsd_000962,5,dsgdb9nsd_c,7,dsgdb9nsd_h,1,dsgdb9nsd_n,1,dsgdb9nsd_o"
GDB_W1-F12_902,GDB_W1-F12,2.452335200683934,"-1,dsgdb9nsd_000963,5,dsgdb9nsd_c,8,dsgdb9nsd_h,2,dsgdb9nsd_n"
GDB_W1-F12_903,GDB_W1-F12,2.33180221572255,"-1,dsgdb9nsd_000964,5,dsgdb9nsd_c,7,dsgdb9nsd_h,1,dsgdb9nsd_n,1,dsgdb9nsd_o"
GDB_W1-F12_904,GDB_W1-F12,2.14580352912927,"-1,dsgdb9nsd_000965,4,dsgdb9nsd_c,6,dsgdb9nsd_h,2,dsgdb9nsd_n,1,dsgdb9nsd_o"
GDB_W1-F12_905,GDB_W1-F12,2.4549783512156202,"-1,dsgdb9nsd_000966,5,dsgdb9nsd_c,8,dsgdb9nsd_h,2,dsgdb9nsd_n"
GDB_W1-F12_906,GDB_W1-F12,2.334092957232315,"-1,dsgdb9nsd_000967,5,dsgdb9nsd_c,7,dsgdb9nsd_h,1,dsgdb9nsd_n,1,dsgdb9nsd_o"
GDB_W1-F12_907,GDB_W1-F12,2.145355218766432,"-1,dsgdb9nsd_000968,4,dsgdb9nsd_c,6,dsgdb9nsd_h,2,dsgdb9nsd_n,1,dsgdb9nsd_o"
GDB_W1-F12_908,GDB_W1-F12,2.342243576802898,"-1,dsgdb9nsd_000969,5,dsgdb9nsd_c,7,dsgdb9nsd_h,1,dsgdb9nsd_n,1,dsgdb9nsd_o"
GDB_W1-F12_909,GDB_W1-F12,2.2201545818681785,"-1,dsgdb9nsd_000970,5,dsgdb9nsd_c,6,dsgdb9nsd_h,2,dsgdb9nsd_o"
GDB_W1-F12_910,GDB_W1-F12,2.1586347186695733,"-1,dsgdb9nsd_000971,4,dsgdb9nsd_c,6,dsgdb9nsd_h,2,dsgdb9nsd_n,1,dsgdb9nsd_o"
GDB_W1-F12_911,GDB_W1-F12,2.0372093439943306,"-1,dsgdb9nsd_000972,4,dsgdb9nsd_c,5,dsgdb9nsd_h,1,dsgdb9nsd_n,2,dsgdb9nsd_o"
GDB_W1-F12_912,GDB_W1-F12,2.34318131722647,"-1,dsgdb9nsd_000973,5,dsgdb9nsd_c,7,dsgdb9nsd_h,1,dsgdb9nsd_n,1,dsgdb9nsd_o"
GDB_W1-F12_913,GDB_W1-F12,2.150728849188588,"-1,dsgdb9nsd_000974,4,dsgdb9nsd_c,6,dsgdb9nsd_h,2,dsgdb9nsd_n,1,dsgdb9nsd_o"
GDB_W1-F12_914,GDB_W1-F12,2.1316066773393505,"-1,dsgdb9nsd_000975,4,dsgdb9nsd_c,6,dsgdb9nsd_h,2,dsgdb9nsd_n,1,dsgdb9nsd_o"
GDB_W1-F12_915,GDB_W1-F12,1.942528309753373,"-1,dsgdb9nsd_000976,3,dsgdb9nsd_c,5,dsgdb9nsd_h,3,dsgdb9nsd_n,1,dsgdb9nsd_o"
GDB_W1-F12_916,GDB_W1-F12,2.139085287932489,"-1,dsgdb9nsd_000977,4,dsgdb9nsd_c,6,dsgdb9nsd_h,2,dsgdb9nsd_n,1,dsgdb9nsd_o"
GDB_W1-F12_917,GDB_W1-F12,2.015958173213242,"-1,dsgdb9nsd_000978,4,dsgdb9nsd_c,5,dsgdb9nsd_h,1,dsgdb9nsd_n,2,dsgdb9nsd_o"
GDB_W1-F12_918,GDB_W1-F12,1.954705311561109,"-1,dsgdb9nsd_000979,3,dsgdb9nsd_c,5,dsgdb9nsd_h,3,dsgdb9nsd_n,1,dsgdb9nsd_o"
GDB_W1-F12_919,GDB_W1-F12,1.8314484458128086,"-1,dsgdb9nsd_000980,3,dsgdb9nsd_c,4,dsgdb9nsd_h,2,dsgdb9nsd_n,2,dsgdb9nsd_o"
GDB_W1-F12_920,GDB_W1-F12,2.1420456193327166,"-1,dsgdb9nsd_000981,4,dsgdb9nsd_c,6,dsgdb9nsd_h,2,dsgdb9nsd_n,1,dsgdb9nsd_o"
GDB_W1-F12_921,GDB_W1-F12,1.9520200708282516,"-1,dsgdb9nsd_000982,3,dsgdb9nsd_c,5,dsgdb9nsd_h,3,dsgdb9nsd_n,1,dsgdb9nsd_o"
GDB_W1-F12_922,GDB_W1-F12,2.0170746838460887,"-1,dsgdb9nsd_000983,4,dsgdb9nsd_c,5,dsgdb9nsd_h,1,dsgdb9nsd_n,2,dsgdb9nsd_o"
GDB_W1-F12_923,GDB_W1-F12,2.0266641932459497,"-1,dsgdb9nsd_000984,4,dsgdb9nsd_c,5,dsgdb9nsd_h,1,dsgdb9nsd_n,2,dsgdb9nsd_o"
GDB_W1-F12_924,GDB_W1-F12,1.8395185964787981,"-1,dsgdb9nsd_000985,3,dsgdb9nsd_c,4,dsgdb9nsd_h,2,dsgdb9nsd_n,2,dsgdb9nsd_o"
GDB_W1-F12_925,GDB_W1-F12,2.65666547982764,"-1,dsgdb9nsd_000986,6,dsgdb9nsd_c,9,dsgdb9nsd_h,1,dsgdb9nsd_n"
GDB_W1-F12_926,GDB_W1-F12,2.4512777807923953,"-1,dsgdb9nsd_000987,5,dsgdb9nsd_c,8,dsgdb9nsd_h,2,dsgdb9nsd_n"
GDB_W1-F12_927,GDB_W1-F12,2.340270867144842,"-1,dsgdb9nsd_000988,5,dsgdb9nsd_c,7,dsgdb9nsd_h,1,dsgdb9nsd_n,1,dsgdb9nsd_o"
GDB_W1-F12_928,GDB_W1-F12,2.5344444342969923,"-1,dsgdb9nsd_000989,6,dsgdb9nsd_c,8,dsgdb9nsd_h,1,dsgdb9nsd_o"
GDB_W1-F12_929,GDB_W1-F12,2.329173496845483,"-1,dsgdb9nsd_000990,5,dsgdb9nsd_c,7,dsgdb9nsd_h,1,dsgdb9nsd_n,1,dsgdb9nsd_o"
GDB_W1-F12_930,GDB_W1-F12,2.2466950528705456,"-1,dsgdb9nsd_000991,4,dsgdb9nsd_c,7,dsgdb9nsd_h,3,dsgdb9nsd_n"
GDB_W1-F12_931,GDB_W1-F12,2.1375920387645726,"-1,dsgdb9nsd_000992,4,dsgdb9nsd_c,6,dsgdb9nsd_h,2,dsgdb9nsd_n,1,dsgdb9nsd_o"
GDB_W1-F12_932,GDB_W1-F12,2.124932717545718,"-1,dsgdb9nsd_000993,4,dsgdb9nsd_c,6,dsgdb9nsd_h,2,dsgdb9nsd_n,1,dsgdb9nsd_o"
GDB_W1-F12_933,GDB_W1-F12,2.0234170135869456,"-1,dsgdb9nsd_000994,4,dsgdb9nsd_c,5,dsgdb9nsd_h,1,dsgdb9nsd_n,2,dsgdb9nsd_o"
GDB_W1-F12_934,GDB_W1-F12,2.6487958791217743,"-1,dsgdb9nsd_000995,6,dsgdb9nsd_c,9,dsgdb9nsd_h,1,dsgdb9nsd_n"
GDB_W1-F12_935,GDB_W1-F12,2.445364620667509,"-1,dsgdb9nsd_000996,5,dsgdb9nsd_c,8,dsgdb9nsd_h,2,dsgdb9nsd_n"
GDB_W1-F12_936,GDB_W1-F12,2.334873225929825,"-1,dsgdb9nsd_000997,5,dsgdb9nsd_c,7,dsgdb9nsd_h,1,dsgdb9nsd_n,1,dsgdb9nsd_o"
GDB_W1-F12_937,GDB_W1-F12,2.457909972292347,"-1,dsgdb9nsd_000998,5,dsgdb9nsd_c,8,dsgdb9nsd_h,2,dsgdb9nsd_n"
GDB_W1-F12_938,GDB_W1-F12,2.1523682092979173,"-1,dsgdb9nsd_000999,4,dsgdb9nsd_c,6,dsgdb9nsd_h,2,dsgdb9nsd_n,1,dsgdb9nsd_o"
GDB_W1-F12_939,GDB_W1-F12,2.456077131438872,"-1,dsgdb9nsd_001000,5,dsgdb9nsd_c,8,dsgdb9nsd_h,2,dsgdb9nsd_n"
GDB_W1-F12_940,GDB_W1-F12,2.1400840489487094,"-1,dsgdb9nsd_001001,4,dsgdb9nsd_c,6,dsgdb9nsd_h,2,dsgdb9nsd_n,1,dsgdb9nsd_o"
GDB_W1-F12_941,GDB_W1-F12,2.167216259224107,"-1,dsgdb9nsd_001002,4,dsgdb9nsd_c,6,dsgdb9nsd_h,2,dsgdb9nsd_n,1,dsgdb9nsd_o"
GDB_W1-F12_942,GDB_W1-F12,2.126261637720587,"-1,dsgdb9nsd_001003,4,dsgdb9nsd_c,6,dsgdb9nsd_h,2,dsgdb9nsd_n,1,dsgdb9nsd_o"
GDB_W1-F12_943,GDB_W1-F12,2.0468252450276,"-1,dsgdb9nsd_001004,4,dsgdb9nsd_c,5,dsgdb9nsd_h,1,dsgdb9nsd_n,2,dsgdb9nsd_o"
GDB_W1-F12_944,GDB_W1-F12,2.1750265492716663,"-1,dsgdb9nsd_001005,6,dsgdb9nsd_c,5,dsgdb9nsd_h,1,dsgdb9nsd_n"
GDB_W1-F12_945,GDB_W1-F12,2.0483295442278857,"-1,dsgdb9nsd_001006,6,dsgdb9nsd_c,4,dsgdb9nsd_h,1,dsgdb9nsd_o"
GDB_W1-F12_946,GDB_W1-F12,1.9796118120142092,"-1,dsgdb9nsd_001007,5,dsgdb9nsd_c,4,dsgdb9nsd_h,2,dsgdb9nsd_n"
GDB_W1-F12_947,GDB_W1-F12,1.8546865061175457,"-1,dsgdb9nsd_001008,5,dsgdb9nsd_c,3,dsgdb9nsd_h,1,dsgdb9nsd_n,1,dsgdb9nsd_o"
GDB_W1-F12_948,GDB_W1-F12,1.9774984224084402,"-1,dsgdb9nsd_001009,5,dsgdb9nsd_c,4,dsgdb9nsd_h,2,dsgdb9nsd_n"
GDB_W1-F12_949,GDB_W1-F12,1.8517572770365769,"-1,dsgdb9nsd_001010,5,dsgdb9nsd_c,3,dsgdb9nsd_h,1,dsgdb9nsd_n,1,dsgdb9nsd_o"
GDB_W1-F12_950,GDB_W1-F12,2.029229223841561,"-1,dsgdb9nsd_001011,5,dsgdb9nsd_c,4,dsgdb9nsd_h,2,dsgdb9nsd_n"
GDB_W1-F12_951,GDB_W1-F12,1.899947988492048,"-1,dsgdb9nsd_001012,5,dsgdb9nsd_c,3,dsgdb9nsd_h,1,dsgdb9nsd_n,1,dsgdb9nsd_o"
GDB_W1-F12_952,GDB_W1-F12,1.8319700251889455,"-1,dsgdb9nsd_001013,4,dsgdb9nsd_c,3,dsgdb9nsd_h,3,dsgdb9nsd_n"
GDB_W1-F12_953,GDB_W1-F12,1.7042235905712344,"-1,dsgdb9nsd_001014,4,dsgdb9nsd_c,2,dsgdb9nsd_h,2,dsgdb9nsd_n,1,dsgdb9nsd_o"
GDB_W1-F12_954,GDB_W1-F12,1.8286685148761275,"-1,dsgdb9nsd_001015,4,dsgdb9nsd_c,3,dsgdb9nsd_h,3,dsgdb9nsd_n"
GDB_W1-F12_955,GDB_W1-F12,1.6998336504765026,"-1,dsgdb9nsd_001016,4,dsgdb9nsd_c,2,dsgdb9nsd_h,2,dsgdb9nsd_n,1,dsgdb9nsd_o"
GDB_W1-F12_956,GDB_W1-F12,2.1745516305456243,"-1,dsgdb9nsd_001017,6,dsgdb9nsd_c,5,dsgdb9nsd_h,1,dsgdb9nsd_n"
GDB_W1-F12_957,GDB_W1-F12,2.048457994878166,"-1,dsgdb9nsd_001019,6,dsgdb9nsd_c,4,dsgdb9nsd_h,1,dsgdb9nsd_o"
GDB_W1-F12_958,GDB_W1-F12,1.8540150469325967,"-1,dsgdb9nsd_001020,5,dsgdb9nsd_c,3,dsgdb9nsd_h,1,dsgdb9nsd_n,1,dsgdb9nsd_o"
GDB_W1-F12_959,GDB_W1-F12,2.031597113190524,"-1,dsgdb9nsd_001021,5,dsgdb9nsd_c,4,dsgdb9nsd_h,2,dsgdb9nsd_n"
GDB_W1-F12_960,GDB_W1-F12,1.8330197352367283,"-1,dsgdb9nsd_001022,4,dsgdb9nsd_c,3,dsgdb9nsd_h,3,dsgdb9nsd_n"
GDB_W1-F12_961,GDB_W1-F12,1.9027714884920346,"-1,dsgdb9nsd_001023,5,dsgdb9nsd_c,3,dsgdb9nsd_h,1,dsgdb9nsd_n,1,dsgdb9nsd_o"
GDB_W1-F12_962,GDB_W1-F12,1.7059434912972222,"-1,dsgdb9nsd_001024,4,dsgdb9nsd_c,2,dsgdb9nsd_h,2,dsgdb9nsd_n,1,dsgdb9nsd_o"
GDB_W1-F12_963,GDB_W1-F12,2.132874927513887,"-1,dsgdb9nsd_001025,5,dsgdb9nsd_c,5,dsgdb9nsd_h,1,dsgdb9nsd_n,1,dsgdb9nsd_o"
GDB_W1-F12_964,GDB_W1-F12,2.0062960529574765,"-1,dsgdb9nsd_001026,5,dsgdb9nsd_c,4,dsgdb9nsd_h,2,dsgdb9nsd_o"
GDB_W1-F12_965,GDB_W1-F12,1.935254559812247,"-1,dsgdb9nsd_001027,4,dsgdb9nsd_c,4,dsgdb9nsd_h,2,dsgdb9nsd_n,1,dsgdb9nsd_o"
GDB_W1-F12_966,GDB_W1-F12,1.8113308547295655,"-1,dsgdb9nsd_001028,4,dsgdb9nsd_c,3,dsgdb9nsd_h,1,dsgdb9nsd_n,2,dsgdb9nsd_o"
GDB_W1-F12_967,GDB_W1-F12,1.9307583695288633,"-1,dsgdb9nsd_001029,4,dsgdb9nsd_c,4,dsgdb9nsd_h,2,dsgdb9nsd_n,1,dsgdb9nsd_o"
GDB_W1-F12_968,GDB_W1-F12,1.8059358748289494,"-1,dsgdb9nsd_001030,4,dsgdb9nsd_c,3,dsgdb9nsd_h,1,dsgdb9nsd_n,2,dsgdb9nsd_o"
GDB_W1-F12_969,GDB_W1-F12,2.133645527831475,"-1,dsgdb9nsd_001031,5,dsgdb9nsd_c,5,dsgdb9nsd_h,1,dsgdb9nsd_n,1,dsgdb9nsd_o"
GDB_W1-F12_970,GDB_W1-F12,1.9344673892269106,"-1,dsgdb9nsd_001032,4,dsgdb9nsd_c,4,dsgdb9nsd_h,2,dsgdb9nsd_n,1,dsgdb9nsd_o"
GDB_W1-F12_971,GDB_W1-F12,2.0047565734118535,"-1,dsgdb9nsd_001033,5,dsgdb9nsd_c,4,dsgdb9nsd_h,2,dsgdb9nsd_o"
GDB_W1-F12_972,GDB_W1-F12,1.8089875753676046,"-1,dsgdb9nsd_001034,4,dsgdb9nsd_c,3,dsgdb9nsd_h,1,dsgdb9nsd_n,2,dsgdb9nsd_o"
GDB_W1-F12_973,GDB_W1-F12,2.1368479081668643,"-1,dsgdb9nsd_001035,5,dsgdb9nsd_c,5,dsgdb9nsd_h,1,dsgdb9nsd_n,1,dsgdb9nsd_o"
GDB_W1-F12_974,GDB_W1-F12,1.9377172907571703,"-1,dsgdb9nsd_001036,4,dsgdb9nsd_c,4,dsgdb9nsd_h,2,dsgdb9nsd_n,1,dsgdb9nsd_o"
GDB_W1-F12_975,GDB_W1-F12,2.1183091569911525,"-1,dsgdb9nsd_001037,4,dsgdb9nsd_c,6,dsgdb9nsd_h,2,dsgdb9nsd_n,1,dsgdb9nsd_o"
GDB_W1-F12_976,GDB_W1-F12,1.9979720128976437,"-1,dsgdb9nsd_001038,4,dsgdb9nsd_c,5,dsgdb9nsd_h,1,dsgdb9nsd_n,2,dsgdb9nsd_o"
GDB_W1-F12_977,GDB_W1-F12,2.6550436190556983,"-1,dsgdb9nsd_001039,6,dsgdb9nsd_c,9,dsgdb9nsd_h,1,dsgdb9nsd_n"
GDB_W1-F12_978,GDB_W1-F12,2.534021524347469,"-1,dsgdb9nsd_001040,6,dsgdb9nsd_c,8,dsgdb9nsd_h,1,dsgdb9nsd_o"
GDB_W1-F12_979,GDB_W1-F12,2.3419036472738353,"-1,dsgdb9nsd_001041,5,dsgdb9nsd_c,7,dsgdb9nsd_h,1,dsgdb9nsd_n,1,dsgdb9nsd_o"
GDB_W1-F12_980,GDB_W1-F12,2.46386537241694,"-1,dsgdb9nsd_001042,5,dsgdb9nsd_c,8,dsgdb9nsd_h,2,dsgdb9nsd_n"
GDB_W1-F12_981,GDB_W1-F12,2.343713626321086,"-1,dsgdb9nsd_001043,5,dsgdb9nsd_c,7,dsgdb9nsd_h,1,dsgdb9nsd_n,1,dsgdb9nsd_o"
GDB_W1-F12_982,GDB_W1-F12,2.439992900973477,"-1,dsgdb9nsd_001044,5,dsgdb9nsd_c,8,dsgdb9nsd_h,2,dsgdb9nsd_n"
GDB_W1-F12_983,GDB_W1-F12,2.319595555398458,"-1,dsgdb9nsd_001045,5,dsgdb9nsd_c,7,dsgdb9nsd_h,1,dsgdb9nsd_n,1,dsgdb9nsd_o"
GDB_W1-F12_984,GDB_W1-F12,2.1263836581890665,"-1,dsgdb9nsd_001046,4,dsgdb9nsd_c,6,dsgdb9nsd_h,2,dsgdb9nsd_n,1,dsgdb9nsd_o"
GDB_W1-F12_985,GDB_W1-F12,2.136997768852459,"-1,dsgdb9nsd_001047,4,dsgdb9nsd_c,6,dsgdb9nsd_h,2,dsgdb9nsd_n,1,dsgdb9nsd_o"
GDB_W1-F12_986,GDB_W1-F12,2.326191546648152,"-1,dsgdb9nsd_001048,5,dsgdb9nsd_c,7,dsgdb9nsd_h,1,dsgdb9nsd_n,1,dsgdb9nsd_o"
GDB_W1-F12_987,GDB_W1-F12,2.2027049106637673,"-1,dsgdb9nsd_001049,5,dsgdb9nsd_c,6,dsgdb9nsd_h,2,dsgdb9nsd_o"
GDB_W1-F12_988,GDB_W1-F12,2.1306480288649174,"-1,dsgdb9nsd_001050,4,dsgdb9nsd_c,6,dsgdb9nsd_h,2,dsgdb9nsd_n,1,dsgdb9nsd_o"
GDB_W1-F12_989,GDB_W1-F12,2.008500142389069,"-1,dsgdb9nsd_001051,4,dsgdb9nsd_c,5,dsgdb9nsd_h,1,dsgdb9nsd_n,2,dsgdb9nsd_o"
GDB_W1-F12_990,GDB_W1-F12,2.1414608982804175,"-1,dsgdb9nsd_001052,4,dsgdb9nsd_c,6,dsgdb9nsd_h,2,dsgdb9nsd_n,1,dsgdb9nsd_o"
GDB_W1-F12_991,GDB_W1-F12,2.0202131942294583,"-1,dsgdb9nsd_001053,4,dsgdb9nsd_c,5,dsgdb9nsd_h,1,dsgdb9nsd_n,2,dsgdb9nsd_o"
GDB_W1-F12_992,GDB_W1-F12,2.1373144381749385,"-1,dsgdb9nsd_001054,4,dsgdb9nsd_c,6,dsgdb9nsd_h,2,dsgdb9nsd_n,1,dsgdb9nsd_o"
GDB_W1-F12_993,GDB_W1-F12,2.3403878964536187,"-1,dsgdb9nsd_001055,5,dsgdb9nsd_c,7,dsgdb9nsd_h,1,dsgdb9nsd_n,1,dsgdb9nsd_o"
GDB_W1-F12_994,GDB_W1-F12,2.216490120859929,"-1,dsgdb9nsd_001056,5,dsgdb9nsd_c,6,dsgdb9nsd_h,2,dsgdb9nsd_o"
GDB_W1-F12_995,GDB_W1-F12,2.1461601882862253,"-1,dsgdb9nsd_001057,4,dsgdb9nsd_c,6,dsgdb9nsd_h,2,dsgdb9nsd_n,1,dsgdb9nsd_o"
GDB_W1-F12_996,GDB_W1-F12,2.0233564232666845,"-1,dsgdb9nsd_001058,4,dsgdb9nsd_c,5,dsgdb9nsd_h,1,dsgdb9nsd_n,2,dsgdb9nsd_o"
GDB_W1-F12_997,GDB_W1-F12,2.1495786482277484,"-1,dsgdb9nsd_001059,4,dsgdb9nsd_c,6,dsgdb9nsd_h,2,dsgdb9nsd_n,1,dsgdb9nsd_o"
GDB_W1-F12_998,GDB_W1-F12,2.0274981344398797,"-1,dsgdb9nsd_001060,4,dsgdb9nsd_c,5,dsgdb9nsd_h,1,dsgdb9nsd_n,2,dsgdb9nsd_o"
GDB_W1-F12_999,GDB_W1-F12,2.6532067894178244,"-1,dsgdb9nsd_001061,6,dsgdb9nsd_c,9,dsgdb9nsd_h,1,dsgdb9nsd_n"
GDB_W1-F12_1000,GDB_W1-F12,2.4626699115816693,"-1,dsgdb9nsd_001062,5,dsgdb9nsd_c,8,dsgdb9nsd_h,2,dsgdb9nsd_n"
GDB_W1-F12_1001,GDB_W1-F12,2.5299730739176085,"-1,dsgdb9nsd_001063,6,dsgdb9nsd_c,8,dsgdb9nsd_h,1,dsgdb9nsd_o"
GDB_W1-F12_1002,GDB_W1-F12,2.340757406412568,"-1,dsgdb9nsd_001064,5,dsgdb9nsd_c,7,dsgdb9nsd_h,1,dsgdb9nsd_n,1,dsgdb9nsd_o"
GDB_W1-F12_1003,GDB_W1-F12,2.438215901507978,"-1,dsgdb9nsd_001065,5,dsgdb9nsd_c,8,dsgdb9nsd_h,2,dsgdb9nsd_n"
GDB_W1-F12_1004,GDB_W1-F12,2.251114452281454,"-1,dsgdb9nsd_001066,4,dsgdb9nsd_c,7,dsgdb9nsd_h,3,dsgdb9nsd_n"
GDB_W1-F12_1005,GDB_W1-F12,2.3154156057587665,"-1,dsgdb9nsd_001067,5,dsgdb9nsd_c,7,dsgdb9nsd_h,1,dsgdb9nsd_n,1,dsgdb9nsd_o"
GDB_W1-F12_1006,GDB_W1-F12,2.1292700974778334,"-1,dsgdb9nsd_001068,4,dsgdb9nsd_c,6,dsgdb9nsd_h,2,dsgdb9nsd_n,1,dsgdb9nsd_o"
GDB_W1-F12_1007,GDB_W1-F12,2.3220547660778053,"-1,dsgdb9nsd_001069,5,dsgdb9nsd_c,7,dsgdb9nsd_h,1,dsgdb9nsd_n,1,dsgdb9nsd_o"
GDB_W1-F12_1008,GDB_W1-F12,2.1348787474592092,"-1,dsgdb9nsd_001070,4,dsgdb9nsd_c,6,dsgdb9nsd_h,2,dsgdb9nsd_n,1,dsgdb9nsd_o"
GDB_W1-F12_1009,GDB_W1-F12,2.1984565716183795,"-1,dsgdb9nsd_001071,5,dsgdb9nsd_c,6,dsgdb9nsd_h,2,dsgdb9nsd_o"
GDB_W1-F12_1010,GDB_W1-F12,2.010769832423843,"-1,dsgdb9nsd_001072,4,dsgdb9nsd_c,5,dsgdb9nsd_h,1,dsgdb9nsd_n,2,dsgdb9nsd_o"
GDB_W1-F12_1011,GDB_W1-F12,2.3387948464020676,"-1,dsgdb9nsd_001073,5,dsgdb9nsd_c,7,dsgdb9nsd_h,1,dsgdb9nsd_n,1,dsgdb9nsd_o"
GDB_W1-F12_1012,GDB_W1-F12,2.146720688190274,"-1,dsgdb9nsd_001074,4,dsgdb9nsd_c,6,dsgdb9nsd_h,2,dsgdb9nsd_n,1,dsgdb9nsd_o"
GDB_W1-F12_1013,GDB_W1-F12,2.2141631312918633,"-1,dsgdb9nsd_001075,5,dsgdb9nsd_c,6,dsgdb9nsd_h,2,dsgdb9nsd_o"
GDB_W1-F12_1014,GDB_W1-F12,2.0241075832403346,"-1,dsgdb9nsd_001076,4,dsgdb9nsd_c,5,dsgdb9nsd_h,1,dsgdb9nsd_n,2,dsgdb9nsd_o"
GDB_W1-F12_1015,GDB_W1-F12,2.6470690494167357,"-1,dsgdb9nsd_001077,6,dsgdb9nsd_c,9,dsgdb9nsd_h,1,dsgdb9nsd_n"
GDB_W1-F12_1016,GDB_W1-F12,2.4535452509403664,"-1,dsgdb9nsd_001078,5,dsgdb9nsd_c,8,dsgdb9nsd_h,2,dsgdb9nsd_n"
GDB_W1-F12_1017,GDB_W1-F12,2.389113258004218,"-1,dsgdb9nsd_001079,6,dsgdb9nsd_c,7,dsgdb9nsd_h,1,dsgdb9nsd_n"
GDB_W1-F12_1018,GDB_W1-F12,2.192604100617043,"-1,dsgdb9nsd_001080,5,dsgdb9nsd_c,6,dsgdb9nsd_h,2,dsgdb9nsd_n"
GDB_W1-F12_1019,GDB_W1-F12,2.1944671099393345,"-1,dsgdb9nsd_001081,5,dsgdb9nsd_c,6,dsgdb9nsd_h,2,dsgdb9nsd_n"
GDB_W1-F12_1020,GDB_W1-F12,3.0150907041430495,"-1,dsgdb9nsd_001082,7,dsgdb9nsd_c,12,dsgdb9nsd_h"
GDB_W1-F12_1021,GDB_W1-F12,3.0104145436685075,"-1,dsgdb9nsd_001084,7,dsgdb9nsd_c,12,dsgdb9nsd_h"
GDB_W1-F12_1022,GDB_W1-F12,2.8690051280849023,"-1,dsgdb9nsd_001085,6,dsgdb9nsd_c,11,dsgdb9nsd_h,1,dsgdb9nsd_n"
GDB_W1-F12_1023,GDB_W1-F12,2.700035942147381,"-1,dsgdb9nsd_001086,6,dsgdb9nsd_c,10,dsgdb9nsd_h,1,dsgdb9nsd_o"
GDB_W1-F12_1024,GDB_W1-F12,2.557809176354414,"-1,dsgdb9nsd_001087,5,dsgdb9nsd_c,9,dsgdb9nsd_h,1,dsgdb9nsd_n,1,dsgdb9nsd_o"
GDB_W1-F12_1025,GDB_W1-F12,2.3789061085271612,"-1,dsgdb9nsd_001108,4,dsgdb9nsd_c,8,dsgdb9nsd_h,2,dsgdb9nsd_n,1,dsgdb9nsd_o"
GDB_W1-F12_1026,GDB_W1-F12,2.1938076999748555,"-1,dsgdb9nsd_001109,3,dsgdb9nsd_c,7,dsgdb9nsd_h,3,dsgdb9nsd_n,1,dsgdb9nsd_o"
GDB_W1-F12_1027,GDB_W1-F12,2.2615972740904056,"-1,dsgdb9nsd_001110,4,dsgdb9nsd_c,7,dsgdb9nsd_h,1,dsgdb9nsd_n,2,dsgdb9nsd_o"
GDB_W1-F12_1028,GDB_W1-F12,2.0818883459201554,"-1,dsgdb9nsd_001111,3,dsgdb9nsd_c,6,dsgdb9nsd_h,2,dsgdb9nsd_n,2,dsgdb9nsd_o"
GDB_W1-F12_1029,GDB_W1-F12,2.454627472051079,"-1,dsgdb9nsd_001112,5,dsgdb9nsd_c,8,dsgdb9nsd_h,2,dsgdb9nsd_o"
GDB_W1-F12_1030,GDB_W1-F12,2.280667674609738,"-1,dsgdb9nsd_001113,4,dsgdb9nsd_c,7,dsgdb9nsd_h,1,dsgdb9nsd_n,2,dsgdb9nsd_o"
GDB_W1-F12_1031,GDB_W1-F12,2.27971344359849,"-1,dsgdb9nsd_001114,4,dsgdb9nsd_c,7,dsgdb9nsd_h,1,dsgdb9nsd_n,2,dsgdb9nsd_o"
GDB_W1-F12_1032,GDB_W1-F12,2.194228331074323,"-1,dsgdb9nsd_001115,3,dsgdb9nsd_c,7,dsgdb9nsd_h,3,dsgdb9nsd_n,1,dsgdb9nsd_o"
GDB_W1-F12_1033,GDB_W1-F12,2.0952925371677855,"-1,dsgdb9nsd_001116,3,dsgdb9nsd_c,6,dsgdb9nsd_h,2,dsgdb9nsd_n,2,dsgdb9nsd_o"
GDB_W1-F12_1034,GDB_W1-F12,2.0841784165237147,"-1,dsgdb9nsd_001117,3,dsgdb9nsd_c,6,dsgdb9nsd_h,2,dsgdb9nsd_n,2,dsgdb9nsd_o"
GDB_W1-F12_1035,GDB_W1-F12,2.1060430075253933,"-1,dsgdb9nsd_001118,3,dsgdb9nsd_c,6,dsgdb9nsd_h,2,dsgdb9nsd_n,2,dsgdb9nsd_o"
GDB_W1-F12_1036,GDB_W1-F12,1.9111744883158999,"-1,dsgdb9nsd_001119,2,dsgdb9nsd_c,5,dsgdb9nsd_h,3,dsgdb9nsd_n,2,dsgdb9nsd_o"
GDB_W1-F12_1037,GDB_W1-F12,2.542150274925524,"-1,dsgdb9nsd_001134,5,dsgdb9nsd_c,9,dsgdb9nsd_h,1,dsgdb9nsd_n,1,dsgdb9nsd_o"
GDB_W1-F12_1038,GDB_W1-F12,2.7379435530812772,"-1,dsgdb9nsd_001135,6,dsgdb9nsd_c,10,dsgdb9nsd_h,1,dsgdb9nsd_o"
GDB_W1-F12_1039,GDB_W1-F12,2.560724566600498,"-1,dsgdb9nsd_001136,5,dsgdb9nsd_c,9,dsgdb9nsd_h,1,dsgdb9nsd_n,1,dsgdb9nsd_o"
GDB_W1-F12_1040,GDB_W1-F12,2.457644481480038,"-1,dsgdb9nsd_001137,5,dsgdb9nsd_c,8,dsgdb9nsd_h,2,dsgdb9nsd_o"
GDB_W1-F12_1041,GDB_W1-F12,2.4280027808063336,"-1,dsgdb9nsd_001138,5,dsgdb9nsd_c,8,dsgdb9nsd_h,2,dsgdb9nsd_o"
GDB_W1-F12_1042,GDB_W1-F12,2.9979946132576165,"-1,dsgdb9nsd_001149,7,dsgdb9nsd_c,12,dsgdb9nsd_h"
GDB_W1-F12_1043,GDB_W1-F12,2.674798610035826,"-1,dsgdb9nsd_001150,6,dsgdb9nsd_c,10,dsgdb9nsd_h,1,dsgdb9nsd_o"
GDB_W1-F12_1044,GDB_W1-F12,2.6891584107599473,"-1,dsgdb9nsd_001151,6,dsgdb9nsd_c,10,dsgdb9nsd_h,1,dsgdb9nsd_o"
GDB_W1-F12_1045,GDB_W1-F12,2.376456469018048,"-1,dsgdb9nsd_001152,5,dsgdb9nsd_c,8,dsgdb9nsd_h,2,dsgdb9nsd_o"
GDB_W1-F12_1046,GDB_W1-F12,2.519056124798614,"-1,dsgdb9nsd_001153,7,dsgdb9nsd_c,8,dsgdb9nsd_h"
GDB_W1-F12_1047,GDB_W1-F12,2.3749685886933745,"-1,dsgdb9nsd_001154,6,dsgdb9nsd_c,7,dsgdb9nsd_h,1,dsgdb9nsd_n"
GDB_W1-F12_1048,GDB_W1-F12,2.2274587727839665,"-1,dsgdb9nsd_001155,5,dsgdb9nsd_c,6,dsgdb9nsd_h,2,dsgdb9nsd_n"
GDB_W1-F12_1049,GDB_W1-F12,2.1677051203691273,"-1,dsgdb9nsd_001156,5,dsgdb9nsd_c,6,dsgdb9nsd_h,2,dsgdb9nsd_n"
GDB_W1-F12_1050,GDB_W1-F12,2.018763722886635,"-1,dsgdb9nsd_001157,4,dsgdb9nsd_c,5,dsgdb9nsd_h,3,dsgdb9nsd_n"
GDB_W1-F12_1051,GDB_W1-F12,2.2037277509977105,"-1,dsgdb9nsd_001158,6,dsgdb9nsd_c,6,dsgdb9nsd_h,1,dsgdb9nsd_o"
GDB_W1-F12_1052,GDB_W1-F12,2.0573437746639653,"-1,dsgdb9nsd_001159,5,dsgdb9nsd_c,5,dsgdb9nsd_h,1,dsgdb9nsd_n,1,dsgdb9nsd_o"
GDB_W1-F12_1053,GDB_W1-F12,1.9070174387288674,"-1,dsgdb9nsd_001160,4,dsgdb9nsd_c,4,dsgdb9nsd_h,2,dsgdb9nsd_n,1,dsgdb9nsd_o"
GDB_W1-F12_1054,GDB_W1-F12,2.4793784832183063,"-1,dsgdb9nsd_001161,6,dsgdb9nsd_c,8,dsgdb9nsd_h,1,dsgdb9nsd_o"
GDB_W1-F12_1055,GDB_W1-F12,2.334067746457571,"-1,dsgdb9nsd_001162,5,dsgdb9nsd_c,7,dsgdb9nsd_h,1,dsgdb9nsd_n,1,dsgdb9nsd_o"
GDB_W1-F12_1056,GDB_W1-F12,2.163548169585384,"-1,dsgdb9nsd_001163,5,dsgdb9nsd_c,6,dsgdb9nsd_h,2,dsgdb9nsd_o"
GDB_W1-F12_1057,GDB_W1-F12,2.0149875233263823,"-1,dsgdb9nsd_001164,4,dsgdb9nsd_c,5,dsgdb9nsd_h,1,dsgdb9nsd_n,2,dsgdb9nsd_o"
GDB_W1-F12_1058,GDB_W1-F12,2.434676581239823,"-1,dsgdb9nsd_001165,5,dsgdb9nsd_c,8,dsgdb9nsd_h,2,dsgdb9nsd_o"
GDB_W1-F12_1059,GDB_W1-F12,2.127874928103998,"-1,dsgdb9nsd_001166,4,dsgdb9nsd_c,6,dsgdb9nsd_h,3,dsgdb9nsd_o"
GDB_W1-F12_1060,GDB_W1-F12,2.6941710410548314,"-1,dsgdb9nsd_001167,6,dsgdb9nsd_c,10,dsgdb9nsd_h,1,dsgdb9nsd_o"
GDB_W1-F12_1061,GDB_W1-F12,2.5515961354981935,"-1,dsgdb9nsd_001168,5,dsgdb9nsd_c,9,dsgdb9nsd_h,1,dsgdb9nsd_n,1,dsgdb9nsd_o"
GDB_W1-F12_1062,GDB_W1-F12,2.4557274219777856,"-1,dsgdb9nsd_001169,4,dsgdb9nsd_c,9,dsgdb9nsd_h,3,dsgdb9nsd_n"
GDB_W1-F12_1063,GDB_W1-F12,2.3506543677441925,"-1,dsgdb9nsd_001170,4,dsgdb9nsd_c,8,dsgdb9nsd_h,2,dsgdb9nsd_n,1,dsgdb9nsd_o"
GDB_W1-F12_1064,GDB_W1-F12,2.3493164373467943,"-1,dsgdb9nsd_001171,4,dsgdb9nsd_c,8,dsgdb9nsd_h,2,dsgdb9nsd_n,1,dsgdb9nsd_o"
GDB_W1-F12_1065,GDB_W1-F12,2.3849358485652186,"-1,dsgdb9nsd_001172,5,dsgdb9nsd_c,8,dsgdb9nsd_h,2,dsgdb9nsd_o"
GDB_W1-F12_1066,GDB_W1-F12,2.2370518120110114,"-1,dsgdb9nsd_001173,4,dsgdb9nsd_c,7,dsgdb9nsd_h,1,dsgdb9nsd_n,2,dsgdb9nsd_o"
GDB_W1-F12_1067,GDB_W1-F12,3.006410024049478,"-1,dsgdb9nsd_001174,7,dsgdb9nsd_c,12,dsgdb9nsd_h"
GDB_W1-F12_1068,GDB_W1-F12,2.8647433390433803,"-1,dsgdb9nsd_001175,6,dsgdb9nsd_c,11,dsgdb9nsd_h,1,dsgdb9nsd_n"
GDB_W1-F12_1069,GDB_W1-F12,2.6583027698487016,"-1,dsgdb9nsd_001176,5,dsgdb9nsd_c,10,dsgdb9nsd_h,2,dsgdb9nsd_n"
GDB_W1-F12_1070,GDB_W1-F12,2.6958014913385226,"-1,dsgdb9nsd_001177,6,dsgdb9nsd_c,10,dsgdb9nsd_h,1,dsgdb9nsd_o"
GDB_W1-F12_1071,GDB_W1-F12,2.551623245845851,"-1,dsgdb9nsd_001178,5,dsgdb9nsd_c,9,dsgdb9nsd_h,1,dsgdb9nsd_n,1,dsgdb9nsd_o"
GDB_W1-F12_1072,GDB_W1-F12,2.6458357899489657,"-1,dsgdb9nsd_001179,5,dsgdb9nsd_c,10,dsgdb9nsd_h,2,dsgdb9nsd_n"
GDB_W1-F12_1073,GDB_W1-F12,2.6744046303268014,"-1,dsgdb9nsd_001180,6,dsgdb9nsd_c,10,dsgdb9nsd_h,1,dsgdb9nsd_o"
GDB_W1-F12_1074,GDB_W1-F12,2.5306688243692714,"-1,dsgdb9nsd_001181,5,dsgdb9nsd_c,9,dsgdb9nsd_h,1,dsgdb9nsd_n,1,dsgdb9nsd_o"
GDB_W1-F12_1075,GDB_W1-F12,2.3194812862073713,"-1,dsgdb9nsd_001196,5,dsgdb9nsd_c,7,dsgdb9nsd_h,1,dsgdb9nsd_n,1,dsgdb9nsd_o"
GDB_W1-F12_1076,GDB_W1-F12,3.013454693783942,"-1,dsgdb9nsd_001197,7,dsgdb9nsd_c,12,dsgdb9nsd_h"
GDB_W1-F12_1077,GDB_W1-F12,2.703110522021877,"-1,dsgdb9nsd_001198,6,dsgdb9nsd_c,10,dsgdb9nsd_h,1,dsgdb9nsd_o"
GDB_W1-F12_1078,GDB_W1-F12,2.0062551722997966,"-1,dsgdb9nsd_001199,6,dsgdb9nsd_c,4,dsgdb9nsd_h,1,dsgdb9nsd_o"
GDB_W1-F12_1079,GDB_W1-F12,1.8521457269486121,"-1,dsgdb9nsd_001200,5,dsgdb9nsd_c,3,dsgdb9nsd_h,1,dsgdb9nsd_n,1,dsgdb9nsd_o"
GDB_W1-F12_1080,GDB_W1-F12,1.8280956757161473,"-1,dsgdb9nsd_001201,5,dsgdb9nsd_c,3,dsgdb9nsd_h,1,dsgdb9nsd_n,1,dsgdb9nsd_o"
GDB_W1-F12_1081,GDB_W1-F12,1.674244929247945,"-1,dsgdb9nsd_001202,4,dsgdb9nsd_c,2,dsgdb9nsd_h,2,dsgdb9nsd_n,1,dsgdb9nsd_o"
GDB_W1-F12_1082,GDB_W1-F12,1.9518091401483626,"-1,dsgdb9nsd_001203,5,dsgdb9nsd_c,4,dsgdb9nsd_h,2,dsgdb9nsd_o"
GDB_W1-F12_1083,GDB_W1-F12,1.7737405935859634,"-1,dsgdb9nsd_001204,4,dsgdb9nsd_c,3,dsgdb9nsd_h,1,dsgdb9nsd_n,2,dsgdb9nsd_o"
GDB_W1-F12_1084,GDB_W1-F12,2.2749731247300686,"-1,dsgdb9nsd_001205,5,dsgdb9nsd_c,7,dsgdb9nsd_h,1,dsgdb9nsd_n,1,dsgdb9nsd_o"
GDB_W1-F12_1085,GDB_W1-F12,2.122426237460527,"-1,dsgdb9nsd_001206,4,dsgdb9nsd_c,6,dsgdb9nsd_h,2,dsgdb9nsd_n,1,dsgdb9nsd_o"
GDB_W1-F12_1086,GDB_W1-F12,2.4888753023841477,"-1,dsgdb9nsd_001207,6,dsgdb9nsd_c,8,dsgdb9nsd_h,1,dsgdb9nsd_o"
GDB_W1-F12_1087,GDB_W1-F12,2.3464260172416367,"-1,dsgdb9nsd_001208,5,dsgdb9nsd_c,7,dsgdb9nsd_h,1,dsgdb9nsd_n,1,dsgdb9nsd_o"
GDB_W1-F12_1088,GDB_W1-F12,2.301191694616436,"-1,dsgdb9nsd_001209,5,dsgdb9nsd_c,7,dsgdb9nsd_h,1,dsgdb9nsd_n,1,dsgdb9nsd_o"
GDB_W1-F12_1089,GDB_W1-F12,2.15614206945126,"-1,dsgdb9nsd_001210,4,dsgdb9nsd_c,6,dsgdb9nsd_h,2,dsgdb9nsd_n,1,dsgdb9nsd_o"
GDB_W1-F12_1090,GDB_W1-F12,2.1883759206298414,"-1,dsgdb9nsd_001211,5,dsgdb9nsd_c,6,dsgdb9nsd_h,2,dsgdb9nsd_o"
GDB_W1-F12_1091,GDB_W1-F12,2.311907765493411,"-1,dsgdb9nsd_001213,5,dsgdb9nsd_c,7,dsgdb9nsd_h,1,dsgdb9nsd_n,1,dsgdb9nsd_o"
GDB_W1-F12_1092,GDB_W1-F12,2.1153742180362327,"-1,dsgdb9nsd_001215,4,dsgdb9nsd_c,6,dsgdb9nsd_h,2,dsgdb9nsd_n,1,dsgdb9nsd_o"
GDB_W1-F12_1093,GDB_W1-F12,2.004792732228474,"-1,dsgdb9nsd_001217,4,dsgdb9nsd_c,5,dsgdb9nsd_h,1,dsgdb9nsd_n,2,dsgdb9nsd_o"
GDB_W1-F12_1094,GDB_W1-F12,1.858568737543054,"-1,dsgdb9nsd_001218,3,dsgdb9nsd_c,4,dsgdb9nsd_h,2,dsgdb9nsd_n,2,dsgdb9nsd_o"
GDB_W1-F12_1095,GDB_W1-F12,2.232394132532342,"-1,dsgdb9nsd_001219,4,dsgdb9nsd_c,7,dsgdb9nsd_h,1,dsgdb9nsd_n,2,dsgdb9nsd_o"
GDB_W1-F12_1096,GDB_W1-F12,2.443513941039541,"-1,dsgdb9nsd_001220,5,dsgdb9nsd_c,8,dsgdb9nsd_h,2,dsgdb9nsd_o"
GDB_W1-F12_1097,GDB_W1-F12,2.2658746134947556,"-1,dsgdb9nsd_001221,4,dsgdb9nsd_c,7,dsgdb9nsd_h,1,dsgdb9nsd_n,2,dsgdb9nsd_o"
GDB_W1-F12_1098,GDB_W1-F12,2.226026992010703,"-1,dsgdb9nsd_001222,4,dsgdb9nsd_c,7,dsgdb9nsd_h,1,dsgdb9nsd_n,2,dsgdb9nsd_o"
GDB_W1-F12_1099,GDB_W1-F12,2.1393393988369325,"-1,dsgdb9nsd_001223,4,dsgdb9nsd_c,6,dsgdb9nsd_h,3,dsgdb9nsd_o"
GDB_W1-F12_1100,GDB_W1-F12,2.259028453910575,"-1,dsgdb9nsd_001224,4,dsgdb9nsd_c,7,dsgdb9nsd_h,1,dsgdb9nsd_n,2,dsgdb9nsd_o"
GDB_W1-F12_1101,GDB_W1-F12,2.1465754680720655,"-1,dsgdb9nsd_001225,4,dsgdb9nsd_c,6,dsgdb9nsd_h,3,dsgdb9nsd_o"
GDB_W1-F12_1102,GDB_W1-F12,2.2668780230463694,"-1,dsgdb9nsd_001226,4,dsgdb9nsd_c,7,dsgdb9nsd_h,1,dsgdb9nsd_n,2,dsgdb9nsd_o"
GDB_W1-F12_1103,GDB_W1-F12,2.0889886068471704,"-1,dsgdb9nsd_001227,3,dsgdb9nsd_c,6,dsgdb9nsd_h,2,dsgdb9nsd_n,2,dsgdb9nsd_o"
GDB_W1-F12_1104,GDB_W1-F12,2.048600384760221,"-1,dsgdb9nsd_001228,3,dsgdb9nsd_c,6,dsgdb9nsd_h,2,dsgdb9nsd_n,2,dsgdb9nsd_o"
GDB_W1-F12_1105,GDB_W1-F12,1.9619942612727475,"-1,dsgdb9nsd_001229,3,dsgdb9nsd_c,5,dsgdb9nsd_h,1,dsgdb9nsd_n,3,dsgdb9nsd_o"
GDB_W1-F12_1106,GDB_W1-F12,2.0729777856320006,"-1,dsgdb9nsd_001230,3,dsgdb9nsd_c,6,dsgdb9nsd_h,2,dsgdb9nsd_n,2,dsgdb9nsd_o"
GDB_W1-F12_1107,GDB_W1-F12,1.963516851830334,"-1,dsgdb9nsd_001231,3,dsgdb9nsd_c,5,dsgdb9nsd_h,1,dsgdb9nsd_n,3,dsgdb9nsd_o"
GDB_W1-F12_1108,GDB_W1-F12,2.070275784992823,"-1,dsgdb9nsd_001232,3,dsgdb9nsd_c,6,dsgdb9nsd_h,2,dsgdb9nsd_n,2,dsgdb9nsd_o"
GDB_W1-F12_1109,GDB_W1-F12,2.5321241840694064,"-1,dsgdb9nsd_001233,7,dsgdb9nsd_c,8,dsgdb9nsd_h"
GDB_W1-F12_1110,GDB_W1-F12,2.3828410291970026,"-1,dsgdb9nsd_001234,6,dsgdb9nsd_c,7,dsgdb9nsd_h,1,dsgdb9nsd_n"
GDB_W1-F12_1111,GDB_W1-F12,2.2166126321576516,"-1,dsgdb9nsd_001235,6,dsgdb9nsd_c,6,dsgdb9nsd_h,1,dsgdb9nsd_o"
GDB_W1-F12_1112,GDB_W1-F12,2.0656528747103198,"-1,dsgdb9nsd_001236,5,dsgdb9nsd_c,5,dsgdb9nsd_h,1,dsgdb9nsd_n,1,dsgdb9nsd_o"
GDB_W1-F12_1113,GDB_W1-F12,2.479524232412192,"-1,dsgdb9nsd_001237,6,dsgdb9nsd_c,8,dsgdb9nsd_h,1,dsgdb9nsd_o"
GDB_W1-F12_1114,GDB_W1-F12,2.163675149341537,"-1,dsgdb9nsd_001238,5,dsgdb9nsd_c,6,dsgdb9nsd_h,2,dsgdb9nsd_o"
GDB_W1-F12_1115,GDB_W1-F12,3.0053127545603897,"-1,dsgdb9nsd_001239,7,dsgdb9nsd_c,12,dsgdb9nsd_h"
GDB_W1-F12_1116,GDB_W1-F12,2.8635963778742632,"-1,dsgdb9nsd_001240,6,dsgdb9nsd_c,11,dsgdb9nsd_h,1,dsgdb9nsd_n"
GDB_W1-F12_1117,GDB_W1-F12,2.6467795892452024,"-1,dsgdb9nsd_001241,5,dsgdb9nsd_c,10,dsgdb9nsd_h,2,dsgdb9nsd_n"
GDB_W1-F12_1118,GDB_W1-F12,2.676690130481438,"-1,dsgdb9nsd_001242,6,dsgdb9nsd_c,10,dsgdb9nsd_h,1,dsgdb9nsd_o"
GDB_W1-F12_1119,GDB_W1-F12,2.5321122049674,"-1,dsgdb9nsd_001243,5,dsgdb9nsd_c,9,dsgdb9nsd_h,1,dsgdb9nsd_n,1,dsgdb9nsd_o"
GDB_W1-F12_1120,GDB_W1-F12,2.6958130513233516,"-1,dsgdb9nsd_001244,6,dsgdb9nsd_c,10,dsgdb9nsd_h,1,dsgdb9nsd_o"
GDB_W1-F12_1121,GDB_W1-F12,2.554138205484292,"-1,dsgdb9nsd_001245,5,dsgdb9nsd_c,9,dsgdb9nsd_h,1,dsgdb9nsd_n,1,dsgdb9nsd_o"
GDB_W1-F12_1122,GDB_W1-F12,2.6378018188164147,"-1,dsgdb9nsd_001246,5,dsgdb9nsd_c,10,dsgdb9nsd_h,2,dsgdb9nsd_n"
GDB_W1-F12_1123,GDB_W1-F12,2.366347227226117,"-1,dsgdb9nsd_001255,4,dsgdb9nsd_c,8,dsgdb9nsd_h,2,dsgdb9nsd_n,1,dsgdb9nsd_o"
GDB_W1-F12_1124,GDB_W1-F12,2.181605820455077,"-1,dsgdb9nsd_001256,3,dsgdb9nsd_c,7,dsgdb9nsd_h,3,dsgdb9nsd_n,1,dsgdb9nsd_o"
GDB_W1-F12_1125,GDB_W1-F12,2.2477796436665964,"-1,dsgdb9nsd_001257,4,dsgdb9nsd_c,7,dsgdb9nsd_h,1,dsgdb9nsd_n,2,dsgdb9nsd_o"
GDB_W1-F12_1126,GDB_W1-F12,2.065894675043657,"-1,dsgdb9nsd_001258,3,dsgdb9nsd_c,6,dsgdb9nsd_h,2,dsgdb9nsd_n,2,dsgdb9nsd_o"
GDB_W1-F12_1127,GDB_W1-F12,2.0701747363192635,"-1,dsgdb9nsd_001259,3,dsgdb9nsd_c,6,dsgdb9nsd_h,2,dsgdb9nsd_n,2,dsgdb9nsd_o"
GDB_W1-F12_1128,GDB_W1-F12,2.167668239651056,"-1,dsgdb9nsd_001261,5,dsgdb9nsd_c,6,dsgdb9nsd_h,2,dsgdb9nsd_o"
GDB_W1-F12_1129,GDB_W1-F12,2.489891352382365,"-1,dsgdb9nsd_001262,6,dsgdb9nsd_c,8,dsgdb9nsd_h,1,dsgdb9nsd_o"
GDB_W1-F12_1130,GDB_W1-F12,2.3117714249224126,"-1,dsgdb9nsd_001263,5,dsgdb9nsd_c,7,dsgdb9nsd_h,1,dsgdb9nsd_n,1,dsgdb9nsd_o"
GDB_W1-F12_1131,GDB_W1-F12,1.99007215288768,"-1,dsgdb9nsd_001265,4,dsgdb9nsd_c,5,dsgdb9nsd_h,1,dsgdb9nsd_n,2,dsgdb9nsd_o"
GDB_W1-F12_1132,GDB_W1-F12,2.691376941407768,"-1,dsgdb9nsd_001266,6,dsgdb9nsd_c,10,dsgdb9nsd_h,1,dsgdb9nsd_o"
GDB_W1-F12_1133,GDB_W1-F12,2.3796039880303446,"-1,dsgdb9nsd_001267,5,dsgdb9nsd_c,8,dsgdb9nsd_h,2,dsgdb9nsd_o"
GDB_W1-F12_1134,GDB_W1-F12,3.0115251340720133,"-1,dsgdb9nsd_001268,7,dsgdb9nsd_c,12,dsgdb9nsd_h"
GDB_W1-F12_1135,GDB_W1-F12,2.697651511215496,"-1,dsgdb9nsd_001269,6,dsgdb9nsd_c,10,dsgdb9nsd_h,1,dsgdb9nsd_o"
GDB_W1-F12_1136,GDB_W1-F12,2.7383979239103824,"-1,dsgdb9nsd_001301,6,dsgdb9nsd_c,10,dsgdb9nsd_h,1,dsgdb9nsd_o"
GDB_W1-F12_1137,GDB_W1-F12,2.5575170453068714,"-1,dsgdb9nsd_001302,5,dsgdb9nsd_c,9,dsgdb9nsd_h,1,dsgdb9nsd_n,1,dsgdb9nsd_o"
GDB_W1-F12_1138,GDB_W1-F12,2.534218614598872,"-1,dsgdb9nsd_001303,5,dsgdb9nsd_c,9,dsgdb9nsd_h,1,dsgdb9nsd_n,1,dsgdb9nsd_o"
GDB_W1-F12_1139,GDB_W1-F12,2.449515080712597,"-1,dsgdb9nsd_001304,5,dsgdb9nsd_c,8,dsgdb9nsd_h,2,dsgdb9nsd_o"
GDB_W1-F12_1140,GDB_W1-F12,2.526702624490412,"-1,dsgdb9nsd_001305,5,dsgdb9nsd_c,9,dsgdb9nsd_h,1,dsgdb9nsd_n,1,dsgdb9nsd_o"
GDB_W1-F12_1141,GDB_W1-F12,2.4183291404057754,"-1,dsgdb9nsd_001306,5,dsgdb9nsd_c,8,dsgdb9nsd_h,2,dsgdb9nsd_o"
GDB_W1-F12_1142,GDB_W1-F12,2.2430561133893203,"-1,dsgdb9nsd_001307,4,dsgdb9nsd_c,7,dsgdb9nsd_h,1,dsgdb9nsd_n,2,dsgdb9nsd_o"
GDB_W1-F12_1143,GDB_W1-F12,2.4267869505574873,"-1,dsgdb9nsd_001308,5,dsgdb9nsd_c,8,dsgdb9nsd_h,2,dsgdb9nsd_o"
GDB_W1-F12_1144,GDB_W1-F12,2.244761612739116,"-1,dsgdb9nsd_001309,4,dsgdb9nsd_c,7,dsgdb9nsd_h,1,dsgdb9nsd_n,2,dsgdb9nsd_o"
GDB_W1-F12_1145,GDB_W1-F12,2.2213283521942815,"-1,dsgdb9nsd_001310,4,dsgdb9nsd_c,7,dsgdb9nsd_h,1,dsgdb9nsd_n,2,dsgdb9nsd_o"
GDB_W1-F12_1146,GDB_W1-F12,2.134985818352602,"-1,dsgdb9nsd_001311,4,dsgdb9nsd_c,6,dsgdb9nsd_h,3,dsgdb9nsd_o"
GDB_W1-F12_1147,GDB_W1-F12,2.769444714126871,"-1,dsgdb9nsd_001320,7,dsgdb9nsd_c,10,dsgdb9nsd_h"
GDB_W1-F12_1148,GDB_W1-F12,2.627482628003081,"-1,dsgdb9nsd_001321,6,dsgdb9nsd_c,9,dsgdb9nsd_h,1,dsgdb9nsd_n"
GDB_W1-F12_1149,GDB_W1-F12,2.5592813262392964,"-1,dsgdb9nsd_001322,6,dsgdb9nsd_c,9,dsgdb9nsd_h,1,dsgdb9nsd_n"
GDB_W1-F12_1150,GDB_W1-F12,2.4152669906224937,"-1,dsgdb9nsd_001323,5,dsgdb9nsd_c,8,dsgdb9nsd_h,2,dsgdb9nsd_n"
GDB_W1-F12_1151,GDB_W1-F12,2.4521725720636205,"-1,dsgdb9nsd_001324,6,dsgdb9nsd_c,8,dsgdb9nsd_h,1,dsgdb9nsd_o"
GDB_W1-F12_1152,GDB_W1-F12,2.306070484700978,"-1,dsgdb9nsd_001325,5,dsgdb9nsd_c,7,dsgdb9nsd_h,1,dsgdb9nsd_n,1,dsgdb9nsd_o"
GDB_W1-F12_1153,GDB_W1-F12,2.456290111490209,"-1,dsgdb9nsd_001326,6,dsgdb9nsd_c,8,dsgdb9nsd_h,1,dsgdb9nsd_o"
GDB_W1-F12_1154,GDB_W1-F12,2.313374446138159,"-1,dsgdb9nsd_001327,5,dsgdb9nsd_c,7,dsgdb9nsd_h,1,dsgdb9nsd_n,1,dsgdb9nsd_o"
GDB_W1-F12_1155,GDB_W1-F12,2.726663803065386,"-1,dsgdb9nsd_001328,6,dsgdb9nsd_c,10,dsgdb9nsd_h,1,dsgdb9nsd_o"
GDB_W1-F12_1156,GDB_W1-F12,2.5260061250460732,"-1,dsgdb9nsd_001329,5,dsgdb9nsd_c,9,dsgdb9nsd_h,1,dsgdb9nsd_n,1,dsgdb9nsd_o"
GDB_W1-F12_1157,GDB_W1-F12,2.5178078344820842,"-1,dsgdb9nsd_001330,5,dsgdb9nsd_c,9,dsgdb9nsd_h,1,dsgdb9nsd_n,1,dsgdb9nsd_o"
GDB_W1-F12_1158,GDB_W1-F12,2.4066396595242505,"-1,dsgdb9nsd_001331,5,dsgdb9nsd_c,8,dsgdb9nsd_h,2,dsgdb9nsd_o"
GDB_W1-F12_1159,GDB_W1-F12,2.4125021000961806,"-1,dsgdb9nsd_001332,5,dsgdb9nsd_c,8,dsgdb9nsd_h,2,dsgdb9nsd_o"
GDB_W1-F12_1160,GDB_W1-F12,3.0540335265388485,"-1,dsgdb9nsd_001343,7,dsgdb9nsd_c,12,dsgdb9nsd_h"
GDB_W1-F12_1161,GDB_W1-F12,2.5552327961293635,"-1,dsgdb9nsd_001344,5,dsgdb9nsd_c,9,dsgdb9nsd_h,1,dsgdb9nsd_n,1,dsgdb9nsd_o"
GDB_W1-F12_1162,GDB_W1-F12,2.7448889430397774,"-1,dsgdb9nsd_001345,6,dsgdb9nsd_c,10,dsgdb9nsd_h,1,dsgdb9nsd_o"
GDB_W1-F12_1163,GDB_W1-F12,3.0538452058761574,"-1,dsgdb9nsd_001346,7,dsgdb9nsd_c,12,dsgdb9nsd_h"
GDB_W1-F12_1164,GDB_W1-F12,2.5521393862602806,"-1,dsgdb9nsd_001347,5,dsgdb9nsd_c,9,dsgdb9nsd_h,1,dsgdb9nsd_n,1,dsgdb9nsd_o"
GDB_W1-F12_1165,GDB_W1-F12,2.734706043395797,"-1,dsgdb9nsd_001348,6,dsgdb9nsd_c,10,dsgdb9nsd_h,1,dsgdb9nsd_o"
GDB_W1-F12_1166,GDB_W1-F12,2.7444977234484433,"-1,dsgdb9nsd_001349,6,dsgdb9nsd_c,10,dsgdb9nsd_h,1,dsgdb9nsd_o"
GDB_W1-F12_1167,GDB_W1-F12,1.9922051421975306,"-1,dsgdb9nsd_001364,6,dsgdb9nsd_c,4,dsgdb9nsd_h,1,dsgdb9nsd_o"
GDB_W1-F12_1168,GDB_W1-F12,1.840012145999248,"-1,dsgdb9nsd_001365,5,dsgdb9nsd_c,3,dsgdb9nsd_h,1,dsgdb9nsd_n,1,dsgdb9nsd_o"
GDB_W1-F12_1169,GDB_W1-F12,1.8464152859773637,"-1,dsgdb9nsd_001366,5,dsgdb9nsd_c,3,dsgdb9nsd_h,1,dsgdb9nsd_n,1,dsgdb9nsd_o"
GDB_W1-F12_1170,GDB_W1-F12,1.691557949129078,"-1,dsgdb9nsd_001367,4,dsgdb9nsd_c,2,dsgdb9nsd_h,2,dsgdb9nsd_n,1,dsgdb9nsd_o"
GDB_W1-F12_1171,GDB_W1-F12,1.9474889997966003,"-1,dsgdb9nsd_001368,5,dsgdb9nsd_c,4,dsgdb9nsd_h,2,dsgdb9nsd_o"
GDB_W1-F12_1172,GDB_W1-F12,1.7916654735518782,"-1,dsgdb9nsd_001369,4,dsgdb9nsd_c,3,dsgdb9nsd_h,1,dsgdb9nsd_n,2,dsgdb9nsd_o"
GDB_W1-F12_1173,GDB_W1-F12,1.8701502168679465,"-1,dsgdb9nsd_001370,4,dsgdb9nsd_c,4,dsgdb9nsd_h,2,dsgdb9nsd_n,1,dsgdb9nsd_o"
GDB_W1-F12_1174,GDB_W1-F12,1.7585279021532165,"-1,dsgdb9nsd_001371,4,dsgdb9nsd_c,3,dsgdb9nsd_h,1,dsgdb9nsd_n,2,dsgdb9nsd_o"
GDB_W1-F12_1175,GDB_W1-F12,1.604444007013882,"-1,dsgdb9nsd_001372,3,dsgdb9nsd_c,2,dsgdb9nsd_h,2,dsgdb9nsd_n,2,dsgdb9nsd_o"
GDB_W1-F12_1176,GDB_W1-F12,1.822112875208436,"-1,dsgdb9nsd_001373,3,dsgdb9nsd_c,4,dsgdb9nsd_h,4,dsgdb9nsd_n"
GDB_W1-F12_1177,GDB_W1-F12,1.8685743968351394,"-1,dsgdb9nsd_001374,4,dsgdb9nsd_c,4,dsgdb9nsd_h,2,dsgdb9nsd_n,1,dsgdb9nsd_o"
GDB_W1-F12_1178,GDB_W1-F12,1.7581195720632463,"-1,dsgdb9nsd_001375,4,dsgdb9nsd_c,3,dsgdb9nsd_h,1,dsgdb9nsd_n,2,dsgdb9nsd_o"
GDB_W1-F12_1179,GDB_W1-F12,1.6030518861995968,"-1,dsgdb9nsd_001376,3,dsgdb9nsd_c,2,dsgdb9nsd_h,2,dsgdb9nsd_n,2,dsgdb9nsd_o"
GDB_W1-F12_1180,GDB_W1-F12,1.776807783930592,"-1,dsgdb9nsd_001377,4,dsgdb9nsd_c,3,dsgdb9nsd_h,1,dsgdb9nsd_n,2,dsgdb9nsd_o"
GDB_W1-F12_1181,GDB_W1-F12,1.8238810046883327,"-1,dsgdb9nsd_001378,3,dsgdb9nsd_c,4,dsgdb9nsd_h,2,dsgdb9nsd_n,2,dsgdb9nsd_o"
GDB_W1-F12_1182,GDB_W1-F12,1.7154814604393862,"-1,dsgdb9nsd_001379,3,dsgdb9nsd_c,3,dsgdb9nsd_h,1,dsgdb9nsd_n,3,dsgdb9nsd_o"
GDB_W1-F12_1183,GDB_W1-F12,1.9281099393956136,"-1,dsgdb9nsd_001380,3,dsgdb9nsd_c,5,dsgdb9nsd_h,3,dsgdb9nsd_n,1,dsgdb9nsd_o"
GDB_W1-F12_1184,GDB_W1-F12,1.817352484929907,"-1,dsgdb9nsd_001381,3,dsgdb9nsd_c,4,dsgdb9nsd_h,2,dsgdb9nsd_n,2,dsgdb9nsd_o"
GDB_W1-F12_1185,GDB_W1-F12,1.7103635106190893,"-1,dsgdb9nsd_001382,3,dsgdb9nsd_c,3,dsgdb9nsd_h,1,dsgdb9nsd_n,3,dsgdb9nsd_o"
GDB_W1-F12_1186,GDB_W1-F12,1.7246012717515147,"-1,dsgdb9nsd_001383,3,dsgdb9nsd_c,3,dsgdb9nsd_h,1,dsgdb9nsd_n,3,dsgdb9nsd_o"
GDB_W1-F12_1187,GDB_W1-F12,1.8445566957118587,"-1,dsgdb9nsd_001385,5,dsgdb9nsd_c,3,dsgdb9nsd_h,1,dsgdb9nsd_n,1,dsgdb9nsd_o"
GDB_W1-F12_1188,GDB_W1-F12,1.9470382910635986,"-1,dsgdb9nsd_001386,5,dsgdb9nsd_c,4,dsgdb9nsd_h,2,dsgdb9nsd_o"
GDB_W1-F12_1189,GDB_W1-F12,2.523903673920572,"-1,dsgdb9nsd_001387,7,dsgdb9nsd_c,8,dsgdb9nsd_h"
GDB_W1-F12_1190,GDB_W1-F12,2.3805073480964998,"-1,dsgdb9nsd_001388,6,dsgdb9nsd_c,7,dsgdb9nsd_h,1,dsgdb9nsd_n"
GDB_W1-F12_1191,GDB_W1-F12,2.170685990104683,"-1,dsgdb9nsd_001389,5,dsgdb9nsd_c,6,dsgdb9nsd_h,2,dsgdb9nsd_n"
GDB_W1-F12_1192,GDB_W1-F12,2.205689850457395,"-1,dsgdb9nsd_001390,6,dsgdb9nsd_c,6,dsgdb9nsd_h,1,dsgdb9nsd_o"
GDB_W1-F12_1193,GDB_W1-F12,2.0597386245620504,"-1,dsgdb9nsd_001391,5,dsgdb9nsd_c,5,dsgdb9nsd_h,1,dsgdb9nsd_n,1,dsgdb9nsd_o"
GDB_W1-F12_1194,GDB_W1-F12,2.483449403428438,"-1,dsgdb9nsd_001392,6,dsgdb9nsd_c,8,dsgdb9nsd_h,1,dsgdb9nsd_o"
GDB_W1-F12_1195,GDB_W1-F12,2.1696471197338787,"-1,dsgdb9nsd_001393,5,dsgdb9nsd_c,6,dsgdb9nsd_h,2,dsgdb9nsd_o"
GDB_W1-F12_1196,GDB_W1-F12,2.5224250842922804,"-1,dsgdb9nsd_001394,7,dsgdb9nsd_c,8,dsgdb9nsd_h"
GDB_W1-F12_1197,GDB_W1-F12,2.3791780088044523,"-1,dsgdb9nsd_001395,6,dsgdb9nsd_c,7,dsgdb9nsd_h,1,dsgdb9nsd_n"
GDB_W1-F12_1198,GDB_W1-F12,2.37945197757641,"-1,dsgdb9nsd_001396,6,dsgdb9nsd_c,7,dsgdb9nsd_h,1,dsgdb9nsd_n"
GDB_W1-F12_1199,GDB_W1-F12,2.2341418830370543,"-1,dsgdb9nsd_001397,5,dsgdb9nsd_c,6,dsgdb9nsd_h,2,dsgdb9nsd_n"
GDB_W1-F12_1200,GDB_W1-F12,2.1704065202205625,"-1,dsgdb9nsd_001398,5,dsgdb9nsd_c,6,dsgdb9nsd_h,2,dsgdb9nsd_n"
GDB_W1-F12_1201,GDB_W1-F12,2.172229560425196,"-1,dsgdb9nsd_001399,5,dsgdb9nsd_c,6,dsgdb9nsd_h,2,dsgdb9nsd_n"
GDB_W1-F12_1202,GDB_W1-F12,2.025477194434313,"-1,dsgdb9nsd_001400,4,dsgdb9nsd_c,5,dsgdb9nsd_h,3,dsgdb9nsd_n"
GDB_W1-F12_1203,GDB_W1-F12,2.2049810611587692,"-1,dsgdb9nsd_001401,6,dsgdb9nsd_c,6,dsgdb9nsd_h,1,dsgdb9nsd_o"
GDB_W1-F12_1204,GDB_W1-F12,2.058774855846198,"-1,dsgdb9nsd_001402,5,dsgdb9nsd_c,5,dsgdb9nsd_h,1,dsgdb9nsd_n,1,dsgdb9nsd_o"
GDB_W1-F12_1205,GDB_W1-F12,2.0611487658213923,"-1,dsgdb9nsd_001403,5,dsgdb9nsd_c,5,dsgdb9nsd_h,1,dsgdb9nsd_n,1,dsgdb9nsd_o"
GDB_W1-F12_1206,GDB_W1-F12,1.9125564690442374,"-1,dsgdb9nsd_001404,4,dsgdb9nsd_c,4,dsgdb9nsd_h,2,dsgdb9nsd_n,1,dsgdb9nsd_o"
GDB_W1-F12_1207,GDB_W1-F12,2.477152432365301,"-1,dsgdb9nsd_001405,6,dsgdb9nsd_c,8,dsgdb9nsd_h,1,dsgdb9nsd_o"
GDB_W1-F12_1208,GDB_W1-F12,2.3367762362418025,"-1,dsgdb9nsd_001406,5,dsgdb9nsd_c,7,dsgdb9nsd_h,1,dsgdb9nsd_n,1,dsgdb9nsd_o"
GDB_W1-F12_1209,GDB_W1-F12,2.2846409341429665,"-1,dsgdb9nsd_001407,5,dsgdb9nsd_c,7,dsgdb9nsd_h,1,dsgdb9nsd_n,1,dsgdb9nsd_o"
GDB_W1-F12_1210,GDB_W1-F12,2.1382827088148524,"-1,dsgdb9nsd_001408,4,dsgdb9nsd_c,6,dsgdb9nsd_h,2,dsgdb9nsd_n,1,dsgdb9nsd_o"
GDB_W1-F12_1211,GDB_W1-F12,2.1692559989458338,"-1,dsgdb9nsd_001409,5,dsgdb9nsd_c,6,dsgdb9nsd_h,2,dsgdb9nsd_o"
GDB_W1-F12_1212,GDB_W1-F12,2.0216226438657765,"-1,dsgdb9nsd_001410,4,dsgdb9nsd_c,5,dsgdb9nsd_h,1,dsgdb9nsd_n,2,dsgdb9nsd_o"
GDB_W1-F12_1213,GDB_W1-F12,2.47650183182957,"-1,dsgdb9nsd_001411,6,dsgdb9nsd_c,8,dsgdb9nsd_h,1,dsgdb9nsd_o"
GDB_W1-F12_1214,GDB_W1-F12,2.332497496061789,"-1,dsgdb9nsd_001412,5,dsgdb9nsd_c,7,dsgdb9nsd_h,1,dsgdb9nsd_n,1,dsgdb9nsd_o"
GDB_W1-F12_1215,GDB_W1-F12,2.2962860348180545,"-1,dsgdb9nsd_001413,5,dsgdb9nsd_c,7,dsgdb9nsd_h,1,dsgdb9nsd_n,1,dsgdb9nsd_o"
GDB_W1-F12_1216,GDB_W1-F12,2.150421478530497,"-1,dsgdb9nsd_001414,4,dsgdb9nsd_c,6,dsgdb9nsd_h,2,dsgdb9nsd_n,1,dsgdb9nsd_o"
GDB_W1-F12_1217,GDB_W1-F12,2.2632909042966936,"-1,dsgdb9nsd_001415,5,dsgdb9nsd_c,7,dsgdb9nsd_h,1,dsgdb9nsd_n,1,dsgdb9nsd_o"
GDB_W1-F12_1218,GDB_W1-F12,2.116349607293768,"-1,dsgdb9nsd_001416,4,dsgdb9nsd_c,6,dsgdb9nsd_h,2,dsgdb9nsd_n,1,dsgdb9nsd_o"
GDB_W1-F12_1219,GDB_W1-F12,2.175719670280957,"-1,dsgdb9nsd_001417,5,dsgdb9nsd_c,6,dsgdb9nsd_h,2,dsgdb9nsd_o"
GDB_W1-F12_1220,GDB_W1-F12,2.027386443695919,"-1,dsgdb9nsd_001418,4,dsgdb9nsd_c,5,dsgdb9nsd_h,1,dsgdb9nsd_n,2,dsgdb9nsd_o"
GDB_W1-F12_1221,GDB_W1-F12,2.160291769348462,"-1,dsgdb9nsd_001419,5,dsgdb9nsd_c,6,dsgdb9nsd_h,2,dsgdb9nsd_o"
GDB_W1-F12_1222,GDB_W1-F12,2.014147712898357,"-1,dsgdb9nsd_001420,4,dsgdb9nsd_c,5,dsgdb9nsd_h,1,dsgdb9nsd_n,2,dsgdb9nsd_o"
GDB_W1-F12_1223,GDB_W1-F12,2.4320124605068183,"-1,dsgdb9nsd_001421,5,dsgdb9nsd_c,8,dsgdb9nsd_h,2,dsgdb9nsd_o"
GDB_W1-F12_1224,GDB_W1-F12,2.25372215314916,"-1,dsgdb9nsd_001422,4,dsgdb9nsd_c,7,dsgdb9nsd_h,1,dsgdb9nsd_n,2,dsgdb9nsd_o"
GDB_W1-F12_1225,GDB_W1-F12,2.220137571766433,"-1,dsgdb9nsd_001423,4,dsgdb9nsd_c,7,dsgdb9nsd_h,1,dsgdb9nsd_n,2,dsgdb9nsd_o"
GDB_W1-F12_1226,GDB_W1-F12,2.132693707939202,"-1,dsgdb9nsd_001424,4,dsgdb9nsd_c,6,dsgdb9nsd_h,3,dsgdb9nsd_o"
GDB_W1-F12_1227,GDB_W1-F12,2.2409672126568436,"-1,dsgdb9nsd_001425,4,dsgdb9nsd_c,7,dsgdb9nsd_h,1,dsgdb9nsd_n,2,dsgdb9nsd_o"
GDB_W1-F12_1228,GDB_W1-F12,2.1231441182553548,"-1,dsgdb9nsd_001426,4,dsgdb9nsd_c,6,dsgdb9nsd_h,3,dsgdb9nsd_o"
GDB_W1-F12_1229,GDB_W1-F12,2.357997727789716,"-1,dsgdb9nsd_001427,4,dsgdb9nsd_c,8,dsgdb9nsd_h,2,dsgdb9nsd_n,1,dsgdb9nsd_o"
GDB_W1-F12_1230,GDB_W1-F12,2.2410282730895283,"-1,dsgdb9nsd_001428,4,dsgdb9nsd_c,7,dsgdb9nsd_h,1,dsgdb9nsd_n,2,dsgdb9nsd_o"
GDB_W1-F12_1231,GDB_W1-F12,2.1747445391868543,"-1,dsgdb9nsd_001429,3,dsgdb9nsd_c,7,dsgdb9nsd_h,3,dsgdb9nsd_n,1,dsgdb9nsd_o"
GDB_W1-F12_1232,GDB_W1-F12,2.3514602966120512,"-1,dsgdb9nsd_001430,4,dsgdb9nsd_c,8,dsgdb9nsd_h,2,dsgdb9nsd_n,1,dsgdb9nsd_o"
GDB_W1-F12_1233,GDB_W1-F12,2.189133859784007,"-1,dsgdb9nsd_001434,5,dsgdb9nsd_c,6,dsgdb9nsd_h,2,dsgdb9nsd_o"
GDB_W1-F12_1234,GDB_W1-F12,2.484265822974561,"-1,dsgdb9nsd_001435,6,dsgdb9nsd_c,8,dsgdb9nsd_h,1,dsgdb9nsd_o"
GDB_W1-F12_1235,GDB_W1-F12,2.3399168772702943,"-1,dsgdb9nsd_001436,5,dsgdb9nsd_c,7,dsgdb9nsd_h,1,dsgdb9nsd_n,1,dsgdb9nsd_o"
GDB_W1-F12_1236,GDB_W1-F12,2.303785674575764,"-1,dsgdb9nsd_001437,5,dsgdb9nsd_c,7,dsgdb9nsd_h,1,dsgdb9nsd_n,1,dsgdb9nsd_o"
GDB_W1-F12_1237,GDB_W1-F12,2.1592832985186816,"-1,dsgdb9nsd_001438,4,dsgdb9nsd_c,6,dsgdb9nsd_h,2,dsgdb9nsd_n,1,dsgdb9nsd_o"
GDB_W1-F12_1238,GDB_W1-F12,2.1861970499409993,"-1,dsgdb9nsd_001439,5,dsgdb9nsd_c,6,dsgdb9nsd_h,2,dsgdb9nsd_o"
GDB_W1-F12_1239,GDB_W1-F12,2.0412058047708896,"-1,dsgdb9nsd_001440,4,dsgdb9nsd_c,5,dsgdb9nsd_h,1,dsgdb9nsd_n,2,dsgdb9nsd_o"
GDB_W1-F12_1240,GDB_W1-F12,2.1616510890643554,"-1,dsgdb9nsd_001441,5,dsgdb9nsd_c,6,dsgdb9nsd_h,2,dsgdb9nsd_o"
GDB_W1-F12_1241,GDB_W1-F12,2.016591213854732,"-1,dsgdb9nsd_001442,4,dsgdb9nsd_c,5,dsgdb9nsd_h,1,dsgdb9nsd_n,2,dsgdb9nsd_o"
GDB_W1-F12_1242,GDB_W1-F12,2.369353808127268,"-1,dsgdb9nsd_001443,4,dsgdb9nsd_c,8,dsgdb9nsd_h,2,dsgdb9nsd_n,1,dsgdb9nsd_o"
GDB_W1-F12_1243,GDB_W1-F12,2.4422196004222667,"-1,dsgdb9nsd_001444,5,dsgdb9nsd_c,8,dsgdb9nsd_h,2,dsgdb9nsd_o"
GDB_W1-F12_1244,GDB_W1-F12,2.375371218471002,"-1,dsgdb9nsd_001445,4,dsgdb9nsd_c,8,dsgdb9nsd_h,2,dsgdb9nsd_n,1,dsgdb9nsd_o"
GDB_W1-F12_1245,GDB_W1-F12,2.270658734092293,"-1,dsgdb9nsd_001446,4,dsgdb9nsd_c,7,dsgdb9nsd_h,1,dsgdb9nsd_n,2,dsgdb9nsd_o"
GDB_W1-F12_1246,GDB_W1-F12,2.257724782756884,"-1,dsgdb9nsd_001448,4,dsgdb9nsd_c,7,dsgdb9nsd_h,1,dsgdb9nsd_n,2,dsgdb9nsd_o"
GDB_W1-F12_1247,GDB_W1-F12,2.1866277111679153,"-1,dsgdb9nsd_001449,3,dsgdb9nsd_c,7,dsgdb9nsd_h,3,dsgdb9nsd_n,1,dsgdb9nsd_o"
GDB_W1-F12_1248,GDB_W1-F12,2.076372245935872,"-1,dsgdb9nsd_001450,3,dsgdb9nsd_c,6,dsgdb9nsd_h,2,dsgdb9nsd_n,2,dsgdb9nsd_o"
GDB_W1-F12_1249,GDB_W1-F12,2.0661464656644073,"-1,dsgdb9nsd_001451,3,dsgdb9nsd_c,6,dsgdb9nsd_h,2,dsgdb9nsd_n,2,dsgdb9nsd_o"
GDB_W1-F12_1250,GDB_W1-F12,2.0476235246085586,"-1,dsgdb9nsd_001452,3,dsgdb9nsd_c,6,dsgdb9nsd_h,2,dsgdb9nsd_n,2,dsgdb9nsd_o"
GDB_W1-F12_1251,GDB_W1-F12,2.143990369253549,"-1,dsgdb9nsd_001453,4,dsgdb9nsd_c,6,dsgdb9nsd_h,3,dsgdb9nsd_o"
GDB_W1-F12_1252,GDB_W1-F12,2.058719865441389,"-1,dsgdb9nsd_001454,3,dsgdb9nsd_c,6,dsgdb9nsd_h,2,dsgdb9nsd_n,2,dsgdb9nsd_o"
GDB_W1-F12_1253,GDB_W1-F12,1.9683445717696038,"-1,dsgdb9nsd_001455,3,dsgdb9nsd_c,5,dsgdb9nsd_h,1,dsgdb9nsd_n,3,dsgdb9nsd_o"
GDB_W1-F12_1254,GDB_W1-F12,2.064805585510748,"-1,dsgdb9nsd_001456,3,dsgdb9nsd_c,6,dsgdb9nsd_h,2,dsgdb9nsd_n,2,dsgdb9nsd_o"
GDB_W1-F12_1255,GDB_W1-F12,2.0503876852654126,"-1,dsgdb9nsd_001457,3,dsgdb9nsd_c,6,dsgdb9nsd_h,2,dsgdb9nsd_n,2,dsgdb9nsd_o"
GDB_W1-F12_1256,GDB_W1-F12,2.0574510144791103,"-1,dsgdb9nsd_001458,3,dsgdb9nsd_c,6,dsgdb9nsd_h,2,dsgdb9nsd_n,2,dsgdb9nsd_o"
GDB_W1-F12_1257,GDB_W1-F12,2.1203424776862883,"-1,dsgdb9nsd_001459,4,dsgdb9nsd_c,6,dsgdb9nsd_h,3,dsgdb9nsd_o"
GDB_W1-F12_1258,GDB_W1-F12,1.9463722501235379,"-1,dsgdb9nsd_001461,3,dsgdb9nsd_c,5,dsgdb9nsd_h,1,dsgdb9nsd_n,3,dsgdb9nsd_o"
GDB_W1-F12_1259,GDB_W1-F12,1.934416489596992,"-1,dsgdb9nsd_001462,3,dsgdb9nsd_c,5,dsgdb9nsd_h,1,dsgdb9nsd_n,3,dsgdb9nsd_o"
GDB_W1-F12_1260,GDB_W1-F12,2.6985531517857,"-1,dsgdb9nsd_001463,6,dsgdb9nsd_c,10,dsgdb9nsd_h,1,dsgdb9nsd_o"
GDB_W1-F12_1261,GDB_W1-F12,2.3872666787127486,"-1,dsgdb9nsd_001464,5,dsgdb9nsd_c,8,dsgdb9nsd_h,2,dsgdb9nsd_o"
GDB_W1-F12_1262,GDB_W1-F12,3.0114004251979085,"-1,dsgdb9nsd_001465,7,dsgdb9nsd_c,12,dsgdb9nsd_h"
GDB_W1-F12_1263,GDB_W1-F12,2.67929337085872,"-1,dsgdb9nsd_001467,6,dsgdb9nsd_c,10,dsgdb9nsd_h,1,dsgdb9nsd_o"
GDB_W1-F12_1264,GDB_W1-F12,2.6918657706807596,"-1,dsgdb9nsd_001468,6,dsgdb9nsd_c,10,dsgdb9nsd_h,1,dsgdb9nsd_o"
GDB_W1-F12_1265,GDB_W1-F12,2.5497716259930345,"-1,dsgdb9nsd_001469,5,dsgdb9nsd_c,9,dsgdb9nsd_h,1,dsgdb9nsd_n,1,dsgdb9nsd_o"
GDB_W1-F12_1266,GDB_W1-F12,3.005779724402461,"-1,dsgdb9nsd_001470,7,dsgdb9nsd_c,12,dsgdb9nsd_h"
GDB_W1-F12_1267,GDB_W1-F12,2.864248938539763,"-1,dsgdb9nsd_001471,6,dsgdb9nsd_c,11,dsgdb9nsd_h,1,dsgdb9nsd_n"
GDB_W1-F12_1268,GDB_W1-F12,2.6933537115622874,"-1,dsgdb9nsd_001472,6,dsgdb9nsd_c,10,dsgdb9nsd_h,1,dsgdb9nsd_o"
GDB_W1-F12_1269,GDB_W1-F12,2.55077583553257,"-1,dsgdb9nsd_001473,5,dsgdb9nsd_c,9,dsgdb9nsd_h,1,dsgdb9nsd_n,1,dsgdb9nsd_o"
GDB_W1-F12_1270,GDB_W1-F12,2.635734559191462,"-1,dsgdb9nsd_001474,5,dsgdb9nsd_c,10,dsgdb9nsd_h,2,dsgdb9nsd_n"
GDB_W1-F12_1271,GDB_W1-F12,2.6778321514860988,"-1,dsgdb9nsd_001475,6,dsgdb9nsd_c,10,dsgdb9nsd_h,1,dsgdb9nsd_o"
GDB_W1-F12_1272,GDB_W1-F12,2.5360841147202104,"-1,dsgdb9nsd_001476,5,dsgdb9nsd_c,9,dsgdb9nsd_h,1,dsgdb9nsd_n,1,dsgdb9nsd_o"
GDB_W1-F12_1273,GDB_W1-F12,2.3857240693339024,"-1,dsgdb9nsd_001477,5,dsgdb9nsd_c,8,dsgdb9nsd_h,2,dsgdb9nsd_o"
GDB_W1-F12_1274,GDB_W1-F12,2.2358644530454503,"-1,dsgdb9nsd_001478,4,dsgdb9nsd_c,7,dsgdb9nsd_h,1,dsgdb9nsd_n,2,dsgdb9nsd_o"
GDB_W1-F12_1275,GDB_W1-F12,2.2336115420402134,"-1,dsgdb9nsd_001489,4,dsgdb9nsd_c,7,dsgdb9nsd_h,3,dsgdb9nsd_n"
GDB_W1-F12_1276,GDB_W1-F12,2.3471581273037008,"-1,dsgdb9nsd_001490,4,dsgdb9nsd_c,8,dsgdb9nsd_h,2,dsgdb9nsd_n,1,dsgdb9nsd_o"
GDB_W1-F12_1277,GDB_W1-F12,2.4808051023165136,"-1,dsgdb9nsd_001491,6,dsgdb9nsd_c,8,dsgdb9nsd_h,1,dsgdb9nsd_o"
GDB_W1-F12_1278,GDB_W1-F12,2.3303448257741834,"-1,dsgdb9nsd_001492,5,dsgdb9nsd_c,7,dsgdb9nsd_h,1,dsgdb9nsd_n,1,dsgdb9nsd_o"
GDB_W1-F12_1279,GDB_W1-F12,2.2385300924806244,"-1,dsgdb9nsd_001493,4,dsgdb9nsd_c,7,dsgdb9nsd_h,3,dsgdb9nsd_n"
GDB_W1-F12_1280,GDB_W1-F12,2.2978492048426493,"-1,dsgdb9nsd_001494,5,dsgdb9nsd_c,7,dsgdb9nsd_h,1,dsgdb9nsd_n,1,dsgdb9nsd_o"
GDB_W1-F12_1281,GDB_W1-F12,2.273307833538146,"-1,dsgdb9nsd_001495,5,dsgdb9nsd_c,7,dsgdb9nsd_h,1,dsgdb9nsd_n,1,dsgdb9nsd_o"
GDB_W1-F12_1282,GDB_W1-F12,2.123310727692059,"-1,dsgdb9nsd_001496,4,dsgdb9nsd_c,6,dsgdb9nsd_h,2,dsgdb9nsd_n,1,dsgdb9nsd_o"
GDB_W1-F12_1283,GDB_W1-F12,2.183312999460788,"-1,dsgdb9nsd_001497,5,dsgdb9nsd_c,6,dsgdb9nsd_h,2,dsgdb9nsd_o"
GDB_W1-F12_1284,GDB_W1-F12,2.0314714242515355,"-1,dsgdb9nsd_001498,4,dsgdb9nsd_c,5,dsgdb9nsd_h,1,dsgdb9nsd_n,2,dsgdb9nsd_o"
GDB_W1-F12_1285,GDB_W1-F12,2.1124946774480895,"-1,dsgdb9nsd_001499,4,dsgdb9nsd_c,6,dsgdb9nsd_h,2,dsgdb9nsd_n,1,dsgdb9nsd_o"
GDB_W1-F12_1286,GDB_W1-F12,2.143848408050281,"-1,dsgdb9nsd_001500,5,dsgdb9nsd_c,6,dsgdb9nsd_h,2,dsgdb9nsd_o"
GDB_W1-F12_1287,GDB_W1-F12,1.9923706918892794,"-1,dsgdb9nsd_001501,4,dsgdb9nsd_c,5,dsgdb9nsd_h,1,dsgdb9nsd_n,2,dsgdb9nsd_o"
GDB_W1-F12_1288,GDB_W1-F12,2.166065159472056,"-1,dsgdb9nsd_001502,5,dsgdb9nsd_c,6,dsgdb9nsd_h,2,dsgdb9nsd_o"
GDB_W1-F12_1289,GDB_W1-F12,2.435822111354849,"-1,dsgdb9nsd_001504,5,dsgdb9nsd_c,8,dsgdb9nsd_h,2,dsgdb9nsd_o"
GDB_W1-F12_1290,GDB_W1-F12,2.3421505965334175,"-1,dsgdb9nsd_001505,4,dsgdb9nsd_c,8,dsgdb9nsd_h,2,dsgdb9nsd_n,1,dsgdb9nsd_o"
GDB_W1-F12_1291,GDB_W1-F12,2.258042433737849,"-1,dsgdb9nsd_001506,4,dsgdb9nsd_c,7,dsgdb9nsd_h,1,dsgdb9nsd_n,2,dsgdb9nsd_o"
GDB_W1-F12_1292,GDB_W1-F12,2.23123793166209,"-1,dsgdb9nsd_001507,4,dsgdb9nsd_c,7,dsgdb9nsd_h,1,dsgdb9nsd_n,2,dsgdb9nsd_o"
GDB_W1-F12_1293,GDB_W1-F12,2.1375481876338127,"-1,dsgdb9nsd_001508,4,dsgdb9nsd_c,6,dsgdb9nsd_h,3,dsgdb9nsd_o"
GDB_W1-F12_1294,GDB_W1-F12,2.0986847074663912,"-1,dsgdb9nsd_001509,4,dsgdb9nsd_c,6,dsgdb9nsd_h,3,dsgdb9nsd_o"
GDB_W1-F12_1295,GDB_W1-F12,2.1133871675588387,"-1,dsgdb9nsd_001510,4,dsgdb9nsd_c,6,dsgdb9nsd_h,3,dsgdb9nsd_o"
GDB_W1-F12_1296,GDB_W1-F12,2.689400811881027,"-1,dsgdb9nsd_001537,6,dsgdb9nsd_c,10,dsgdb9nsd_h,1,dsgdb9nsd_o"
GDB_W1-F12_1297,GDB_W1-F12,2.5470102860107247,"-1,dsgdb9nsd_001538,5,dsgdb9nsd_c,9,dsgdb9nsd_h,1,dsgdb9nsd_n,1,dsgdb9nsd_o"
GDB_W1-F12_1298,GDB_W1-F12,3.004495874463451,"-1,dsgdb9nsd_001539,7,dsgdb9nsd_c,12,dsgdb9nsd_h"
GDB_W1-F12_1299,GDB_W1-F12,2.8627580877420096,"-1,dsgdb9nsd_001540,6,dsgdb9nsd_c,11,dsgdb9nsd_h,1,dsgdb9nsd_n"
GDB_W1-F12_1300,GDB_W1-F12,2.657111579865284,"-1,dsgdb9nsd_001541,5,dsgdb9nsd_c,10,dsgdb9nsd_h,2,dsgdb9nsd_n"
GDB_W1-F12_1301,GDB_W1-F12,2.690437181891175,"-1,dsgdb9nsd_001542,6,dsgdb9nsd_c,10,dsgdb9nsd_h,1,dsgdb9nsd_o"
GDB_W1-F12_1302,GDB_W1-F12,2.545699875516554,"-1,dsgdb9nsd_001543,5,dsgdb9nsd_c,9,dsgdb9nsd_h,1,dsgdb9nsd_n,1,dsgdb9nsd_o"
GDB_W1-F12_1303,GDB_W1-F12,2.6456039400630047,"-1,dsgdb9nsd_001544,5,dsgdb9nsd_c,10,dsgdb9nsd_h,2,dsgdb9nsd_n"
GDB_W1-F12_1304,GDB_W1-F12,2.676431960674133,"-1,dsgdb9nsd_001545,6,dsgdb9nsd_c,10,dsgdb9nsd_h,1,dsgdb9nsd_o"
GDB_W1-F12_1305,GDB_W1-F12,2.53219302446431,"-1,dsgdb9nsd_001546,5,dsgdb9nsd_c,9,dsgdb9nsd_h,1,dsgdb9nsd_n,1,dsgdb9nsd_o"
GDB_W1-F12_1306,GDB_W1-F12,2.3319176960507293,"-1,dsgdb9nsd_001547,4,dsgdb9nsd_c,8,dsgdb9nsd_h,2,dsgdb9nsd_n,1,dsgdb9nsd_o"
GDB_W1-F12_1307,GDB_W1-F12,2.676556491064877,"-1,dsgdb9nsd_001548,6,dsgdb9nsd_c,10,dsgdb9nsd_h,1,dsgdb9nsd_o"
GDB_W1-F12_1308,GDB_W1-F12,2.533840524689783,"-1,dsgdb9nsd_001549,5,dsgdb9nsd_c,9,dsgdb9nsd_h,1,dsgdb9nsd_n,1,dsgdb9nsd_o"
GDB_W1-F12_1309,GDB_W1-F12,2.325789745543272,"-1,dsgdb9nsd_001550,4,dsgdb9nsd_c,8,dsgdb9nsd_h,2,dsgdb9nsd_n,1,dsgdb9nsd_o"
GDB_W1-F12_1310,GDB_W1-F12,2.358672978152485,"-1,dsgdb9nsd_001551,5,dsgdb9nsd_c,8,dsgdb9nsd_h,2,dsgdb9nsd_o"
GDB_W1-F12_1311,GDB_W1-F12,2.213267511347891,"-1,dsgdb9nsd_001552,4,dsgdb9nsd_c,7,dsgdb9nsd_h,1,dsgdb9nsd_n,2,dsgdb9nsd_o"
GDB_W1-F12_1312,GDB_W1-F12,2.3420511972373457,"-1,dsgdb9nsd_001553,4,dsgdb9nsd_c,8,dsgdb9nsd_h,2,dsgdb9nsd_n,1,dsgdb9nsd_o"
GDB_W1-F12_1313,GDB_W1-F12,2.3757358488223494,"-1,dsgdb9nsd_001554,5,dsgdb9nsd_c,8,dsgdb9nsd_h,2,dsgdb9nsd_o"
GDB_W1-F12_1314,GDB_W1-F12,2.230277501541249,"-1,dsgdb9nsd_001555,4,dsgdb9nsd_c,7,dsgdb9nsd_h,1,dsgdb9nsd_n,2,dsgdb9nsd_o"
GDB_W1-F12_1315,GDB_W1-F12,1.9538451811211528,"-1,dsgdb9nsd_001582,5,dsgdb9nsd_c,4,dsgdb9nsd_h,2,dsgdb9nsd_o"
GDB_W1-F12_1316,GDB_W1-F12,1.800097884883877,"-1,dsgdb9nsd_001583,4,dsgdb9nsd_c,3,dsgdb9nsd_h,1,dsgdb9nsd_n,2,dsgdb9nsd_o"
GDB_W1-F12_1317,GDB_W1-F12,1.8687311976549954,"-1,dsgdb9nsd_001584,4,dsgdb9nsd_c,4,dsgdb9nsd_h,2,dsgdb9nsd_n,1,dsgdb9nsd_o"
GDB_W1-F12_1318,GDB_W1-F12,1.7166948413228234,"-1,dsgdb9nsd_001585,3,dsgdb9nsd_c,3,dsgdb9nsd_h,3,dsgdb9nsd_n,1,dsgdb9nsd_o"
GDB_W1-F12_1319,GDB_W1-F12,1.780217353169694,"-1,dsgdb9nsd_001586,4,dsgdb9nsd_c,3,dsgdb9nsd_h,1,dsgdb9nsd_n,2,dsgdb9nsd_o"
GDB_W1-F12_1320,GDB_W1-F12,1.9032930694617727,"-1,dsgdb9nsd_001587,4,dsgdb9nsd_c,4,dsgdb9nsd_h,3,dsgdb9nsd_o"
GDB_W1-F12_1321,GDB_W1-F12,1.8197703559943603,"-1,dsgdb9nsd_001588,3,dsgdb9nsd_c,4,dsgdb9nsd_h,2,dsgdb9nsd_n,2,dsgdb9nsd_o"
GDB_W1-F12_1322,GDB_W1-F12,1.729104171096951,"-1,dsgdb9nsd_001589,3,dsgdb9nsd_c,3,dsgdb9nsd_h,1,dsgdb9nsd_n,3,dsgdb9nsd_o"
GDB_W1-F12_1323,GDB_W1-F12,2.174095439823677,"-1,dsgdb9nsd_001590,5,dsgdb9nsd_c,6,dsgdb9nsd_h,2,dsgdb9nsd_o"
GDB_W1-F12_1324,GDB_W1-F12,2.027329603119841,"-1,dsgdb9nsd_001591,4,dsgdb9nsd_c,5,dsgdb9nsd_h,1,dsgdb9nsd_n,2,dsgdb9nsd_o"
GDB_W1-F12_1325,GDB_W1-F12,2.4876764822370467,"-1,dsgdb9nsd_001592,6,dsgdb9nsd_c,8,dsgdb9nsd_h,1,dsgdb9nsd_o"
GDB_W1-F12_1326,GDB_W1-F12,2.3131911851600324,"-1,dsgdb9nsd_001593,5,dsgdb9nsd_c,7,dsgdb9nsd_h,1,dsgdb9nsd_n,1,dsgdb9nsd_o"
GDB_W1-F12_1327,GDB_W1-F12,2.343488966764812,"-1,dsgdb9nsd_001594,5,dsgdb9nsd_c,7,dsgdb9nsd_h,1,dsgdb9nsd_n,1,dsgdb9nsd_o"
GDB_W1-F12_1328,GDB_W1-F12,2.1688883997150086,"-1,dsgdb9nsd_001595,4,dsgdb9nsd_c,6,dsgdb9nsd_h,2,dsgdb9nsd_n,1,dsgdb9nsd_o"
GDB_W1-F12_1329,GDB_W1-F12,1.9306483504728107,"-1,dsgdb9nsd_001596,3,dsgdb9nsd_c,5,dsgdb9nsd_h,3,dsgdb9nsd_n,1,dsgdb9nsd_o"
GDB_W1-F12_1330,GDB_W1-F12,1.9979591222556148,"-1,dsgdb9nsd_001597,4,dsgdb9nsd_c,5,dsgdb9nsd_h,1,dsgdb9nsd_n,2,dsgdb9nsd_o"
GDB_W1-F12_1331,GDB_W1-F12,1.8509666658657364,"-1,dsgdb9nsd_001598,3,dsgdb9nsd_c,4,dsgdb9nsd_h,2,dsgdb9nsd_n,2,dsgdb9nsd_o"
GDB_W1-F12_1332,GDB_W1-F12,2.105856366518617,"-1,dsgdb9nsd_001599,4,dsgdb9nsd_c,6,dsgdb9nsd_h,2,dsgdb9nsd_n,1,dsgdb9nsd_o"
GDB_W1-F12_1333,GDB_W1-F12,1.9967967621158056,"-1,dsgdb9nsd_001600,4,dsgdb9nsd_c,5,dsgdb9nsd_h,1,dsgdb9nsd_n,2,dsgdb9nsd_o"
GDB_W1-F12_1334,GDB_W1-F12,2.482540233091441,"-1,dsgdb9nsd_001602,6,dsgdb9nsd_c,8,dsgdb9nsd_h,1,dsgdb9nsd_o"
GDB_W1-F12_1335,GDB_W1-F12,2.332489355945645,"-1,dsgdb9nsd_001603,5,dsgdb9nsd_c,7,dsgdb9nsd_h,1,dsgdb9nsd_n,1,dsgdb9nsd_o"
GDB_W1-F12_1336,GDB_W1-F12,2.173175649726699,"-1,dsgdb9nsd_001604,5,dsgdb9nsd_c,6,dsgdb9nsd_h,2,dsgdb9nsd_o"
GDB_W1-F12_1337,GDB_W1-F12,2.0199918637065877,"-1,dsgdb9nsd_001605,4,dsgdb9nsd_c,5,dsgdb9nsd_h,1,dsgdb9nsd_n,2,dsgdb9nsd_o"
GDB_W1-F12_1338,GDB_W1-F12,2.2270488220013345,"-1,dsgdb9nsd_001606,4,dsgdb9nsd_c,7,dsgdb9nsd_h,3,dsgdb9nsd_n"
GDB_W1-F12_1339,GDB_W1-F12,2.2860807339186646,"-1,dsgdb9nsd_001607,5,dsgdb9nsd_c,7,dsgdb9nsd_h,1,dsgdb9nsd_n,1,dsgdb9nsd_o"
GDB_W1-F12_1340,GDB_W1-F12,2.1377196591485035,"-1,dsgdb9nsd_001608,4,dsgdb9nsd_c,6,dsgdb9nsd_h,2,dsgdb9nsd_n,1,dsgdb9nsd_o"
GDB_W1-F12_1341,GDB_W1-F12,2.437159001130508,"-1,dsgdb9nsd_001609,5,dsgdb9nsd_c,8,dsgdb9nsd_h,2,dsgdb9nsd_o"
GDB_W1-F12_1342,GDB_W1-F12,2.125700057354764,"-1,dsgdb9nsd_001610,4,dsgdb9nsd_c,6,dsgdb9nsd_h,3,dsgdb9nsd_o"
GDB_W1-F12_1343,GDB_W1-F12,2.3268708463521746,"-1,dsgdb9nsd_001611,4,dsgdb9nsd_c,8,dsgdb9nsd_h,2,dsgdb9nsd_n,1,dsgdb9nsd_o"
GDB_W1-F12_1344,GDB_W1-F12,2.2393855122347315,"-1,dsgdb9nsd_001612,4,dsgdb9nsd_c,7,dsgdb9nsd_h,1,dsgdb9nsd_n,2,dsgdb9nsd_o"
GDB_W1-F12_1345,GDB_W1-F12,2.6353234689838017,"-1,dsgdb9nsd_001613,5,dsgdb9nsd_c,10,dsgdb9nsd_h,2,dsgdb9nsd_n"
GDB_W1-F12_1346,GDB_W1-F12,3.0066287745316216,"-1,dsgdb9nsd_001614,7,dsgdb9nsd_c,12,dsgdb9nsd_h"
GDB_W1-F12_1347,GDB_W1-F12,2.8652448278861926,"-1,dsgdb9nsd_001615,6,dsgdb9nsd_c,11,dsgdb9nsd_h,1,dsgdb9nsd_n"
GDB_W1-F12_1348,GDB_W1-F12,2.6928156208816554,"-1,dsgdb9nsd_001617,6,dsgdb9nsd_c,10,dsgdb9nsd_h,1,dsgdb9nsd_o"
GDB_W1-F12_1349,GDB_W1-F12,2.5484709858692773,"-1,dsgdb9nsd_001618,5,dsgdb9nsd_c,9,dsgdb9nsd_h,1,dsgdb9nsd_n,1,dsgdb9nsd_o"
GDB_W1-F12_1350,GDB_W1-F12,2.4539211018394353,"-1,dsgdb9nsd_001619,4,dsgdb9nsd_c,9,dsgdb9nsd_h,3,dsgdb9nsd_n"
GDB_W1-F12_1351,GDB_W1-F12,2.698914731983895,"-1,dsgdb9nsd_001620,6,dsgdb9nsd_c,10,dsgdb9nsd_h,1,dsgdb9nsd_o"
GDB_W1-F12_1352,GDB_W1-F12,2.5561570052831275,"-1,dsgdb9nsd_001621,5,dsgdb9nsd_c,9,dsgdb9nsd_h,1,dsgdb9nsd_n,1,dsgdb9nsd_o"
GDB_W1-F12_1353,GDB_W1-F12,2.3458110974420943,"-1,dsgdb9nsd_001622,4,dsgdb9nsd_c,8,dsgdb9nsd_h,2,dsgdb9nsd_n,1,dsgdb9nsd_o"
GDB_W1-F12_1354,GDB_W1-F12,2.3795894782892546,"-1,dsgdb9nsd_001623,5,dsgdb9nsd_c,8,dsgdb9nsd_h,2,dsgdb9nsd_o"
GDB_W1-F12_1355,GDB_W1-F12,2.233988712441273,"-1,dsgdb9nsd_001624,4,dsgdb9nsd_c,7,dsgdb9nsd_h,1,dsgdb9nsd_n,2,dsgdb9nsd_o"
GDB_W1-F12_1356,GDB_W1-F12,2.128358087343074,"-1,dsgdb9nsd_001630,4,dsgdb9nsd_c,6,dsgdb9nsd_h,3,dsgdb9nsd_o"
GDB_W1-F12_1357,GDB_W1-F12,2.444060321634851,"-1,dsgdb9nsd_001631,5,dsgdb9nsd_c,8,dsgdb9nsd_h,2,dsgdb9nsd_o"
GDB_W1-F12_1358,GDB_W1-F12,2.2698156041924733,"-1,dsgdb9nsd_001632,4,dsgdb9nsd_c,7,dsgdb9nsd_h,1,dsgdb9nsd_n,2,dsgdb9nsd_o"
GDB_W1-F12_1359,GDB_W1-F12,2.183034340719799,"-1,dsgdb9nsd_001634,3,dsgdb9nsd_c,7,dsgdb9nsd_h,3,dsgdb9nsd_n,1,dsgdb9nsd_o"
GDB_W1-F12_1360,GDB_W1-F12,2.3638690877488933,"-1,dsgdb9nsd_001635,4,dsgdb9nsd_c,8,dsgdb9nsd_h,2,dsgdb9nsd_n,1,dsgdb9nsd_o"
GDB_W1-F12_1361,GDB_W1-F12,2.2738825834262495,"-1,dsgdb9nsd_001636,4,dsgdb9nsd_c,7,dsgdb9nsd_h,1,dsgdb9nsd_n,2,dsgdb9nsd_o"
GDB_W1-F12_1362,GDB_W1-F12,2.1701105995888015,"-1,dsgdb9nsd_001637,3,dsgdb9nsd_c,7,dsgdb9nsd_h,3,dsgdb9nsd_n,1,dsgdb9nsd_o"
GDB_W1-F12_1363,GDB_W1-F12,2.090588875913234,"-1,dsgdb9nsd_001638,3,dsgdb9nsd_c,6,dsgdb9nsd_h,2,dsgdb9nsd_n,2,dsgdb9nsd_o"
GDB_W1-F12_1364,GDB_W1-F12,1.9628226216744429,"-1,dsgdb9nsd_001639,3,dsgdb9nsd_c,5,dsgdb9nsd_h,1,dsgdb9nsd_n,3,dsgdb9nsd_o"
GDB_W1-F12_1365,GDB_W1-F12,2.357460958204676,"-1,dsgdb9nsd_001640,4,dsgdb9nsd_c,8,dsgdb9nsd_h,2,dsgdb9nsd_n,1,dsgdb9nsd_o"
GDB_W1-F12_1366,GDB_W1-F12,2.185074980826338,"-1,dsgdb9nsd_001641,3,dsgdb9nsd_c,7,dsgdb9nsd_h,3,dsgdb9nsd_n,1,dsgdb9nsd_o"
GDB_W1-F12_1367,GDB_W1-F12,2.070249724828513,"-1,dsgdb9nsd_001642,3,dsgdb9nsd_c,6,dsgdb9nsd_h,2,dsgdb9nsd_n,2,dsgdb9nsd_o"
GDB_W1-F12_1368,GDB_W1-F12,2.4491055012390994,"-1,dsgdb9nsd_001644,5,dsgdb9nsd_c,8,dsgdb9nsd_h,2,dsgdb9nsd_o"
GDB_W1-F12_1369,GDB_W1-F12,2.364700938137737,"-1,dsgdb9nsd_001645,4,dsgdb9nsd_c,8,dsgdb9nsd_h,2,dsgdb9nsd_n,1,dsgdb9nsd_o"
GDB_W1-F12_1370,GDB_W1-F12,2.276738533932311,"-1,dsgdb9nsd_001646,4,dsgdb9nsd_c,7,dsgdb9nsd_h,1,dsgdb9nsd_n,2,dsgdb9nsd_o"
GDB_W1-F12_1371,GDB_W1-F12,2.35512230666129,"-1,dsgdb9nsd_001647,4,dsgdb9nsd_c,8,dsgdb9nsd_h,2,dsgdb9nsd_n,1,dsgdb9nsd_o"
GDB_W1-F12_1372,GDB_W1-F12,2.070250405296327,"-1,dsgdb9nsd_001648,3,dsgdb9nsd_c,6,dsgdb9nsd_h,2,dsgdb9nsd_n,2,dsgdb9nsd_o"
GDB_W1-F12_1373,GDB_W1-F12,2.2689396636326538,"-1,dsgdb9nsd_001649,4,dsgdb9nsd_c,7,dsgdb9nsd_h,1,dsgdb9nsd_n,2,dsgdb9nsd_o"
GDB_W1-F12_1374,GDB_W1-F12,2.098098486835139,"-1,dsgdb9nsd_001650,3,dsgdb9nsd_c,6,dsgdb9nsd_h,2,dsgdb9nsd_n,2,dsgdb9nsd_o"
GDB_W1-F12_1375,GDB_W1-F12,2.145720878584308,"-1,dsgdb9nsd_001651,4,dsgdb9nsd_c,6,dsgdb9nsd_h,3,dsgdb9nsd_o"
GDB_W1-F12_1376,GDB_W1-F12,2.058843154416613,"-1,dsgdb9nsd_001652,3,dsgdb9nsd_c,6,dsgdb9nsd_h,2,dsgdb9nsd_n,2,dsgdb9nsd_o"
GDB_W1-F12_1377,GDB_W1-F12,1.9722633811289105,"-1,dsgdb9nsd_001653,3,dsgdb9nsd_c,5,dsgdb9nsd_h,1,dsgdb9nsd_n,3,dsgdb9nsd_o"
GDB_W1-F12_1378,GDB_W1-F12,2.043837105282286,"-1,dsgdb9nsd_001654,3,dsgdb9nsd_c,6,dsgdb9nsd_h,2,dsgdb9nsd_n,2,dsgdb9nsd_o"
GDB_W1-F12_1379,GDB_W1-F12,1.9554334710852093,"-1,dsgdb9nsd_001655,3,dsgdb9nsd_c,5,dsgdb9nsd_h,1,dsgdb9nsd_n,3,dsgdb9nsd_o"
GDB_W1-F12_1380,GDB_W1-F12,2.768950584535498,"-1,dsgdb9nsd_001697,7,dsgdb9nsd_c,10,dsgdb9nsd_h"
GDB_W1-F12_1381,GDB_W1-F12,2.6268581481885143,"-1,dsgdb9nsd_001698,6,dsgdb9nsd_c,9,dsgdb9nsd_h,1,dsgdb9nsd_n"
GDB_W1-F12_1382,GDB_W1-F12,2.4131122996482652,"-1,dsgdb9nsd_001699,5,dsgdb9nsd_c,8,dsgdb9nsd_h,2,dsgdb9nsd_n"
GDB_W1-F12_1383,GDB_W1-F12,2.448273440494866,"-1,dsgdb9nsd_001700,6,dsgdb9nsd_c,8,dsgdb9nsd_h,1,dsgdb9nsd_o"
GDB_W1-F12_1384,GDB_W1-F12,2.3036125249987593,"-1,dsgdb9nsd_001701,5,dsgdb9nsd_c,7,dsgdb9nsd_h,1,dsgdb9nsd_n,1,dsgdb9nsd_o"
GDB_W1-F12_1385,GDB_W1-F12,2.44483489161362,"-1,dsgdb9nsd_001702,6,dsgdb9nsd_c,8,dsgdb9nsd_h,1,dsgdb9nsd_o"
GDB_W1-F12_1386,GDB_W1-F12,2.30053276432599,"-1,dsgdb9nsd_001703,5,dsgdb9nsd_c,7,dsgdb9nsd_h,1,dsgdb9nsd_n,1,dsgdb9nsd_o"
GDB_W1-F12_1387,GDB_W1-F12,2.421976900470958,"-1,dsgdb9nsd_001704,5,dsgdb9nsd_c,8,dsgdb9nsd_h,2,dsgdb9nsd_n"
GDB_W1-F12_1388,GDB_W1-F12,2.204718440422649,"-1,dsgdb9nsd_001705,4,dsgdb9nsd_c,7,dsgdb9nsd_h,3,dsgdb9nsd_n"
GDB_W1-F12_1389,GDB_W1-F12,2.093616995931416,"-1,dsgdb9nsd_001706,4,dsgdb9nsd_c,6,dsgdb9nsd_h,2,dsgdb9nsd_n,1,dsgdb9nsd_o"
GDB_W1-F12_1390,GDB_W1-F12,2.457230661433115,"-1,dsgdb9nsd_001707,6,dsgdb9nsd_c,8,dsgdb9nsd_h,1,dsgdb9nsd_o"
GDB_W1-F12_1391,GDB_W1-F12,2.3123277958051363,"-1,dsgdb9nsd_001708,5,dsgdb9nsd_c,7,dsgdb9nsd_h,1,dsgdb9nsd_n,1,dsgdb9nsd_o"
GDB_W1-F12_1392,GDB_W1-F12,2.0937228062860718,"-1,dsgdb9nsd_001709,4,dsgdb9nsd_c,6,dsgdb9nsd_h,2,dsgdb9nsd_n,1,dsgdb9nsd_o"
GDB_W1-F12_1393,GDB_W1-F12,2.129876348085555,"-1,dsgdb9nsd_001710,5,dsgdb9nsd_c,6,dsgdb9nsd_h,2,dsgdb9nsd_o"
GDB_W1-F12_1394,GDB_W1-F12,1.9825139116243036,"-1,dsgdb9nsd_001711,4,dsgdb9nsd_c,5,dsgdb9nsd_h,1,dsgdb9nsd_n,2,dsgdb9nsd_o"
GDB_W1-F12_1395,GDB_W1-F12,2.7259675825012994,"-1,dsgdb9nsd_001712,6,dsgdb9nsd_c,10,dsgdb9nsd_h,1,dsgdb9nsd_o"
GDB_W1-F12_1396,GDB_W1-F12,2.4071319596611733,"-1,dsgdb9nsd_001713,5,dsgdb9nsd_c,8,dsgdb9nsd_h,2,dsgdb9nsd_o"
GDB_W1-F12_1397,GDB_W1-F12,2.3999406196311925,"-1,dsgdb9nsd_001714,5,dsgdb9nsd_c,8,dsgdb9nsd_h,2,dsgdb9nsd_o"
GDB_W1-F12_1398,GDB_W1-F12,2.4205155599846275,"-1,dsgdb9nsd_001715,5,dsgdb9nsd_c,8,dsgdb9nsd_h,2,dsgdb9nsd_o"
GDB_W1-F12_1399,GDB_W1-F12,2.09413237619796,"-1,dsgdb9nsd_001716,4,dsgdb9nsd_c,6,dsgdb9nsd_h,3,dsgdb9nsd_o"
GDB_W1-F12_1400,GDB_W1-F12,2.562529705880183,"-1,dsgdb9nsd_001730,6,dsgdb9nsd_c,9,dsgdb9nsd_h,1,dsgdb9nsd_n"
GDB_W1-F12_1401,GDB_W1-F12,2.452004592129679,"-1,dsgdb9nsd_001731,6,dsgdb9nsd_c,8,dsgdb9nsd_h,1,dsgdb9nsd_o"
GDB_W1-F12_1402,GDB_W1-F12,2.4563185716182843,"-1,dsgdb9nsd_001732,6,dsgdb9nsd_c,8,dsgdb9nsd_h,1,dsgdb9nsd_o"
GDB_W1-F12_1403,GDB_W1-F12,2.7656906146313553,"-1,dsgdb9nsd_001733,7,dsgdb9nsd_c,10,dsgdb9nsd_h"
GDB_W1-F12_1404,GDB_W1-F12,2.556433165257062,"-1,dsgdb9nsd_001734,6,dsgdb9nsd_c,9,dsgdb9nsd_h,1,dsgdb9nsd_n"
GDB_W1-F12_1405,GDB_W1-F12,2.4483322013606763,"-1,dsgdb9nsd_001735,6,dsgdb9nsd_c,8,dsgdb9nsd_h,1,dsgdb9nsd_o"
GDB_W1-F12_1406,GDB_W1-F12,2.6238600484342145,"-1,dsgdb9nsd_001736,6,dsgdb9nsd_c,9,dsgdb9nsd_h,1,dsgdb9nsd_n"
GDB_W1-F12_1407,GDB_W1-F12,2.4143951105591377,"-1,dsgdb9nsd_001737,5,dsgdb9nsd_c,8,dsgdb9nsd_h,2,dsgdb9nsd_n"
GDB_W1-F12_1408,GDB_W1-F12,2.305102594931808,"-1,dsgdb9nsd_001738,5,dsgdb9nsd_c,7,dsgdb9nsd_h,1,dsgdb9nsd_n,1,dsgdb9nsd_o"
GDB_W1-F12_1409,GDB_W1-F12,2.4540388307392433,"-1,dsgdb9nsd_001739,6,dsgdb9nsd_c,8,dsgdb9nsd_h,1,dsgdb9nsd_o"
GDB_W1-F12_1410,GDB_W1-F12,2.3108709062476205,"-1,dsgdb9nsd_001740,5,dsgdb9nsd_c,7,dsgdb9nsd_h,1,dsgdb9nsd_n,1,dsgdb9nsd_o"
GDB_W1-F12_1411,GDB_W1-F12,2.541193374631868,"-1,dsgdb9nsd_001741,5,dsgdb9nsd_c,9,dsgdb9nsd_h,1,dsgdb9nsd_n,1,dsgdb9nsd_o"
GDB_W1-F12_1412,GDB_W1-F12,2.422221860915946,"-1,dsgdb9nsd_001742,5,dsgdb9nsd_c,8,dsgdb9nsd_h,2,dsgdb9nsd_o"
GDB_W1-F12_1413,GDB_W1-F12,2.721140821910095,"-1,dsgdb9nsd_001743,6,dsgdb9nsd_c,10,dsgdb9nsd_h,1,dsgdb9nsd_o"
GDB_W1-F12_1414,GDB_W1-F12,2.5126978941026126,"-1,dsgdb9nsd_001744,5,dsgdb9nsd_c,9,dsgdb9nsd_h,1,dsgdb9nsd_n,1,dsgdb9nsd_o"
GDB_W1-F12_1415,GDB_W1-F12,2.4043436192897056,"-1,dsgdb9nsd_001745,5,dsgdb9nsd_c,8,dsgdb9nsd_h,2,dsgdb9nsd_o"
GDB_W1-F12_1416,GDB_W1-F12,2.4064359000508313,"-1,dsgdb9nsd_001746,5,dsgdb9nsd_c,8,dsgdb9nsd_h,2,dsgdb9nsd_o"
GDB_W1-F12_1417,GDB_W1-F12,2.451867531250832,"-1,dsgdb9nsd_001758,6,dsgdb9nsd_c,8,dsgdb9nsd_h,1,dsgdb9nsd_o"
GDB_W1-F12_1418,GDB_W1-F12,2.3088241961132057,"-1,dsgdb9nsd_001759,5,dsgdb9nsd_c,7,dsgdb9nsd_h,1,dsgdb9nsd_n,1,dsgdb9nsd_o"
GDB_W1-F12_1419,GDB_W1-F12,2.7665266036031326,"-1,dsgdb9nsd_001760,7,dsgdb9nsd_c,10,dsgdb9nsd_h"
GDB_W1-F12_1420,GDB_W1-F12,2.624431658927486,"-1,dsgdb9nsd_001761,6,dsgdb9nsd_c,9,dsgdb9nsd_h,1,dsgdb9nsd_n"
GDB_W1-F12_1421,GDB_W1-F12,2.4151567691790587,"-1,dsgdb9nsd_001762,5,dsgdb9nsd_c,8,dsgdb9nsd_h,2,dsgdb9nsd_n"
GDB_W1-F12_1422,GDB_W1-F12,2.4511094311429207,"-1,dsgdb9nsd_001763,6,dsgdb9nsd_c,8,dsgdb9nsd_h,1,dsgdb9nsd_o"
GDB_W1-F12_1423,GDB_W1-F12,2.306501375406501,"-1,dsgdb9nsd_001764,5,dsgdb9nsd_c,7,dsgdb9nsd_h,1,dsgdb9nsd_n,1,dsgdb9nsd_o"
GDB_W1-F12_1424,GDB_W1-F12,2.5595752150292244,"-1,dsgdb9nsd_001765,6,dsgdb9nsd_c,9,dsgdb9nsd_h,1,dsgdb9nsd_n"
GDB_W1-F12_1425,GDB_W1-F12,2.4151747402224713,"-1,dsgdb9nsd_001766,5,dsgdb9nsd_c,8,dsgdb9nsd_h,2,dsgdb9nsd_n"
GDB_W1-F12_1426,GDB_W1-F12,2.449896141094766,"-1,dsgdb9nsd_001767,6,dsgdb9nsd_c,8,dsgdb9nsd_h,1,dsgdb9nsd_o"
GDB_W1-F12_1427,GDB_W1-F12,2.5413224850331435,"-1,dsgdb9nsd_001769,6,dsgdb9nsd_c,9,dsgdb9nsd_h,1,dsgdb9nsd_n"
GDB_W1-F12_1428,GDB_W1-F12,2.3976880783414893,"-1,dsgdb9nsd_001770,5,dsgdb9nsd_c,8,dsgdb9nsd_h,2,dsgdb9nsd_n"
GDB_W1-F12_1429,GDB_W1-F12,2.1063912970875984,"-1,dsgdb9nsd_001771,4,dsgdb9nsd_c,6,dsgdb9nsd_h,2,dsgdb9nsd_n,1,dsgdb9nsd_o"
GDB_W1-F12_1430,GDB_W1-F12,2.214019562144744,"-1,dsgdb9nsd_001772,4,dsgdb9nsd_c,7,dsgdb9nsd_h,3,dsgdb9nsd_n"
GDB_W1-F12_1431,GDB_W1-F12,2.100574307622271,"-1,dsgdb9nsd_001773,4,dsgdb9nsd_c,6,dsgdb9nsd_h,2,dsgdb9nsd_n,1,dsgdb9nsd_o"
GDB_W1-F12_1432,GDB_W1-F12,2.135751288867162,"-1,dsgdb9nsd_001774,5,dsgdb9nsd_c,6,dsgdb9nsd_h,2,dsgdb9nsd_o"
GDB_W1-F12_1433,GDB_W1-F12,1.9894242327895668,"-1,dsgdb9nsd_001775,4,dsgdb9nsd_c,5,dsgdb9nsd_h,1,dsgdb9nsd_n,2,dsgdb9nsd_o"
GDB_W1-F12_1434,GDB_W1-F12,2.4117539201572193,"-1,dsgdb9nsd_001776,5,dsgdb9nsd_c,8,dsgdb9nsd_h,2,dsgdb9nsd_o"
GDB_W1-F12_1435,GDB_W1-F12,2.7269719131545442,"-1,dsgdb9nsd_001777,6,dsgdb9nsd_c,10,dsgdb9nsd_h,1,dsgdb9nsd_o"
GDB_W1-F12_1436,GDB_W1-F12,2.4131885598514624,"-1,dsgdb9nsd_001778,5,dsgdb9nsd_c,8,dsgdb9nsd_h,2,dsgdb9nsd_o"
GDB_W1-F12_1437,GDB_W1-F12,2.5209555845665887,"-1,dsgdb9nsd_001779,5,dsgdb9nsd_c,9,dsgdb9nsd_h,1,dsgdb9nsd_n,1,dsgdb9nsd_o"
GDB_W1-F12_1438,GDB_W1-F12,2.410738010395929,"-1,dsgdb9nsd_001780,5,dsgdb9nsd_c,8,dsgdb9nsd_h,2,dsgdb9nsd_o"
GDB_W1-F12_1439,GDB_W1-F12,2.5043969532956187,"-1,dsgdb9nsd_001781,5,dsgdb9nsd_c,9,dsgdb9nsd_h,1,dsgdb9nsd_n,1,dsgdb9nsd_o"
GDB_W1-F12_1440,GDB_W1-F12,2.098745787022293,"-1,dsgdb9nsd_001782,4,dsgdb9nsd_c,6,dsgdb9nsd_h,3,dsgdb9nsd_o"
GDB_W1-F12_1441,GDB_W1-F12,2.735765603494066,"-1,dsgdb9nsd_001798,6,dsgdb9nsd_c,10,dsgdb9nsd_h,1,dsgdb9nsd_o"
GDB_W1-F12_1442,GDB_W1-F12,2.5274859943363195,"-1,dsgdb9nsd_001799,5,dsgdb9nsd_c,9,dsgdb9nsd_h,1,dsgdb9nsd_n,1,dsgdb9nsd_o"
GDB_W1-F12_1443,GDB_W1-F12,2.4153131206033094,"-1,dsgdb9nsd_001800,5,dsgdb9nsd_c,8,dsgdb9nsd_h,2,dsgdb9nsd_o"
GDB_W1-F12_1444,GDB_W1-F12,2.421967139662153,"-1,dsgdb9nsd_001801,5,dsgdb9nsd_c,8,dsgdb9nsd_h,2,dsgdb9nsd_o"
GDB_W1-F12_1445,GDB_W1-F12,2.5593692356690023,"-1,dsgdb9nsd_001802,5,dsgdb9nsd_c,9,dsgdb9nsd_h,1,dsgdb9nsd_n,1,dsgdb9nsd_o"
GDB_W1-F12_1446,GDB_W1-F12,2.3519934965298717,"-1,dsgdb9nsd_001803,4,dsgdb9nsd_c,8,dsgdb9nsd_h,2,dsgdb9nsd_n,1,dsgdb9nsd_o"
GDB_W1-F12_1447,GDB_W1-F12,2.2419097020126992,"-1,dsgdb9nsd_001804,4,dsgdb9nsd_c,7,dsgdb9nsd_h,1,dsgdb9nsd_n,2,dsgdb9nsd_o"
GDB_W1-F12_1448,GDB_W1-F12,2.2481272623225963,"-1,dsgdb9nsd_001805,4,dsgdb9nsd_c,7,dsgdb9nsd_h,1,dsgdb9nsd_n,2,dsgdb9nsd_o"
GDB_W1-F12_1449,GDB_W1-F12,2.2508950834819528,"-1,dsgdb9nsd_001806,4,dsgdb9nsd_c,7,dsgdb9nsd_h,1,dsgdb9nsd_n,2,dsgdb9nsd_o"
GDB_W1-F12_1450,GDB_W1-F12,1.9453734301440644,"-1,dsgdb9nsd_001819,4,dsgdb9nsd_c,4,dsgdb9nsd_h,2,dsgdb9nsd_n,1,dsgdb9nsd_o"
GDB_W1-F12_1451,GDB_W1-F12,2.021733223869535,"-1,dsgdb9nsd_001821,5,dsgdb9nsd_c,4,dsgdb9nsd_h,2,dsgdb9nsd_o"
GDB_W1-F12_1452,GDB_W1-F12,1.853295727115671,"-1,dsgdb9nsd_001822,4,dsgdb9nsd_c,3,dsgdb9nsd_h,1,dsgdb9nsd_n,2,dsgdb9nsd_o"
GDB_W1-F12_1453,GDB_W1-F12,2.176568559456372,"-1,dsgdb9nsd_001824,4,dsgdb9nsd_c,6,dsgdb9nsd_h,2,dsgdb9nsd_n,1,dsgdb9nsd_o"
GDB_W1-F12_1454,GDB_W1-F12,2.060564365082982,"-1,dsgdb9nsd_001825,4,dsgdb9nsd_c,5,dsgdb9nsd_h,1,dsgdb9nsd_n,2,dsgdb9nsd_o"
GDB_W1-F12_1455,GDB_W1-F12,1.9824750516532463,"-1,dsgdb9nsd_001826,3,dsgdb9nsd_c,5,dsgdb9nsd_h,3,dsgdb9nsd_n,1,dsgdb9nsd_o"
GDB_W1-F12_1456,GDB_W1-F12,1.867700736718977,"-1,dsgdb9nsd_001827,3,dsgdb9nsd_c,4,dsgdb9nsd_h,2,dsgdb9nsd_n,2,dsgdb9nsd_o"
GDB_W1-F12_1457,GDB_W1-F12,1.8675942474901093,"-1,dsgdb9nsd_001829,3,dsgdb9nsd_c,4,dsgdb9nsd_h,2,dsgdb9nsd_n,2,dsgdb9nsd_o"
GDB_W1-F12_1458,GDB_W1-F12,1.75049564254861,"-1,dsgdb9nsd_001830,3,dsgdb9nsd_c,3,dsgdb9nsd_h,1,dsgdb9nsd_n,3,dsgdb9nsd_o"
GDB_W1-F12_1459,GDB_W1-F12,1.975946171740896,"-1,dsgdb9nsd_001832,3,dsgdb9nsd_c,5,dsgdb9nsd_h,3,dsgdb9nsd_n,1,dsgdb9nsd_o"
GDB_W1-F12_1460,GDB_W1-F12,2.2441622225855835,"-1,dsgdb9nsd_001833,5,dsgdb9nsd_c,6,dsgdb9nsd_h,2,dsgdb9nsd_o"
GDB_W1-F12_1461,GDB_W1-F12,2.089815926627127,"-1,dsgdb9nsd_001834,4,dsgdb9nsd_c,5,dsgdb9nsd_h,1,dsgdb9nsd_n,2,dsgdb9nsd_o"
GDB_W1-F12_1462,GDB_W1-F12,1.8956500390403044,"-1,dsgdb9nsd_001836,3,dsgdb9nsd_c,4,dsgdb9nsd_h,2,dsgdb9nsd_n,2,dsgdb9nsd_o"
GDB_W1-F12_1463,GDB_W1-F12,2.3358928870289,"-1,dsgdb9nsd_001837,5,dsgdb9nsd_c,7,dsgdb9nsd_h,1,dsgdb9nsd_n,1,dsgdb9nsd_o"
GDB_W1-F12_1464,GDB_W1-F12,2.5484896660653296,"-1,dsgdb9nsd_001838,6,dsgdb9nsd_c,8,dsgdb9nsd_h,1,dsgdb9nsd_o"
GDB_W1-F12_1465,GDB_W1-F12,2.3612850279585147,"-1,dsgdb9nsd_001839,5,dsgdb9nsd_c,7,dsgdb9nsd_h,1,dsgdb9nsd_n,1,dsgdb9nsd_o"
GDB_W1-F12_1466,GDB_W1-F12,2.2488177634511235,"-1,dsgdb9nsd_001840,5,dsgdb9nsd_c,6,dsgdb9nsd_h,2,dsgdb9nsd_o"
GDB_W1-F12_1467,GDB_W1-F12,2.138666758793318,"-1,dsgdb9nsd_001841,4,dsgdb9nsd_c,6,dsgdb9nsd_h,2,dsgdb9nsd_n,1,dsgdb9nsd_o"
GDB_W1-F12_1468,GDB_W1-F12,2.3571567476582365,"-1,dsgdb9nsd_001842,5,dsgdb9nsd_c,7,dsgdb9nsd_h,1,dsgdb9nsd_n,1,dsgdb9nsd_o"
GDB_W1-F12_1469,GDB_W1-F12,2.164776329528554,"-1,dsgdb9nsd_001843,4,dsgdb9nsd_c,6,dsgdb9nsd_h,2,dsgdb9nsd_n,1,dsgdb9nsd_o"
GDB_W1-F12_1470,GDB_W1-F12,2.0535523052147364,"-1,dsgdb9nsd_001844,4,dsgdb9nsd_c,5,dsgdb9nsd_h,1,dsgdb9nsd_n,2,dsgdb9nsd_o"
GDB_W1-F12_1471,GDB_W1-F12,2.5400811651293016,"-1,dsgdb9nsd_001845,6,dsgdb9nsd_c,8,dsgdb9nsd_h,1,dsgdb9nsd_o"
GDB_W1-F12_1472,GDB_W1-F12,2.361268067258414,"-1,dsgdb9nsd_001846,5,dsgdb9nsd_c,7,dsgdb9nsd_h,1,dsgdb9nsd_n,1,dsgdb9nsd_o"
GDB_W1-F12_1473,GDB_W1-F12,2.357715717704904,"-1,dsgdb9nsd_001847,5,dsgdb9nsd_c,7,dsgdb9nsd_h,1,dsgdb9nsd_n,1,dsgdb9nsd_o"
GDB_W1-F12_1474,GDB_W1-F12,2.256342752626902,"-1,dsgdb9nsd_001848,4,dsgdb9nsd_c,7,dsgdb9nsd_h,3,dsgdb9nsd_n"
GDB_W1-F12_1475,GDB_W1-F12,2.1711219994580233,"-1,dsgdb9nsd_001849,4,dsgdb9nsd_c,6,dsgdb9nsd_h,2,dsgdb9nsd_n,1,dsgdb9nsd_o"
GDB_W1-F12_1476,GDB_W1-F12,2.0584869446552627,"-1,dsgdb9nsd_001850,4,dsgdb9nsd_c,5,dsgdb9nsd_h,1,dsgdb9nsd_n,2,dsgdb9nsd_o"
GDB_W1-F12_1477,GDB_W1-F12,1.9775290912681076,"-1,dsgdb9nsd_001851,3,dsgdb9nsd_c,5,dsgdb9nsd_h,3,dsgdb9nsd_n,1,dsgdb9nsd_o"
GDB_W1-F12_1478,GDB_W1-F12,2.542155345765299,"-1,dsgdb9nsd_001852,6,dsgdb9nsd_c,8,dsgdb9nsd_h,1,dsgdb9nsd_o"
GDB_W1-F12_1479,GDB_W1-F12,2.3586515776787795,"-1,dsgdb9nsd_001853,5,dsgdb9nsd_c,7,dsgdb9nsd_h,1,dsgdb9nsd_n,1,dsgdb9nsd_o"
GDB_W1-F12_1480,GDB_W1-F12,2.335186657054183,"-1,dsgdb9nsd_001854,5,dsgdb9nsd_c,7,dsgdb9nsd_h,1,dsgdb9nsd_n,1,dsgdb9nsd_o"
GDB_W1-F12_1481,GDB_W1-F12,2.2474845931412197,"-1,dsgdb9nsd_001855,5,dsgdb9nsd_c,6,dsgdb9nsd_h,2,dsgdb9nsd_o"
GDB_W1-F12_1482,GDB_W1-F12,2.227261591697282,"-1,dsgdb9nsd_001856,5,dsgdb9nsd_c,6,dsgdb9nsd_h,2,dsgdb9nsd_o"
GDB_W1-F12_1483,GDB_W1-F12,3.05288688568362,"-1,dsgdb9nsd_001857,7,dsgdb9nsd_c,12,dsgdb9nsd_h"
GDB_W1-F12_1484,GDB_W1-F12,2.741801862955605,"-1,dsgdb9nsd_001858,6,dsgdb9nsd_c,10,dsgdb9nsd_h,1,dsgdb9nsd_o"
GDB_W1-F12_1485,GDB_W1-F12,2.735123472949976,"-1,dsgdb9nsd_001859,6,dsgdb9nsd_c,10,dsgdb9nsd_h,1,dsgdb9nsd_o"
GDB_W1-F12_1486,GDB_W1-F12,2.4300904401232906,"-1,dsgdb9nsd_001860,5,dsgdb9nsd_c,8,dsgdb9nsd_h,2,dsgdb9nsd_o"
GDB_W1-F12_1487,GDB_W1-F12,2.7451493534507034,"-1,dsgdb9nsd_001861,6,dsgdb9nsd_c,10,dsgdb9nsd_h,1,dsgdb9nsd_o"
GDB_W1-F12_1488,GDB_W1-F12,3.056343627118878,"-1,dsgdb9nsd_001862,7,dsgdb9nsd_c,12,dsgdb9nsd_h"
GDB_W1-F12_1489,GDB_W1-F12,2.5597205355443235,"-1,dsgdb9nsd_001863,5,dsgdb9nsd_c,9,dsgdb9nsd_h,1,dsgdb9nsd_n,1,dsgdb9nsd_o"
GDB_W1-F12_1490,GDB_W1-F12,2.4411557710657457,"-1,dsgdb9nsd_001864,5,dsgdb9nsd_c,8,dsgdb9nsd_h,2,dsgdb9nsd_o"
GDB_W1-F12_1491,GDB_W1-F12,2.5616173961483533,"-1,dsgdb9nsd_001865,5,dsgdb9nsd_c,9,dsgdb9nsd_h,1,dsgdb9nsd_n,1,dsgdb9nsd_o"
GDB_W1-F12_1492,GDB_W1-F12,2.766909044044147,"-1,dsgdb9nsd_001866,6,dsgdb9nsd_c,10,dsgdb9nsd_h,1,dsgdb9nsd_o"
GDB_W1-F12_1493,GDB_W1-F12,2.587410826636787,"-1,dsgdb9nsd_001867,5,dsgdb9nsd_c,9,dsgdb9nsd_h,1,dsgdb9nsd_n,1,dsgdb9nsd_o"
GDB_W1-F12_1494,GDB_W1-F12,2.474433021630418,"-1,dsgdb9nsd_001868,5,dsgdb9nsd_c,8,dsgdb9nsd_h,2,dsgdb9nsd_o"
GDB_W1-F12_1495,GDB_W1-F12,2.584789406454304,"-1,dsgdb9nsd_001869,5,dsgdb9nsd_c,9,dsgdb9nsd_h,1,dsgdb9nsd_n,1,dsgdb9nsd_o"
GDB_W1-F12_1496,GDB_W1-F12,2.3930452591962257,"-1,dsgdb9nsd_001870,4,dsgdb9nsd_c,8,dsgdb9nsd_h,2,dsgdb9nsd_n,1,dsgdb9nsd_o"
GDB_W1-F12_1497,GDB_W1-F12,2.2819911845077265,"-1,dsgdb9nsd_001871,4,dsgdb9nsd_c,7,dsgdb9nsd_h,1,dsgdb9nsd_n,2,dsgdb9nsd_o"
GDB_W1-F12_1498,GDB_W1-F12,2.5581424557846777,"-1,dsgdb9nsd_001872,5,dsgdb9nsd_c,9,dsgdb9nsd_h,1,dsgdb9nsd_n,1,dsgdb9nsd_o"
GDB_W1-F12_1499,GDB_W1-F12,2.24728645270647,"-1,dsgdb9nsd_001873,4,dsgdb9nsd_c,7,dsgdb9nsd_h,1,dsgdb9nsd_n,2,dsgdb9nsd_o"
GDB_W1-F12_1500,GDB_W1-F12,2.470837351615427,"-1,dsgdb9nsd_001874,5,dsgdb9nsd_c,8,dsgdb9nsd_h,2,dsgdb9nsd_o"
GDB_W1-F12_1501,GDB_W1-F12,2.1668304897496897,"-1,dsgdb9nsd_001876,4,dsgdb9nsd_c,6,dsgdb9nsd_h,3,dsgdb9nsd_o"
GDB_W1-F12_1502,GDB_W1-F12,2.2404399026899373,"-1,dsgdb9nsd_001877,4,dsgdb9nsd_c,7,dsgdb9nsd_h,1,dsgdb9nsd_n,2,dsgdb9nsd_o"
GDB_W1-F12_1503,GDB_W1-F12,2.153997359202835,"-1,dsgdb9nsd_001878,4,dsgdb9nsd_c,6,dsgdb9nsd_h,3,dsgdb9nsd_o"
GDB_W1-F12_1504,GDB_W1-F12,2.5386335949529935,"-1,dsgdb9nsd_001879,5,dsgdb9nsd_c,9,dsgdb9nsd_h,1,dsgdb9nsd_n,1,dsgdb9nsd_o"
GDB_W1-F12_1505,GDB_W1-F12,2.4541834516633116,"-1,dsgdb9nsd_001880,5,dsgdb9nsd_c,8,dsgdb9nsd_h,2,dsgdb9nsd_o"
GDB_W1-F12_1506,GDB_W1-F12,2.244217372350536,"-1,dsgdb9nsd_001882,4,dsgdb9nsd_c,7,dsgdb9nsd_h,1,dsgdb9nsd_n,2,dsgdb9nsd_o"
GDB_W1-F12_1507,GDB_W1-F12,2.1570212896428376,"-1,dsgdb9nsd_001883,4,dsgdb9nsd_c,6,dsgdb9nsd_h,3,dsgdb9nsd_o"
GDB_W1-F12_1508,GDB_W1-F12,2.7462311729738538,"-1,dsgdb9nsd_001884,6,dsgdb9nsd_c,10,dsgdb9nsd_h,1,dsgdb9nsd_o"
GDB_W1-F12_1509,GDB_W1-F12,3.056574006110712,"-1,dsgdb9nsd_001885,7,dsgdb9nsd_c,12,dsgdb9nsd_h"
GDB_W1-F12_1510,GDB_W1-F12,2.557852625897611,"-1,dsgdb9nsd_001886,5,dsgdb9nsd_c,9,dsgdb9nsd_h,1,dsgdb9nsd_n,1,dsgdb9nsd_o"
GDB_W1-F12_1511,GDB_W1-F12,2.734648283311689,"-1,dsgdb9nsd_001887,6,dsgdb9nsd_c,10,dsgdb9nsd_h,1,dsgdb9nsd_o"
GDB_W1-F12_1512,GDB_W1-F12,2.6838518805199247,"-1,dsgdb9nsd_001895,6,dsgdb9nsd_c,10,dsgdb9nsd_h,1,dsgdb9nsd_o"
GDB_W1-F12_1513,GDB_W1-F12,2.3611520881329846,"-1,dsgdb9nsd_001896,5,dsgdb9nsd_c,8,dsgdb9nsd_h,2,dsgdb9nsd_o"
GDB_W1-F12_1514,GDB_W1-F12,2.992016513874146,"-1,dsgdb9nsd_001897,7,dsgdb9nsd_c,12,dsgdb9nsd_h"
GDB_W1-F12_1515,GDB_W1-F12,2.6652439208273777,"-1,dsgdb9nsd_001898,6,dsgdb9nsd_c,10,dsgdb9nsd_h,1,dsgdb9nsd_o"
GDB_W1-F12_1516,GDB_W1-F12,2.6838935611655264,"-1,dsgdb9nsd_001899,6,dsgdb9nsd_c,10,dsgdb9nsd_h,1,dsgdb9nsd_o"
GDB_W1-F12_1517,GDB_W1-F12,2.7653080036749875,"-1,dsgdb9nsd_001900,6,dsgdb9nsd_c,11,dsgdb9nsd_h,1,dsgdb9nsd_n"
GDB_W1-F12_1518,GDB_W1-F12,2.4596119816549944,"-1,dsgdb9nsd_001901,5,dsgdb9nsd_c,9,dsgdb9nsd_h,1,dsgdb9nsd_n,1,dsgdb9nsd_o"
GDB_W1-F12_1519,GDB_W1-F12,2.376329707585292,"-1,dsgdb9nsd_001902,5,dsgdb9nsd_c,8,dsgdb9nsd_h,2,dsgdb9nsd_o"
GDB_W1-F12_1520,GDB_W1-F12,2.2854259438047535,"-1,dsgdb9nsd_001903,5,dsgdb9nsd_c,7,dsgdb9nsd_h,1,dsgdb9nsd_n,1,dsgdb9nsd_o"
GDB_W1-F12_1521,GDB_W1-F12,2.171177679892255,"-1,dsgdb9nsd_001904,5,dsgdb9nsd_c,6,dsgdb9nsd_h,2,dsgdb9nsd_o"
GDB_W1-F12_1522,GDB_W1-F12,2.282407324838343,"-1,dsgdb9nsd_001905,5,dsgdb9nsd_c,7,dsgdb9nsd_h,1,dsgdb9nsd_n,1,dsgdb9nsd_o"
GDB_W1-F12_1523,GDB_W1-F12,2.4966231025385324,"-1,dsgdb9nsd_001906,6,dsgdb9nsd_c,8,dsgdb9nsd_h,1,dsgdb9nsd_o"
GDB_W1-F12_1524,GDB_W1-F12,2.3041666759946797,"-1,dsgdb9nsd_001907,5,dsgdb9nsd_c,7,dsgdb9nsd_h,1,dsgdb9nsd_n,1,dsgdb9nsd_o"
GDB_W1-F12_1525,GDB_W1-F12,2.1968211907318405,"-1,dsgdb9nsd_001908,5,dsgdb9nsd_c,6,dsgdb9nsd_h,2,dsgdb9nsd_o"
GDB_W1-F12_1526,GDB_W1-F12,2.292364285264095,"-1,dsgdb9nsd_001909,5,dsgdb9nsd_c,7,dsgdb9nsd_h,1,dsgdb9nsd_n,1,dsgdb9nsd_o"
GDB_W1-F12_1527,GDB_W1-F12,2.178457109428905,"-1,dsgdb9nsd_001910,5,dsgdb9nsd_c,6,dsgdb9nsd_h,2,dsgdb9nsd_o"
GDB_W1-F12_1528,GDB_W1-F12,2.493138543196579,"-1,dsgdb9nsd_001911,5,dsgdb9nsd_c,9,dsgdb9nsd_h,1,dsgdb9nsd_n,1,dsgdb9nsd_o"
GDB_W1-F12_1529,GDB_W1-F12,2.3859072585999646,"-1,dsgdb9nsd_001912,5,dsgdb9nsd_c,8,dsgdb9nsd_h,2,dsgdb9nsd_o"
GDB_W1-F12_1530,GDB_W1-F12,2.6999892416572515,"-1,dsgdb9nsd_001913,6,dsgdb9nsd_c,10,dsgdb9nsd_h,1,dsgdb9nsd_o"
GDB_W1-F12_1531,GDB_W1-F12,3.0097798950831667,"-1,dsgdb9nsd_001914,7,dsgdb9nsd_c,12,dsgdb9nsd_h"
GDB_W1-F12_1532,GDB_W1-F12,2.6948368015210393,"-1,dsgdb9nsd_001915,6,dsgdb9nsd_c,10,dsgdb9nsd_h,1,dsgdb9nsd_o"
GDB_W1-F12_1533,GDB_W1-F12,2.6957634616338146,"-1,dsgdb9nsd_001916,6,dsgdb9nsd_c,10,dsgdb9nsd_h,1,dsgdb9nsd_o"
GDB_W1-F12_1534,GDB_W1-F12,2.6900541119775934,"-1,dsgdb9nsd_001917,6,dsgdb9nsd_c,10,dsgdb9nsd_h,1,dsgdb9nsd_o"
GDB_W1-F12_1535,GDB_W1-F12,2.4697290926508244,"-1,dsgdb9nsd_001918,5,dsgdb9nsd_c,9,dsgdb9nsd_h,1,dsgdb9nsd_n,1,dsgdb9nsd_o"
GDB_W1-F12_1536,GDB_W1-F12,2.385285887901802,"-1,dsgdb9nsd_001919,5,dsgdb9nsd_c,8,dsgdb9nsd_h,2,dsgdb9nsd_o"
GDB_W1-F12_1537,GDB_W1-F12,2.785755645551982,"-1,dsgdb9nsd_001920,7,dsgdb9nsd_c,10,dsgdb9nsd_h"
GDB_W1-F12_1538,GDB_W1-F12,2.4634765719125884,"-1,dsgdb9nsd_001921,6,dsgdb9nsd_c,8,dsgdb9nsd_h,1,dsgdb9nsd_o"
GDB_W1-F12_1539,GDB_W1-F12,2.4751124520097574,"-1,dsgdb9nsd_001922,6,dsgdb9nsd_c,8,dsgdb9nsd_h,1,dsgdb9nsd_o"
GDB_W1-F12_1540,GDB_W1-F12,3.038246274856569,"-1,dsgdb9nsd_001923,7,dsgdb9nsd_c,12,dsgdb9nsd_h"
GDB_W1-F12_1541,GDB_W1-F12,2.715024052110325,"-1,dsgdb9nsd_001924,6,dsgdb9nsd_c,10,dsgdb9nsd_h,1,dsgdb9nsd_o"
GDB_W1-F12_1542,GDB_W1-F12,2.7114202515407997,"-1,dsgdb9nsd_001925,6,dsgdb9nsd_c,10,dsgdb9nsd_h,1,dsgdb9nsd_o"
GDB_W1-F12_1543,GDB_W1-F12,2.720309562747385,"-1,dsgdb9nsd_001926,6,dsgdb9nsd_c,10,dsgdb9nsd_h,1,dsgdb9nsd_o"
GDB_W1-F12_1544,GDB_W1-F12,2.7282106323008395,"-1,dsgdb9nsd_001927,6,dsgdb9nsd_c,10,dsgdb9nsd_h,1,dsgdb9nsd_o"
GDB_W1-F12_1545,GDB_W1-F12,2.3988325391499505,"-1,dsgdb9nsd_001928,5,dsgdb9nsd_c,8,dsgdb9nsd_h,2,dsgdb9nsd_o"
GDB_W1-F12_1546,GDB_W1-F12,2.6993047723101657,"-1,dsgdb9nsd_001931,6,dsgdb9nsd_c,10,dsgdb9nsd_h,1,dsgdb9nsd_o"
GDB_W1-F12_1547,GDB_W1-F12,2.3723585882587943,"-1,dsgdb9nsd_001932,5,dsgdb9nsd_c,8,dsgdb9nsd_h,2,dsgdb9nsd_o"
GDB_W1-F12_1548,GDB_W1-F12,2.8047132860207897,"-1,dsgdb9nsd_001933,6,dsgdb9nsd_c,11,dsgdb9nsd_h,1,dsgdb9nsd_n"
GDB_W1-F12_1549,GDB_W1-F12,2.701231132070408,"-1,dsgdb9nsd_001934,6,dsgdb9nsd_c,10,dsgdb9nsd_h,1,dsgdb9nsd_o"
GDB_W1-F12_1550,GDB_W1-F12,2.3822260185621777,"-1,dsgdb9nsd_001935,5,dsgdb9nsd_c,8,dsgdb9nsd_h,2,dsgdb9nsd_o"
GDB_W1-F12_1551,GDB_W1-F12,2.042803004560584,"-1,dsgdb9nsd_001936,5,dsgdb9nsd_c,5,dsgdb9nsd_h,1,dsgdb9nsd_n,1,dsgdb9nsd_o"
GDB_W1-F12_1552,GDB_W1-F12,1.894326138709964,"-1,dsgdb9nsd_001937,4,dsgdb9nsd_c,4,dsgdb9nsd_h,2,dsgdb9nsd_n,1,dsgdb9nsd_o"
GDB_W1-F12_1553,GDB_W1-F12,2.249655843227987,"-1,dsgdb9nsd_001938,6,dsgdb9nsd_c,6,dsgdb9nsd_h,1,dsgdb9nsd_o"
GDB_W1-F12_1554,GDB_W1-F12,2.1051478369770256,"-1,dsgdb9nsd_001939,5,dsgdb9nsd_c,5,dsgdb9nsd_h,1,dsgdb9nsd_n,1,dsgdb9nsd_o"
GDB_W1-F12_1555,GDB_W1-F12,2.06666818527747,"-1,dsgdb9nsd_001940,5,dsgdb9nsd_c,5,dsgdb9nsd_h,1,dsgdb9nsd_n,1,dsgdb9nsd_o"
GDB_W1-F12_1556,GDB_W1-F12,1.9579494809069977,"-1,dsgdb9nsd_001941,5,dsgdb9nsd_c,4,dsgdb9nsd_h,2,dsgdb9nsd_o"
GDB_W1-F12_1557,GDB_W1-F12,1.8084373350696117,"-1,dsgdb9nsd_001942,4,dsgdb9nsd_c,3,dsgdb9nsd_h,1,dsgdb9nsd_n,2,dsgdb9nsd_o"
GDB_W1-F12_1558,GDB_W1-F12,1.996535422635241,"-1,dsgdb9nsd_001943,4,dsgdb9nsd_c,5,dsgdb9nsd_h,1,dsgdb9nsd_n,2,dsgdb9nsd_o"
GDB_W1-F12_1559,GDB_W1-F12,2.2055451004516105,"-1,dsgdb9nsd_001944,5,dsgdb9nsd_c,6,dsgdb9nsd_h,2,dsgdb9nsd_o"
GDB_W1-F12_1560,GDB_W1-F12,2.023553443399624,"-1,dsgdb9nsd_001945,4,dsgdb9nsd_c,5,dsgdb9nsd_h,1,dsgdb9nsd_n,2,dsgdb9nsd_o"
GDB_W1-F12_1561,GDB_W1-F12,2.0103143126081013,"-1,dsgdb9nsd_001947,4,dsgdb9nsd_c,5,dsgdb9nsd_h,1,dsgdb9nsd_n,2,dsgdb9nsd_o"
GDB_W1-F12_1562,GDB_W1-F12,2.767949093680015,"-1,dsgdb9nsd_001948,7,dsgdb9nsd_c,10,dsgdb9nsd_h"
GDB_W1-F12_1563,GDB_W1-F12,2.625831609105634,"-1,dsgdb9nsd_001949,6,dsgdb9nsd_c,9,dsgdb9nsd_h,1,dsgdb9nsd_n"
GDB_W1-F12_1564,GDB_W1-F12,2.4125385696650814,"-1,dsgdb9nsd_001950,5,dsgdb9nsd_c,8,dsgdb9nsd_h,2,dsgdb9nsd_n"
GDB_W1-F12_1565,GDB_W1-F12,2.448321801517694,"-1,dsgdb9nsd_001951,6,dsgdb9nsd_c,8,dsgdb9nsd_h,1,dsgdb9nsd_o"
GDB_W1-F12_1566,GDB_W1-F12,2.3032903752809357,"-1,dsgdb9nsd_001952,5,dsgdb9nsd_c,7,dsgdb9nsd_h,1,dsgdb9nsd_n,1,dsgdb9nsd_o"
GDB_W1-F12_1567,GDB_W1-F12,2.40430003907119,"-1,dsgdb9nsd_001953,5,dsgdb9nsd_c,8,dsgdb9nsd_h,2,dsgdb9nsd_n"
GDB_W1-F12_1568,GDB_W1-F12,2.4571087413615262,"-1,dsgdb9nsd_001954,6,dsgdb9nsd_c,8,dsgdb9nsd_h,1,dsgdb9nsd_o"
GDB_W1-F12_1569,GDB_W1-F12,2.314724065602102,"-1,dsgdb9nsd_001955,5,dsgdb9nsd_c,7,dsgdb9nsd_h,1,dsgdb9nsd_n,1,dsgdb9nsd_o"
GDB_W1-F12_1570,GDB_W1-F12,2.7236749222954035,"-1,dsgdb9nsd_001956,6,dsgdb9nsd_c,10,dsgdb9nsd_h,1,dsgdb9nsd_o"
GDB_W1-F12_1571,GDB_W1-F12,2.406048159291436,"-1,dsgdb9nsd_001957,5,dsgdb9nsd_c,8,dsgdb9nsd_h,2,dsgdb9nsd_o"
GDB_W1-F12_1572,GDB_W1-F12,2.5347099553877293,"-1,dsgdb9nsd_001958,5,dsgdb9nsd_c,9,dsgdb9nsd_h,1,dsgdb9nsd_n,1,dsgdb9nsd_o"
GDB_W1-F12_1573,GDB_W1-F12,2.4125391592976135,"-1,dsgdb9nsd_001959,5,dsgdb9nsd_c,8,dsgdb9nsd_h,2,dsgdb9nsd_o"
GDB_W1-F12_1574,GDB_W1-F12,2.220925481782837,"-1,dsgdb9nsd_001960,4,dsgdb9nsd_c,7,dsgdb9nsd_h,1,dsgdb9nsd_n,2,dsgdb9nsd_o"
GDB_W1-F12_1575,GDB_W1-F12,2.524063784650614,"-1,dsgdb9nsd_001961,5,dsgdb9nsd_c,9,dsgdb9nsd_h,1,dsgdb9nsd_n,1,dsgdb9nsd_o"
GDB_W1-F12_1576,GDB_W1-F12,2.5346823048091847,"-1,dsgdb9nsd_001962,5,dsgdb9nsd_c,9,dsgdb9nsd_h,1,dsgdb9nsd_n,1,dsgdb9nsd_o"
GDB_W1-F12_1577,GDB_W1-F12,2.7343868625574514,"-1,dsgdb9nsd_001963,6,dsgdb9nsd_c,10,dsgdb9nsd_h,1,dsgdb9nsd_o"
GDB_W1-F12_1578,GDB_W1-F12,2.555729655559999,"-1,dsgdb9nsd_001964,5,dsgdb9nsd_c,9,dsgdb9nsd_h,1,dsgdb9nsd_n,1,dsgdb9nsd_o"
GDB_W1-F12_1579,GDB_W1-F12,2.450455331058432,"-1,dsgdb9nsd_001965,5,dsgdb9nsd_c,8,dsgdb9nsd_h,2,dsgdb9nsd_o"
GDB_W1-F12_1580,GDB_W1-F12,2.5119086231505814,"-1,dsgdb9nsd_001966,5,dsgdb9nsd_c,9,dsgdb9nsd_h,1,dsgdb9nsd_n,1,dsgdb9nsd_o"
GDB_W1-F12_1581,GDB_W1-F12,2.406419210262975,"-1,dsgdb9nsd_001967,5,dsgdb9nsd_c,8,dsgdb9nsd_h,2,dsgdb9nsd_o"
GDB_W1-F12_1582,GDB_W1-F12,2.220451412446361,"-1,dsgdb9nsd_001968,4,dsgdb9nsd_c,7,dsgdb9nsd_h,1,dsgdb9nsd_n,2,dsgdb9nsd_o"
GDB_W1-F12_1583,GDB_W1-F12,2.420235580148047,"-1,dsgdb9nsd_001969,5,dsgdb9nsd_c,8,dsgdb9nsd_h,2,dsgdb9nsd_o"
GDB_W1-F12_1584,GDB_W1-F12,2.24105216276868,"-1,dsgdb9nsd_001970,4,dsgdb9nsd_c,7,dsgdb9nsd_h,1,dsgdb9nsd_n,2,dsgdb9nsd_o"
GDB_W1-F12_1585,GDB_W1-F12,2.1359039080768456,"-1,dsgdb9nsd_001971,4,dsgdb9nsd_c,6,dsgdb9nsd_h,3,dsgdb9nsd_o"
GDB_W1-F12_1586,GDB_W1-F12,2.5168525437258795,"-1,dsgdb9nsd_001981,5,dsgdb9nsd_c,9,dsgdb9nsd_h,1,dsgdb9nsd_n,1,dsgdb9nsd_o"
GDB_W1-F12_1587,GDB_W1-F12,2.7279163722017765,"-1,dsgdb9nsd_001982,6,dsgdb9nsd_c,10,dsgdb9nsd_h,1,dsgdb9nsd_o"
GDB_W1-F12_1588,GDB_W1-F12,2.516286123592491,"-1,dsgdb9nsd_001983,5,dsgdb9nsd_c,9,dsgdb9nsd_h,1,dsgdb9nsd_n,1,dsgdb9nsd_o"
GDB_W1-F12_1589,GDB_W1-F12,2.408420698769394,"-1,dsgdb9nsd_001984,5,dsgdb9nsd_c,8,dsgdb9nsd_h,2,dsgdb9nsd_o"
GDB_W1-F12_1590,GDB_W1-F12,2.506752222914797,"-1,dsgdb9nsd_001985,5,dsgdb9nsd_c,9,dsgdb9nsd_h,1,dsgdb9nsd_n,1,dsgdb9nsd_o"
GDB_W1-F12_1591,GDB_W1-F12,2.5445190248192633,"-1,dsgdb9nsd_001986,5,dsgdb9nsd_c,9,dsgdb9nsd_h,1,dsgdb9nsd_n,1,dsgdb9nsd_o"
GDB_W1-F12_1592,GDB_W1-F12,2.432036539824541,"-1,dsgdb9nsd_001987,5,dsgdb9nsd_c,8,dsgdb9nsd_h,2,dsgdb9nsd_o"
GDB_W1-F12_1593,GDB_W1-F12,2.553075945825187,"-1,dsgdb9nsd_001988,5,dsgdb9nsd_c,9,dsgdb9nsd_h,1,dsgdb9nsd_n,1,dsgdb9nsd_o"
GDB_W1-F12_1594,GDB_W1-F12,2.3429572074626916,"-1,dsgdb9nsd_001989,4,dsgdb9nsd_c,8,dsgdb9nsd_h,2,dsgdb9nsd_n,1,dsgdb9nsd_o"
GDB_W1-F12_1595,GDB_W1-F12,2.2357423624585073,"-1,dsgdb9nsd_001990,4,dsgdb9nsd_c,7,dsgdb9nsd_h,1,dsgdb9nsd_n,2,dsgdb9nsd_o"
GDB_W1-F12_1596,GDB_W1-F12,2.334551536762817,"-1,dsgdb9nsd_001991,4,dsgdb9nsd_c,8,dsgdb9nsd_h,2,dsgdb9nsd_n,1,dsgdb9nsd_o"
GDB_W1-F12_1597,GDB_W1-F12,2.3580024273203564,"-1,dsgdb9nsd_001992,4,dsgdb9nsd_c,8,dsgdb9nsd_h,2,dsgdb9nsd_n,1,dsgdb9nsd_o"
GDB_W1-F12_1598,GDB_W1-F12,2.24862680219085,"-1,dsgdb9nsd_001993,4,dsgdb9nsd_c,7,dsgdb9nsd_h,1,dsgdb9nsd_n,2,dsgdb9nsd_o"
GDB_W1-F12_1599,GDB_W1-F12,2.5079921739150035,"-1,dsgdb9nsd_002002,7,dsgdb9nsd_c,8,dsgdb9nsd_h"
GDB_W1-F12_1600,GDB_W1-F12,2.1734875398384674,"-1,dsgdb9nsd_002003,6,dsgdb9nsd_c,6,dsgdb9nsd_h,1,dsgdb9nsd_o"
GDB_W1-F12_1601,GDB_W1-F12,2.278145913480362,"-1,dsgdb9nsd_002004,6,dsgdb9nsd_c,7,dsgdb9nsd_h,1,dsgdb9nsd_n"
GDB_W1-F12_1602,GDB_W1-F12,2.3641677079414896,"-1,dsgdb9nsd_002005,6,dsgdb9nsd_c,7,dsgdb9nsd_h,1,dsgdb9nsd_n"
GDB_W1-F12_1603,GDB_W1-F12,2.1420058079816013,"-1,dsgdb9nsd_002006,5,dsgdb9nsd_c,6,dsgdb9nsd_h,2,dsgdb9nsd_n"
GDB_W1-F12_1604,GDB_W1-F12,2.025465503774166,"-1,dsgdb9nsd_002007,5,dsgdb9nsd_c,5,dsgdb9nsd_h,1,dsgdb9nsd_n,1,dsgdb9nsd_o"
GDB_W1-F12_1605,GDB_W1-F12,2.132613988027284,"-1,dsgdb9nsd_002008,5,dsgdb9nsd_c,6,dsgdb9nsd_h,2,dsgdb9nsd_n"
GDB_W1-F12_1606,GDB_W1-F12,2.4614129919133543,"-1,dsgdb9nsd_002009,6,dsgdb9nsd_c,8,dsgdb9nsd_h,1,dsgdb9nsd_o"
GDB_W1-F12_1607,GDB_W1-F12,2.128423248112258,"-1,dsgdb9nsd_002010,5,dsgdb9nsd_c,6,dsgdb9nsd_h,2,dsgdb9nsd_o"
GDB_W1-F12_1608,GDB_W1-F12,2.229773902770133,"-1,dsgdb9nsd_002011,5,dsgdb9nsd_c,7,dsgdb9nsd_h,1,dsgdb9nsd_n,1,dsgdb9nsd_o"
GDB_W1-F12_1609,GDB_W1-F12,2.9916921729543455,"-1,dsgdb9nsd_002012,7,dsgdb9nsd_c,12,dsgdb9nsd_h"
GDB_W1-F12_1610,GDB_W1-F12,2.6643500602193924,"-1,dsgdb9nsd_002013,6,dsgdb9nsd_c,10,dsgdb9nsd_h,1,dsgdb9nsd_o"
GDB_W1-F12_1611,GDB_W1-F12,2.762605674753914,"-1,dsgdb9nsd_002014,6,dsgdb9nsd_c,11,dsgdb9nsd_h,1,dsgdb9nsd_n"
GDB_W1-F12_1612,GDB_W1-F12,2.6677685600009506,"-1,dsgdb9nsd_002015,6,dsgdb9nsd_c,10,dsgdb9nsd_h,1,dsgdb9nsd_o"
GDB_W1-F12_1613,GDB_W1-F12,2.4409671109659485,"-1,dsgdb9nsd_002016,5,dsgdb9nsd_c,9,dsgdb9nsd_h,1,dsgdb9nsd_n,1,dsgdb9nsd_o"
GDB_W1-F12_1614,GDB_W1-F12,2.675872110959472,"-1,dsgdb9nsd_002017,6,dsgdb9nsd_c,10,dsgdb9nsd_h,1,dsgdb9nsd_o"
GDB_W1-F12_1615,GDB_W1-F12,2.3497737977721966,"-1,dsgdb9nsd_002018,5,dsgdb9nsd_c,8,dsgdb9nsd_h,2,dsgdb9nsd_o"
GDB_W1-F12_1616,GDB_W1-F12,2.4464677115826494,"-1,dsgdb9nsd_002019,5,dsgdb9nsd_c,9,dsgdb9nsd_h,1,dsgdb9nsd_n,1,dsgdb9nsd_o"
GDB_W1-F12_1617,GDB_W1-F12,2.28467471371264,"-1,dsgdb9nsd_002020,5,dsgdb9nsd_c,7,dsgdb9nsd_h,1,dsgdb9nsd_n,1,dsgdb9nsd_o"
GDB_W1-F12_1618,GDB_W1-F12,2.4887505632316156,"-1,dsgdb9nsd_002021,6,dsgdb9nsd_c,8,dsgdb9nsd_h,1,dsgdb9nsd_o"
GDB_W1-F12_1619,GDB_W1-F12,2.3056672860076373,"-1,dsgdb9nsd_002022,5,dsgdb9nsd_c,7,dsgdb9nsd_h,1,dsgdb9nsd_n,1,dsgdb9nsd_o"
GDB_W1-F12_1620,GDB_W1-F12,2.199876470499324,"-1,dsgdb9nsd_002023,5,dsgdb9nsd_c,6,dsgdb9nsd_h,2,dsgdb9nsd_o"
GDB_W1-F12_1621,GDB_W1-F12,2.2786228146465923,"-1,dsgdb9nsd_002024,5,dsgdb9nsd_c,7,dsgdb9nsd_h,1,dsgdb9nsd_n,1,dsgdb9nsd_o"
GDB_W1-F12_1622,GDB_W1-F12,2.1705894290127716,"-1,dsgdb9nsd_002025,5,dsgdb9nsd_c,6,dsgdb9nsd_h,2,dsgdb9nsd_o"
GDB_W1-F12_1623,GDB_W1-F12,3.0069174538384495,"-1,dsgdb9nsd_002026,7,dsgdb9nsd_c,12,dsgdb9nsd_h"
GDB_W1-F12_1624,GDB_W1-F12,2.6909409511776445,"-1,dsgdb9nsd_002027,6,dsgdb9nsd_c,10,dsgdb9nsd_h,1,dsgdb9nsd_o"
GDB_W1-F12_1625,GDB_W1-F12,2.692557200878925,"-1,dsgdb9nsd_002028,6,dsgdb9nsd_c,10,dsgdb9nsd_h,1,dsgdb9nsd_o"
GDB_W1-F12_1626,GDB_W1-F12,2.5743770760113454,"-1,dsgdb9nsd_002029,5,dsgdb9nsd_c,10,dsgdb9nsd_h,2,dsgdb9nsd_n"
GDB_W1-F12_1627,GDB_W1-F12,2.6963753312802057,"-1,dsgdb9nsd_002031,6,dsgdb9nsd_c,10,dsgdb9nsd_h,1,dsgdb9nsd_o"
GDB_W1-F12_1628,GDB_W1-F12,2.4876568920945736,"-1,dsgdb9nsd_002032,5,dsgdb9nsd_c,9,dsgdb9nsd_h,1,dsgdb9nsd_n,1,dsgdb9nsd_o"
GDB_W1-F12_1629,GDB_W1-F12,2.380470167781358,"-1,dsgdb9nsd_002033,5,dsgdb9nsd_c,8,dsgdb9nsd_h,2,dsgdb9nsd_o"
GDB_W1-F12_1630,GDB_W1-F12,3.00948423420844,"-1,dsgdb9nsd_002034,7,dsgdb9nsd_c,12,dsgdb9nsd_h"
GDB_W1-F12_1631,GDB_W1-F12,2.798051314890772,"-1,dsgdb9nsd_002035,6,dsgdb9nsd_c,11,dsgdb9nsd_h,1,dsgdb9nsd_n"
GDB_W1-F12_1632,GDB_W1-F12,2.6903658714140435,"-1,dsgdb9nsd_002036,6,dsgdb9nsd_c,10,dsgdb9nsd_h,1,dsgdb9nsd_o"
GDB_W1-F12_1633,GDB_W1-F12,2.7935754047792836,"-1,dsgdb9nsd_002037,6,dsgdb9nsd_c,11,dsgdb9nsd_h,1,dsgdb9nsd_n"
GDB_W1-F12_1634,GDB_W1-F12,2.6891354708672526,"-1,dsgdb9nsd_002038,6,dsgdb9nsd_c,10,dsgdb9nsd_h,1,dsgdb9nsd_o"
GDB_W1-F12_1635,GDB_W1-F12,2.6994935822084978,"-1,dsgdb9nsd_002039,6,dsgdb9nsd_c,10,dsgdb9nsd_h,1,dsgdb9nsd_o"
GDB_W1-F12_1636,GDB_W1-F12,2.4878865428105503,"-1,dsgdb9nsd_002040,5,dsgdb9nsd_c,9,dsgdb9nsd_h,1,dsgdb9nsd_n,1,dsgdb9nsd_o"
GDB_W1-F12_1637,GDB_W1-F12,2.379389838275552,"-1,dsgdb9nsd_002041,5,dsgdb9nsd_c,8,dsgdb9nsd_h,2,dsgdb9nsd_o"
GDB_W1-F12_1638,GDB_W1-F12,2.4820574626911154,"-1,dsgdb9nsd_002042,5,dsgdb9nsd_c,9,dsgdb9nsd_h,1,dsgdb9nsd_n,1,dsgdb9nsd_o"
GDB_W1-F12_1639,GDB_W1-F12,2.9826423733341776,"-1,dsgdb9nsd_002043,7,dsgdb9nsd_c,12,dsgdb9nsd_h"
GDB_W1-F12_1640,GDB_W1-F12,2.6559657899932234,"-1,dsgdb9nsd_002044,6,dsgdb9nsd_c,10,dsgdb9nsd_h,1,dsgdb9nsd_o"
GDB_W1-F12_1641,GDB_W1-F12,2.6791777710104334,"-1,dsgdb9nsd_002045,6,dsgdb9nsd_c,10,dsgdb9nsd_h,1,dsgdb9nsd_o"
GDB_W1-F12_1642,GDB_W1-F12,2.354406747743757,"-1,dsgdb9nsd_002046,5,dsgdb9nsd_c,8,dsgdb9nsd_h,2,dsgdb9nsd_o"
GDB_W1-F12_1643,GDB_W1-F12,3.0074670248238387,"-1,dsgdb9nsd_002047,7,dsgdb9nsd_c,12,dsgdb9nsd_h"
GDB_W1-F12_1644,GDB_W1-F12,2.6807670808794097,"-1,dsgdb9nsd_002048,6,dsgdb9nsd_c,10,dsgdb9nsd_h,1,dsgdb9nsd_o"
GDB_W1-F12_1645,GDB_W1-F12,2.366463497980609,"-1,dsgdb9nsd_002050,5,dsgdb9nsd_c,8,dsgdb9nsd_h,2,dsgdb9nsd_o"
GDB_W1-F12_1646,GDB_W1-F12,2.3211421153152685,"-1,dsgdb9nsd_002051,5,dsgdb9nsd_c,7,dsgdb9nsd_h,1,dsgdb9nsd_n,1,dsgdb9nsd_o"
GDB_W1-F12_1647,GDB_W1-F12,2.35453965729086,"-1,dsgdb9nsd_002052,5,dsgdb9nsd_c,7,dsgdb9nsd_h,1,dsgdb9nsd_n,1,dsgdb9nsd_o"
GDB_W1-F12_1648,GDB_W1-F12,2.2334506520390685,"-1,dsgdb9nsd_002053,5,dsgdb9nsd_c,6,dsgdb9nsd_h,2,dsgdb9nsd_o"
GDB_W1-F12_1649,GDB_W1-F12,2.5387848356974336,"-1,dsgdb9nsd_002054,6,dsgdb9nsd_c,8,dsgdb9nsd_h,1,dsgdb9nsd_o"
GDB_W1-F12_1650,GDB_W1-F12,2.360293497112017,"-1,dsgdb9nsd_002055,5,dsgdb9nsd_c,7,dsgdb9nsd_h,1,dsgdb9nsd_n,1,dsgdb9nsd_o"
GDB_W1-F12_1651,GDB_W1-F12,2.044973253865648,"-1,dsgdb9nsd_002056,4,dsgdb9nsd_c,5,dsgdb9nsd_h,1,dsgdb9nsd_n,2,dsgdb9nsd_o"
GDB_W1-F12_1652,GDB_W1-F12,2.016955264135156,"-1,dsgdb9nsd_002057,4,dsgdb9nsd_c,5,dsgdb9nsd_h,1,dsgdb9nsd_n,2,dsgdb9nsd_o"
GDB_W1-F12_1653,GDB_W1-F12,2.047650524997717,"-1,dsgdb9nsd_002058,4,dsgdb9nsd_c,5,dsgdb9nsd_h,1,dsgdb9nsd_n,2,dsgdb9nsd_o"
GDB_W1-F12_1654,GDB_W1-F12,2.166736330215145,"-1,dsgdb9nsd_002059,4,dsgdb9nsd_c,6,dsgdb9nsd_h,2,dsgdb9nsd_n,1,dsgdb9nsd_o"
GDB_W1-F12_1655,GDB_W1-F12,2.5437790758317274,"-1,dsgdb9nsd_002060,6,dsgdb9nsd_c,8,dsgdb9nsd_h,1,dsgdb9nsd_o"
GDB_W1-F12_1656,GDB_W1-F12,2.3433666275760454,"-1,dsgdb9nsd_002061,5,dsgdb9nsd_c,7,dsgdb9nsd_h,1,dsgdb9nsd_n,1,dsgdb9nsd_o"
GDB_W1-F12_1657,GDB_W1-F12,2.326498195404792,"-1,dsgdb9nsd_002062,5,dsgdb9nsd_c,7,dsgdb9nsd_h,1,dsgdb9nsd_n,1,dsgdb9nsd_o"
GDB_W1-F12_1658,GDB_W1-F12,2.21145200091005,"-1,dsgdb9nsd_002063,5,dsgdb9nsd_c,6,dsgdb9nsd_h,2,dsgdb9nsd_o"
GDB_W1-F12_1659,GDB_W1-F12,2.356214207307135,"-1,dsgdb9nsd_002064,5,dsgdb9nsd_c,7,dsgdb9nsd_h,1,dsgdb9nsd_n,1,dsgdb9nsd_o"
GDB_W1-F12_1660,GDB_W1-F12,2.2389107433072244,"-1,dsgdb9nsd_002065,5,dsgdb9nsd_c,6,dsgdb9nsd_h,2,dsgdb9nsd_o"
GDB_W1-F12_1661,GDB_W1-F12,2.554133826267541,"-1,dsgdb9nsd_002066,5,dsgdb9nsd_c,9,dsgdb9nsd_h,1,dsgdb9nsd_n,1,dsgdb9nsd_o"
GDB_W1-F12_1662,GDB_W1-F12,2.234421762476744,"-1,dsgdb9nsd_002067,4,dsgdb9nsd_c,7,dsgdb9nsd_h,1,dsgdb9nsd_n,2,dsgdb9nsd_o"
GDB_W1-F12_1663,GDB_W1-F12,2.3374054458654365,"-1,dsgdb9nsd_002068,4,dsgdb9nsd_c,8,dsgdb9nsd_h,2,dsgdb9nsd_n,1,dsgdb9nsd_o"
GDB_W1-F12_1664,GDB_W1-F12,2.22404781233081,"-1,dsgdb9nsd_002069,4,dsgdb9nsd_c,7,dsgdb9nsd_h,1,dsgdb9nsd_n,2,dsgdb9nsd_o"
GDB_W1-F12_1665,GDB_W1-F12,2.2343988528624767,"-1,dsgdb9nsd_002070,4,dsgdb9nsd_c,7,dsgdb9nsd_h,1,dsgdb9nsd_n,2,dsgdb9nsd_o"
GDB_W1-F12_1666,GDB_W1-F12,2.7697805337578267,"-1,dsgdb9nsd_002071,6,dsgdb9nsd_c,10,dsgdb9nsd_h,1,dsgdb9nsd_o"
GDB_W1-F12_1667,GDB_W1-F12,2.584844956213218,"-1,dsgdb9nsd_002072,5,dsgdb9nsd_c,9,dsgdb9nsd_h,1,dsgdb9nsd_n,1,dsgdb9nsd_o"
GDB_W1-F12_1668,GDB_W1-F12,2.4651843118660053,"-1,dsgdb9nsd_002073,5,dsgdb9nsd_c,8,dsgdb9nsd_h,2,dsgdb9nsd_o"
GDB_W1-F12_1669,GDB_W1-F12,2.552640165950453,"-1,dsgdb9nsd_002074,5,dsgdb9nsd_c,9,dsgdb9nsd_h,1,dsgdb9nsd_n,1,dsgdb9nsd_o"
GDB_W1-F12_1670,GDB_W1-F12,2.4386902210398795,"-1,dsgdb9nsd_002075,5,dsgdb9nsd_c,8,dsgdb9nsd_h,2,dsgdb9nsd_o"
GDB_W1-F12_1671,GDB_W1-F12,2.443011561373525,"-1,dsgdb9nsd_002076,5,dsgdb9nsd_c,8,dsgdb9nsd_h,2,dsgdb9nsd_o"
GDB_W1-F12_1672,GDB_W1-F12,2.1448829183275517,"-1,dsgdb9nsd_002077,4,dsgdb9nsd_c,6,dsgdb9nsd_h,3,dsgdb9nsd_o"
GDB_W1-F12_1673,GDB_W1-F12,2.3689435975876014,"-1,dsgdb9nsd_002078,4,dsgdb9nsd_c,8,dsgdb9nsd_h,2,dsgdb9nsd_n,1,dsgdb9nsd_o"
GDB_W1-F12_1674,GDB_W1-F12,2.2485621736845465,"-1,dsgdb9nsd_002079,4,dsgdb9nsd_c,7,dsgdb9nsd_h,1,dsgdb9nsd_n,2,dsgdb9nsd_o"
GDB_W1-F12_1675,GDB_W1-F12,2.25535996268429,"-1,dsgdb9nsd_002080,4,dsgdb9nsd_c,7,dsgdb9nsd_h,1,dsgdb9nsd_n,2,dsgdb9nsd_o"
GDB_W1-F12_1676,GDB_W1-F12,2.1354011188552606,"-1,dsgdb9nsd_002081,4,dsgdb9nsd_c,6,dsgdb9nsd_h,3,dsgdb9nsd_o"
GDB_W1-F12_1677,GDB_W1-F12,2.1150893872768757,"-1,dsgdb9nsd_002082,4,dsgdb9nsd_c,6,dsgdb9nsd_h,3,dsgdb9nsd_o"
GDB_W1-F12_1678,GDB_W1-F12,2.3919715893508275,"-1,dsgdb9nsd_002083,4,dsgdb9nsd_c,8,dsgdb9nsd_h,2,dsgdb9nsd_n,1,dsgdb9nsd_o"
GDB_W1-F12_1679,GDB_W1-F12,2.274657693635906,"-1,dsgdb9nsd_002084,4,dsgdb9nsd_c,7,dsgdb9nsd_h,1,dsgdb9nsd_n,2,dsgdb9nsd_o"
GDB_W1-F12_1680,GDB_W1-F12,3.061077557239136,"-1,dsgdb9nsd_002086,7,dsgdb9nsd_c,12,dsgdb9nsd_h"
GDB_W1-F12_1681,GDB_W1-F12,2.7340265827380295,"-1,dsgdb9nsd_002087,6,dsgdb9nsd_c,10,dsgdb9nsd_h,1,dsgdb9nsd_o"
GDB_W1-F12_1682,GDB_W1-F12,2.734114912878516,"-1,dsgdb9nsd_002088,6,dsgdb9nsd_c,10,dsgdb9nsd_h,1,dsgdb9nsd_o"
GDB_W1-F12_1683,GDB_W1-F12,2.5526393149672857,"-1,dsgdb9nsd_002089,5,dsgdb9nsd_c,9,dsgdb9nsd_h,1,dsgdb9nsd_n,1,dsgdb9nsd_o"
GDB_W1-F12_1684,GDB_W1-F12,2.7352192723004003,"-1,dsgdb9nsd_002090,6,dsgdb9nsd_c,10,dsgdb9nsd_h,1,dsgdb9nsd_o"
GDB_W1-F12_1685,GDB_W1-F12,2.5500030950082513,"-1,dsgdb9nsd_002092,5,dsgdb9nsd_c,9,dsgdb9nsd_h,1,dsgdb9nsd_n,1,dsgdb9nsd_o"
GDB_W1-F12_1686,GDB_W1-F12,2.546075565461878,"-1,dsgdb9nsd_002093,5,dsgdb9nsd_c,9,dsgdb9nsd_h,1,dsgdb9nsd_n,1,dsgdb9nsd_o"
GDB_W1-F12_1687,GDB_W1-F12,2.7479469829249514,"-1,dsgdb9nsd_002094,6,dsgdb9nsd_c,10,dsgdb9nsd_h,1,dsgdb9nsd_o"
GDB_W1-F12_1688,GDB_W1-F12,2.231991533033142,"-1,dsgdb9nsd_002095,4,dsgdb9nsd_c,7,dsgdb9nsd_h,1,dsgdb9nsd_n,2,dsgdb9nsd_o"
GDB_W1-F12_1689,GDB_W1-F12,3.058094435744749,"-1,dsgdb9nsd_002096,7,dsgdb9nsd_c,12,dsgdb9nsd_h"
GDB_W1-F12_1690,GDB_W1-F12,2.5479039649481465,"-1,dsgdb9nsd_002097,5,dsgdb9nsd_c,9,dsgdb9nsd_h,1,dsgdb9nsd_n,1,dsgdb9nsd_o"
GDB_W1-F12_1691,GDB_W1-F12,2.730792403679554,"-1,dsgdb9nsd_002098,6,dsgdb9nsd_c,10,dsgdb9nsd_h,1,dsgdb9nsd_o"
GDB_W1-F12_1692,GDB_W1-F12,2.7346888627786976,"-1,dsgdb9nsd_002099,6,dsgdb9nsd_c,10,dsgdb9nsd_h,1,dsgdb9nsd_o"
GDB_W1-F12_1693,GDB_W1-F12,2.7466142731658634,"-1,dsgdb9nsd_002100,6,dsgdb9nsd_c,10,dsgdb9nsd_h,1,dsgdb9nsd_o"
GDB_W1-F12_1694,GDB_W1-F12,2.4165734792635267,"-1,dsgdb9nsd_002101,5,dsgdb9nsd_c,8,dsgdb9nsd_h,2,dsgdb9nsd_o"
GDB_W1-F12_1695,GDB_W1-F12,1.9148971683654712,"-1,dsgdb9nsd_002114,4,dsgdb9nsd_c,4,dsgdb9nsd_h,2,dsgdb9nsd_n,1,dsgdb9nsd_o"
GDB_W1-F12_1696,GDB_W1-F12,2.0078449825596247,"-1,dsgdb9nsd_002115,5,dsgdb9nsd_c,4,dsgdb9nsd_h,2,dsgdb9nsd_o"
GDB_W1-F12_1697,GDB_W1-F12,1.8237577252747175,"-1,dsgdb9nsd_002116,4,dsgdb9nsd_c,3,dsgdb9nsd_h,1,dsgdb9nsd_n,2,dsgdb9nsd_o"
GDB_W1-F12_1698,GDB_W1-F12,2.1380095989940693,"-1,dsgdb9nsd_002117,4,dsgdb9nsd_c,6,dsgdb9nsd_h,2,dsgdb9nsd_n,1,dsgdb9nsd_o"
GDB_W1-F12_1699,GDB_W1-F12,2.024409193029228,"-1,dsgdb9nsd_002118,4,dsgdb9nsd_c,5,dsgdb9nsd_h,1,dsgdb9nsd_n,2,dsgdb9nsd_o"
GDB_W1-F12_1700,GDB_W1-F12,1.8186106444201404,"-1,dsgdb9nsd_002119,3,dsgdb9nsd_c,4,dsgdb9nsd_h,2,dsgdb9nsd_n,2,dsgdb9nsd_o"
GDB_W1-F12_1701,GDB_W1-F12,1.728924841533571,"-1,dsgdb9nsd_002120,3,dsgdb9nsd_c,3,dsgdb9nsd_h,1,dsgdb9nsd_n,3,dsgdb9nsd_o"
GDB_W1-F12_1702,GDB_W1-F12,2.2323493826103715,"-1,dsgdb9nsd_002121,5,dsgdb9nsd_c,6,dsgdb9nsd_h,2,dsgdb9nsd_o"
GDB_W1-F12_1703,GDB_W1-F12,2.051796065595166,"-1,dsgdb9nsd_002122,4,dsgdb9nsd_c,5,dsgdb9nsd_h,1,dsgdb9nsd_n,2,dsgdb9nsd_o"
GDB_W1-F12_1704,GDB_W1-F12,1.9332185905515218,"-1,dsgdb9nsd_002123,4,dsgdb9nsd_c,4,dsgdb9nsd_h,3,dsgdb9nsd_o"
GDB_W1-F12_1705,GDB_W1-F12,2.0130968124303,"-1,dsgdb9nsd_002124,4,dsgdb9nsd_c,5,dsgdb9nsd_h,1,dsgdb9nsd_n,2,dsgdb9nsd_o"
GDB_W1-F12_1706,GDB_W1-F12,1.897324738855115,"-1,dsgdb9nsd_002125,4,dsgdb9nsd_c,4,dsgdb9nsd_h,3,dsgdb9nsd_o"
GDB_W1-F12_1707,GDB_W1-F12,1.6371603481189358,"-1,dsgdb9nsd_002126,3,dsgdb9nsd_c,2,dsgdb9nsd_h,4,dsgdb9nsd_o"
GDB_W1-F12_1708,GDB_W1-F12,3.0592750458082225,"-1,dsgdb9nsd_002127,7,dsgdb9nsd_c,12,dsgdb9nsd_h"
GDB_W1-F12_1709,GDB_W1-F12,2.7337916731373086,"-1,dsgdb9nsd_002128,6,dsgdb9nsd_c,10,dsgdb9nsd_h,1,dsgdb9nsd_o"
GDB_W1-F12_1710,GDB_W1-F12,2.5477194051848477,"-1,dsgdb9nsd_002129,6,dsgdb9nsd_c,8,dsgdb9nsd_h,1,dsgdb9nsd_o"
GDB_W1-F12_1711,GDB_W1-F12,2.362119767546765,"-1,dsgdb9nsd_002130,5,dsgdb9nsd_c,7,dsgdb9nsd_h,1,dsgdb9nsd_n,1,dsgdb9nsd_o"
GDB_W1-F12_1712,GDB_W1-F12,2.336557606873369,"-1,dsgdb9nsd_002131,5,dsgdb9nsd_c,7,dsgdb9nsd_h,1,dsgdb9nsd_n,1,dsgdb9nsd_o"
GDB_W1-F12_1713,GDB_W1-F12,2.24881289340513,"-1,dsgdb9nsd_002132,5,dsgdb9nsd_c,6,dsgdb9nsd_h,2,dsgdb9nsd_o"
GDB_W1-F12_1714,GDB_W1-F12,2.154526519341011,"-1,dsgdb9nsd_002133,4,dsgdb9nsd_c,6,dsgdb9nsd_h,2,dsgdb9nsd_n,1,dsgdb9nsd_o"
GDB_W1-F12_1715,GDB_W1-F12,2.5358950450648434,"-1,dsgdb9nsd_002134,6,dsgdb9nsd_c,8,dsgdb9nsd_h,1,dsgdb9nsd_o"
GDB_W1-F12_1716,GDB_W1-F12,2.3553279577396156,"-1,dsgdb9nsd_002135,5,dsgdb9nsd_c,7,dsgdb9nsd_h,1,dsgdb9nsd_n,1,dsgdb9nsd_o"
GDB_W1-F12_1717,GDB_W1-F12,2.2505364227615914,"-1,dsgdb9nsd_002136,4,dsgdb9nsd_c,7,dsgdb9nsd_h,3,dsgdb9nsd_n"
GDB_W1-F12_1718,GDB_W1-F12,2.164470299089272,"-1,dsgdb9nsd_002137,4,dsgdb9nsd_c,6,dsgdb9nsd_h,2,dsgdb9nsd_n,1,dsgdb9nsd_o"
GDB_W1-F12_1719,GDB_W1-F12,2.0503036052599612,"-1,dsgdb9nsd_002138,4,dsgdb9nsd_c,5,dsgdb9nsd_h,1,dsgdb9nsd_n,2,dsgdb9nsd_o"
GDB_W1-F12_1720,GDB_W1-F12,2.348640417274531,"-1,dsgdb9nsd_002139,5,dsgdb9nsd_c,7,dsgdb9nsd_h,1,dsgdb9nsd_n,1,dsgdb9nsd_o"
GDB_W1-F12_1721,GDB_W1-F12,2.2439380522649506,"-1,dsgdb9nsd_002140,4,dsgdb9nsd_c,7,dsgdb9nsd_h,3,dsgdb9nsd_n"
GDB_W1-F12_1722,GDB_W1-F12,2.1556118894081644,"-1,dsgdb9nsd_002141,4,dsgdb9nsd_c,6,dsgdb9nsd_h,2,dsgdb9nsd_n,1,dsgdb9nsd_o"
GDB_W1-F12_1723,GDB_W1-F12,2.2209653520972052,"-1,dsgdb9nsd_002142,5,dsgdb9nsd_c,6,dsgdb9nsd_h,2,dsgdb9nsd_o"
GDB_W1-F12_1724,GDB_W1-F12,2.0347180047163986,"-1,dsgdb9nsd_002143,4,dsgdb9nsd_c,5,dsgdb9nsd_h,1,dsgdb9nsd_n,2,dsgdb9nsd_o"
GDB_W1-F12_1725,GDB_W1-F12,2.5426180654723356,"-1,dsgdb9nsd_002144,6,dsgdb9nsd_c,8,dsgdb9nsd_h,1,dsgdb9nsd_o"
GDB_W1-F12_1726,GDB_W1-F12,2.350000366462993,"-1,dsgdb9nsd_002145,5,dsgdb9nsd_c,7,dsgdb9nsd_h,1,dsgdb9nsd_n,1,dsgdb9nsd_o"
GDB_W1-F12_1727,GDB_W1-F12,2.7413348325566793,"-1,dsgdb9nsd_002147,6,dsgdb9nsd_c,10,dsgdb9nsd_h,1,dsgdb9nsd_o"
GDB_W1-F12_1728,GDB_W1-F12,3.05142237552403,"-1,dsgdb9nsd_002148,7,dsgdb9nsd_c,12,dsgdb9nsd_h"
GDB_W1-F12_1729,GDB_W1-F12,2.7414896541235496,"-1,dsgdb9nsd_002149,6,dsgdb9nsd_c,10,dsgdb9nsd_h,1,dsgdb9nsd_o"
GDB_W1-F12_1730,GDB_W1-F12,2.551246786191032,"-1,dsgdb9nsd_002150,5,dsgdb9nsd_c,9,dsgdb9nsd_h,1,dsgdb9nsd_n,1,dsgdb9nsd_o"
GDB_W1-F12_1731,GDB_W1-F12,2.432045940479422,"-1,dsgdb9nsd_002151,5,dsgdb9nsd_c,8,dsgdb9nsd_h,2,dsgdb9nsd_o"
GDB_W1-F12_1732,GDB_W1-F12,2.7457877230954013,"-1,dsgdb9nsd_002152,6,dsgdb9nsd_c,10,dsgdb9nsd_h,1,dsgdb9nsd_o"
GDB_W1-F12_1733,GDB_W1-F12,3.0565553466314785,"-1,dsgdb9nsd_002153,7,dsgdb9nsd_c,12,dsgdb9nsd_h"
GDB_W1-F12_1734,GDB_W1-F12,2.7347873234435225,"-1,dsgdb9nsd_002154,6,dsgdb9nsd_c,10,dsgdb9nsd_h,1,dsgdb9nsd_o"
GDB_W1-F12_1735,GDB_W1-F12,2.7670428444144535,"-1,dsgdb9nsd_002155,6,dsgdb9nsd_c,10,dsgdb9nsd_h,1,dsgdb9nsd_o"
GDB_W1-F12_1736,GDB_W1-F12,2.5854173969728382,"-1,dsgdb9nsd_002156,5,dsgdb9nsd_c,9,dsgdb9nsd_h,1,dsgdb9nsd_n,1,dsgdb9nsd_o"
GDB_W1-F12_1737,GDB_W1-F12,2.5574850856300393,"-1,dsgdb9nsd_002157,5,dsgdb9nsd_c,9,dsgdb9nsd_h,1,dsgdb9nsd_n,1,dsgdb9nsd_o"
GDB_W1-F12_1738,GDB_W1-F12,2.4713057015163433,"-1,dsgdb9nsd_002158,5,dsgdb9nsd_c,8,dsgdb9nsd_h,2,dsgdb9nsd_o"
GDB_W1-F12_1739,GDB_W1-F12,2.4386360609014197,"-1,dsgdb9nsd_002159,5,dsgdb9nsd_c,8,dsgdb9nsd_h,2,dsgdb9nsd_o"
GDB_W1-F12_1740,GDB_W1-F12,2.441344810442686,"-1,dsgdb9nsd_002160,5,dsgdb9nsd_c,8,dsgdb9nsd_h,2,dsgdb9nsd_o"
GDB_W1-F12_1741,GDB_W1-F12,2.2376966421159374,"-1,dsgdb9nsd_002161,4,dsgdb9nsd_c,7,dsgdb9nsd_h,1,dsgdb9nsd_n,2,dsgdb9nsd_o"
GDB_W1-F12_1742,GDB_W1-F12,2.148901568410529,"-1,dsgdb9nsd_002162,4,dsgdb9nsd_c,6,dsgdb9nsd_h,3,dsgdb9nsd_o"
GDB_W1-F12_1743,GDB_W1-F12,2.578419837284074,"-1,dsgdb9nsd_002163,5,dsgdb9nsd_c,9,dsgdb9nsd_h,1,dsgdb9nsd_n,1,dsgdb9nsd_o"
GDB_W1-F12_1744,GDB_W1-F12,2.383334068764992,"-1,dsgdb9nsd_002164,4,dsgdb9nsd_c,8,dsgdb9nsd_h,2,dsgdb9nsd_n,1,dsgdb9nsd_o"
GDB_W1-F12_1745,GDB_W1-F12,2.2697919041518926,"-1,dsgdb9nsd_002165,4,dsgdb9nsd_c,7,dsgdb9nsd_h,1,dsgdb9nsd_n,2,dsgdb9nsd_o"
GDB_W1-F12_1746,GDB_W1-F12,2.2659111643373295,"-1,dsgdb9nsd_002166,4,dsgdb9nsd_c,7,dsgdb9nsd_h,1,dsgdb9nsd_n,2,dsgdb9nsd_o"
GDB_W1-F12_1747,GDB_W1-F12,2.4548627816457604,"-1,dsgdb9nsd_002167,5,dsgdb9nsd_c,8,dsgdb9nsd_h,2,dsgdb9nsd_o"
GDB_W1-F12_1748,GDB_W1-F12,2.273276683410844,"-1,dsgdb9nsd_002168,4,dsgdb9nsd_c,7,dsgdb9nsd_h,1,dsgdb9nsd_n,2,dsgdb9nsd_o"
GDB_W1-F12_1749,GDB_W1-F12,2.2467843726375247,"-1,dsgdb9nsd_002169,4,dsgdb9nsd_c,7,dsgdb9nsd_h,1,dsgdb9nsd_n,2,dsgdb9nsd_o"
GDB_W1-F12_1750,GDB_W1-F12,2.237708253096012,"-1,dsgdb9nsd_002171,4,dsgdb9nsd_c,7,dsgdb9nsd_h,1,dsgdb9nsd_n,2,dsgdb9nsd_o"
GDB_W1-F12_1751,GDB_W1-F12,2.1235548180306623,"-1,dsgdb9nsd_002172,4,dsgdb9nsd_c,6,dsgdb9nsd_h,3,dsgdb9nsd_o"
GDB_W1-F12_1752,GDB_W1-F12,2.42353764981497,"-1,dsgdb9nsd_002182,5,dsgdb9nsd_c,8,dsgdb9nsd_h,2,dsgdb9nsd_o"
GDB_W1-F12_1753,GDB_W1-F12,2.7365818525248353,"-1,dsgdb9nsd_002183,6,dsgdb9nsd_c,10,dsgdb9nsd_h,1,dsgdb9nsd_o"
GDB_W1-F12_1754,GDB_W1-F12,2.423460739422386,"-1,dsgdb9nsd_002184,5,dsgdb9nsd_c,8,dsgdb9nsd_h,2,dsgdb9nsd_o"
GDB_W1-F12_1755,GDB_W1-F12,2.5523096657610966,"-1,dsgdb9nsd_002185,5,dsgdb9nsd_c,9,dsgdb9nsd_h,1,dsgdb9nsd_n,1,dsgdb9nsd_o"
GDB_W1-F12_1756,GDB_W1-F12,2.515158473685595,"-1,dsgdb9nsd_002186,5,dsgdb9nsd_c,9,dsgdb9nsd_h,1,dsgdb9nsd_n,1,dsgdb9nsd_o"
GDB_W1-F12_1757,GDB_W1-F12,2.2420786922899514,"-1,dsgdb9nsd_002188,4,dsgdb9nsd_c,7,dsgdb9nsd_h,1,dsgdb9nsd_n,2,dsgdb9nsd_o"
GDB_W1-F12_1758,GDB_W1-F12,2.536419814831058,"-1,dsgdb9nsd_002189,5,dsgdb9nsd_c,9,dsgdb9nsd_h,1,dsgdb9nsd_n,1,dsgdb9nsd_o"
GDB_W1-F12_1759,GDB_W1-F12,2.3319313866806803,"-1,dsgdb9nsd_002190,4,dsgdb9nsd_c,8,dsgdb9nsd_h,2,dsgdb9nsd_n,1,dsgdb9nsd_o"
GDB_W1-F12_1760,GDB_W1-F12,2.221183272312999,"-1,dsgdb9nsd_002191,4,dsgdb9nsd_c,7,dsgdb9nsd_h,1,dsgdb9nsd_n,2,dsgdb9nsd_o"
GDB_W1-F12_1761,GDB_W1-F12,2.4518287318366294,"-1,dsgdb9nsd_002192,5,dsgdb9nsd_c,8,dsgdb9nsd_h,2,dsgdb9nsd_o"
GDB_W1-F12_1762,GDB_W1-F12,2.246571502544686,"-1,dsgdb9nsd_002193,4,dsgdb9nsd_c,7,dsgdb9nsd_h,1,dsgdb9nsd_n,2,dsgdb9nsd_o"
GDB_W1-F12_1763,GDB_W1-F12,2.1345672477797937,"-1,dsgdb9nsd_002194,4,dsgdb9nsd_c,6,dsgdb9nsd_h,3,dsgdb9nsd_o"
GDB_W1-F12_1764,GDB_W1-F12,2.1098381167603053,"-1,dsgdb9nsd_002195,4,dsgdb9nsd_c,6,dsgdb9nsd_h,3,dsgdb9nsd_o"
GDB_W1-F12_1765,GDB_W1-F12,2.737823932576563,"-1,dsgdb9nsd_002196,6,dsgdb9nsd_c,10,dsgdb9nsd_h,1,dsgdb9nsd_o"
GDB_W1-F12_1766,GDB_W1-F12,2.4235742006575434,"-1,dsgdb9nsd_002197,5,dsgdb9nsd_c,8,dsgdb9nsd_h,2,dsgdb9nsd_o"
GDB_W1-F12_1767,GDB_W1-F12,2.549610855511997,"-1,dsgdb9nsd_002198,5,dsgdb9nsd_c,9,dsgdb9nsd_h,1,dsgdb9nsd_n,1,dsgdb9nsd_o"
GDB_W1-F12_1768,GDB_W1-F12,2.5269789342628814,"-1,dsgdb9nsd_002199,5,dsgdb9nsd_c,9,dsgdb9nsd_h,1,dsgdb9nsd_n,1,dsgdb9nsd_o"
GDB_W1-F12_1769,GDB_W1-F12,2.4179673402905815,"-1,dsgdb9nsd_002200,5,dsgdb9nsd_c,8,dsgdb9nsd_h,2,dsgdb9nsd_o"
GDB_W1-F12_1770,GDB_W1-F12,2.2336757227445134,"-1,dsgdb9nsd_002201,4,dsgdb9nsd_c,7,dsgdb9nsd_h,1,dsgdb9nsd_n,2,dsgdb9nsd_o"
GDB_W1-F12_1771,GDB_W1-F12,2.1083047263657755,"-1,dsgdb9nsd_002202,4,dsgdb9nsd_c,6,dsgdb9nsd_h,3,dsgdb9nsd_o"
GDB_W1-F12_1772,GDB_W1-F12,3.0110176851598243,"-1,dsgdb9nsd_002211,7,dsgdb9nsd_c,12,dsgdb9nsd_h"
GDB_W1-F12_1773,GDB_W1-F12,2.69629610219753,"-1,dsgdb9nsd_002212,6,dsgdb9nsd_c,10,dsgdb9nsd_h,1,dsgdb9nsd_o"
GDB_W1-F12_1774,GDB_W1-F12,2.6922453713240118,"-1,dsgdb9nsd_002213,6,dsgdb9nsd_c,10,dsgdb9nsd_h,1,dsgdb9nsd_o"
GDB_W1-F12_1775,GDB_W1-F12,2.374192858572759,"-1,dsgdb9nsd_002214,5,dsgdb9nsd_c,8,dsgdb9nsd_h,2,dsgdb9nsd_o"
GDB_W1-F12_1776,GDB_W1-F12,2.701124982278646,"-1,dsgdb9nsd_002215,6,dsgdb9nsd_c,10,dsgdb9nsd_h,1,dsgdb9nsd_o"
GDB_W1-F12_1777,GDB_W1-F12,2.379734347815147,"-1,dsgdb9nsd_002216,5,dsgdb9nsd_c,8,dsgdb9nsd_h,2,dsgdb9nsd_o"
GDB_W1-F12_1778,GDB_W1-F12,2.6969449720821004,"-1,dsgdb9nsd_002217,6,dsgdb9nsd_c,10,dsgdb9nsd_h,1,dsgdb9nsd_o"
GDB_W1-F12_1779,GDB_W1-F12,2.3687879776264107,"-1,dsgdb9nsd_002218,5,dsgdb9nsd_c,8,dsgdb9nsd_h,2,dsgdb9nsd_o"
GDB_W1-F12_1780,GDB_W1-F12,2.373367857482894,"-1,dsgdb9nsd_002219,5,dsgdb9nsd_c,8,dsgdb9nsd_h,2,dsgdb9nsd_o"
GDB_W1-F12_1781,GDB_W1-F12,3.0085281848979513,"-1,dsgdb9nsd_002220,7,dsgdb9nsd_c,12,dsgdb9nsd_h"
GDB_W1-F12_1782,GDB_W1-F12,2.695081381095284,"-1,dsgdb9nsd_002221,6,dsgdb9nsd_c,10,dsgdb9nsd_h,1,dsgdb9nsd_o"
GDB_W1-F12_1783,GDB_W1-F12,2.685528771536712,"-1,dsgdb9nsd_002222,6,dsgdb9nsd_c,10,dsgdb9nsd_h,1,dsgdb9nsd_o"
GDB_W1-F12_1784,GDB_W1-F12,2.6811648501726526,"-1,dsgdb9nsd_002223,6,dsgdb9nsd_c,10,dsgdb9nsd_h,1,dsgdb9nsd_o"
GDB_W1-F12_1785,GDB_W1-F12,2.366078067943298,"-1,dsgdb9nsd_002224,5,dsgdb9nsd_c,8,dsgdb9nsd_h,2,dsgdb9nsd_o"
GDB_W1-F12_1786,GDB_W1-F12,2.38326030892245,"-1,dsgdb9nsd_002225,5,dsgdb9nsd_c,8,dsgdb9nsd_h,2,dsgdb9nsd_o"
GDB_W1-F12_1787,GDB_W1-F12,2.052691844899283,"-1,dsgdb9nsd_002226,4,dsgdb9nsd_c,6,dsgdb9nsd_h,3,dsgdb9nsd_o"
GDB_W1-F12_1788,GDB_W1-F12,2.813690156064765,"-1,dsgdb9nsd_002227,7,dsgdb9nsd_c,10,dsgdb9nsd_h"
GDB_W1-F12_1789,GDB_W1-F12,2.3067752852152053,"-1,dsgdb9nsd_002228,5,dsgdb9nsd_c,7,dsgdb9nsd_h,1,dsgdb9nsd_n,1,dsgdb9nsd_o"
GDB_W1-F12_1790,GDB_W1-F12,2.6063703172768635,"-1,dsgdb9nsd_002229,6,dsgdb9nsd_c,9,dsgdb9nsd_h,1,dsgdb9nsd_n"
GDB_W1-F12_1791,GDB_W1-F12,2.497786053904475,"-1,dsgdb9nsd_002230,6,dsgdb9nsd_c,8,dsgdb9nsd_h,1,dsgdb9nsd_o"
GDB_W1-F12_1792,GDB_W1-F12,2.499157163083805,"-1,dsgdb9nsd_002231,6,dsgdb9nsd_c,8,dsgdb9nsd_h,1,dsgdb9nsd_o"
GDB_W1-F12_1793,GDB_W1-F12,2.8135466570361087,"-1,dsgdb9nsd_002232,7,dsgdb9nsd_c,10,dsgdb9nsd_h"
GDB_W1-F12_1794,GDB_W1-F12,2.3055801160089975,"-1,dsgdb9nsd_002233,5,dsgdb9nsd_c,7,dsgdb9nsd_h,1,dsgdb9nsd_n,1,dsgdb9nsd_o"
GDB_W1-F12_1795,GDB_W1-F12,2.6034128973864625,"-1,dsgdb9nsd_002234,6,dsgdb9nsd_c,9,dsgdb9nsd_h,1,dsgdb9nsd_n"
GDB_W1-F12_1796,GDB_W1-F12,2.497786423620009,"-1,dsgdb9nsd_002235,6,dsgdb9nsd_c,8,dsgdb9nsd_h,1,dsgdb9nsd_o"
GDB_W1-F12_1797,GDB_W1-F12,2.4986237225321677,"-1,dsgdb9nsd_002236,6,dsgdb9nsd_c,8,dsgdb9nsd_h,1,dsgdb9nsd_o"
GDB_W1-F12_1798,GDB_W1-F12,3.0451135353173857,"-1,dsgdb9nsd_002237,7,dsgdb9nsd_c,12,dsgdb9nsd_h"
GDB_W1-F12_1799,GDB_W1-F12,2.719857982314397,"-1,dsgdb9nsd_002238,6,dsgdb9nsd_c,10,dsgdb9nsd_h,1,dsgdb9nsd_o"
GDB_W1-F12_1800,GDB_W1-F12,2.7214350931643687,"-1,dsgdb9nsd_002239,6,dsgdb9nsd_c,10,dsgdb9nsd_h,1,dsgdb9nsd_o"
GDB_W1-F12_1801,GDB_W1-F12,2.716298912543625,"-1,dsgdb9nsd_002240,6,dsgdb9nsd_c,10,dsgdb9nsd_h,1,dsgdb9nsd_o"
GDB_W1-F12_1802,GDB_W1-F12,2.3938991395313436,"-1,dsgdb9nsd_002241,5,dsgdb9nsd_c,8,dsgdb9nsd_h,2,dsgdb9nsd_o"
GDB_W1-F12_1803,GDB_W1-F12,2.734156233370192,"-1,dsgdb9nsd_002242,6,dsgdb9nsd_c,10,dsgdb9nsd_h,1,dsgdb9nsd_o"
GDB_W1-F12_1804,GDB_W1-F12,2.5149767043184137,"-1,dsgdb9nsd_002243,5,dsgdb9nsd_c,9,dsgdb9nsd_h,1,dsgdb9nsd_n,1,dsgdb9nsd_o"
GDB_W1-F12_1805,GDB_W1-F12,2.404484680108162,"-1,dsgdb9nsd_002244,5,dsgdb9nsd_c,8,dsgdb9nsd_h,2,dsgdb9nsd_o"
GDB_W1-F12_1806,GDB_W1-F12,2.7314084421873055,"-1,dsgdb9nsd_002245,6,dsgdb9nsd_c,10,dsgdb9nsd_h,1,dsgdb9nsd_o"
GDB_W1-F12_1807,GDB_W1-F12,2.4057935400281343,"-1,dsgdb9nsd_002246,5,dsgdb9nsd_c,8,dsgdb9nsd_h,2,dsgdb9nsd_o"
GDB_W1-F12_1808,GDB_W1-F12,2.4010469487444537,"-1,dsgdb9nsd_002247,5,dsgdb9nsd_c,8,dsgdb9nsd_h,2,dsgdb9nsd_o"
GDB_W1-F12_1809,GDB_W1-F12,2.4970640329331126,"-1,dsgdb9nsd_002248,6,dsgdb9nsd_c,8,dsgdb9nsd_h,1,dsgdb9nsd_o"
GDB_W1-F12_1810,GDB_W1-F12,2.302408804527237,"-1,dsgdb9nsd_002249,5,dsgdb9nsd_c,7,dsgdb9nsd_h,1,dsgdb9nsd_n,1,dsgdb9nsd_o"
GDB_W1-F12_1811,GDB_W1-F12,2.2785949345894405,"-1,dsgdb9nsd_002250,5,dsgdb9nsd_c,7,dsgdb9nsd_h,1,dsgdb9nsd_n,1,dsgdb9nsd_o"
GDB_W1-F12_1812,GDB_W1-F12,2.1927769107569417,"-1,dsgdb9nsd_002251,5,dsgdb9nsd_c,6,dsgdb9nsd_h,2,dsgdb9nsd_o"
GDB_W1-F12_1813,GDB_W1-F12,2.281079983922498,"-1,dsgdb9nsd_002252,5,dsgdb9nsd_c,7,dsgdb9nsd_h,1,dsgdb9nsd_n,1,dsgdb9nsd_o"
GDB_W1-F12_1814,GDB_W1-F12,2.280801304464691,"-1,dsgdb9nsd_002253,5,dsgdb9nsd_c,7,dsgdb9nsd_h,1,dsgdb9nsd_n,1,dsgdb9nsd_o"
GDB_W1-F12_1815,GDB_W1-F12,2.1722614898236015,"-1,dsgdb9nsd_002254,5,dsgdb9nsd_c,6,dsgdb9nsd_h,2,dsgdb9nsd_o"
GDB_W1-F12_1816,GDB_W1-F12,2.0751320558954496,"-1,dsgdb9nsd_002255,4,dsgdb9nsd_c,6,dsgdb9nsd_h,2,dsgdb9nsd_n,1,dsgdb9nsd_o"
GDB_W1-F12_1817,GDB_W1-F12,2.179410229699951,"-1,dsgdb9nsd_002257,5,dsgdb9nsd_c,6,dsgdb9nsd_h,2,dsgdb9nsd_o"
GDB_W1-F12_1818,GDB_W1-F12,1.9834301527708795,"-1,dsgdb9nsd_002258,4,dsgdb9nsd_c,5,dsgdb9nsd_h,1,dsgdb9nsd_n,2,dsgdb9nsd_o"
GDB_W1-F12_1819,GDB_W1-F12,1.87274291716532,"-1,dsgdb9nsd_002260,4,dsgdb9nsd_c,4,dsgdb9nsd_h,3,dsgdb9nsd_o"
GDB_W1-F12_1820,GDB_W1-F12,2.4862973923017173,"-1,dsgdb9nsd_002262,5,dsgdb9nsd_c,9,dsgdb9nsd_h,1,dsgdb9nsd_n,1,dsgdb9nsd_o"
GDB_W1-F12_1821,GDB_W1-F12,2.4940993430329534,"-1,dsgdb9nsd_002263,5,dsgdb9nsd_c,9,dsgdb9nsd_h,1,dsgdb9nsd_n,1,dsgdb9nsd_o"
GDB_W1-F12_1822,GDB_W1-F12,2.3863494893733175,"-1,dsgdb9nsd_002264,5,dsgdb9nsd_c,8,dsgdb9nsd_h,2,dsgdb9nsd_o"
GDB_W1-F12_1823,GDB_W1-F12,3.0099963938064787,"-1,dsgdb9nsd_002265,7,dsgdb9nsd_c,12,dsgdb9nsd_h"
GDB_W1-F12_1824,GDB_W1-F12,2.6965952913058397,"-1,dsgdb9nsd_002266,6,dsgdb9nsd_c,10,dsgdb9nsd_h,1,dsgdb9nsd_o"
GDB_W1-F12_1825,GDB_W1-F12,2.69503779131516,"-1,dsgdb9nsd_002267,6,dsgdb9nsd_c,10,dsgdb9nsd_h,1,dsgdb9nsd_o"
GDB_W1-F12_1826,GDB_W1-F12,2.68603879092802,"-1,dsgdb9nsd_002268,6,dsgdb9nsd_c,10,dsgdb9nsd_h,1,dsgdb9nsd_o"
GDB_W1-F12_1827,GDB_W1-F12,2.370438637963534,"-1,dsgdb9nsd_002269,5,dsgdb9nsd_c,8,dsgdb9nsd_h,2,dsgdb9nsd_o"
GDB_W1-F12_1828,GDB_W1-F12,2.386924828893953,"-1,dsgdb9nsd_002270,5,dsgdb9nsd_c,8,dsgdb9nsd_h,2,dsgdb9nsd_o"
GDB_W1-F12_1829,GDB_W1-F12,2.7657383238711954,"-1,dsgdb9nsd_002271,7,dsgdb9nsd_c,10,dsgdb9nsd_h"
GDB_W1-F12_1830,GDB_W1-F12,2.4450441617608107,"-1,dsgdb9nsd_002272,6,dsgdb9nsd_c,8,dsgdb9nsd_h,1,dsgdb9nsd_o"
GDB_W1-F12_1831,GDB_W1-F12,2.4419167109714186,"-1,dsgdb9nsd_002273,6,dsgdb9nsd_c,8,dsgdb9nsd_h,1,dsgdb9nsd_o"
GDB_W1-F12_1832,GDB_W1-F12,2.6239037290496205,"-1,dsgdb9nsd_002274,6,dsgdb9nsd_c,9,dsgdb9nsd_h,1,dsgdb9nsd_n"
GDB_W1-F12_1833,GDB_W1-F12,2.3020390858065,"-1,dsgdb9nsd_002275,5,dsgdb9nsd_c,7,dsgdb9nsd_h,1,dsgdb9nsd_n,1,dsgdb9nsd_o"
GDB_W1-F12_1834,GDB_W1-F12,2.2987023457467,"-1,dsgdb9nsd_002276,5,dsgdb9nsd_c,7,dsgdb9nsd_h,1,dsgdb9nsd_n,1,dsgdb9nsd_o"
GDB_W1-F12_1835,GDB_W1-F12,2.4004548795959257,"-1,dsgdb9nsd_002277,5,dsgdb9nsd_c,8,dsgdb9nsd_h,2,dsgdb9nsd_n"
GDB_W1-F12_1836,GDB_W1-F12,2.184215830451266,"-1,dsgdb9nsd_002278,4,dsgdb9nsd_c,7,dsgdb9nsd_h,1,dsgdb9nsd_n,2,dsgdb9nsd_o"
GDB_W1-F12_1837,GDB_W1-F12,2.7209796721519157,"-1,dsgdb9nsd_002279,6,dsgdb9nsd_c,10,dsgdb9nsd_h,1,dsgdb9nsd_o"
GDB_W1-F12_1838,GDB_W1-F12,2.4012594491217585,"-1,dsgdb9nsd_002280,5,dsgdb9nsd_c,8,dsgdb9nsd_h,2,dsgdb9nsd_o"
GDB_W1-F12_1839,GDB_W1-F12,2.3954874486186175,"-1,dsgdb9nsd_002281,5,dsgdb9nsd_c,8,dsgdb9nsd_h,2,dsgdb9nsd_o"
GDB_W1-F12_1840,GDB_W1-F12,2.500987833452122,"-1,dsgdb9nsd_002282,5,dsgdb9nsd_c,9,dsgdb9nsd_h,1,dsgdb9nsd_n,1,dsgdb9nsd_o"
GDB_W1-F12_1841,GDB_W1-F12,2.5435681451518386,"-1,dsgdb9nsd_002283,5,dsgdb9nsd_c,9,dsgdb9nsd_h,1,dsgdb9nsd_n,1,dsgdb9nsd_o"
GDB_W1-F12_1842,GDB_W1-F12,2.2175007812980843,"-1,dsgdb9nsd_002284,4,dsgdb9nsd_c,7,dsgdb9nsd_h,1,dsgdb9nsd_n,2,dsgdb9nsd_o"
GDB_W1-F12_1843,GDB_W1-F12,2.425226470532119,"-1,dsgdb9nsd_002285,5,dsgdb9nsd_c,8,dsgdb9nsd_h,2,dsgdb9nsd_o"
GDB_W1-F12_1844,GDB_W1-F12,2.0971162769634506,"-1,dsgdb9nsd_002286,4,dsgdb9nsd_c,6,dsgdb9nsd_h,3,dsgdb9nsd_o"
GDB_W1-F12_1845,GDB_W1-F12,2.772458284563928,"-1,dsgdb9nsd_002287,7,dsgdb9nsd_c,10,dsgdb9nsd_h"
GDB_W1-F12_1846,GDB_W1-F12,2.448130250624889,"-1,dsgdb9nsd_002289,6,dsgdb9nsd_c,8,dsgdb9nsd_h,1,dsgdb9nsd_o"
GDB_W1-F12_1847,GDB_W1-F12,2.5185080836706053,"-1,dsgdb9nsd_002290,5,dsgdb9nsd_c,9,dsgdb9nsd_h,1,dsgdb9nsd_n,1,dsgdb9nsd_o"
GDB_W1-F12_1848,GDB_W1-F12,2.7715932251147244,"-1,dsgdb9nsd_002302,7,dsgdb9nsd_c,10,dsgdb9nsd_h"
GDB_W1-F12_1849,GDB_W1-F12,2.4569402116350894,"-1,dsgdb9nsd_002303,6,dsgdb9nsd_c,8,dsgdb9nsd_h,1,dsgdb9nsd_o"
GDB_W1-F12_1850,GDB_W1-F12,2.5478074054498365,"-1,dsgdb9nsd_002304,6,dsgdb9nsd_c,9,dsgdb9nsd_h,1,dsgdb9nsd_n"
GDB_W1-F12_1851,GDB_W1-F12,2.560696696104955,"-1,dsgdb9nsd_002305,6,dsgdb9nsd_c,9,dsgdb9nsd_h,1,dsgdb9nsd_n"
GDB_W1-F12_1852,GDB_W1-F12,2.452629322139672,"-1,dsgdb9nsd_002306,6,dsgdb9nsd_c,8,dsgdb9nsd_h,1,dsgdb9nsd_o"
GDB_W1-F12_1853,GDB_W1-F12,2.7614844343120004,"-1,dsgdb9nsd_002307,7,dsgdb9nsd_c,10,dsgdb9nsd_h"
GDB_W1-F12_1854,GDB_W1-F12,2.537800085625053,"-1,dsgdb9nsd_002309,6,dsgdb9nsd_c,9,dsgdb9nsd_h,1,dsgdb9nsd_n"
GDB_W1-F12_1855,GDB_W1-F12,2.3945980692178748,"-1,dsgdb9nsd_002310,5,dsgdb9nsd_c,8,dsgdb9nsd_h,2,dsgdb9nsd_n"
GDB_W1-F12_1856,GDB_W1-F12,2.5543845459881247,"-1,dsgdb9nsd_002311,6,dsgdb9nsd_c,9,dsgdb9nsd_h,1,dsgdb9nsd_n"
GDB_W1-F12_1857,GDB_W1-F12,2.412203349228266,"-1,dsgdb9nsd_002312,5,dsgdb9nsd_c,8,dsgdb9nsd_h,2,dsgdb9nsd_n"
GDB_W1-F12_1858,GDB_W1-F12,2.445766831327959,"-1,dsgdb9nsd_002313,6,dsgdb9nsd_c,8,dsgdb9nsd_h,1,dsgdb9nsd_o"
GDB_W1-F12_1859,GDB_W1-F12,2.5385756946319593,"-1,dsgdb9nsd_002315,6,dsgdb9nsd_c,9,dsgdb9nsd_h,1,dsgdb9nsd_n"
GDB_W1-F12_1860,GDB_W1-F12,2.395543369686666,"-1,dsgdb9nsd_002316,5,dsgdb9nsd_c,8,dsgdb9nsd_h,2,dsgdb9nsd_n"
GDB_W1-F12_1861,GDB_W1-F12,2.4479356208941057,"-1,dsgdb9nsd_002317,6,dsgdb9nsd_c,8,dsgdb9nsd_h,1,dsgdb9nsd_o"
GDB_W1-F12_1862,GDB_W1-F12,2.3064256060325463,"-1,dsgdb9nsd_002318,5,dsgdb9nsd_c,7,dsgdb9nsd_h,1,dsgdb9nsd_n,1,dsgdb9nsd_o"
GDB_W1-F12_1863,GDB_W1-F12,2.7179818719946867,"-1,dsgdb9nsd_002319,6,dsgdb9nsd_c,10,dsgdb9nsd_h,1,dsgdb9nsd_o"
GDB_W1-F12_1864,GDB_W1-F12,2.538448184206527,"-1,dsgdb9nsd_002320,5,dsgdb9nsd_c,9,dsgdb9nsd_h,1,dsgdb9nsd_n,1,dsgdb9nsd_o"
GDB_W1-F12_1865,GDB_W1-F12,2.41759837056252,"-1,dsgdb9nsd_002321,5,dsgdb9nsd_c,8,dsgdb9nsd_h,2,dsgdb9nsd_o"
GDB_W1-F12_1866,GDB_W1-F12,2.4964167439011686,"-1,dsgdb9nsd_002322,5,dsgdb9nsd_c,9,dsgdb9nsd_h,1,dsgdb9nsd_n,1,dsgdb9nsd_o"
GDB_W1-F12_1867,GDB_W1-F12,2.511172843024406,"-1,dsgdb9nsd_002323,5,dsgdb9nsd_c,9,dsgdb9nsd_h,1,dsgdb9nsd_n,1,dsgdb9nsd_o"
GDB_W1-F12_1868,GDB_W1-F12,2.40231540927438,"-1,dsgdb9nsd_002324,5,dsgdb9nsd_c,8,dsgdb9nsd_h,2,dsgdb9nsd_o"
GDB_W1-F12_1869,GDB_W1-F12,2.4942464436008582,"-1,dsgdb9nsd_002325,5,dsgdb9nsd_c,9,dsgdb9nsd_h,1,dsgdb9nsd_n,1,dsgdb9nsd_o"
GDB_W1-F12_1870,GDB_W1-F12,2.4035527101153966,"-1,dsgdb9nsd_002326,5,dsgdb9nsd_c,8,dsgdb9nsd_h,2,dsgdb9nsd_o"
GDB_W1-F12_1871,GDB_W1-F12,2.223471231394654,"-1,dsgdb9nsd_002327,4,dsgdb9nsd_c,7,dsgdb9nsd_h,1,dsgdb9nsd_n,2,dsgdb9nsd_o"
GDB_W1-F12_1872,GDB_W1-F12,2.1877306108508825,"-1,dsgdb9nsd_002328,4,dsgdb9nsd_c,7,dsgdb9nsd_h,1,dsgdb9nsd_n,2,dsgdb9nsd_o"
GDB_W1-F12_1873,GDB_W1-F12,2.0998332271777143,"-1,dsgdb9nsd_002329,4,dsgdb9nsd_c,6,dsgdb9nsd_h,3,dsgdb9nsd_o"
GDB_W1-F12_1874,GDB_W1-F12,2.7328619437481643,"-1,dsgdb9nsd_002348,6,dsgdb9nsd_c,10,dsgdb9nsd_h,1,dsgdb9nsd_o"
GDB_W1-F12_1875,GDB_W1-F12,2.410408719750063,"-1,dsgdb9nsd_002349,5,dsgdb9nsd_c,8,dsgdb9nsd_h,2,dsgdb9nsd_o"
GDB_W1-F12_1876,GDB_W1-F12,2.4073722588219564,"-1,dsgdb9nsd_002350,5,dsgdb9nsd_c,8,dsgdb9nsd_h,2,dsgdb9nsd_o"
GDB_W1-F12_1877,GDB_W1-F12,2.541194834370785,"-1,dsgdb9nsd_002351,5,dsgdb9nsd_c,9,dsgdb9nsd_h,1,dsgdb9nsd_n,1,dsgdb9nsd_o"
GDB_W1-F12_1878,GDB_W1-F12,2.556527335946817,"-1,dsgdb9nsd_002352,5,dsgdb9nsd_c,9,dsgdb9nsd_h,1,dsgdb9nsd_n,1,dsgdb9nsd_o"
GDB_W1-F12_1879,GDB_W1-F12,2.2386549527468658,"-1,dsgdb9nsd_002353,4,dsgdb9nsd_c,7,dsgdb9nsd_h,1,dsgdb9nsd_n,2,dsgdb9nsd_o"
GDB_W1-F12_1880,GDB_W1-F12,2.231179621785486,"-1,dsgdb9nsd_002354,4,dsgdb9nsd_c,7,dsgdb9nsd_h,1,dsgdb9nsd_n,2,dsgdb9nsd_o"
GDB_W1-F12_1881,GDB_W1-F12,2.357267117306605,"-1,dsgdb9nsd_002355,4,dsgdb9nsd_c,8,dsgdb9nsd_h,2,dsgdb9nsd_n,1,dsgdb9nsd_o"
GDB_W1-F12_1882,GDB_W1-F12,2.241886843393677,"-1,dsgdb9nsd_002356,4,dsgdb9nsd_c,7,dsgdb9nsd_h,1,dsgdb9nsd_n,2,dsgdb9nsd_o"
GDB_W1-F12_1883,GDB_W1-F12,2.2375477328104005,"-1,dsgdb9nsd_002357,4,dsgdb9nsd_c,7,dsgdb9nsd_h,1,dsgdb9nsd_n,2,dsgdb9nsd_o"
GDB_W1-F12_1884,GDB_W1-F12,2.4239612896339513,"-1,dsgdb9nsd_002374,5,dsgdb9nsd_c,8,dsgdb9nsd_h,2,dsgdb9nsd_o"
GDB_W1-F12_1885,GDB_W1-F12,2.7347722336315092,"-1,dsgdb9nsd_002375,6,dsgdb9nsd_c,10,dsgdb9nsd_h,1,dsgdb9nsd_o"
GDB_W1-F12_1886,GDB_W1-F12,2.557590285635344,"-1,dsgdb9nsd_002376,5,dsgdb9nsd_c,9,dsgdb9nsd_h,1,dsgdb9nsd_n,1,dsgdb9nsd_o"
GDB_W1-F12_1887,GDB_W1-F12,2.529044174794813,"-1,dsgdb9nsd_002377,5,dsgdb9nsd_c,9,dsgdb9nsd_h,1,dsgdb9nsd_n,1,dsgdb9nsd_o"
GDB_W1-F12_1888,GDB_W1-F12,2.3479373266946464,"-1,dsgdb9nsd_002378,4,dsgdb9nsd_c,8,dsgdb9nsd_h,2,dsgdb9nsd_n,1,dsgdb9nsd_o"
GDB_W1-F12_1889,GDB_W1-F12,2.519690653863847,"-1,dsgdb9nsd_002379,5,dsgdb9nsd_c,9,dsgdb9nsd_h,1,dsgdb9nsd_n,1,dsgdb9nsd_o"
GDB_W1-F12_1890,GDB_W1-F12,2.342134266899486,"-1,dsgdb9nsd_002380,4,dsgdb9nsd_c,8,dsgdb9nsd_h,2,dsgdb9nsd_n,1,dsgdb9nsd_o"
GDB_W1-F12_1891,GDB_W1-F12,2.410964059572656,"-1,dsgdb9nsd_002381,5,dsgdb9nsd_c,8,dsgdb9nsd_h,2,dsgdb9nsd_o"
GDB_W1-F12_1892,GDB_W1-F12,2.2401737425650237,"-1,dsgdb9nsd_002382,4,dsgdb9nsd_c,7,dsgdb9nsd_h,1,dsgdb9nsd_n,2,dsgdb9nsd_o"
GDB_W1-F12_1893,GDB_W1-F12,2.5077423131455947,"-1,dsgdb9nsd_002383,5,dsgdb9nsd_c,9,dsgdb9nsd_h,1,dsgdb9nsd_n,1,dsgdb9nsd_o"
GDB_W1-F12_1894,GDB_W1-F12,2.331525856548436,"-1,dsgdb9nsd_002384,4,dsgdb9nsd_c,8,dsgdb9nsd_h,2,dsgdb9nsd_n,1,dsgdb9nsd_o"
GDB_W1-F12_1895,GDB_W1-F12,2.247518173510714,"-1,dsgdb9nsd_002385,4,dsgdb9nsd_c,7,dsgdb9nsd_h,1,dsgdb9nsd_n,2,dsgdb9nsd_o"
GDB_W1-F12_1896,GDB_W1-F12,2.2493157224667515,"-1,dsgdb9nsd_002386,4,dsgdb9nsd_c,7,dsgdb9nsd_h,1,dsgdb9nsd_n,2,dsgdb9nsd_o"
GDB_W1-F12_1897,GDB_W1-F12,3.0102878045461714,"-1,dsgdb9nsd_002387,7,dsgdb9nsd_c,12,dsgdb9nsd_h"
GDB_W1-F12_1898,GDB_W1-F12,2.696773200970339,"-1,dsgdb9nsd_002388,6,dsgdb9nsd_c,10,dsgdb9nsd_h,1,dsgdb9nsd_o"
GDB_W1-F12_1899,GDB_W1-F12,2.686643881393895,"-1,dsgdb9nsd_002389,6,dsgdb9nsd_c,10,dsgdb9nsd_h,1,dsgdb9nsd_o"
GDB_W1-F12_1900,GDB_W1-F12,2.3706369584752465,"-1,dsgdb9nsd_002390,5,dsgdb9nsd_c,8,dsgdb9nsd_h,2,dsgdb9nsd_o"
GDB_W1-F12_1901,GDB_W1-F12,2.3624568174380305,"-1,dsgdb9nsd_002391,5,dsgdb9nsd_c,8,dsgdb9nsd_h,2,dsgdb9nsd_o"
GDB_W1-F12_1902,GDB_W1-F12,3.0062914441665027,"-1,dsgdb9nsd_002392,7,dsgdb9nsd_c,12,dsgdb9nsd_h"
GDB_W1-F12_1903,GDB_W1-F12,2.68592118154832,"-1,dsgdb9nsd_002393,6,dsgdb9nsd_c,10,dsgdb9nsd_h,1,dsgdb9nsd_o"
GDB_W1-F12_1904,GDB_W1-F12,2.6821248516147067,"-1,dsgdb9nsd_002394,6,dsgdb9nsd_c,10,dsgdb9nsd_h,1,dsgdb9nsd_o"
GDB_W1-F12_1905,GDB_W1-F12,2.475919352974494,"-1,dsgdb9nsd_002395,5,dsgdb9nsd_c,9,dsgdb9nsd_h,1,dsgdb9nsd_n,1,dsgdb9nsd_o"
GDB_W1-F12_1906,GDB_W1-F12,2.6971519219455975,"-1,dsgdb9nsd_002396,6,dsgdb9nsd_c,10,dsgdb9nsd_h,1,dsgdb9nsd_o"
GDB_W1-F12_1907,GDB_W1-F12,2.369988498146246,"-1,dsgdb9nsd_002397,5,dsgdb9nsd_c,8,dsgdb9nsd_h,2,dsgdb9nsd_o"
GDB_W1-F12_1908,GDB_W1-F12,2.4621209015439867,"-1,dsgdb9nsd_002398,5,dsgdb9nsd_c,9,dsgdb9nsd_h,1,dsgdb9nsd_n,1,dsgdb9nsd_o"
GDB_W1-F12_1909,GDB_W1-F12,2.691804861640211,"-1,dsgdb9nsd_002399,6,dsgdb9nsd_c,10,dsgdb9nsd_h,1,dsgdb9nsd_o"
GDB_W1-F12_1910,GDB_W1-F12,2.3704142080534947,"-1,dsgdb9nsd_002400,5,dsgdb9nsd_c,8,dsgdb9nsd_h,2,dsgdb9nsd_o"
GDB_W1-F12_1911,GDB_W1-F12,2.366672688447728,"-1,dsgdb9nsd_002401,5,dsgdb9nsd_c,8,dsgdb9nsd_h,2,dsgdb9nsd_o"
GDB_W1-F12_1912,GDB_W1-F12,2.4678843826538417,"-1,dsgdb9nsd_002402,6,dsgdb9nsd_c,8,dsgdb9nsd_h,1,dsgdb9nsd_o"
GDB_W1-F12_1913,GDB_W1-F12,2.250862873609695,"-1,dsgdb9nsd_002403,5,dsgdb9nsd_c,7,dsgdb9nsd_h,1,dsgdb9nsd_n,1,dsgdb9nsd_o"
GDB_W1-F12_1914,GDB_W1-F12,2.131641607489262,"-1,dsgdb9nsd_002404,5,dsgdb9nsd_c,6,dsgdb9nsd_h,2,dsgdb9nsd_o"
GDB_W1-F12_1915,GDB_W1-F12,2.243295432485219,"-1,dsgdb9nsd_002405,5,dsgdb9nsd_c,7,dsgdb9nsd_h,1,dsgdb9nsd_n,1,dsgdb9nsd_o"
GDB_W1-F12_1916,GDB_W1-F12,2.1568452285560062,"-1,dsgdb9nsd_002406,5,dsgdb9nsd_c,6,dsgdb9nsd_h,2,dsgdb9nsd_o"
GDB_W1-F12_1917,GDB_W1-F12,1.941260199815763,"-1,dsgdb9nsd_002407,4,dsgdb9nsd_c,5,dsgdb9nsd_h,1,dsgdb9nsd_n,2,dsgdb9nsd_o"
GDB_W1-F12_1918,GDB_W1-F12,1.8192962547858555,"-1,dsgdb9nsd_002408,4,dsgdb9nsd_c,4,dsgdb9nsd_h,3,dsgdb9nsd_o"
GDB_W1-F12_1919,GDB_W1-F12,2.984206193548159,"-1,dsgdb9nsd_002409,7,dsgdb9nsd_c,12,dsgdb9nsd_h"
GDB_W1-F12_1920,GDB_W1-F12,2.676138980237025,"-1,dsgdb9nsd_002410,6,dsgdb9nsd_c,10,dsgdb9nsd_h,1,dsgdb9nsd_o"
GDB_W1-F12_1921,GDB_W1-F12,2.6564037499147237,"-1,dsgdb9nsd_002411,6,dsgdb9nsd_c,10,dsgdb9nsd_h,1,dsgdb9nsd_o"
GDB_W1-F12_1922,GDB_W1-F12,2.3476453566008493,"-1,dsgdb9nsd_002412,5,dsgdb9nsd_c,8,dsgdb9nsd_h,2,dsgdb9nsd_o"
GDB_W1-F12_1923,GDB_W1-F12,2.440497191367616,"-1,dsgdb9nsd_002413,5,dsgdb9nsd_c,9,dsgdb9nsd_h,1,dsgdb9nsd_n,1,dsgdb9nsd_o"
GDB_W1-F12_1924,GDB_W1-F12,2.3683362681117064,"-1,dsgdb9nsd_002414,5,dsgdb9nsd_c,8,dsgdb9nsd_h,2,dsgdb9nsd_o"
GDB_W1-F12_1925,GDB_W1-F12,2.1557492690072992,"-1,dsgdb9nsd_002415,4,dsgdb9nsd_c,7,dsgdb9nsd_h,1,dsgdb9nsd_n,2,dsgdb9nsd_o"
GDB_W1-F12_1926,GDB_W1-F12,2.0398592545833156,"-1,dsgdb9nsd_002416,4,dsgdb9nsd_c,6,dsgdb9nsd_h,3,dsgdb9nsd_o"
GDB_W1-F12_1927,GDB_W1-F12,2.7418824529739085,"-1,dsgdb9nsd_002417,7,dsgdb9nsd_c,10,dsgdb9nsd_h"
GDB_W1-F12_1928,GDB_W1-F12,2.4136916295469004,"-1,dsgdb9nsd_002419,6,dsgdb9nsd_c,8,dsgdb9nsd_h,1,dsgdb9nsd_o"
GDB_W1-F12_1929,GDB_W1-F12,2.520965193983258,"-1,dsgdb9nsd_002420,6,dsgdb9nsd_c,9,dsgdb9nsd_h,1,dsgdb9nsd_n"
GDB_W1-F12_1930,GDB_W1-F12,2.3099504962396837,"-1,dsgdb9nsd_002421,5,dsgdb9nsd_c,8,dsgdb9nsd_h,2,dsgdb9nsd_n"
GDB_W1-F12_1931,GDB_W1-F12,2.1964412203730546,"-1,dsgdb9nsd_002422,5,dsgdb9nsd_c,7,dsgdb9nsd_h,1,dsgdb9nsd_n,1,dsgdb9nsd_o"
GDB_W1-F12_1932,GDB_W1-F12,2.4173999400923085,"-1,dsgdb9nsd_002423,6,dsgdb9nsd_c,8,dsgdb9nsd_h,1,dsgdb9nsd_o"
GDB_W1-F12_1933,GDB_W1-F12,2.1983582511904807,"-1,dsgdb9nsd_002424,5,dsgdb9nsd_c,7,dsgdb9nsd_h,1,dsgdb9nsd_n,1,dsgdb9nsd_o"
GDB_W1-F12_1934,GDB_W1-F12,2.08388826632276,"-1,dsgdb9nsd_002425,5,dsgdb9nsd_c,6,dsgdb9nsd_h,2,dsgdb9nsd_o"
GDB_W1-F12_1935,GDB_W1-F12,2.432832491153799,"-1,dsgdb9nsd_002426,6,dsgdb9nsd_c,8,dsgdb9nsd_h,1,dsgdb9nsd_o"
GDB_W1-F12_1936,GDB_W1-F12,2.100936786611677,"-1,dsgdb9nsd_002427,5,dsgdb9nsd_c,6,dsgdb9nsd_h,2,dsgdb9nsd_o"
GDB_W1-F12_1937,GDB_W1-F12,2.2143468815056315,"-1,dsgdb9nsd_002428,5,dsgdb9nsd_c,7,dsgdb9nsd_h,1,dsgdb9nsd_n,1,dsgdb9nsd_o"
GDB_W1-F12_1938,GDB_W1-F12,2.7652754942056594,"-1,dsgdb9nsd_002429,7,dsgdb9nsd_c,10,dsgdb9nsd_h"
GDB_W1-F12_1939,GDB_W1-F12,2.566073636437297,"-1,dsgdb9nsd_002430,6,dsgdb9nsd_c,9,dsgdb9nsd_h,1,dsgdb9nsd_n"
GDB_W1-F12_1940,GDB_W1-F12,2.5529168358768475,"-1,dsgdb9nsd_002431,6,dsgdb9nsd_c,9,dsgdb9nsd_h,1,dsgdb9nsd_n"
GDB_W1-F12_1941,GDB_W1-F12,2.4356578413250545,"-1,dsgdb9nsd_002432,6,dsgdb9nsd_c,8,dsgdb9nsd_h,1,dsgdb9nsd_o"
GDB_W1-F12_1942,GDB_W1-F12,2.539396974662467,"-1,dsgdb9nsd_002433,6,dsgdb9nsd_c,9,dsgdb9nsd_h,1,dsgdb9nsd_n"
GDB_W1-F12_1943,GDB_W1-F12,2.439945470613888,"-1,dsgdb9nsd_002434,6,dsgdb9nsd_c,8,dsgdb9nsd_h,1,dsgdb9nsd_o"
GDB_W1-F12_1944,GDB_W1-F12,2.4504237506587425,"-1,dsgdb9nsd_002435,6,dsgdb9nsd_c,8,dsgdb9nsd_h,1,dsgdb9nsd_o"
GDB_W1-F12_1945,GDB_W1-F12,2.1198097080408567,"-1,dsgdb9nsd_002436,5,dsgdb9nsd_c,6,dsgdb9nsd_h,2,dsgdb9nsd_o"
GDB_W1-F12_1946,GDB_W1-F12,2.2235489322135513,"-1,dsgdb9nsd_002437,5,dsgdb9nsd_c,7,dsgdb9nsd_h,1,dsgdb9nsd_n,1,dsgdb9nsd_o"
GDB_W1-F12_1947,GDB_W1-F12,2.8126061660564567,"-1,dsgdb9nsd_002438,7,dsgdb9nsd_c,10,dsgdb9nsd_h"
GDB_W1-F12_1948,GDB_W1-F12,2.3038856650979693,"-1,dsgdb9nsd_002439,5,dsgdb9nsd_c,7,dsgdb9nsd_h,1,dsgdb9nsd_n,1,dsgdb9nsd_o"
GDB_W1-F12_1949,GDB_W1-F12,2.490796482939718,"-1,dsgdb9nsd_002440,6,dsgdb9nsd_c,8,dsgdb9nsd_h,1,dsgdb9nsd_o"
GDB_W1-F12_1950,GDB_W1-F12,3.040821195342703,"-1,dsgdb9nsd_002441,7,dsgdb9nsd_c,12,dsgdb9nsd_h"
GDB_W1-F12_1951,GDB_W1-F12,2.7155801727976225,"-1,dsgdb9nsd_002442,6,dsgdb9nsd_c,10,dsgdb9nsd_h,1,dsgdb9nsd_o"
GDB_W1-F12_1952,GDB_W1-F12,2.714501572349376,"-1,dsgdb9nsd_002443,6,dsgdb9nsd_c,10,dsgdb9nsd_h,1,dsgdb9nsd_o"
GDB_W1-F12_1953,GDB_W1-F12,2.3935082083818697,"-1,dsgdb9nsd_002444,5,dsgdb9nsd_c,8,dsgdb9nsd_h,2,dsgdb9nsd_o"
GDB_W1-F12_1954,GDB_W1-F12,2.7228989132945363,"-1,dsgdb9nsd_002445,6,dsgdb9nsd_c,10,dsgdb9nsd_h,1,dsgdb9nsd_o"
GDB_W1-F12_1955,GDB_W1-F12,2.4861132134091624,"-1,dsgdb9nsd_002446,5,dsgdb9nsd_c,9,dsgdb9nsd_h,1,dsgdb9nsd_n,1,dsgdb9nsd_o"
GDB_W1-F12_1956,GDB_W1-F12,2.3978372298744444,"-1,dsgdb9nsd_002447,5,dsgdb9nsd_c,8,dsgdb9nsd_h,2,dsgdb9nsd_o"
GDB_W1-F12_1957,GDB_W1-F12,1.992292952823948,"-1,dsgdb9nsd_002449,4,dsgdb9nsd_c,5,dsgdb9nsd_h,1,dsgdb9nsd_n,2,dsgdb9nsd_o"
GDB_W1-F12_1958,GDB_W1-F12,2.525425003939422,"-1,dsgdb9nsd_002450,6,dsgdb9nsd_c,8,dsgdb9nsd_h,1,dsgdb9nsd_o"
GDB_W1-F12_1959,GDB_W1-F12,2.3406743367504275,"-1,dsgdb9nsd_002451,5,dsgdb9nsd_c,7,dsgdb9nsd_h,1,dsgdb9nsd_n,1,dsgdb9nsd_o"
GDB_W1-F12_1960,GDB_W1-F12,2.224808892473409,"-1,dsgdb9nsd_002452,5,dsgdb9nsd_c,6,dsgdb9nsd_h,2,dsgdb9nsd_o"
GDB_W1-F12_1961,GDB_W1-F12,2.305111455355801,"-1,dsgdb9nsd_002453,5,dsgdb9nsd_c,7,dsgdb9nsd_h,1,dsgdb9nsd_n,1,dsgdb9nsd_o"
GDB_W1-F12_1962,GDB_W1-F12,2.3172599157617886,"-1,dsgdb9nsd_002454,5,dsgdb9nsd_c,7,dsgdb9nsd_h,1,dsgdb9nsd_n,1,dsgdb9nsd_o"
GDB_W1-F12_1963,GDB_W1-F12,2.209196401499188,"-1,dsgdb9nsd_002455,5,dsgdb9nsd_c,6,dsgdb9nsd_h,2,dsgdb9nsd_o"
GDB_W1-F12_1964,GDB_W1-F12,2.1442403288262475,"-1,dsgdb9nsd_002456,4,dsgdb9nsd_c,6,dsgdb9nsd_h,2,dsgdb9nsd_n,1,dsgdb9nsd_o"
GDB_W1-F12_1965,GDB_W1-F12,2.0289858139707717,"-1,dsgdb9nsd_002457,4,dsgdb9nsd_c,5,dsgdb9nsd_h,1,dsgdb9nsd_n,2,dsgdb9nsd_o"
GDB_W1-F12_1966,GDB_W1-F12,1.9119093393724371,"-1,dsgdb9nsd_002458,4,dsgdb9nsd_c,4,dsgdb9nsd_h,3,dsgdb9nsd_o"
GDB_W1-F12_1967,GDB_W1-F12,2.8151350059634193,"-1,dsgdb9nsd_002459,7,dsgdb9nsd_c,10,dsgdb9nsd_h"
GDB_W1-F12_1968,GDB_W1-F12,2.603790917177089,"-1,dsgdb9nsd_002460,6,dsgdb9nsd_c,9,dsgdb9nsd_h,1,dsgdb9nsd_n"
GDB_W1-F12_1969,GDB_W1-F12,2.4963626634427807,"-1,dsgdb9nsd_002461,6,dsgdb9nsd_c,8,dsgdb9nsd_h,1,dsgdb9nsd_o"
GDB_W1-F12_1970,GDB_W1-F12,2.3101780147169366,"-1,dsgdb9nsd_002462,5,dsgdb9nsd_c,7,dsgdb9nsd_h,1,dsgdb9nsd_n,1,dsgdb9nsd_o"
GDB_W1-F12_1971,GDB_W1-F12,2.1167470180266874,"-1,dsgdb9nsd_002463,4,dsgdb9nsd_c,6,dsgdb9nsd_h,2,dsgdb9nsd_n,1,dsgdb9nsd_o"
GDB_W1-F12_1972,GDB_W1-F12,3.0377159960101845,"-1,dsgdb9nsd_002464,7,dsgdb9nsd_c,12,dsgdb9nsd_h"
GDB_W1-F12_1973,GDB_W1-F12,2.7165501629334874,"-1,dsgdb9nsd_002465,6,dsgdb9nsd_c,10,dsgdb9nsd_h,1,dsgdb9nsd_o"
GDB_W1-F12_1974,GDB_W1-F12,2.726624992495974,"-1,dsgdb9nsd_002466,6,dsgdb9nsd_c,10,dsgdb9nsd_h,1,dsgdb9nsd_o"
GDB_W1-F12_1975,GDB_W1-F12,2.397048758910335,"-1,dsgdb9nsd_002467,5,dsgdb9nsd_c,8,dsgdb9nsd_h,2,dsgdb9nsd_o"
GDB_W1-F12_1976,GDB_W1-F12,2.5006235632547,"-1,dsgdb9nsd_002468,5,dsgdb9nsd_c,9,dsgdb9nsd_h,1,dsgdb9nsd_n,1,dsgdb9nsd_o"
GDB_W1-F12_1977,GDB_W1-F12,2.730735982220654,"-1,dsgdb9nsd_002469,6,dsgdb9nsd_c,10,dsgdb9nsd_h,1,dsgdb9nsd_o"
GDB_W1-F12_1978,GDB_W1-F12,2.513107913410107,"-1,dsgdb9nsd_002470,5,dsgdb9nsd_c,9,dsgdb9nsd_h,1,dsgdb9nsd_n,1,dsgdb9nsd_o"
GDB_W1-F12_1979,GDB_W1-F12,2.529340355183609,"-1,dsgdb9nsd_002471,5,dsgdb9nsd_c,9,dsgdb9nsd_h,1,dsgdb9nsd_n,1,dsgdb9nsd_o"
GDB_W1-F12_1980,GDB_W1-F12,2.4122004791520775,"-1,dsgdb9nsd_002472,5,dsgdb9nsd_c,8,dsgdb9nsd_h,2,dsgdb9nsd_o"
GDB_W1-F12_1981,GDB_W1-F12,2.3032594259474153,"-1,dsgdb9nsd_002473,5,dsgdb9nsd_c,7,dsgdb9nsd_h,1,dsgdb9nsd_n,1,dsgdb9nsd_o"
GDB_W1-F12_1982,GDB_W1-F12,2.516648973891032,"-1,dsgdb9nsd_002474,6,dsgdb9nsd_c,8,dsgdb9nsd_h,1,dsgdb9nsd_o"
GDB_W1-F12_1983,GDB_W1-F12,2.1878142797071636,"-1,dsgdb9nsd_002475,5,dsgdb9nsd_c,6,dsgdb9nsd_h,2,dsgdb9nsd_o"
GDB_W1-F12_1984,GDB_W1-F12,2.287655804958796,"-1,dsgdb9nsd_002476,5,dsgdb9nsd_c,7,dsgdb9nsd_h,1,dsgdb9nsd_n,1,dsgdb9nsd_o"
GDB_W1-F12_1985,GDB_W1-F12,2.3213009559449644,"-1,dsgdb9nsd_002477,5,dsgdb9nsd_c,7,dsgdb9nsd_h,1,dsgdb9nsd_n,1,dsgdb9nsd_o"
GDB_W1-F12_1986,GDB_W1-F12,2.2148429521035555,"-1,dsgdb9nsd_002478,5,dsgdb9nsd_c,6,dsgdb9nsd_h,2,dsgdb9nsd_o"
GDB_W1-F12_1987,GDB_W1-F12,2.786337134780566,"-1,dsgdb9nsd_002479,7,dsgdb9nsd_c,10,dsgdb9nsd_h"
GDB_W1-F12_1988,GDB_W1-F12,2.460181262302964,"-1,dsgdb9nsd_002480,6,dsgdb9nsd_c,8,dsgdb9nsd_h,1,dsgdb9nsd_o"
GDB_W1-F12_1989,GDB_W1-F12,3.0341532450200916,"-1,dsgdb9nsd_002481,7,dsgdb9nsd_c,12,dsgdb9nsd_h"
GDB_W1-F12_1990,GDB_W1-F12,2.7129889513623833,"-1,dsgdb9nsd_002482,6,dsgdb9nsd_c,10,dsgdb9nsd_h,1,dsgdb9nsd_o"
GDB_W1-F12_1991,GDB_W1-F12,2.723665371841988,"-1,dsgdb9nsd_002484,6,dsgdb9nsd_c,10,dsgdb9nsd_h,1,dsgdb9nsd_o"
GDB_W1-F12_1992,GDB_W1-F12,2.4036651992536773,"-1,dsgdb9nsd_002485,5,dsgdb9nsd_c,8,dsgdb9nsd_h,2,dsgdb9nsd_o"
GDB_W1-F12_1993,GDB_W1-F12,2.7664275150593416,"-1,dsgdb9nsd_002486,7,dsgdb9nsd_c,10,dsgdb9nsd_h"
GDB_W1-F12_1994,GDB_W1-F12,2.5672176956581967,"-1,dsgdb9nsd_002487,6,dsgdb9nsd_c,9,dsgdb9nsd_h,1,dsgdb9nsd_n"
GDB_W1-F12_1995,GDB_W1-F12,2.441149740877906,"-1,dsgdb9nsd_002488,6,dsgdb9nsd_c,8,dsgdb9nsd_h,1,dsgdb9nsd_o"
GDB_W1-F12_1996,GDB_W1-F12,2.551439135478158,"-1,dsgdb9nsd_002489,6,dsgdb9nsd_c,9,dsgdb9nsd_h,1,dsgdb9nsd_n"
GDB_W1-F12_1997,GDB_W1-F12,2.45463440103013,"-1,dsgdb9nsd_002490,6,dsgdb9nsd_c,8,dsgdb9nsd_h,1,dsgdb9nsd_o"
GDB_W1-F12_1998,GDB_W1-F12,2.2410289328405235,"-1,dsgdb9nsd_002491,5,dsgdb9nsd_c,7,dsgdb9nsd_h,1,dsgdb9nsd_n,1,dsgdb9nsd_o"
GDB_W1-F12_1999,GDB_W1-F12,2.021364963294113,"-1,dsgdb9nsd_002492,7,dsgdb9nsd_c,4,dsgdb9nsd_h"
GDB_W1-F12_2000,GDB_W1-F12,1.8744480069595462,"-1,dsgdb9nsd_002493,6,dsgdb9nsd_c,3,dsgdb9nsd_h,1,dsgdb9nsd_n"
GDB_W1-F12_2001,GDB_W1-F12,1.8355271762635863,"-1,dsgdb9nsd_002495,5,dsgdb9nsd_c,3,dsgdb9nsd_h,1,dsgdb9nsd_n,1,dsgdb9nsd_o"
GDB_W1-F12_2002,GDB_W1-F12,1.6836109790734144,"-1,dsgdb9nsd_002496,4,dsgdb9nsd_c,2,dsgdb9nsd_h,2,dsgdb9nsd_n,1,dsgdb9nsd_o"
GDB_W1-F12_2003,GDB_W1-F12,1.9403502406460542,"-1,dsgdb9nsd_002497,5,dsgdb9nsd_c,4,dsgdb9nsd_h,2,dsgdb9nsd_o"
GDB_W1-F12_2004,GDB_W1-F12,2.0337663441842695,"-1,dsgdb9nsd_002498,3,dsgdb9nsd_c,6,dsgdb9nsd_h,4,dsgdb9nsd_n"
GDB_W1-F12_2005,GDB_W1-F12,1.9242340090701897,"-1,dsgdb9nsd_002499,3,dsgdb9nsd_c,5,dsgdb9nsd_h,3,dsgdb9nsd_n,1,dsgdb9nsd_o"
GDB_W1-F12_2006,GDB_W1-F12,1.8321134158527033,"-1,dsgdb9nsd_002500,3,dsgdb9nsd_c,4,dsgdb9nsd_h,2,dsgdb9nsd_n,2,dsgdb9nsd_o"
GDB_W1-F12_2007,GDB_W1-F12,1.7375707524309756,"-1,dsgdb9nsd_002501,3,dsgdb9nsd_c,3,dsgdb9nsd_h,1,dsgdb9nsd_n,3,dsgdb9nsd_o"
GDB_W1-F12_2008,GDB_W1-F12,2.2266361413794393,"-1,dsgdb9nsd_002502,4,dsgdb9nsd_c,7,dsgdb9nsd_h,3,dsgdb9nsd_n"
GDB_W1-F12_2009,GDB_W1-F12,2.517028413580539,"-1,dsgdb9nsd_002503,7,dsgdb9nsd_c,8,dsgdb9nsd_h"
GDB_W1-F12_2010,GDB_W1-F12,2.372972118437883,"-1,dsgdb9nsd_002504,6,dsgdb9nsd_c,7,dsgdb9nsd_h,1,dsgdb9nsd_n"
GDB_W1-F12_2011,GDB_W1-F12,2.225157591591184,"-1,dsgdb9nsd_002505,5,dsgdb9nsd_c,6,dsgdb9nsd_h,2,dsgdb9nsd_n"
GDB_W1-F12_2012,GDB_W1-F12,2.003298463155637,"-1,dsgdb9nsd_002507,4,dsgdb9nsd_c,5,dsgdb9nsd_h,3,dsgdb9nsd_n"
GDB_W1-F12_2013,GDB_W1-F12,2.179939399399735,"-1,dsgdb9nsd_002508,6,dsgdb9nsd_c,6,dsgdb9nsd_h,1,dsgdb9nsd_o"
GDB_W1-F12_2014,GDB_W1-F12,2.0335362440726876,"-1,dsgdb9nsd_002509,5,dsgdb9nsd_c,5,dsgdb9nsd_h,1,dsgdb9nsd_n,1,dsgdb9nsd_o"
GDB_W1-F12_2015,GDB_W1-F12,1.882731057996801,"-1,dsgdb9nsd_002510,4,dsgdb9nsd_c,4,dsgdb9nsd_h,2,dsgdb9nsd_n,1,dsgdb9nsd_o"
GDB_W1-F12_2016,GDB_W1-F12,2.2043602705315304,"-1,dsgdb9nsd_002511,6,dsgdb9nsd_c,6,dsgdb9nsd_h,1,dsgdb9nsd_o"
GDB_W1-F12_2017,GDB_W1-F12,2.058702214711866,"-1,dsgdb9nsd_002512,5,dsgdb9nsd_c,5,dsgdb9nsd_h,1,dsgdb9nsd_n,1,dsgdb9nsd_o"
GDB_W1-F12_2018,GDB_W1-F12,2.32263124661707,"-1,dsgdb9nsd_002513,4,dsgdb9nsd_c,8,dsgdb9nsd_h,2,dsgdb9nsd_n,1,dsgdb9nsd_o"
GDB_W1-F12_2019,GDB_W1-F12,2.3311795765176435,"-1,dsgdb9nsd_002515,5,dsgdb9nsd_c,7,dsgdb9nsd_h,1,dsgdb9nsd_n,1,dsgdb9nsd_o"
GDB_W1-F12_2020,GDB_W1-F12,2.25695885328511,"-1,dsgdb9nsd_002516,5,dsgdb9nsd_c,7,dsgdb9nsd_h,1,dsgdb9nsd_n,1,dsgdb9nsd_o"
GDB_W1-F12_2021,GDB_W1-F12,2.109059747635709,"-1,dsgdb9nsd_002517,4,dsgdb9nsd_c,6,dsgdb9nsd_h,2,dsgdb9nsd_n,1,dsgdb9nsd_o"
GDB_W1-F12_2022,GDB_W1-F12,2.139146158726603,"-1,dsgdb9nsd_002518,5,dsgdb9nsd_c,6,dsgdb9nsd_h,2,dsgdb9nsd_o"
GDB_W1-F12_2023,GDB_W1-F12,2.160534159314331,"-1,dsgdb9nsd_002520,5,dsgdb9nsd_c,6,dsgdb9nsd_h,2,dsgdb9nsd_o"
GDB_W1-F12_2024,GDB_W1-F12,2.015288403245817,"-1,dsgdb9nsd_002521,4,dsgdb9nsd_c,5,dsgdb9nsd_h,1,dsgdb9nsd_n,2,dsgdb9nsd_o"
GDB_W1-F12_2025,GDB_W1-F12,2.4312287097901666,"-1,dsgdb9nsd_002522,5,dsgdb9nsd_c,8,dsgdb9nsd_h,2,dsgdb9nsd_o"
GDB_W1-F12_2026,GDB_W1-F12,2.344133436715813,"-1,dsgdb9nsd_002523,4,dsgdb9nsd_c,8,dsgdb9nsd_h,2,dsgdb9nsd_n,1,dsgdb9nsd_o"
GDB_W1-F12_2027,GDB_W1-F12,2.25336808359454,"-1,dsgdb9nsd_002524,4,dsgdb9nsd_c,7,dsgdb9nsd_h,1,dsgdb9nsd_n,2,dsgdb9nsd_o"
GDB_W1-F12_2028,GDB_W1-F12,2.210878361762148,"-1,dsgdb9nsd_002525,4,dsgdb9nsd_c,7,dsgdb9nsd_h,1,dsgdb9nsd_n,2,dsgdb9nsd_o"
GDB_W1-F12_2029,GDB_W1-F12,2.098607296682956,"-1,dsgdb9nsd_002526,4,dsgdb9nsd_c,6,dsgdb9nsd_h,3,dsgdb9nsd_o"
GDB_W1-F12_2030,GDB_W1-F12,2.115675638186555,"-1,dsgdb9nsd_002527,4,dsgdb9nsd_c,6,dsgdb9nsd_h,3,dsgdb9nsd_o"
GDB_W1-F12_2031,GDB_W1-F12,3.0061732148758433,"-1,dsgdb9nsd_002528,7,dsgdb9nsd_c,12,dsgdb9nsd_h"
GDB_W1-F12_2032,GDB_W1-F12,2.8648093890421666,"-1,dsgdb9nsd_002529,6,dsgdb9nsd_c,11,dsgdb9nsd_h,1,dsgdb9nsd_n"
GDB_W1-F12_2033,GDB_W1-F12,2.691781910592306,"-1,dsgdb9nsd_002530,6,dsgdb9nsd_c,10,dsgdb9nsd_h,1,dsgdb9nsd_o"
GDB_W1-F12_2034,GDB_W1-F12,2.6446344790028173,"-1,dsgdb9nsd_002532,5,dsgdb9nsd_c,10,dsgdb9nsd_h,2,dsgdb9nsd_n"
GDB_W1-F12_2035,GDB_W1-F12,2.67576320105002,"-1,dsgdb9nsd_002533,6,dsgdb9nsd_c,10,dsgdb9nsd_h,1,dsgdb9nsd_o"
GDB_W1-F12_2036,GDB_W1-F12,2.5318648445586462,"-1,dsgdb9nsd_002534,5,dsgdb9nsd_c,9,dsgdb9nsd_h,1,dsgdb9nsd_n,1,dsgdb9nsd_o"
GDB_W1-F12_2037,GDB_W1-F12,2.44191271103181,"-1,dsgdb9nsd_002535,4,dsgdb9nsd_c,9,dsgdb9nsd_h,3,dsgdb9nsd_n"
GDB_W1-F12_2038,GDB_W1-F12,2.330556965997563,"-1,dsgdb9nsd_002536,4,dsgdb9nsd_c,8,dsgdb9nsd_h,2,dsgdb9nsd_n,1,dsgdb9nsd_o"
GDB_W1-F12_2039,GDB_W1-F12,2.3271176569684315,"-1,dsgdb9nsd_002537,4,dsgdb9nsd_c,8,dsgdb9nsd_h,2,dsgdb9nsd_n,1,dsgdb9nsd_o"
GDB_W1-F12_2040,GDB_W1-F12,2.36405989761703,"-1,dsgdb9nsd_002538,5,dsgdb9nsd_c,8,dsgdb9nsd_h,2,dsgdb9nsd_o"
GDB_W1-F12_2041,GDB_W1-F12,2.216782041552082,"-1,dsgdb9nsd_002539,4,dsgdb9nsd_c,7,dsgdb9nsd_h,1,dsgdb9nsd_n,2,dsgdb9nsd_o"
GDB_W1-F12_2042,GDB_W1-F12,2.3799783090720337,"-1,dsgdb9nsd_002540,5,dsgdb9nsd_c,8,dsgdb9nsd_h,2,dsgdb9nsd_o"
GDB_W1-F12_2043,GDB_W1-F12,2.234722672674607,"-1,dsgdb9nsd_002541,4,dsgdb9nsd_c,7,dsgdb9nsd_h,1,dsgdb9nsd_n,2,dsgdb9nsd_o"
GDB_W1-F12_2044,GDB_W1-F12,2.2777724641386587,"-1,dsgdb9nsd_002555,7,dsgdb9nsd_c,6,dsgdb9nsd_h"
GDB_W1-F12_2045,GDB_W1-F12,2.133060787655959,"-1,dsgdb9nsd_002556,6,dsgdb9nsd_c,5,dsgdb9nsd_h,1,dsgdb9nsd_n"
GDB_W1-F12_2046,GDB_W1-F12,2.06274572497727,"-1,dsgdb9nsd_002557,6,dsgdb9nsd_c,5,dsgdb9nsd_h,1,dsgdb9nsd_n"
GDB_W1-F12_2047,GDB_W1-F12,1.9161917097765262,"-1,dsgdb9nsd_002558,5,dsgdb9nsd_c,4,dsgdb9nsd_h,2,dsgdb9nsd_n"
GDB_W1-F12_2048,GDB_W1-F12,1.9501857813910695,"-1,dsgdb9nsd_002559,6,dsgdb9nsd_c,4,dsgdb9nsd_h,1,dsgdb9nsd_o"
GDB_W1-F12_2049,GDB_W1-F12,1.8016070445685473,"-1,dsgdb9nsd_002560,5,dsgdb9nsd_c,3,dsgdb9nsd_h,1,dsgdb9nsd_n,1,dsgdb9nsd_o"
GDB_W1-F12_2050,GDB_W1-F12,1.9849866424182476,"-1,dsgdb9nsd_002561,5,dsgdb9nsd_c,4,dsgdb9nsd_h,2,dsgdb9nsd_n"
GDB_W1-F12_2051,GDB_W1-F12,1.7655389229933247,"-1,dsgdb9nsd_002562,4,dsgdb9nsd_c,3,dsgdb9nsd_h,3,dsgdb9nsd_n"
GDB_W1-F12_2052,GDB_W1-F12,1.6491264877716452,"-1,dsgdb9nsd_002563,4,dsgdb9nsd_c,2,dsgdb9nsd_h,2,dsgdb9nsd_n,1,dsgdb9nsd_o"
GDB_W1-F12_2053,GDB_W1-F12,2.2417714921472145,"-1,dsgdb9nsd_002564,6,dsgdb9nsd_c,6,dsgdb9nsd_h,1,dsgdb9nsd_o"
GDB_W1-F12_2054,GDB_W1-F12,2.0962069265494905,"-1,dsgdb9nsd_002565,5,dsgdb9nsd_c,5,dsgdb9nsd_h,1,dsgdb9nsd_n,1,dsgdb9nsd_o"
GDB_W1-F12_2055,GDB_W1-F12,2.027389163973573,"-1,dsgdb9nsd_002566,5,dsgdb9nsd_c,5,dsgdb9nsd_h,1,dsgdb9nsd_n,1,dsgdb9nsd_o"
GDB_W1-F12_2056,GDB_W1-F12,1.9106112091709444,"-1,dsgdb9nsd_002568,5,dsgdb9nsd_c,4,dsgdb9nsd_h,2,dsgdb9nsd_o"
GDB_W1-F12_2057,GDB_W1-F12,1.759377502074873,"-1,dsgdb9nsd_002569,4,dsgdb9nsd_c,3,dsgdb9nsd_h,1,dsgdb9nsd_n,2,dsgdb9nsd_o"
GDB_W1-F12_2058,GDB_W1-F12,2.200762441186592,"-1,dsgdb9nsd_002570,5,dsgdb9nsd_c,6,dsgdb9nsd_h,2,dsgdb9nsd_o"
GDB_W1-F12_2059,GDB_W1-F12,1.9874863624461403,"-1,dsgdb9nsd_002571,4,dsgdb9nsd_c,5,dsgdb9nsd_h,1,dsgdb9nsd_n,2,dsgdb9nsd_o"
GDB_W1-F12_2060,GDB_W1-F12,1.8675048576046676,"-1,dsgdb9nsd_002572,4,dsgdb9nsd_c,4,dsgdb9nsd_h,3,dsgdb9nsd_o"
GDB_W1-F12_2061,GDB_W1-F12,2.7661601836373713,"-1,dsgdb9nsd_002583,7,dsgdb9nsd_c,10,dsgdb9nsd_h"
GDB_W1-F12_2062,GDB_W1-F12,2.6238699478863454,"-1,dsgdb9nsd_002584,6,dsgdb9nsd_c,9,dsgdb9nsd_h,1,dsgdb9nsd_n"
GDB_W1-F12_2063,GDB_W1-F12,2.5526325947500226,"-1,dsgdb9nsd_002585,6,dsgdb9nsd_c,9,dsgdb9nsd_h,1,dsgdb9nsd_n"
GDB_W1-F12_2064,GDB_W1-F12,2.408622509268255,"-1,dsgdb9nsd_002586,5,dsgdb9nsd_c,8,dsgdb9nsd_h,2,dsgdb9nsd_n"
GDB_W1-F12_2065,GDB_W1-F12,2.4444664716780546,"-1,dsgdb9nsd_002587,6,dsgdb9nsd_c,8,dsgdb9nsd_h,1,dsgdb9nsd_o"
GDB_W1-F12_2066,GDB_W1-F12,2.402755719758001,"-1,dsgdb9nsd_002589,5,dsgdb9nsd_c,8,dsgdb9nsd_h,2,dsgdb9nsd_n"
GDB_W1-F12_2067,GDB_W1-F12,2.4335059598701605,"-1,dsgdb9nsd_002590,6,dsgdb9nsd_c,8,dsgdb9nsd_h,1,dsgdb9nsd_o"
GDB_W1-F12_2068,GDB_W1-F12,2.289010813982801,"-1,dsgdb9nsd_002591,5,dsgdb9nsd_c,7,dsgdb9nsd_h,1,dsgdb9nsd_n,1,dsgdb9nsd_o"
GDB_W1-F12_2069,GDB_W1-F12,2.200139210755552,"-1,dsgdb9nsd_002592,4,dsgdb9nsd_c,7,dsgdb9nsd_h,3,dsgdb9nsd_n"
GDB_W1-F12_2070,GDB_W1-F12,2.090946217131605,"-1,dsgdb9nsd_002593,4,dsgdb9nsd_c,6,dsgdb9nsd_h,2,dsgdb9nsd_n,1,dsgdb9nsd_o"
GDB_W1-F12_2071,GDB_W1-F12,2.452850601667297,"-1,dsgdb9nsd_002594,6,dsgdb9nsd_c,8,dsgdb9nsd_h,1,dsgdb9nsd_o"
GDB_W1-F12_2072,GDB_W1-F12,2.3089604155704944,"-1,dsgdb9nsd_002595,5,dsgdb9nsd_c,7,dsgdb9nsd_h,1,dsgdb9nsd_n,1,dsgdb9nsd_o"
GDB_W1-F12_2073,GDB_W1-F12,2.2386855626432802,"-1,dsgdb9nsd_002596,5,dsgdb9nsd_c,7,dsgdb9nsd_h,1,dsgdb9nsd_n,1,dsgdb9nsd_o"
GDB_W1-F12_2074,GDB_W1-F12,2.0930786072473153,"-1,dsgdb9nsd_002597,4,dsgdb9nsd_c,6,dsgdb9nsd_h,2,dsgdb9nsd_n,1,dsgdb9nsd_o"
GDB_W1-F12_2075,GDB_W1-F12,2.128793988331517,"-1,dsgdb9nsd_002598,5,dsgdb9nsd_c,6,dsgdb9nsd_h,2,dsgdb9nsd_o"
GDB_W1-F12_2076,GDB_W1-F12,1.9814117115323668,"-1,dsgdb9nsd_002599,4,dsgdb9nsd_c,5,dsgdb9nsd_h,1,dsgdb9nsd_n,2,dsgdb9nsd_o"
GDB_W1-F12_2077,GDB_W1-F12,2.7271581924137935,"-1,dsgdb9nsd_002600,6,dsgdb9nsd_c,10,dsgdb9nsd_h,1,dsgdb9nsd_o"
GDB_W1-F12_2078,GDB_W1-F12,2.514602813549113,"-1,dsgdb9nsd_002601,5,dsgdb9nsd_c,9,dsgdb9nsd_h,1,dsgdb9nsd_n,1,dsgdb9nsd_o"
GDB_W1-F12_2079,GDB_W1-F12,2.404613379360266,"-1,dsgdb9nsd_002602,5,dsgdb9nsd_c,8,dsgdb9nsd_h,2,dsgdb9nsd_o"
GDB_W1-F12_2080,GDB_W1-F12,2.3937134993062705,"-1,dsgdb9nsd_002603,5,dsgdb9nsd_c,8,dsgdb9nsd_h,2,dsgdb9nsd_o"
GDB_W1-F12_2081,GDB_W1-F12,2.4158698803247836,"-1,dsgdb9nsd_002604,5,dsgdb9nsd_c,8,dsgdb9nsd_h,2,dsgdb9nsd_o"
GDB_W1-F12_2082,GDB_W1-F12,2.202086861031001,"-1,dsgdb9nsd_002605,4,dsgdb9nsd_c,7,dsgdb9nsd_h,1,dsgdb9nsd_n,2,dsgdb9nsd_o"
GDB_W1-F12_2083,GDB_W1-F12,2.08952998672117,"-1,dsgdb9nsd_002606,4,dsgdb9nsd_c,6,dsgdb9nsd_h,3,dsgdb9nsd_o"
GDB_W1-F12_2084,GDB_W1-F12,1.8951486984024262,"-1,dsgdb9nsd_002607,6,dsgdb9nsd_c,3,dsgdb9nsd_h,1,dsgdb9nsd_n"
GDB_W1-F12_2085,GDB_W1-F12,2.0407792136020455,"-1,dsgdb9nsd_002608,7,dsgdb9nsd_c,4,dsgdb9nsd_h"
GDB_W1-F12_2086,GDB_W1-F12,1.8900684181329122,"-1,dsgdb9nsd_002609,6,dsgdb9nsd_c,3,dsgdb9nsd_h,1,dsgdb9nsd_n"
GDB_W1-F12_2087,GDB_W1-F12,1.7421419423788196,"-1,dsgdb9nsd_002610,5,dsgdb9nsd_c,2,dsgdb9nsd_h,2,dsgdb9nsd_n"
GDB_W1-F12_2088,GDB_W1-F12,2.52060538427626,"-1,dsgdb9nsd_002611,7,dsgdb9nsd_c,8,dsgdb9nsd_h"
GDB_W1-F12_2089,GDB_W1-F12,2.3777832888262225,"-1,dsgdb9nsd_002612,6,dsgdb9nsd_c,7,dsgdb9nsd_h,1,dsgdb9nsd_n"
GDB_W1-F12_2090,GDB_W1-F12,2.15771795960253,"-1,dsgdb9nsd_002613,5,dsgdb9nsd_c,6,dsgdb9nsd_h,2,dsgdb9nsd_n"
GDB_W1-F12_2091,GDB_W1-F12,2.1817177008376083,"-1,dsgdb9nsd_002614,6,dsgdb9nsd_c,6,dsgdb9nsd_h,1,dsgdb9nsd_o"
GDB_W1-F12_2092,GDB_W1-F12,2.035677344813856,"-1,dsgdb9nsd_002615,5,dsgdb9nsd_c,5,dsgdb9nsd_h,1,dsgdb9nsd_n,1,dsgdb9nsd_o"
GDB_W1-F12_2093,GDB_W1-F12,2.2333980823148436,"-1,dsgdb9nsd_002616,5,dsgdb9nsd_c,6,dsgdb9nsd_h,2,dsgdb9nsd_n"
GDB_W1-F12_2094,GDB_W1-F12,2.008384112268394,"-1,dsgdb9nsd_002617,4,dsgdb9nsd_c,5,dsgdb9nsd_h,3,dsgdb9nsd_n"
GDB_W1-F12_2095,GDB_W1-F12,1.8877251084925237,"-1,dsgdb9nsd_002618,4,dsgdb9nsd_c,4,dsgdb9nsd_h,2,dsgdb9nsd_n,1,dsgdb9nsd_o"
GDB_W1-F12_2096,GDB_W1-F12,1.9879853828003253,"-1,dsgdb9nsd_002619,6,dsgdb9nsd_c,4,dsgdb9nsd_h,1,dsgdb9nsd_o"
GDB_W1-F12_2097,GDB_W1-F12,1.8416385963433306,"-1,dsgdb9nsd_002620,5,dsgdb9nsd_c,3,dsgdb9nsd_h,1,dsgdb9nsd_n,1,dsgdb9nsd_o"
GDB_W1-F12_2098,GDB_W1-F12,1.8478586761371008,"-1,dsgdb9nsd_002622,5,dsgdb9nsd_c,3,dsgdb9nsd_h,1,dsgdb9nsd_n,1,dsgdb9nsd_o"
GDB_W1-F12_2099,GDB_W1-F12,1.9460074699736558,"-1,dsgdb9nsd_002623,5,dsgdb9nsd_c,4,dsgdb9nsd_h,2,dsgdb9nsd_o"
GDB_W1-F12_2100,GDB_W1-F12,2.4757131425420633,"-1,dsgdb9nsd_002626,6,dsgdb9nsd_c,8,dsgdb9nsd_h,1,dsgdb9nsd_o"
GDB_W1-F12_2101,GDB_W1-F12,2.33229883611297,"-1,dsgdb9nsd_002627,5,dsgdb9nsd_c,7,dsgdb9nsd_h,1,dsgdb9nsd_n,1,dsgdb9nsd_o"
GDB_W1-F12_2102,GDB_W1-F12,2.258374803221692,"-1,dsgdb9nsd_002628,5,dsgdb9nsd_c,7,dsgdb9nsd_h,1,dsgdb9nsd_n,1,dsgdb9nsd_o"
GDB_W1-F12_2103,GDB_W1-F12,2.1111114871762613,"-1,dsgdb9nsd_002629,4,dsgdb9nsd_c,6,dsgdb9nsd_h,2,dsgdb9nsd_n,1,dsgdb9nsd_o"
GDB_W1-F12_2104,GDB_W1-F12,2.1404687379613523,"-1,dsgdb9nsd_002630,5,dsgdb9nsd_c,6,dsgdb9nsd_h,2,dsgdb9nsd_o"
GDB_W1-F12_2105,GDB_W1-F12,1.9937764124982331,"-1,dsgdb9nsd_002631,4,dsgdb9nsd_c,5,dsgdb9nsd_h,1,dsgdb9nsd_n,2,dsgdb9nsd_o"
GDB_W1-F12_2106,GDB_W1-F12,2.296782774728582,"-1,dsgdb9nsd_002632,5,dsgdb9nsd_c,7,dsgdb9nsd_h,1,dsgdb9nsd_n,1,dsgdb9nsd_o"
GDB_W1-F12_2107,GDB_W1-F12,2.153495709406278,"-1,dsgdb9nsd_002633,4,dsgdb9nsd_c,6,dsgdb9nsd_h,2,dsgdb9nsd_n,1,dsgdb9nsd_o"
GDB_W1-F12_2108,GDB_W1-F12,2.1761236498390026,"-1,dsgdb9nsd_002634,5,dsgdb9nsd_c,6,dsgdb9nsd_h,2,dsgdb9nsd_o"
GDB_W1-F12_2109,GDB_W1-F12,2.0307939540019637,"-1,dsgdb9nsd_002635,4,dsgdb9nsd_c,5,dsgdb9nsd_h,1,dsgdb9nsd_n,2,dsgdb9nsd_o"
GDB_W1-F12_2110,GDB_W1-F12,2.2160014509470813,"-1,dsgdb9nsd_002636,4,dsgdb9nsd_c,7,dsgdb9nsd_h,1,dsgdb9nsd_n,2,dsgdb9nsd_o"
GDB_W1-F12_2111,GDB_W1-F12,2.4304327504929018,"-1,dsgdb9nsd_002637,5,dsgdb9nsd_c,8,dsgdb9nsd_h,2,dsgdb9nsd_o"
GDB_W1-F12_2112,GDB_W1-F12,2.251248743481003,"-1,dsgdb9nsd_002638,4,dsgdb9nsd_c,7,dsgdb9nsd_h,1,dsgdb9nsd_n,2,dsgdb9nsd_o"
GDB_W1-F12_2113,GDB_W1-F12,2.1289597977802996,"-1,dsgdb9nsd_002639,4,dsgdb9nsd_c,6,dsgdb9nsd_h,3,dsgdb9nsd_o"
GDB_W1-F12_2114,GDB_W1-F12,2.2126656718289484,"-1,dsgdb9nsd_002640,4,dsgdb9nsd_c,7,dsgdb9nsd_h,1,dsgdb9nsd_n,2,dsgdb9nsd_o"
GDB_W1-F12_2115,GDB_W1-F12,2.0983828873221078,"-1,dsgdb9nsd_002641,4,dsgdb9nsd_c,6,dsgdb9nsd_h,3,dsgdb9nsd_o"
GDB_W1-F12_2116,GDB_W1-F12,2.058533065074469,"-1,dsgdb9nsd_002642,7,dsgdb9nsd_c,4,dsgdb9nsd_h"
GDB_W1-F12_2117,GDB_W1-F12,1.9068219484533082,"-1,dsgdb9nsd_002643,6,dsgdb9nsd_c,3,dsgdb9nsd_h,1,dsgdb9nsd_n"
GDB_W1-F12_2118,GDB_W1-F12,2.529793924431191,"-1,dsgdb9nsd_002645,7,dsgdb9nsd_c,8,dsgdb9nsd_h"
GDB_W1-F12_2119,GDB_W1-F12,2.4819066729358825,"-1,dsgdb9nsd_002648,6,dsgdb9nsd_c,8,dsgdb9nsd_h,1,dsgdb9nsd_o"
GDB_W1-F12_2120,GDB_W1-F12,2.2999798754624083,"-1,dsgdb9nsd_002649,5,dsgdb9nsd_c,7,dsgdb9nsd_h,1,dsgdb9nsd_n,1,dsgdb9nsd_o"
GDB_W1-F12_2121,GDB_W1-F12,2.26572343330717,"-1,dsgdb9nsd_002650,5,dsgdb9nsd_c,7,dsgdb9nsd_h,1,dsgdb9nsd_n,1,dsgdb9nsd_o"
GDB_W1-F12_2122,GDB_W1-F12,2.1786163197741346,"-1,dsgdb9nsd_002651,5,dsgdb9nsd_c,6,dsgdb9nsd_h,2,dsgdb9nsd_o"
GDB_W1-F12_2123,GDB_W1-F12,2.245538063167581,"-1,dsgdb9nsd_002652,5,dsgdb9nsd_c,7,dsgdb9nsd_h,1,dsgdb9nsd_n,1,dsgdb9nsd_o"
GDB_W1-F12_2124,GDB_W1-F12,2.1007013574968876,"-1,dsgdb9nsd_002653,4,dsgdb9nsd_c,6,dsgdb9nsd_h,2,dsgdb9nsd_n,1,dsgdb9nsd_o"
GDB_W1-F12_2125,GDB_W1-F12,2.2041600807253316,"-1,dsgdb9nsd_002654,4,dsgdb9nsd_c,7,dsgdb9nsd_h,1,dsgdb9nsd_n,2,dsgdb9nsd_o"
GDB_W1-F12_2126,GDB_W1-F12,2.217671451231252,"-1,dsgdb9nsd_002655,6,dsgdb9nsd_c,6,dsgdb9nsd_h,1,dsgdb9nsd_o"
GDB_W1-F12_2127,GDB_W1-F12,2.521781364927557,"-1,dsgdb9nsd_002657,7,dsgdb9nsd_c,8,dsgdb9nsd_h"
GDB_W1-F12_2128,GDB_W1-F12,2.378131917825534,"-1,dsgdb9nsd_002658,6,dsgdb9nsd_c,7,dsgdb9nsd_h,1,dsgdb9nsd_n"
GDB_W1-F12_2129,GDB_W1-F12,2.2012326205419583,"-1,dsgdb9nsd_002659,6,dsgdb9nsd_c,6,dsgdb9nsd_h,1,dsgdb9nsd_o"
GDB_W1-F12_2130,GDB_W1-F12,2.057046305051607,"-1,dsgdb9nsd_002660,5,dsgdb9nsd_c,5,dsgdb9nsd_h,1,dsgdb9nsd_n,1,dsgdb9nsd_o"
GDB_W1-F12_2131,GDB_W1-F12,2.4810747125885393,"-1,dsgdb9nsd_002661,6,dsgdb9nsd_c,8,dsgdb9nsd_h,1,dsgdb9nsd_o"
GDB_W1-F12_2132,GDB_W1-F12,2.1626689796722336,"-1,dsgdb9nsd_002662,5,dsgdb9nsd_c,6,dsgdb9nsd_h,2,dsgdb9nsd_o"
GDB_W1-F12_2133,GDB_W1-F12,2.249879213560698,"-1,dsgdb9nsd_002663,5,dsgdb9nsd_c,7,dsgdb9nsd_h,1,dsgdb9nsd_n,1,dsgdb9nsd_o"
GDB_W1-F12_2134,GDB_W1-F12,2.1068134070491995,"-1,dsgdb9nsd_002664,4,dsgdb9nsd_c,6,dsgdb9nsd_h,2,dsgdb9nsd_n,1,dsgdb9nsd_o"
GDB_W1-F12_2135,GDB_W1-F12,2.3567582469019337,"-1,dsgdb9nsd_002665,4,dsgdb9nsd_c,8,dsgdb9nsd_h,2,dsgdb9nsd_n,1,dsgdb9nsd_o"
GDB_W1-F12_2136,GDB_W1-F12,2.234165782277815,"-1,dsgdb9nsd_002666,4,dsgdb9nsd_c,7,dsgdb9nsd_h,1,dsgdb9nsd_n,2,dsgdb9nsd_o"
GDB_W1-F12_2137,GDB_W1-F12,2.2063918908539324,"-1,dsgdb9nsd_002667,4,dsgdb9nsd_c,7,dsgdb9nsd_h,1,dsgdb9nsd_n,2,dsgdb9nsd_o"
GDB_W1-F12_2138,GDB_W1-F12,2.530698065362051,"-1,dsgdb9nsd_002668,7,dsgdb9nsd_c,8,dsgdb9nsd_h"
GDB_W1-F12_2139,GDB_W1-F12,2.381432248873288,"-1,dsgdb9nsd_002669,6,dsgdb9nsd_c,7,dsgdb9nsd_h,1,dsgdb9nsd_n"
GDB_W1-F12_2140,GDB_W1-F12,2.1938936014667507,"-1,dsgdb9nsd_002670,6,dsgdb9nsd_c,6,dsgdb9nsd_h,1,dsgdb9nsd_o"
GDB_W1-F12_2141,GDB_W1-F12,2.043187424254584,"-1,dsgdb9nsd_002671,5,dsgdb9nsd_c,5,dsgdb9nsd_h,1,dsgdb9nsd_n,1,dsgdb9nsd_o"
GDB_W1-F12_2142,GDB_W1-F12,2.2162002208543994,"-1,dsgdb9nsd_002672,6,dsgdb9nsd_c,6,dsgdb9nsd_h,1,dsgdb9nsd_o"
GDB_W1-F12_2143,GDB_W1-F12,2.066286516139552,"-1,dsgdb9nsd_002673,5,dsgdb9nsd_c,5,dsgdb9nsd_h,1,dsgdb9nsd_n,1,dsgdb9nsd_o"
GDB_W1-F12_2144,GDB_W1-F12,2.1415784088568284,"-1,dsgdb9nsd_002675,5,dsgdb9nsd_c,6,dsgdb9nsd_h,2,dsgdb9nsd_o"
GDB_W1-F12_2145,GDB_W1-F12,2.1632523493505134,"-1,dsgdb9nsd_002676,5,dsgdb9nsd_c,6,dsgdb9nsd_h,2,dsgdb9nsd_o"
GDB_W1-F12_2146,GDB_W1-F12,2.675002340824419,"-1,dsgdb9nsd_002678,6,dsgdb9nsd_c,10,dsgdb9nsd_h,1,dsgdb9nsd_o"
GDB_W1-F12_2147,GDB_W1-F12,2.6899405407839363,"-1,dsgdb9nsd_002680,6,dsgdb9nsd_c,10,dsgdb9nsd_h,1,dsgdb9nsd_o"
GDB_W1-F12_2148,GDB_W1-F12,2.3545109166889318,"-1,dsgdb9nsd_002681,5,dsgdb9nsd_c,8,dsgdb9nsd_h,2,dsgdb9nsd_o"
GDB_W1-F12_2149,GDB_W1-F12,2.3759629975840686,"-1,dsgdb9nsd_002682,5,dsgdb9nsd_c,8,dsgdb9nsd_h,2,dsgdb9nsd_o"
GDB_W1-F12_2150,GDB_W1-F12,2.69587203210616,"-1,dsgdb9nsd_002686,6,dsgdb9nsd_c,10,dsgdb9nsd_h,1,dsgdb9nsd_o"
GDB_W1-F12_2151,GDB_W1-F12,3.010611535116621,"-1,dsgdb9nsd_002687,7,dsgdb9nsd_c,12,dsgdb9nsd_h"
GDB_W1-F12_2152,GDB_W1-F12,2.681784200184192,"-1,dsgdb9nsd_002689,6,dsgdb9nsd_c,10,dsgdb9nsd_h,1,dsgdb9nsd_o"
GDB_W1-F12_2153,GDB_W1-F12,3.0038376836040723,"-1,dsgdb9nsd_002692,7,dsgdb9nsd_c,12,dsgdb9nsd_h"
GDB_W1-F12_2154,GDB_W1-F12,2.6429530095691,"-1,dsgdb9nsd_002694,5,dsgdb9nsd_c,10,dsgdb9nsd_h,2,dsgdb9nsd_n"
GDB_W1-F12_2155,GDB_W1-F12,2.672297690026051,"-1,dsgdb9nsd_002695,6,dsgdb9nsd_c,10,dsgdb9nsd_h,1,dsgdb9nsd_o"
GDB_W1-F12_2156,GDB_W1-F12,2.527443113708835,"-1,dsgdb9nsd_002696,5,dsgdb9nsd_c,9,dsgdb9nsd_h,1,dsgdb9nsd_n,1,dsgdb9nsd_o"
GDB_W1-F12_2157,GDB_W1-F12,2.6795473702110626,"-1,dsgdb9nsd_002697,6,dsgdb9nsd_c,10,dsgdb9nsd_h,1,dsgdb9nsd_o"
GDB_W1-F12_2158,GDB_W1-F12,2.536845534299916,"-1,dsgdb9nsd_002698,5,dsgdb9nsd_c,9,dsgdb9nsd_h,1,dsgdb9nsd_n,1,dsgdb9nsd_o"
GDB_W1-F12_2159,GDB_W1-F12,2.674053999764084,"-1,dsgdb9nsd_002699,6,dsgdb9nsd_c,10,dsgdb9nsd_h,1,dsgdb9nsd_o"
GDB_W1-F12_2160,GDB_W1-F12,2.531657634938115,"-1,dsgdb9nsd_002700,5,dsgdb9nsd_c,9,dsgdb9nsd_h,1,dsgdb9nsd_n,1,dsgdb9nsd_o"
GDB_W1-F12_2161,GDB_W1-F12,2.6896645608869645,"-1,dsgdb9nsd_002701,6,dsgdb9nsd_c,10,dsgdb9nsd_h,1,dsgdb9nsd_o"
GDB_W1-F12_2162,GDB_W1-F12,2.547612015571168,"-1,dsgdb9nsd_002702,5,dsgdb9nsd_c,9,dsgdb9nsd_h,1,dsgdb9nsd_n,1,dsgdb9nsd_o"
GDB_W1-F12_2163,GDB_W1-F12,2.3307605868276573,"-1,dsgdb9nsd_002703,4,dsgdb9nsd_c,8,dsgdb9nsd_h,2,dsgdb9nsd_n,1,dsgdb9nsd_o"
GDB_W1-F12_2164,GDB_W1-F12,2.360615807783586,"-1,dsgdb9nsd_002704,5,dsgdb9nsd_c,8,dsgdb9nsd_h,2,dsgdb9nsd_o"
GDB_W1-F12_2165,GDB_W1-F12,2.2147240917467275,"-1,dsgdb9nsd_002705,4,dsgdb9nsd_c,7,dsgdb9nsd_h,1,dsgdb9nsd_n,2,dsgdb9nsd_o"
GDB_W1-F12_2166,GDB_W1-F12,2.040634614988398,"-1,dsgdb9nsd_002732,5,dsgdb9nsd_c,5,dsgdb9nsd_h,1,dsgdb9nsd_n,1,dsgdb9nsd_o"
GDB_W1-F12_2167,GDB_W1-F12,1.8938662078054425,"-1,dsgdb9nsd_002733,4,dsgdb9nsd_c,4,dsgdb9nsd_h,2,dsgdb9nsd_n,1,dsgdb9nsd_o"
GDB_W1-F12_2168,GDB_W1-F12,2.2483013632796593,"-1,dsgdb9nsd_002734,6,dsgdb9nsd_c,6,dsgdb9nsd_h,1,dsgdb9nsd_o"
GDB_W1-F12_2169,GDB_W1-F12,2.1029251470294525,"-1,dsgdb9nsd_002735,5,dsgdb9nsd_c,5,dsgdb9nsd_h,1,dsgdb9nsd_n,1,dsgdb9nsd_o"
GDB_W1-F12_2170,GDB_W1-F12,2.030233234180917,"-1,dsgdb9nsd_002736,5,dsgdb9nsd_c,5,dsgdb9nsd_h,1,dsgdb9nsd_n,1,dsgdb9nsd_o"
GDB_W1-F12_2171,GDB_W1-F12,1.8834720476060758,"-1,dsgdb9nsd_002737,4,dsgdb9nsd_c,4,dsgdb9nsd_h,2,dsgdb9nsd_n,1,dsgdb9nsd_o"
GDB_W1-F12_2172,GDB_W1-F12,1.9178393884853595,"-1,dsgdb9nsd_002738,5,dsgdb9nsd_c,4,dsgdb9nsd_h,2,dsgdb9nsd_o"
GDB_W1-F12_2173,GDB_W1-F12,1.7688145627804035,"-1,dsgdb9nsd_002739,4,dsgdb9nsd_c,3,dsgdb9nsd_h,1,dsgdb9nsd_n,2,dsgdb9nsd_o"
GDB_W1-F12_2174,GDB_W1-F12,2.065687804860232,"-1,dsgdb9nsd_002740,5,dsgdb9nsd_c,5,dsgdb9nsd_h,1,dsgdb9nsd_n,1,dsgdb9nsd_o"
GDB_W1-F12_2175,GDB_W1-F12,1.9197525293216766,"-1,dsgdb9nsd_002741,4,dsgdb9nsd_c,4,dsgdb9nsd_h,2,dsgdb9nsd_n,1,dsgdb9nsd_o"
GDB_W1-F12_2176,GDB_W1-F12,1.956040161526928,"-1,dsgdb9nsd_002742,5,dsgdb9nsd_c,4,dsgdb9nsd_h,2,dsgdb9nsd_o"
GDB_W1-F12_2177,GDB_W1-F12,1.8078030147661672,"-1,dsgdb9nsd_002743,4,dsgdb9nsd_c,3,dsgdb9nsd_h,1,dsgdb9nsd_n,2,dsgdb9nsd_o"
GDB_W1-F12_2178,GDB_W1-F12,2.1254818980987547,"-1,dsgdb9nsd_002744,4,dsgdb9nsd_c,6,dsgdb9nsd_h,2,dsgdb9nsd_n,1,dsgdb9nsd_o"
GDB_W1-F12_2179,GDB_W1-F12,1.9990259428020338,"-1,dsgdb9nsd_002745,4,dsgdb9nsd_c,5,dsgdb9nsd_h,1,dsgdb9nsd_n,2,dsgdb9nsd_o"
GDB_W1-F12_2180,GDB_W1-F12,2.1243771482445175,"-1,dsgdb9nsd_002746,4,dsgdb9nsd_c,6,dsgdb9nsd_h,2,dsgdb9nsd_n,1,dsgdb9nsd_o"
GDB_W1-F12_2181,GDB_W1-F12,2.0235286533356596,"-1,dsgdb9nsd_002747,4,dsgdb9nsd_c,5,dsgdb9nsd_h,1,dsgdb9nsd_n,2,dsgdb9nsd_o"
GDB_W1-F12_2182,GDB_W1-F12,1.9133574497796324,"-1,dsgdb9nsd_002748,4,dsgdb9nsd_c,4,dsgdb9nsd_h,3,dsgdb9nsd_o"
GDB_W1-F12_2183,GDB_W1-F12,2.03217654348605,"-1,dsgdb9nsd_002749,4,dsgdb9nsd_c,5,dsgdb9nsd_h,1,dsgdb9nsd_n,2,dsgdb9nsd_o"
GDB_W1-F12_2184,GDB_W1-F12,2.7684982248314074,"-1,dsgdb9nsd_002750,7,dsgdb9nsd_c,10,dsgdb9nsd_h"
GDB_W1-F12_2185,GDB_W1-F12,2.6265676378336336,"-1,dsgdb9nsd_002751,6,dsgdb9nsd_c,9,dsgdb9nsd_h,1,dsgdb9nsd_n"
GDB_W1-F12_2186,GDB_W1-F12,2.411142420226362,"-1,dsgdb9nsd_002752,5,dsgdb9nsd_c,8,dsgdb9nsd_h,2,dsgdb9nsd_n"
GDB_W1-F12_2187,GDB_W1-F12,2.443635051561599,"-1,dsgdb9nsd_002753,6,dsgdb9nsd_c,8,dsgdb9nsd_h,1,dsgdb9nsd_o"
GDB_W1-F12_2188,GDB_W1-F12,2.2985993544729877,"-1,dsgdb9nsd_002754,5,dsgdb9nsd_c,7,dsgdb9nsd_h,1,dsgdb9nsd_n,1,dsgdb9nsd_o"
GDB_W1-F12_2189,GDB_W1-F12,2.448602471383697,"-1,dsgdb9nsd_002755,6,dsgdb9nsd_c,8,dsgdb9nsd_h,1,dsgdb9nsd_o"
GDB_W1-F12_2190,GDB_W1-F12,2.3046296458971427,"-1,dsgdb9nsd_002756,5,dsgdb9nsd_c,7,dsgdb9nsd_h,1,dsgdb9nsd_n,1,dsgdb9nsd_o"
GDB_W1-F12_2191,GDB_W1-F12,2.403679399836088,"-1,dsgdb9nsd_002757,5,dsgdb9nsd_c,8,dsgdb9nsd_h,2,dsgdb9nsd_n"
GDB_W1-F12_2192,GDB_W1-F12,2.2080932516207947,"-1,dsgdb9nsd_002758,4,dsgdb9nsd_c,7,dsgdb9nsd_h,3,dsgdb9nsd_n"
GDB_W1-F12_2193,GDB_W1-F12,2.0966069061679278,"-1,dsgdb9nsd_002759,4,dsgdb9nsd_c,6,dsgdb9nsd_h,2,dsgdb9nsd_n,1,dsgdb9nsd_o"
GDB_W1-F12_2194,GDB_W1-F12,2.4603311421117766,"-1,dsgdb9nsd_002760,6,dsgdb9nsd_c,8,dsgdb9nsd_h,1,dsgdb9nsd_o"
GDB_W1-F12_2195,GDB_W1-F12,2.3167575058173457,"-1,dsgdb9nsd_002761,5,dsgdb9nsd_c,7,dsgdb9nsd_h,1,dsgdb9nsd_n,1,dsgdb9nsd_o"
GDB_W1-F12_2196,GDB_W1-F12,2.096787336909901,"-1,dsgdb9nsd_002762,4,dsgdb9nsd_c,6,dsgdb9nsd_h,2,dsgdb9nsd_n,1,dsgdb9nsd_o"
GDB_W1-F12_2197,GDB_W1-F12,2.1331544181148265,"-1,dsgdb9nsd_002763,5,dsgdb9nsd_c,6,dsgdb9nsd_h,2,dsgdb9nsd_o"
GDB_W1-F12_2198,GDB_W1-F12,1.9833492918403317,"-1,dsgdb9nsd_002764,4,dsgdb9nsd_c,5,dsgdb9nsd_h,1,dsgdb9nsd_n,2,dsgdb9nsd_o"
GDB_W1-F12_2199,GDB_W1-F12,2.7225209923071994,"-1,dsgdb9nsd_002765,6,dsgdb9nsd_c,10,dsgdb9nsd_h,1,dsgdb9nsd_o"
GDB_W1-F12_2200,GDB_W1-F12,2.537651925312192,"-1,dsgdb9nsd_002766,5,dsgdb9nsd_c,9,dsgdb9nsd_h,1,dsgdb9nsd_n,1,dsgdb9nsd_o"
GDB_W1-F12_2201,GDB_W1-F12,2.3976459196154565,"-1,dsgdb9nsd_002767,5,dsgdb9nsd_c,8,dsgdb9nsd_h,2,dsgdb9nsd_o"
GDB_W1-F12_2202,GDB_W1-F12,2.402752409847815,"-1,dsgdb9nsd_002768,5,dsgdb9nsd_c,8,dsgdb9nsd_h,2,dsgdb9nsd_o"
GDB_W1-F12_2203,GDB_W1-F12,2.5047917329925644,"-1,dsgdb9nsd_002769,5,dsgdb9nsd_c,9,dsgdb9nsd_h,1,dsgdb9nsd_n,1,dsgdb9nsd_o"
GDB_W1-F12_2204,GDB_W1-F12,2.4113219697067407,"-1,dsgdb9nsd_002770,5,dsgdb9nsd_c,8,dsgdb9nsd_h,2,dsgdb9nsd_o"
GDB_W1-F12_2205,GDB_W1-F12,2.1975752909001427,"-1,dsgdb9nsd_002771,4,dsgdb9nsd_c,7,dsgdb9nsd_h,1,dsgdb9nsd_n,2,dsgdb9nsd_o"
GDB_W1-F12_2206,GDB_W1-F12,2.088365315859276,"-1,dsgdb9nsd_002772,4,dsgdb9nsd_c,6,dsgdb9nsd_h,3,dsgdb9nsd_o"
GDB_W1-F12_2207,GDB_W1-F12,2.519352434269126,"-1,dsgdb9nsd_002773,5,dsgdb9nsd_c,9,dsgdb9nsd_h,1,dsgdb9nsd_n,1,dsgdb9nsd_o"
GDB_W1-F12_2208,GDB_W1-F12,2.3142997548769153,"-1,dsgdb9nsd_002774,4,dsgdb9nsd_c,8,dsgdb9nsd_h,2,dsgdb9nsd_n,1,dsgdb9nsd_o"
GDB_W1-F12_2209,GDB_W1-F12,2.2035654012576487,"-1,dsgdb9nsd_002775,4,dsgdb9nsd_c,7,dsgdb9nsd_h,1,dsgdb9nsd_n,2,dsgdb9nsd_o"
GDB_W1-F12_2210,GDB_W1-F12,2.734444082410672,"-1,dsgdb9nsd_002776,6,dsgdb9nsd_c,10,dsgdb9nsd_h,1,dsgdb9nsd_o"
GDB_W1-F12_2211,GDB_W1-F12,2.5531099054718234,"-1,dsgdb9nsd_002777,5,dsgdb9nsd_c,9,dsgdb9nsd_h,1,dsgdb9nsd_n,1,dsgdb9nsd_o"
GDB_W1-F12_2212,GDB_W1-F12,2.5299792347807664,"-1,dsgdb9nsd_002778,5,dsgdb9nsd_c,9,dsgdb9nsd_h,1,dsgdb9nsd_n,1,dsgdb9nsd_o"
GDB_W1-F12_2213,GDB_W1-F12,2.4453446209694665,"-1,dsgdb9nsd_002779,5,dsgdb9nsd_c,8,dsgdb9nsd_h,2,dsgdb9nsd_o"
GDB_W1-F12_2214,GDB_W1-F12,2.521294934024729,"-1,dsgdb9nsd_002780,5,dsgdb9nsd_c,9,dsgdb9nsd_h,1,dsgdb9nsd_n,1,dsgdb9nsd_o"
GDB_W1-F12_2215,GDB_W1-F12,2.410509470420154,"-1,dsgdb9nsd_002781,5,dsgdb9nsd_c,8,dsgdb9nsd_h,2,dsgdb9nsd_o"
GDB_W1-F12_2216,GDB_W1-F12,2.549153155649489,"-1,dsgdb9nsd_002782,5,dsgdb9nsd_c,9,dsgdb9nsd_h,1,dsgdb9nsd_n,1,dsgdb9nsd_o"
GDB_W1-F12_2217,GDB_W1-F12,2.3109937761056663,"-1,dsgdb9nsd_002783,4,dsgdb9nsd_c,8,dsgdb9nsd_h,2,dsgdb9nsd_n,1,dsgdb9nsd_o"
GDB_W1-F12_2218,GDB_W1-F12,2.225682852186641,"-1,dsgdb9nsd_002784,4,dsgdb9nsd_c,7,dsgdb9nsd_h,1,dsgdb9nsd_n,2,dsgdb9nsd_o"
GDB_W1-F12_2219,GDB_W1-F12,2.4032486589291002,"-1,dsgdb9nsd_002785,5,dsgdb9nsd_c,8,dsgdb9nsd_h,2,dsgdb9nsd_o"
GDB_W1-F12_2220,GDB_W1-F12,2.220689311643379,"-1,dsgdb9nsd_002786,4,dsgdb9nsd_c,7,dsgdb9nsd_h,1,dsgdb9nsd_n,2,dsgdb9nsd_o"
GDB_W1-F12_2221,GDB_W1-F12,2.1974197410574154,"-1,dsgdb9nsd_002787,4,dsgdb9nsd_c,7,dsgdb9nsd_h,1,dsgdb9nsd_n,2,dsgdb9nsd_o"
GDB_W1-F12_2222,GDB_W1-F12,2.111225877481057,"-1,dsgdb9nsd_002788,4,dsgdb9nsd_c,6,dsgdb9nsd_h,3,dsgdb9nsd_o"
GDB_W1-F12_2223,GDB_W1-F12,2.4224077306196263,"-1,dsgdb9nsd_002789,5,dsgdb9nsd_c,8,dsgdb9nsd_h,2,dsgdb9nsd_o"
GDB_W1-F12_2224,GDB_W1-F12,2.240883233048282,"-1,dsgdb9nsd_002790,4,dsgdb9nsd_c,7,dsgdb9nsd_h,1,dsgdb9nsd_n,2,dsgdb9nsd_o"
GDB_W1-F12_2225,GDB_W1-F12,2.21818025151746,"-1,dsgdb9nsd_002791,4,dsgdb9nsd_c,7,dsgdb9nsd_h,1,dsgdb9nsd_n,2,dsgdb9nsd_o"
GDB_W1-F12_2226,GDB_W1-F12,2.2079121706894345,"-1,dsgdb9nsd_002793,4,dsgdb9nsd_c,7,dsgdb9nsd_h,1,dsgdb9nsd_n,2,dsgdb9nsd_o"
GDB_W1-F12_2227,GDB_W1-F12,2.0955574670323887,"-1,dsgdb9nsd_002794,4,dsgdb9nsd_c,6,dsgdb9nsd_h,3,dsgdb9nsd_o"
GDB_W1-F12_2228,GDB_W1-F12,2.279561224382767,"-1,dsgdb9nsd_002808,7,dsgdb9nsd_c,6,dsgdb9nsd_h"
GDB_W1-F12_2229,GDB_W1-F12,2.135427647538393,"-1,dsgdb9nsd_002809,6,dsgdb9nsd_c,5,dsgdb9nsd_h,1,dsgdb9nsd_n"
GDB_W1-F12_2230,GDB_W1-F12,2.063196844859442,"-1,dsgdb9nsd_002810,6,dsgdb9nsd_c,5,dsgdb9nsd_h,1,dsgdb9nsd_n"
GDB_W1-F12_2231,GDB_W1-F12,1.9171100688194125,"-1,dsgdb9nsd_002811,5,dsgdb9nsd_c,4,dsgdb9nsd_h,2,dsgdb9nsd_n"
GDB_W1-F12_2232,GDB_W1-F12,1.9527903205535229,"-1,dsgdb9nsd_002812,6,dsgdb9nsd_c,4,dsgdb9nsd_h,1,dsgdb9nsd_o"
GDB_W1-F12_2233,GDB_W1-F12,1.8045515945337374,"-1,dsgdb9nsd_002813,5,dsgdb9nsd_c,3,dsgdb9nsd_h,1,dsgdb9nsd_n,1,dsgdb9nsd_o"
GDB_W1-F12_2234,GDB_W1-F12,1.9878468621825607,"-1,dsgdb9nsd_002814,5,dsgdb9nsd_c,4,dsgdb9nsd_h,2,dsgdb9nsd_n"
GDB_W1-F12_2235,GDB_W1-F12,1.76756488284342,"-1,dsgdb9nsd_002815,4,dsgdb9nsd_c,3,dsgdb9nsd_h,3,dsgdb9nsd_n"
GDB_W1-F12_2236,GDB_W1-F12,1.6525619976549488,"-1,dsgdb9nsd_002816,4,dsgdb9nsd_c,2,dsgdb9nsd_h,2,dsgdb9nsd_n,1,dsgdb9nsd_o"
GDB_W1-F12_2237,GDB_W1-F12,2.238995322109926,"-1,dsgdb9nsd_002817,6,dsgdb9nsd_c,6,dsgdb9nsd_h,1,dsgdb9nsd_o"
GDB_W1-F12_2238,GDB_W1-F12,2.0935784371510304,"-1,dsgdb9nsd_002818,5,dsgdb9nsd_c,5,dsgdb9nsd_h,1,dsgdb9nsd_n,1,dsgdb9nsd_o"
GDB_W1-F12_2239,GDB_W1-F12,2.0238036738845664,"-1,dsgdb9nsd_002819,5,dsgdb9nsd_c,5,dsgdb9nsd_h,1,dsgdb9nsd_n,1,dsgdb9nsd_o"
GDB_W1-F12_2240,GDB_W1-F12,1.8763700082198564,"-1,dsgdb9nsd_002820,4,dsgdb9nsd_c,4,dsgdb9nsd_h,2,dsgdb9nsd_n,1,dsgdb9nsd_o"
GDB_W1-F12_2241,GDB_W1-F12,1.911736459114075,"-1,dsgdb9nsd_002821,5,dsgdb9nsd_c,4,dsgdb9nsd_h,2,dsgdb9nsd_o"
GDB_W1-F12_2242,GDB_W1-F12,1.7619331336092052,"-1,dsgdb9nsd_002822,4,dsgdb9nsd_c,3,dsgdb9nsd_h,1,dsgdb9nsd_n,2,dsgdb9nsd_o"
GDB_W1-F12_2243,GDB_W1-F12,2.0317721432172253,"-1,dsgdb9nsd_002823,5,dsgdb9nsd_c,5,dsgdb9nsd_h,1,dsgdb9nsd_n,1,dsgdb9nsd_o"
GDB_W1-F12_2244,GDB_W1-F12,1.8833724379546142,"-1,dsgdb9nsd_002824,4,dsgdb9nsd_c,4,dsgdb9nsd_h,2,dsgdb9nsd_n,1,dsgdb9nsd_o"
GDB_W1-F12_2245,GDB_W1-F12,2.1947097899406653,"-1,dsgdb9nsd_002825,5,dsgdb9nsd_c,6,dsgdb9nsd_h,2,dsgdb9nsd_o"
GDB_W1-F12_2246,GDB_W1-F12,1.9885345824765794,"-1,dsgdb9nsd_002826,4,dsgdb9nsd_c,5,dsgdb9nsd_h,1,dsgdb9nsd_n,2,dsgdb9nsd_o"
GDB_W1-F12_2247,GDB_W1-F12,1.9812022724634237,"-1,dsgdb9nsd_002827,4,dsgdb9nsd_c,5,dsgdb9nsd_h,1,dsgdb9nsd_n,2,dsgdb9nsd_o"
GDB_W1-F12_2248,GDB_W1-F12,1.8652968574751465,"-1,dsgdb9nsd_002828,4,dsgdb9nsd_c,4,dsgdb9nsd_h,3,dsgdb9nsd_o"
GDB_W1-F12_2249,GDB_W1-F12,2.764910503700388,"-1,dsgdb9nsd_002829,7,dsgdb9nsd_c,10,dsgdb9nsd_h"
GDB_W1-F12_2250,GDB_W1-F12,2.6228667391285123,"-1,dsgdb9nsd_002830,6,dsgdb9nsd_c,9,dsgdb9nsd_h,1,dsgdb9nsd_n"
GDB_W1-F12_2251,GDB_W1-F12,2.5534312249232975,"-1,dsgdb9nsd_002831,6,dsgdb9nsd_c,9,dsgdb9nsd_h,1,dsgdb9nsd_n"
GDB_W1-F12_2252,GDB_W1-F12,2.4092596502462436,"-1,dsgdb9nsd_002832,5,dsgdb9nsd_c,8,dsgdb9nsd_h,2,dsgdb9nsd_n"
GDB_W1-F12_2253,GDB_W1-F12,2.444320531251996,"-1,dsgdb9nsd_002833,6,dsgdb9nsd_c,8,dsgdb9nsd_h,1,dsgdb9nsd_o"
GDB_W1-F12_2254,GDB_W1-F12,2.297985784453863,"-1,dsgdb9nsd_002834,5,dsgdb9nsd_c,7,dsgdb9nsd_h,1,dsgdb9nsd_n,1,dsgdb9nsd_o"
GDB_W1-F12_2255,GDB_W1-F12,2.5434141554449186,"-1,dsgdb9nsd_002835,6,dsgdb9nsd_c,9,dsgdb9nsd_h,1,dsgdb9nsd_n"
GDB_W1-F12_2256,GDB_W1-F12,2.3992491193145637,"-1,dsgdb9nsd_002836,5,dsgdb9nsd_c,8,dsgdb9nsd_h,2,dsgdb9nsd_n"
GDB_W1-F12_2257,GDB_W1-F12,2.4332492800802,"-1,dsgdb9nsd_002837,6,dsgdb9nsd_c,8,dsgdb9nsd_h,1,dsgdb9nsd_o"
GDB_W1-F12_2258,GDB_W1-F12,2.290577464432936,"-1,dsgdb9nsd_002838,5,dsgdb9nsd_c,7,dsgdb9nsd_h,1,dsgdb9nsd_n,1,dsgdb9nsd_o"
GDB_W1-F12_2259,GDB_W1-F12,2.2401838029709,"-1,dsgdb9nsd_002841,5,dsgdb9nsd_c,7,dsgdb9nsd_h,1,dsgdb9nsd_n,1,dsgdb9nsd_o"
GDB_W1-F12_2260,GDB_W1-F12,2.0947405773738415,"-1,dsgdb9nsd_002842,4,dsgdb9nsd_c,6,dsgdb9nsd_h,2,dsgdb9nsd_n,1,dsgdb9nsd_o"
GDB_W1-F12_2261,GDB_W1-F12,2.1294400582583615,"-1,dsgdb9nsd_002843,5,dsgdb9nsd_c,6,dsgdb9nsd_h,2,dsgdb9nsd_o"
GDB_W1-F12_2262,GDB_W1-F12,1.9818219411952507,"-1,dsgdb9nsd_002844,4,dsgdb9nsd_c,5,dsgdb9nsd_h,1,dsgdb9nsd_n,2,dsgdb9nsd_o"
GDB_W1-F12_2263,GDB_W1-F12,2.722278642181366,"-1,dsgdb9nsd_002845,6,dsgdb9nsd_c,10,dsgdb9nsd_h,1,dsgdb9nsd_o"
GDB_W1-F12_2264,GDB_W1-F12,2.519185934790921,"-1,dsgdb9nsd_002846,5,dsgdb9nsd_c,9,dsgdb9nsd_h,1,dsgdb9nsd_n,1,dsgdb9nsd_o"
GDB_W1-F12_2265,GDB_W1-F12,2.5120918936903167,"-1,dsgdb9nsd_002847,5,dsgdb9nsd_c,9,dsgdb9nsd_h,1,dsgdb9nsd_n,1,dsgdb9nsd_o"
GDB_W1-F12_2266,GDB_W1-F12,2.4012676593563653,"-1,dsgdb9nsd_002848,5,dsgdb9nsd_c,8,dsgdb9nsd_h,2,dsgdb9nsd_o"
GDB_W1-F12_2267,GDB_W1-F12,2.49859755400296,"-1,dsgdb9nsd_002849,5,dsgdb9nsd_c,9,dsgdb9nsd_h,1,dsgdb9nsd_n,1,dsgdb9nsd_o"
GDB_W1-F12_2268,GDB_W1-F12,2.3925996595494334,"-1,dsgdb9nsd_002850,5,dsgdb9nsd_c,8,dsgdb9nsd_h,2,dsgdb9nsd_o"
GDB_W1-F12_2269,GDB_W1-F12,2.406750978959076,"-1,dsgdb9nsd_002851,5,dsgdb9nsd_c,8,dsgdb9nsd_h,2,dsgdb9nsd_o"
GDB_W1-F12_2270,GDB_W1-F12,2.2030121012448958,"-1,dsgdb9nsd_002852,4,dsgdb9nsd_c,7,dsgdb9nsd_h,1,dsgdb9nsd_n,2,dsgdb9nsd_o"
GDB_W1-F12_2271,GDB_W1-F12,2.198049701267326,"-1,dsgdb9nsd_002853,4,dsgdb9nsd_c,7,dsgdb9nsd_h,1,dsgdb9nsd_n,2,dsgdb9nsd_o"
GDB_W1-F12_2272,GDB_W1-F12,2.085700995926092,"-1,dsgdb9nsd_002854,4,dsgdb9nsd_c,6,dsgdb9nsd_h,3,dsgdb9nsd_o"
GDB_W1-F12_2273,GDB_W1-F12,2.5735864664341066,"-1,dsgdb9nsd_002868,7,dsgdb9nsd_c,8,dsgdb9nsd_h"
GDB_W1-F12_2274,GDB_W1-F12,2.245861232790325,"-1,dsgdb9nsd_002869,6,dsgdb9nsd_c,6,dsgdb9nsd_h,1,dsgdb9nsd_o"
GDB_W1-F12_2275,GDB_W1-F12,2.058186614528323,"-1,dsgdb9nsd_002870,5,dsgdb9nsd_c,5,dsgdb9nsd_h,1,dsgdb9nsd_n,1,dsgdb9nsd_o"
GDB_W1-F12_2276,GDB_W1-F12,2.4290094508664892,"-1,dsgdb9nsd_002871,6,dsgdb9nsd_c,7,dsgdb9nsd_h,1,dsgdb9nsd_n"
GDB_W1-F12_2277,GDB_W1-F12,2.0990344472059044,"-1,dsgdb9nsd_002872,5,dsgdb9nsd_c,5,dsgdb9nsd_h,1,dsgdb9nsd_n,1,dsgdb9nsd_o"
GDB_W1-F12_2278,GDB_W1-F12,2.021409603257584,"-1,dsgdb9nsd_002873,4,dsgdb9nsd_c,5,dsgdb9nsd_h,3,dsgdb9nsd_n"
GDB_W1-F12_2279,GDB_W1-F12,1.9071497188034026,"-1,dsgdb9nsd_002874,4,dsgdb9nsd_c,4,dsgdb9nsd_h,2,dsgdb9nsd_n,1,dsgdb9nsd_o"
GDB_W1-F12_2280,GDB_W1-F12,2.5675262360197424,"-1,dsgdb9nsd_002875,7,dsgdb9nsd_c,8,dsgdb9nsd_h"
GDB_W1-F12_2281,GDB_W1-F12,2.0570934246589148,"-1,dsgdb9nsd_002876,5,dsgdb9nsd_c,5,dsgdb9nsd_h,1,dsgdb9nsd_n,1,dsgdb9nsd_o"
GDB_W1-F12_2282,GDB_W1-F12,2.42534224089576,"-1,dsgdb9nsd_002877,6,dsgdb9nsd_c,7,dsgdb9nsd_h,1,dsgdb9nsd_n"
GDB_W1-F12_2283,GDB_W1-F12,2.0234537142280544,"-1,dsgdb9nsd_002878,4,dsgdb9nsd_c,5,dsgdb9nsd_h,3,dsgdb9nsd_n"
GDB_W1-F12_2284,GDB_W1-F12,1.9098160084279636,"-1,dsgdb9nsd_002879,4,dsgdb9nsd_c,4,dsgdb9nsd_h,2,dsgdb9nsd_n,1,dsgdb9nsd_o"
GDB_W1-F12_2285,GDB_W1-F12,2.5666498365027093,"-1,dsgdb9nsd_002880,7,dsgdb9nsd_c,8,dsgdb9nsd_h"
GDB_W1-F12_2286,GDB_W1-F12,2.0566756556676298,"-1,dsgdb9nsd_002881,5,dsgdb9nsd_c,5,dsgdb9nsd_h,1,dsgdb9nsd_n,1,dsgdb9nsd_o"
GDB_W1-F12_2287,GDB_W1-F12,2.2381428919521165,"-1,dsgdb9nsd_002882,6,dsgdb9nsd_c,6,dsgdb9nsd_h,1,dsgdb9nsd_o"
GDB_W1-F12_2288,GDB_W1-F12,2.4243066995583584,"-1,dsgdb9nsd_002883,6,dsgdb9nsd_c,7,dsgdb9nsd_h,1,dsgdb9nsd_n"
GDB_W1-F12_2289,GDB_W1-F12,2.0235201243807657,"-1,dsgdb9nsd_002884,4,dsgdb9nsd_c,5,dsgdb9nsd_h,3,dsgdb9nsd_n"
GDB_W1-F12_2290,GDB_W1-F12,2.206160941352784,"-1,dsgdb9nsd_002885,5,dsgdb9nsd_c,6,dsgdb9nsd_h,2,dsgdb9nsd_n"
GDB_W1-F12_2291,GDB_W1-F12,2.093463457213703,"-1,dsgdb9nsd_002886,5,dsgdb9nsd_c,5,dsgdb9nsd_h,1,dsgdb9nsd_n,1,dsgdb9nsd_o"
GDB_W1-F12_2292,GDB_W1-F12,2.7964301361802453,"-1,dsgdb9nsd_002887,7,dsgdb9nsd_c,10,dsgdb9nsd_h"
GDB_W1-F12_2293,GDB_W1-F12,2.472100242508329,"-1,dsgdb9nsd_002889,6,dsgdb9nsd_c,8,dsgdb9nsd_h,1,dsgdb9nsd_o"
GDB_W1-F12_2294,GDB_W1-F12,2.15065116908651,"-1,dsgdb9nsd_002890,5,dsgdb9nsd_c,6,dsgdb9nsd_h,2,dsgdb9nsd_o"
GDB_W1-F12_2295,GDB_W1-F12,2.1497086191737997,"-1,dsgdb9nsd_002891,5,dsgdb9nsd_c,6,dsgdb9nsd_h,2,dsgdb9nsd_o"
GDB_W1-F12_2296,GDB_W1-F12,2.654506919589121,"-1,dsgdb9nsd_002892,6,dsgdb9nsd_c,9,dsgdb9nsd_h,1,dsgdb9nsd_n"
GDB_W1-F12_2297,GDB_W1-F12,2.4412646905368063,"-1,dsgdb9nsd_002893,5,dsgdb9nsd_c,8,dsgdb9nsd_h,2,dsgdb9nsd_n"
GDB_W1-F12_2298,GDB_W1-F12,2.327640576563377,"-1,dsgdb9nsd_002894,5,dsgdb9nsd_c,7,dsgdb9nsd_h,1,dsgdb9nsd_n,1,dsgdb9nsd_o"
GDB_W1-F12_2299,GDB_W1-F12,2.32897109671409,"-1,dsgdb9nsd_002895,5,dsgdb9nsd_c,7,dsgdb9nsd_h,1,dsgdb9nsd_n,1,dsgdb9nsd_o"
GDB_W1-F12_2300,GDB_W1-F12,2.004509503038562,"-1,dsgdb9nsd_002896,4,dsgdb9nsd_c,5,dsgdb9nsd_h,1,dsgdb9nsd_n,2,dsgdb9nsd_o"
GDB_W1-F12_2301,GDB_W1-F12,2.0035189124169124,"-1,dsgdb9nsd_002897,4,dsgdb9nsd_c,5,dsgdb9nsd_h,1,dsgdb9nsd_n,2,dsgdb9nsd_o"
GDB_W1-F12_2302,GDB_W1-F12,2.5315297946371853,"-1,dsgdb9nsd_002898,6,dsgdb9nsd_c,8,dsgdb9nsd_h,1,dsgdb9nsd_o"
GDB_W1-F12_2303,GDB_W1-F12,2.2024964914997445,"-1,dsgdb9nsd_002899,5,dsgdb9nsd_c,6,dsgdb9nsd_h,2,dsgdb9nsd_o"
GDB_W1-F12_2304,GDB_W1-F12,2.3291034564686965,"-1,dsgdb9nsd_002900,5,dsgdb9nsd_c,7,dsgdb9nsd_h,1,dsgdb9nsd_n,1,dsgdb9nsd_o"
GDB_W1-F12_2305,GDB_W1-F12,2.1312996381503586,"-1,dsgdb9nsd_002901,4,dsgdb9nsd_c,6,dsgdb9nsd_h,2,dsgdb9nsd_n,1,dsgdb9nsd_o"
GDB_W1-F12_2306,GDB_W1-F12,2.010445383139145,"-1,dsgdb9nsd_002902,4,dsgdb9nsd_c,5,dsgdb9nsd_h,1,dsgdb9nsd_n,2,dsgdb9nsd_o"
GDB_W1-F12_2307,GDB_W1-F12,2.5238124147406436,"-1,dsgdb9nsd_002903,6,dsgdb9nsd_c,8,dsgdb9nsd_h,1,dsgdb9nsd_o"
GDB_W1-F12_2308,GDB_W1-F12,2.0127252530999025,"-1,dsgdb9nsd_002904,4,dsgdb9nsd_c,5,dsgdb9nsd_h,1,dsgdb9nsd_n,2,dsgdb9nsd_o"
GDB_W1-F12_2309,GDB_W1-F12,2.3360963564668578,"-1,dsgdb9nsd_002905,5,dsgdb9nsd_c,7,dsgdb9nsd_h,1,dsgdb9nsd_n,1,dsgdb9nsd_o"
GDB_W1-F12_2310,GDB_W1-F12,2.523846734541205,"-1,dsgdb9nsd_002906,6,dsgdb9nsd_c,8,dsgdb9nsd_h,1,dsgdb9nsd_o"
GDB_W1-F12_2311,GDB_W1-F12,2.0169709340180924,"-1,dsgdb9nsd_002907,4,dsgdb9nsd_c,5,dsgdb9nsd_h,1,dsgdb9nsd_n,2,dsgdb9nsd_o"
GDB_W1-F12_2312,GDB_W1-F12,2.1947841999725934,"-1,dsgdb9nsd_002908,5,dsgdb9nsd_c,6,dsgdb9nsd_h,2,dsgdb9nsd_o"
GDB_W1-F12_2313,GDB_W1-F12,2.3377579361610317,"-1,dsgdb9nsd_002909,5,dsgdb9nsd_c,7,dsgdb9nsd_h,1,dsgdb9nsd_n,1,dsgdb9nsd_o"
GDB_W1-F12_2314,GDB_W1-F12,2.1432067986138605,"-1,dsgdb9nsd_002910,4,dsgdb9nsd_c,6,dsgdb9nsd_h,2,dsgdb9nsd_n,1,dsgdb9nsd_o"
GDB_W1-F12_2315,GDB_W1-F12,2.7501599040957116,"-1,dsgdb9nsd_002911,6,dsgdb9nsd_c,10,dsgdb9nsd_h,1,dsgdb9nsd_o"
GDB_W1-F12_2316,GDB_W1-F12,2.4275773497793365,"-1,dsgdb9nsd_002912,5,dsgdb9nsd_c,8,dsgdb9nsd_h,2,dsgdb9nsd_o"
GDB_W1-F12_2317,GDB_W1-F12,2.42873476019308,"-1,dsgdb9nsd_002913,5,dsgdb9nsd_c,8,dsgdb9nsd_h,2,dsgdb9nsd_o"
GDB_W1-F12_2318,GDB_W1-F12,2.1054598768873287,"-1,dsgdb9nsd_002914,4,dsgdb9nsd_c,6,dsgdb9nsd_h,3,dsgdb9nsd_o"
GDB_W1-F12_2319,GDB_W1-F12,2.107472047304184,"-1,dsgdb9nsd_002915,4,dsgdb9nsd_c,6,dsgdb9nsd_h,3,dsgdb9nsd_o"
GDB_W1-F12_2320,GDB_W1-F12,2.567255256844082,"-1,dsgdb9nsd_002916,5,dsgdb9nsd_c,9,dsgdb9nsd_h,1,dsgdb9nsd_n,1,dsgdb9nsd_o"
GDB_W1-F12_2321,GDB_W1-F12,2.236439072258236,"-1,dsgdb9nsd_002917,4,dsgdb9nsd_c,7,dsgdb9nsd_h,3,dsgdb9nsd_n"
GDB_W1-F12_2322,GDB_W1-F12,2.5450516255429427,"-1,dsgdb9nsd_002919,5,dsgdb9nsd_c,9,dsgdb9nsd_h,1,dsgdb9nsd_n,1,dsgdb9nsd_o"
GDB_W1-F12_2323,GDB_W1-F12,2.221417091890337,"-1,dsgdb9nsd_002920,4,dsgdb9nsd_c,7,dsgdb9nsd_h,1,dsgdb9nsd_n,2,dsgdb9nsd_o"
GDB_W1-F12_2324,GDB_W1-F12,3.0533354669587025,"-1,dsgdb9nsd_002921,7,dsgdb9nsd_c,12,dsgdb9nsd_h"
GDB_W1-F12_2325,GDB_W1-F12,2.727158182852185,"-1,dsgdb9nsd_002922,6,dsgdb9nsd_c,10,dsgdb9nsd_h,1,dsgdb9nsd_o"
GDB_W1-F12_2326,GDB_W1-F12,2.5520434753577557,"-1,dsgdb9nsd_002923,5,dsgdb9nsd_c,9,dsgdb9nsd_h,1,dsgdb9nsd_n,1,dsgdb9nsd_o"
GDB_W1-F12_2327,GDB_W1-F12,2.3456898976783553,"-1,dsgdb9nsd_002924,4,dsgdb9nsd_c,8,dsgdb9nsd_h,2,dsgdb9nsd_n,1,dsgdb9nsd_o"
GDB_W1-F12_2328,GDB_W1-F12,2.737755512892439,"-1,dsgdb9nsd_002925,6,dsgdb9nsd_c,10,dsgdb9nsd_h,1,dsgdb9nsd_o"
GDB_W1-F12_2329,GDB_W1-F12,2.4110509602526524,"-1,dsgdb9nsd_002926,5,dsgdb9nsd_c,8,dsgdb9nsd_h,2,dsgdb9nsd_o"
GDB_W1-F12_2330,GDB_W1-F12,2.2380656229992093,"-1,dsgdb9nsd_002927,4,dsgdb9nsd_c,7,dsgdb9nsd_h,1,dsgdb9nsd_n,2,dsgdb9nsd_o"
GDB_W1-F12_2331,GDB_W1-F12,3.05051743619885,"-1,dsgdb9nsd_002928,7,dsgdb9nsd_c,12,dsgdb9nsd_h"
GDB_W1-F12_2332,GDB_W1-F12,2.548631585834961,"-1,dsgdb9nsd_002929,5,dsgdb9nsd_c,9,dsgdb9nsd_h,1,dsgdb9nsd_n,1,dsgdb9nsd_o"
GDB_W1-F12_2333,GDB_W1-F12,2.722966603109202,"-1,dsgdb9nsd_002930,6,dsgdb9nsd_c,10,dsgdb9nsd_h,1,dsgdb9nsd_o"
GDB_W1-F12_2334,GDB_W1-F12,2.2285266626369507,"-1,dsgdb9nsd_002931,4,dsgdb9nsd_c,7,dsgdb9nsd_h,1,dsgdb9nsd_n,2,dsgdb9nsd_o"
GDB_W1-F12_2335,GDB_W1-F12,2.7373904729855227,"-1,dsgdb9nsd_002932,6,dsgdb9nsd_c,10,dsgdb9nsd_h,1,dsgdb9nsd_o"
GDB_W1-F12_2336,GDB_W1-F12,2.235373032576521,"-1,dsgdb9nsd_002933,4,dsgdb9nsd_c,7,dsgdb9nsd_h,1,dsgdb9nsd_n,2,dsgdb9nsd_o"
GDB_W1-F12_2337,GDB_W1-F12,3.050294395741637,"-1,dsgdb9nsd_002934,7,dsgdb9nsd_c,12,dsgdb9nsd_h"
GDB_W1-F12_2338,GDB_W1-F12,2.54679379525542,"-1,dsgdb9nsd_002935,5,dsgdb9nsd_c,9,dsgdb9nsd_h,1,dsgdb9nsd_n,1,dsgdb9nsd_o"
GDB_W1-F12_2339,GDB_W1-F12,2.7287830921836775,"-1,dsgdb9nsd_002936,6,dsgdb9nsd_c,10,dsgdb9nsd_h,1,dsgdb9nsd_o"
GDB_W1-F12_2340,GDB_W1-F12,2.722513362143516,"-1,dsgdb9nsd_002937,6,dsgdb9nsd_c,10,dsgdb9nsd_h,1,dsgdb9nsd_o"
GDB_W1-F12_2341,GDB_W1-F12,2.409708449844723,"-1,dsgdb9nsd_002938,5,dsgdb9nsd_c,8,dsgdb9nsd_h,2,dsgdb9nsd_o"
GDB_W1-F12_2342,GDB_W1-F12,2.737061043696332,"-1,dsgdb9nsd_002939,6,dsgdb9nsd_c,10,dsgdb9nsd_h,1,dsgdb9nsd_o"
GDB_W1-F12_2343,GDB_W1-F12,2.2351837318489456,"-1,dsgdb9nsd_002940,4,dsgdb9nsd_c,7,dsgdb9nsd_h,1,dsgdb9nsd_n,2,dsgdb9nsd_o"
GDB_W1-F12_2344,GDB_W1-F12,2.416830029971771,"-1,dsgdb9nsd_002941,5,dsgdb9nsd_c,8,dsgdb9nsd_h,2,dsgdb9nsd_o"
GDB_W1-F12_2345,GDB_W1-F12,1.9752369218914547,"-1,dsgdb9nsd_002955,4,dsgdb9nsd_c,5,dsgdb9nsd_h,3,dsgdb9nsd_n"
GDB_W1-F12_2346,GDB_W1-F12,2.242284343368277,"-1,dsgdb9nsd_002956,6,dsgdb9nsd_c,6,dsgdb9nsd_h,1,dsgdb9nsd_o"
GDB_W1-F12_2347,GDB_W1-F12,2.030013073361501,"-1,dsgdb9nsd_002957,5,dsgdb9nsd_c,5,dsgdb9nsd_h,1,dsgdb9nsd_n,1,dsgdb9nsd_o"
GDB_W1-F12_2348,GDB_W1-F12,1.9144565391615627,"-1,dsgdb9nsd_002958,5,dsgdb9nsd_c,4,dsgdb9nsd_h,2,dsgdb9nsd_o"
GDB_W1-F12_2349,GDB_W1-F12,2.0322455241178803,"-1,dsgdb9nsd_002959,5,dsgdb9nsd_c,5,dsgdb9nsd_h,1,dsgdb9nsd_n,1,dsgdb9nsd_o"
GDB_W1-F12_2350,GDB_W1-F12,2.091753577053555,"-1,dsgdb9nsd_002960,5,dsgdb9nsd_c,5,dsgdb9nsd_h,1,dsgdb9nsd_n,1,dsgdb9nsd_o"
GDB_W1-F12_2351,GDB_W1-F12,1.8774577575339566,"-1,dsgdb9nsd_002961,4,dsgdb9nsd_c,4,dsgdb9nsd_h,2,dsgdb9nsd_n,1,dsgdb9nsd_o"
GDB_W1-F12_2352,GDB_W1-F12,1.7622606824486995,"-1,dsgdb9nsd_002962,4,dsgdb9nsd_c,3,dsgdb9nsd_h,1,dsgdb9nsd_n,2,dsgdb9nsd_o"
GDB_W1-F12_2353,GDB_W1-F12,1.8815628780245413,"-1,dsgdb9nsd_002963,4,dsgdb9nsd_c,4,dsgdb9nsd_h,2,dsgdb9nsd_n,1,dsgdb9nsd_o"
GDB_W1-F12_2354,GDB_W1-F12,2.083289685718757,"-1,dsgdb9nsd_002964,4,dsgdb9nsd_c,6,dsgdb9nsd_h,2,dsgdb9nsd_n,1,dsgdb9nsd_o"
GDB_W1-F12_2355,GDB_W1-F12,2.189962711014945,"-1,dsgdb9nsd_002965,5,dsgdb9nsd_c,6,dsgdb9nsd_h,2,dsgdb9nsd_o"
GDB_W1-F12_2356,GDB_W1-F12,1.9842015514827875,"-1,dsgdb9nsd_002966,4,dsgdb9nsd_c,5,dsgdb9nsd_h,1,dsgdb9nsd_n,2,dsgdb9nsd_o"
GDB_W1-F12_2357,GDB_W1-F12,1.8660814273029367,"-1,dsgdb9nsd_002967,4,dsgdb9nsd_c,4,dsgdb9nsd_h,3,dsgdb9nsd_o"
GDB_W1-F12_2358,GDB_W1-F12,1.987680861501605,"-1,dsgdb9nsd_002968,4,dsgdb9nsd_c,5,dsgdb9nsd_h,1,dsgdb9nsd_n,2,dsgdb9nsd_o"
GDB_W1-F12_2359,GDB_W1-F12,2.7629666047627226,"-1,dsgdb9nsd_002969,7,dsgdb9nsd_c,10,dsgdb9nsd_h"
GDB_W1-F12_2360,GDB_W1-F12,2.4425108916418514,"-1,dsgdb9nsd_002970,6,dsgdb9nsd_c,8,dsgdb9nsd_h,1,dsgdb9nsd_o"
GDB_W1-F12_2361,GDB_W1-F12,2.542024864866787,"-1,dsgdb9nsd_002971,6,dsgdb9nsd_c,9,dsgdb9nsd_h,1,dsgdb9nsd_n"
GDB_W1-F12_2362,GDB_W1-F12,2.62104020893673,"-1,dsgdb9nsd_002972,6,dsgdb9nsd_c,9,dsgdb9nsd_h,1,dsgdb9nsd_n"
GDB_W1-F12_2363,GDB_W1-F12,2.40944882986011,"-1,dsgdb9nsd_002973,5,dsgdb9nsd_c,8,dsgdb9nsd_h,2,dsgdb9nsd_n"
GDB_W1-F12_2364,GDB_W1-F12,2.2994966046712313,"-1,dsgdb9nsd_002974,5,dsgdb9nsd_c,7,dsgdb9nsd_h,1,dsgdb9nsd_n,1,dsgdb9nsd_o"
GDB_W1-F12_2365,GDB_W1-F12,2.39848909891692,"-1,dsgdb9nsd_002975,5,dsgdb9nsd_c,8,dsgdb9nsd_h,2,dsgdb9nsd_n"
GDB_W1-F12_2366,GDB_W1-F12,2.4126140394419657,"-1,dsgdb9nsd_002976,5,dsgdb9nsd_c,8,dsgdb9nsd_h,2,dsgdb9nsd_n"
GDB_W1-F12_2367,GDB_W1-F12,2.198504991604461,"-1,dsgdb9nsd_002977,4,dsgdb9nsd_c,7,dsgdb9nsd_h,3,dsgdb9nsd_n"
GDB_W1-F12_2368,GDB_W1-F12,2.093565485952147,"-1,dsgdb9nsd_002978,4,dsgdb9nsd_c,6,dsgdb9nsd_h,2,dsgdb9nsd_n,1,dsgdb9nsd_o"
GDB_W1-F12_2369,GDB_W1-F12,2.447249981843565,"-1,dsgdb9nsd_002979,6,dsgdb9nsd_c,8,dsgdb9nsd_h,1,dsgdb9nsd_o"
GDB_W1-F12_2370,GDB_W1-F12,2.237006752930362,"-1,dsgdb9nsd_002980,5,dsgdb9nsd_c,7,dsgdb9nsd_h,1,dsgdb9nsd_n,1,dsgdb9nsd_o"
GDB_W1-F12_2371,GDB_W1-F12,2.125311768396474,"-1,dsgdb9nsd_002981,5,dsgdb9nsd_c,6,dsgdb9nsd_h,2,dsgdb9nsd_o"
GDB_W1-F12_2372,GDB_W1-F12,2.302754055091501,"-1,dsgdb9nsd_002982,5,dsgdb9nsd_c,7,dsgdb9nsd_h,1,dsgdb9nsd_n,1,dsgdb9nsd_o"
GDB_W1-F12_2373,GDB_W1-F12,2.0901714160806275,"-1,dsgdb9nsd_002983,4,dsgdb9nsd_c,6,dsgdb9nsd_h,2,dsgdb9nsd_n,1,dsgdb9nsd_o"
GDB_W1-F12_2374,GDB_W1-F12,1.9782543711544103,"-1,dsgdb9nsd_002984,4,dsgdb9nsd_c,5,dsgdb9nsd_h,1,dsgdb9nsd_n,2,dsgdb9nsd_o"
GDB_W1-F12_2375,GDB_W1-F12,2.5040699430934104,"-1,dsgdb9nsd_002986,5,dsgdb9nsd_c,9,dsgdb9nsd_h,1,dsgdb9nsd_n,1,dsgdb9nsd_o"
GDB_W1-F12_2376,GDB_W1-F12,2.3981521398609367,"-1,dsgdb9nsd_002987,5,dsgdb9nsd_c,8,dsgdb9nsd_h,2,dsgdb9nsd_o"
GDB_W1-F12_2377,GDB_W1-F12,2.499994863583526,"-1,dsgdb9nsd_002988,5,dsgdb9nsd_c,9,dsgdb9nsd_h,1,dsgdb9nsd_n,1,dsgdb9nsd_o"
GDB_W1-F12_2378,GDB_W1-F12,2.5295666848341893,"-1,dsgdb9nsd_002989,5,dsgdb9nsd_c,9,dsgdb9nsd_h,1,dsgdb9nsd_n,1,dsgdb9nsd_o"
GDB_W1-F12_2379,GDB_W1-F12,2.41097895018449,"-1,dsgdb9nsd_002990,5,dsgdb9nsd_c,8,dsgdb9nsd_h,2,dsgdb9nsd_o"
GDB_W1-F12_2380,GDB_W1-F12,2.20019298046166,"-1,dsgdb9nsd_002991,4,dsgdb9nsd_c,7,dsgdb9nsd_h,1,dsgdb9nsd_n,2,dsgdb9nsd_o"
GDB_W1-F12_2381,GDB_W1-F12,2.0891529868354635,"-1,dsgdb9nsd_002992,4,dsgdb9nsd_c,6,dsgdb9nsd_h,3,dsgdb9nsd_o"
GDB_W1-F12_2382,GDB_W1-F12,2.5229195039191152,"-1,dsgdb9nsd_002994,5,dsgdb9nsd_c,9,dsgdb9nsd_h,1,dsgdb9nsd_n,1,dsgdb9nsd_o"
GDB_W1-F12_2383,GDB_W1-F12,2.4076410993844877,"-1,dsgdb9nsd_002995,5,dsgdb9nsd_c,8,dsgdb9nsd_h,2,dsgdb9nsd_o"
GDB_W1-F12_2384,GDB_W1-F12,2.52513973493967,"-1,dsgdb9nsd_002996,5,dsgdb9nsd_c,9,dsgdb9nsd_h,1,dsgdb9nsd_n,1,dsgdb9nsd_o"
GDB_W1-F12_2385,GDB_W1-F12,2.547974164685076,"-1,dsgdb9nsd_002997,5,dsgdb9nsd_c,9,dsgdb9nsd_h,1,dsgdb9nsd_n,1,dsgdb9nsd_o"
GDB_W1-F12_2386,GDB_W1-F12,2.3373460172806237,"-1,dsgdb9nsd_002998,4,dsgdb9nsd_c,8,dsgdb9nsd_h,2,dsgdb9nsd_n,1,dsgdb9nsd_o"
GDB_W1-F12_2387,GDB_W1-F12,2.225463231598113,"-1,dsgdb9nsd_002999,4,dsgdb9nsd_c,7,dsgdb9nsd_h,1,dsgdb9nsd_n,2,dsgdb9nsd_o"
GDB_W1-F12_2388,GDB_W1-F12,2.335491326557837,"-1,dsgdb9nsd_003000,4,dsgdb9nsd_c,8,dsgdb9nsd_h,2,dsgdb9nsd_n,1,dsgdb9nsd_o"
GDB_W1-F12_2389,GDB_W1-F12,2.4361071413143853,"-1,dsgdb9nsd_003001,5,dsgdb9nsd_c,8,dsgdb9nsd_h,2,dsgdb9nsd_o"
GDB_W1-F12_2390,GDB_W1-F12,2.1065756369338984,"-1,dsgdb9nsd_003003,4,dsgdb9nsd_c,6,dsgdb9nsd_h,3,dsgdb9nsd_o"
GDB_W1-F12_2391,GDB_W1-F12,2.220485791210175,"-1,dsgdb9nsd_003004,4,dsgdb9nsd_c,7,dsgdb9nsd_h,1,dsgdb9nsd_n,2,dsgdb9nsd_o"
GDB_W1-F12_2392,GDB_W1-F12,2.4125504404021907,"-1,dsgdb9nsd_003005,5,dsgdb9nsd_c,8,dsgdb9nsd_h,2,dsgdb9nsd_o"
GDB_W1-F12_2393,GDB_W1-F12,2.2096440919510663,"-1,dsgdb9nsd_003006,4,dsgdb9nsd_c,7,dsgdb9nsd_h,1,dsgdb9nsd_n,2,dsgdb9nsd_o"
GDB_W1-F12_2394,GDB_W1-F12,2.0944123273497146,"-1,dsgdb9nsd_003007,4,dsgdb9nsd_c,6,dsgdb9nsd_h,3,dsgdb9nsd_o"
GDB_W1-F12_2395,GDB_W1-F12,2.2123067513515524,"-1,dsgdb9nsd_003008,4,dsgdb9nsd_c,7,dsgdb9nsd_h,1,dsgdb9nsd_n,2,dsgdb9nsd_o"
GDB_W1-F12_2396,GDB_W1-F12,2.288787544046981,"-1,dsgdb9nsd_003024,7,dsgdb9nsd_c,6,dsgdb9nsd_h"
GDB_W1-F12_2397,GDB_W1-F12,2.0751848550982817,"-1,dsgdb9nsd_003025,6,dsgdb9nsd_c,5,dsgdb9nsd_h,1,dsgdb9nsd_n"
GDB_W1-F12_2398,GDB_W1-F12,1.9623306514130179,"-1,dsgdb9nsd_003026,6,dsgdb9nsd_c,4,dsgdb9nsd_h,1,dsgdb9nsd_o"
GDB_W1-F12_2399,GDB_W1-F12,2.1395073086524103,"-1,dsgdb9nsd_003027,6,dsgdb9nsd_c,5,dsgdb9nsd_h,1,dsgdb9nsd_n"
GDB_W1-F12_2400,GDB_W1-F12,1.9242270992143562,"-1,dsgdb9nsd_003028,5,dsgdb9nsd_c,4,dsgdb9nsd_h,2,dsgdb9nsd_n"
GDB_W1-F12_2401,GDB_W1-F12,1.8106004243234168,"-1,dsgdb9nsd_003029,5,dsgdb9nsd_c,3,dsgdb9nsd_h,1,dsgdb9nsd_n,1,dsgdb9nsd_o"
GDB_W1-F12_2402,GDB_W1-F12,2.7620731234318794,"-1,dsgdb9nsd_003030,7,dsgdb9nsd_c,10,dsgdb9nsd_h"
GDB_W1-F12_2403,GDB_W1-F12,2.4428595907596264,"-1,dsgdb9nsd_003031,6,dsgdb9nsd_c,8,dsgdb9nsd_h,1,dsgdb9nsd_o"
GDB_W1-F12_2404,GDB_W1-F12,2.542059715336627,"-1,dsgdb9nsd_003032,6,dsgdb9nsd_c,9,dsgdb9nsd_h,1,dsgdb9nsd_n"
GDB_W1-F12_2405,GDB_W1-F12,2.428748799821746,"-1,dsgdb9nsd_003033,6,dsgdb9nsd_c,8,dsgdb9nsd_h,1,dsgdb9nsd_o"
GDB_W1-F12_2406,GDB_W1-F12,2.6202629075250967,"-1,dsgdb9nsd_003034,6,dsgdb9nsd_c,9,dsgdb9nsd_h,1,dsgdb9nsd_n"
GDB_W1-F12_2407,GDB_W1-F12,2.40809722954958,"-1,dsgdb9nsd_003035,5,dsgdb9nsd_c,8,dsgdb9nsd_h,2,dsgdb9nsd_n"
GDB_W1-F12_2408,GDB_W1-F12,2.300409145475269,"-1,dsgdb9nsd_003036,5,dsgdb9nsd_c,7,dsgdb9nsd_h,1,dsgdb9nsd_n,1,dsgdb9nsd_o"
GDB_W1-F12_2409,GDB_W1-F12,2.3996770395470066,"-1,dsgdb9nsd_003037,5,dsgdb9nsd_c,8,dsgdb9nsd_h,2,dsgdb9nsd_n"
GDB_W1-F12_2410,GDB_W1-F12,2.3992145190401493,"-1,dsgdb9nsd_003038,5,dsgdb9nsd_c,8,dsgdb9nsd_h,2,dsgdb9nsd_n"
GDB_W1-F12_2411,GDB_W1-F12,2.2848826245178047,"-1,dsgdb9nsd_003039,5,dsgdb9nsd_c,7,dsgdb9nsd_h,1,dsgdb9nsd_n,1,dsgdb9nsd_o"
GDB_W1-F12_2412,GDB_W1-F12,2.236694383144562,"-1,dsgdb9nsd_003040,6,dsgdb9nsd_c,6,dsgdb9nsd_h,1,dsgdb9nsd_o"
GDB_W1-F12_2413,GDB_W1-F12,2.0221769430666305,"-1,dsgdb9nsd_003041,5,dsgdb9nsd_c,5,dsgdb9nsd_h,1,dsgdb9nsd_n,1,dsgdb9nsd_o"
GDB_W1-F12_2414,GDB_W1-F12,1.909267788816594,"-1,dsgdb9nsd_003042,5,dsgdb9nsd_c,4,dsgdb9nsd_h,2,dsgdb9nsd_o"
GDB_W1-F12_2415,GDB_W1-F12,2.2911054644292648,"-1,dsgdb9nsd_003043,4,dsgdb9nsd_c,8,dsgdb9nsd_h,2,dsgdb9nsd_n,1,dsgdb9nsd_o"
GDB_W1-F12_2416,GDB_W1-F12,2.1844558810102246,"-1,dsgdb9nsd_003044,4,dsgdb9nsd_c,7,dsgdb9nsd_h,1,dsgdb9nsd_n,2,dsgdb9nsd_o"
GDB_W1-F12_2417,GDB_W1-F12,2.7172161624399105,"-1,dsgdb9nsd_003045,6,dsgdb9nsd_c,10,dsgdb9nsd_h,1,dsgdb9nsd_o"
GDB_W1-F12_2418,GDB_W1-F12,2.3981033788441475,"-1,dsgdb9nsd_003046,5,dsgdb9nsd_c,8,dsgdb9nsd_h,2,dsgdb9nsd_o"
GDB_W1-F12_2419,GDB_W1-F12,2.4965336329730183,"-1,dsgdb9nsd_003047,5,dsgdb9nsd_c,9,dsgdb9nsd_h,1,dsgdb9nsd_n,1,dsgdb9nsd_o"
GDB_W1-F12_2420,GDB_W1-F12,2.386974409021881,"-1,dsgdb9nsd_003048,5,dsgdb9nsd_c,8,dsgdb9nsd_h,2,dsgdb9nsd_o"
GDB_W1-F12_2421,GDB_W1-F12,2.537925224771546,"-1,dsgdb9nsd_003049,5,dsgdb9nsd_c,9,dsgdb9nsd_h,1,dsgdb9nsd_n,1,dsgdb9nsd_o"
GDB_W1-F12_2422,GDB_W1-F12,2.3257859766758724,"-1,dsgdb9nsd_003050,4,dsgdb9nsd_c,8,dsgdb9nsd_h,2,dsgdb9nsd_n,1,dsgdb9nsd_o"
GDB_W1-F12_2423,GDB_W1-F12,2.21893939224711,"-1,dsgdb9nsd_003051,4,dsgdb9nsd_c,7,dsgdb9nsd_h,1,dsgdb9nsd_n,2,dsgdb9nsd_o"
GDB_W1-F12_2424,GDB_W1-F12,2.4185554604947472,"-1,dsgdb9nsd_003052,5,dsgdb9nsd_c,8,dsgdb9nsd_h,2,dsgdb9nsd_o"
GDB_W1-F12_2425,GDB_W1-F12,2.2046029505328613,"-1,dsgdb9nsd_003053,4,dsgdb9nsd_c,7,dsgdb9nsd_h,1,dsgdb9nsd_n,2,dsgdb9nsd_o"
GDB_W1-F12_2426,GDB_W1-F12,2.0972887970678875,"-1,dsgdb9nsd_003054,4,dsgdb9nsd_c,6,dsgdb9nsd_h,3,dsgdb9nsd_o"
GDB_W1-F12_2427,GDB_W1-F12,2.7677492751829513,"-1,dsgdb9nsd_003055,7,dsgdb9nsd_c,10,dsgdb9nsd_h"
GDB_W1-F12_2428,GDB_W1-F12,2.5562668362942103,"-1,dsgdb9nsd_003056,6,dsgdb9nsd_c,9,dsgdb9nsd_h,1,dsgdb9nsd_n"
GDB_W1-F12_2429,GDB_W1-F12,2.4476705316693588,"-1,dsgdb9nsd_003057,6,dsgdb9nsd_c,8,dsgdb9nsd_h,1,dsgdb9nsd_o"
GDB_W1-F12_2430,GDB_W1-F12,2.5459814744521947,"-1,dsgdb9nsd_003058,6,dsgdb9nsd_c,9,dsgdb9nsd_h,1,dsgdb9nsd_n"
GDB_W1-F12_2431,GDB_W1-F12,2.493137843605548,"-1,dsgdb9nsd_003059,5,dsgdb9nsd_c,9,dsgdb9nsd_h,1,dsgdb9nsd_n,1,dsgdb9nsd_o"
GDB_W1-F12_2432,GDB_W1-F12,2.7679672942020344,"-1,dsgdb9nsd_003060,7,dsgdb9nsd_c,10,dsgdb9nsd_h"
GDB_W1-F12_2433,GDB_W1-F12,2.555838006115346,"-1,dsgdb9nsd_003061,6,dsgdb9nsd_c,9,dsgdb9nsd_h,1,dsgdb9nsd_n"
GDB_W1-F12_2434,GDB_W1-F12,2.4440345817844302,"-1,dsgdb9nsd_003062,6,dsgdb9nsd_c,8,dsgdb9nsd_h,1,dsgdb9nsd_o"
GDB_W1-F12_2435,GDB_W1-F12,2.4480753606169703,"-1,dsgdb9nsd_003063,6,dsgdb9nsd_c,8,dsgdb9nsd_h,1,dsgdb9nsd_o"
GDB_W1-F12_2436,GDB_W1-F12,2.2379830919743546,"-1,dsgdb9nsd_003064,5,dsgdb9nsd_c,7,dsgdb9nsd_h,1,dsgdb9nsd_n,1,dsgdb9nsd_o"
GDB_W1-F12_2437,GDB_W1-F12,2.125801958605093,"-1,dsgdb9nsd_003065,5,dsgdb9nsd_c,6,dsgdb9nsd_h,2,dsgdb9nsd_o"
GDB_W1-F12_2438,GDB_W1-F12,2.4942523223965614,"-1,dsgdb9nsd_003066,5,dsgdb9nsd_c,9,dsgdb9nsd_h,1,dsgdb9nsd_n,1,dsgdb9nsd_o"
GDB_W1-F12_2439,GDB_W1-F12,2.5428390358412813,"-1,dsgdb9nsd_003081,6,dsgdb9nsd_c,9,dsgdb9nsd_h,1,dsgdb9nsd_n"
GDB_W1-F12_2440,GDB_W1-F12,2.3990608384919083,"-1,dsgdb9nsd_003082,5,dsgdb9nsd_c,8,dsgdb9nsd_h,2,dsgdb9nsd_n"
GDB_W1-F12_2441,GDB_W1-F12,2.766522963817449,"-1,dsgdb9nsd_003083,7,dsgdb9nsd_c,10,dsgdb9nsd_h"
GDB_W1-F12_2442,GDB_W1-F12,2.624852129073208,"-1,dsgdb9nsd_003084,6,dsgdb9nsd_c,9,dsgdb9nsd_h,1,dsgdb9nsd_n"
GDB_W1-F12_2443,GDB_W1-F12,2.4523460116760867,"-1,dsgdb9nsd_003085,6,dsgdb9nsd_c,8,dsgdb9nsd_h,1,dsgdb9nsd_o"
GDB_W1-F12_2444,GDB_W1-F12,2.3088951559980213,"-1,dsgdb9nsd_003086,5,dsgdb9nsd_c,7,dsgdb9nsd_h,1,dsgdb9nsd_n,1,dsgdb9nsd_o"
GDB_W1-F12_2445,GDB_W1-F12,2.215979072002092,"-1,dsgdb9nsd_003087,4,dsgdb9nsd_c,7,dsgdb9nsd_h,3,dsgdb9nsd_n"
GDB_W1-F12_2446,GDB_W1-F12,2.1036918366491126,"-1,dsgdb9nsd_003088,4,dsgdb9nsd_c,6,dsgdb9nsd_h,2,dsgdb9nsd_n,1,dsgdb9nsd_o"
GDB_W1-F12_2447,GDB_W1-F12,2.137267227732348,"-1,dsgdb9nsd_003089,5,dsgdb9nsd_c,6,dsgdb9nsd_h,2,dsgdb9nsd_o"
GDB_W1-F12_2448,GDB_W1-F12,2.7211954521609796,"-1,dsgdb9nsd_003091,6,dsgdb9nsd_c,10,dsgdb9nsd_h,1,dsgdb9nsd_o"
GDB_W1-F12_2449,GDB_W1-F12,2.522025123797061,"-1,dsgdb9nsd_003092,5,dsgdb9nsd_c,9,dsgdb9nsd_h,1,dsgdb9nsd_n,1,dsgdb9nsd_o"
GDB_W1-F12_2450,GDB_W1-F12,2.4975151225368575,"-1,dsgdb9nsd_003093,5,dsgdb9nsd_c,9,dsgdb9nsd_h,1,dsgdb9nsd_n,1,dsgdb9nsd_o"
GDB_W1-F12_2451,GDB_W1-F12,2.4073609601877637,"-1,dsgdb9nsd_003094,5,dsgdb9nsd_c,8,dsgdb9nsd_h,2,dsgdb9nsd_o"
GDB_W1-F12_2452,GDB_W1-F12,2.089811047019525,"-1,dsgdb9nsd_003095,4,dsgdb9nsd_c,6,dsgdb9nsd_h,3,dsgdb9nsd_o"
GDB_W1-F12_2453,GDB_W1-F12,2.5258228943463736,"-1,dsgdb9nsd_003108,7,dsgdb9nsd_c,8,dsgdb9nsd_h"
GDB_W1-F12_2454,GDB_W1-F12,2.194291401038421,"-1,dsgdb9nsd_003109,6,dsgdb9nsd_c,6,dsgdb9nsd_h,1,dsgdb9nsd_o"
GDB_W1-F12_2455,GDB_W1-F12,2.1956948714821447,"-1,dsgdb9nsd_003110,6,dsgdb9nsd_c,6,dsgdb9nsd_h,1,dsgdb9nsd_o"
GDB_W1-F12_2456,GDB_W1-F12,2.3139775461958383,"-1,dsgdb9nsd_003111,6,dsgdb9nsd_c,7,dsgdb9nsd_h,1,dsgdb9nsd_n"
GDB_W1-F12_2457,GDB_W1-F12,2.2030787504378226,"-1,dsgdb9nsd_003112,6,dsgdb9nsd_c,6,dsgdb9nsd_h,1,dsgdb9nsd_o"
GDB_W1-F12_2458,GDB_W1-F12,2.3082997450672784,"-1,dsgdb9nsd_003113,6,dsgdb9nsd_c,7,dsgdb9nsd_h,1,dsgdb9nsd_n"
GDB_W1-F12_2459,GDB_W1-F12,2.3827243791653676,"-1,dsgdb9nsd_003114,6,dsgdb9nsd_c,7,dsgdb9nsd_h,1,dsgdb9nsd_n"
GDB_W1-F12_2460,GDB_W1-F12,2.164361468859892,"-1,dsgdb9nsd_003115,5,dsgdb9nsd_c,6,dsgdb9nsd_h,2,dsgdb9nsd_n"
GDB_W1-F12_2461,GDB_W1-F12,2.0474106545157205,"-1,dsgdb9nsd_003116,5,dsgdb9nsd_c,5,dsgdb9nsd_h,1,dsgdb9nsd_n,1,dsgdb9nsd_o"
GDB_W1-F12_2462,GDB_W1-F12,2.1624538291357376,"-1,dsgdb9nsd_003117,5,dsgdb9nsd_c,6,dsgdb9nsd_h,2,dsgdb9nsd_n"
GDB_W1-F12_2463,GDB_W1-F12,2.0505661351607993,"-1,dsgdb9nsd_003118,5,dsgdb9nsd_c,5,dsgdb9nsd_h,1,dsgdb9nsd_n,1,dsgdb9nsd_o"
GDB_W1-F12_2464,GDB_W1-F12,2.169003080055266,"-1,dsgdb9nsd_003119,5,dsgdb9nsd_c,6,dsgdb9nsd_h,2,dsgdb9nsd_n"
GDB_W1-F12_2465,GDB_W1-F12,2.0556877948852432,"-1,dsgdb9nsd_003120,5,dsgdb9nsd_c,5,dsgdb9nsd_h,1,dsgdb9nsd_n,1,dsgdb9nsd_o"
GDB_W1-F12_2466,GDB_W1-F12,2.1625091494160444,"-1,dsgdb9nsd_003121,5,dsgdb9nsd_c,6,dsgdb9nsd_h,2,dsgdb9nsd_n"
GDB_W1-F12_2467,GDB_W1-F12,2.486083123026817,"-1,dsgdb9nsd_003122,6,dsgdb9nsd_c,8,dsgdb9nsd_h,1,dsgdb9nsd_o"
GDB_W1-F12_2468,GDB_W1-F12,2.1521816384096044,"-1,dsgdb9nsd_003123,5,dsgdb9nsd_c,6,dsgdb9nsd_h,2,dsgdb9nsd_o"
GDB_W1-F12_2469,GDB_W1-F12,2.1547303186544657,"-1,dsgdb9nsd_003124,5,dsgdb9nsd_c,6,dsgdb9nsd_h,2,dsgdb9nsd_o"
GDB_W1-F12_2470,GDB_W1-F12,2.2752610343274027,"-1,dsgdb9nsd_003125,5,dsgdb9nsd_c,7,dsgdb9nsd_h,1,dsgdb9nsd_n,1,dsgdb9nsd_o"
GDB_W1-F12_2471,GDB_W1-F12,2.1569192099091476,"-1,dsgdb9nsd_003126,5,dsgdb9nsd_c,6,dsgdb9nsd_h,2,dsgdb9nsd_o"
GDB_W1-F12_2472,GDB_W1-F12,2.2678958036957484,"-1,dsgdb9nsd_003127,5,dsgdb9nsd_c,7,dsgdb9nsd_h,1,dsgdb9nsd_n,1,dsgdb9nsd_o"
GDB_W1-F12_2473,GDB_W1-F12,3.0075401950338483,"-1,dsgdb9nsd_003128,7,dsgdb9nsd_c,12,dsgdb9nsd_h"
GDB_W1-F12_2474,GDB_W1-F12,2.682936960468941,"-1,dsgdb9nsd_003129,6,dsgdb9nsd_c,10,dsgdb9nsd_h,1,dsgdb9nsd_o"
GDB_W1-F12_2475,GDB_W1-F12,2.678487300160333,"-1,dsgdb9nsd_003130,6,dsgdb9nsd_c,10,dsgdb9nsd_h,1,dsgdb9nsd_o"
GDB_W1-F12_2476,GDB_W1-F12,2.69184881157426,"-1,dsgdb9nsd_003131,6,dsgdb9nsd_c,10,dsgdb9nsd_h,1,dsgdb9nsd_o"
GDB_W1-F12_2477,GDB_W1-F12,2.6776583007244614,"-1,dsgdb9nsd_003132,6,dsgdb9nsd_c,10,dsgdb9nsd_h,1,dsgdb9nsd_o"
GDB_W1-F12_2478,GDB_W1-F12,2.694004471458163,"-1,dsgdb9nsd_003134,6,dsgdb9nsd_c,10,dsgdb9nsd_h,1,dsgdb9nsd_o"
GDB_W1-F12_2479,GDB_W1-F12,2.3660772281153406,"-1,dsgdb9nsd_003135,5,dsgdb9nsd_c,8,dsgdb9nsd_h,2,dsgdb9nsd_o"
GDB_W1-F12_2480,GDB_W1-F12,2.3643853572450393,"-1,dsgdb9nsd_003136,5,dsgdb9nsd_c,8,dsgdb9nsd_h,2,dsgdb9nsd_o"
GDB_W1-F12_2481,GDB_W1-F12,2.4876401130650363,"-1,dsgdb9nsd_003137,5,dsgdb9nsd_c,9,dsgdb9nsd_h,1,dsgdb9nsd_n,1,dsgdb9nsd_o"
GDB_W1-F12_2482,GDB_W1-F12,2.3773282088444776,"-1,dsgdb9nsd_003138,5,dsgdb9nsd_c,8,dsgdb9nsd_h,2,dsgdb9nsd_o"
GDB_W1-F12_2483,GDB_W1-F12,2.479257642014891,"-1,dsgdb9nsd_003139,5,dsgdb9nsd_c,9,dsgdb9nsd_h,1,dsgdb9nsd_n,1,dsgdb9nsd_o"
GDB_W1-F12_2484,GDB_W1-F12,2.068215685419129,"-1,dsgdb9nsd_003140,4,dsgdb9nsd_c,6,dsgdb9nsd_h,2,dsgdb9nsd_n,1,dsgdb9nsd_o"
GDB_W1-F12_2485,GDB_W1-F12,2.2860397448960867,"-1,dsgdb9nsd_003141,5,dsgdb9nsd_c,7,dsgdb9nsd_h,1,dsgdb9nsd_n,1,dsgdb9nsd_o"
GDB_W1-F12_2486,GDB_W1-F12,2.075589196403853,"-1,dsgdb9nsd_003142,4,dsgdb9nsd_c,6,dsgdb9nsd_h,2,dsgdb9nsd_n,1,dsgdb9nsd_o"
GDB_W1-F12_2487,GDB_W1-F12,1.961056771044602,"-1,dsgdb9nsd_003143,4,dsgdb9nsd_c,5,dsgdb9nsd_h,1,dsgdb9nsd_n,2,dsgdb9nsd_o"
GDB_W1-F12_2488,GDB_W1-F12,2.4950026728206813,"-1,dsgdb9nsd_003144,6,dsgdb9nsd_c,8,dsgdb9nsd_h,1,dsgdb9nsd_o"
GDB_W1-F12_2489,GDB_W1-F12,2.2840674145151727,"-1,dsgdb9nsd_003145,5,dsgdb9nsd_c,7,dsgdb9nsd_h,1,dsgdb9nsd_n,1,dsgdb9nsd_o"
GDB_W1-F12_2490,GDB_W1-F12,2.1698981597683513,"-1,dsgdb9nsd_003146,5,dsgdb9nsd_c,6,dsgdb9nsd_h,2,dsgdb9nsd_o"
GDB_W1-F12_2491,GDB_W1-F12,2.27838719429963,"-1,dsgdb9nsd_003147,5,dsgdb9nsd_c,7,dsgdb9nsd_h,1,dsgdb9nsd_n,1,dsgdb9nsd_o"
GDB_W1-F12_2492,GDB_W1-F12,2.166197949499051,"-1,dsgdb9nsd_003148,5,dsgdb9nsd_c,6,dsgdb9nsd_h,2,dsgdb9nsd_o"
GDB_W1-F12_2493,GDB_W1-F12,2.3092381261186277,"-1,dsgdb9nsd_003149,5,dsgdb9nsd_c,7,dsgdb9nsd_h,1,dsgdb9nsd_n,1,dsgdb9nsd_o"
GDB_W1-F12_2494,GDB_W1-F12,2.0988616561892233,"-1,dsgdb9nsd_003150,4,dsgdb9nsd_c,6,dsgdb9nsd_h,2,dsgdb9nsd_n,1,dsgdb9nsd_o"
GDB_W1-F12_2495,GDB_W1-F12,1.9847451926772268,"-1,dsgdb9nsd_003151,4,dsgdb9nsd_c,5,dsgdb9nsd_h,1,dsgdb9nsd_n,2,dsgdb9nsd_o"
GDB_W1-F12_2496,GDB_W1-F12,2.2018921803049727,"-1,dsgdb9nsd_003152,5,dsgdb9nsd_c,6,dsgdb9nsd_h,2,dsgdb9nsd_o"
GDB_W1-F12_2497,GDB_W1-F12,1.9899332115591357,"-1,dsgdb9nsd_003153,4,dsgdb9nsd_c,5,dsgdb9nsd_h,1,dsgdb9nsd_n,2,dsgdb9nsd_o"
GDB_W1-F12_2498,GDB_W1-F12,1.8751350882193882,"-1,dsgdb9nsd_003154,4,dsgdb9nsd_c,4,dsgdb9nsd_h,3,dsgdb9nsd_o"
GDB_W1-F12_2499,GDB_W1-F12,3.0076581948459005,"-1,dsgdb9nsd_003155,7,dsgdb9nsd_c,12,dsgdb9nsd_h"
GDB_W1-F12_2500,GDB_W1-F12,2.693401380962092,"-1,dsgdb9nsd_003156,6,dsgdb9nsd_c,10,dsgdb9nsd_h,1,dsgdb9nsd_o"
GDB_W1-F12_2501,GDB_W1-F12,2.6865355913954025,"-1,dsgdb9nsd_003157,6,dsgdb9nsd_c,10,dsgdb9nsd_h,1,dsgdb9nsd_o"
GDB_W1-F12_2502,GDB_W1-F12,2.6877528112647027,"-1,dsgdb9nsd_003158,6,dsgdb9nsd_c,10,dsgdb9nsd_h,1,dsgdb9nsd_o"
GDB_W1-F12_2503,GDB_W1-F12,2.4782228130173323,"-1,dsgdb9nsd_003159,5,dsgdb9nsd_c,9,dsgdb9nsd_h,1,dsgdb9nsd_n,1,dsgdb9nsd_o"
GDB_W1-F12_2504,GDB_W1-F12,2.37046329735218,"-1,dsgdb9nsd_003160,5,dsgdb9nsd_c,8,dsgdb9nsd_h,2,dsgdb9nsd_o"
GDB_W1-F12_2505,GDB_W1-F12,2.698623980995198,"-1,dsgdb9nsd_003161,6,dsgdb9nsd_c,10,dsgdb9nsd_h,1,dsgdb9nsd_o"
GDB_W1-F12_2506,GDB_W1-F12,2.490131042787399,"-1,dsgdb9nsd_003162,5,dsgdb9nsd_c,9,dsgdb9nsd_h,1,dsgdb9nsd_n,1,dsgdb9nsd_o"
GDB_W1-F12_2507,GDB_W1-F12,2.3813224385790237,"-1,dsgdb9nsd_003163,5,dsgdb9nsd_c,8,dsgdb9nsd_h,2,dsgdb9nsd_o"
GDB_W1-F12_2508,GDB_W1-F12,2.3729750283541082,"-1,dsgdb9nsd_003164,5,dsgdb9nsd_c,8,dsgdb9nsd_h,2,dsgdb9nsd_o"
GDB_W1-F12_2509,GDB_W1-F12,2.8082310862951307,"-1,dsgdb9nsd_003165,7,dsgdb9nsd_c,10,dsgdb9nsd_h"
GDB_W1-F12_2510,GDB_W1-F12,2.3011529955991246,"-1,dsgdb9nsd_003166,5,dsgdb9nsd_c,7,dsgdb9nsd_h,1,dsgdb9nsd_n,1,dsgdb9nsd_o"
GDB_W1-F12_2511,GDB_W1-F12,2.492788062432397,"-1,dsgdb9nsd_003167,6,dsgdb9nsd_c,8,dsgdb9nsd_h,1,dsgdb9nsd_o"
GDB_W1-F12_2512,GDB_W1-F12,2.80959709594986,"-1,dsgdb9nsd_003168,7,dsgdb9nsd_c,10,dsgdb9nsd_h"
GDB_W1-F12_2513,GDB_W1-F12,2.303667445285105,"-1,dsgdb9nsd_003169,5,dsgdb9nsd_c,7,dsgdb9nsd_h,1,dsgdb9nsd_n,1,dsgdb9nsd_o"
GDB_W1-F12_2514,GDB_W1-F12,2.4842689320909663,"-1,dsgdb9nsd_003170,6,dsgdb9nsd_c,8,dsgdb9nsd_h,1,dsgdb9nsd_o"
GDB_W1-F12_2515,GDB_W1-F12,2.601658087227382,"-1,dsgdb9nsd_003171,6,dsgdb9nsd_c,9,dsgdb9nsd_h,1,dsgdb9nsd_n"
GDB_W1-F12_2516,GDB_W1-F12,2.4940214828539125,"-1,dsgdb9nsd_003172,6,dsgdb9nsd_c,8,dsgdb9nsd_h,1,dsgdb9nsd_o"
GDB_W1-F12_2517,GDB_W1-F12,3.037031655744815,"-1,dsgdb9nsd_003173,7,dsgdb9nsd_c,12,dsgdb9nsd_h"
GDB_W1-F12_2518,GDB_W1-F12,2.7150187629471536,"-1,dsgdb9nsd_003174,6,dsgdb9nsd_c,10,dsgdb9nsd_h,1,dsgdb9nsd_o"
GDB_W1-F12_2519,GDB_W1-F12,2.712467172786067,"-1,dsgdb9nsd_003175,6,dsgdb9nsd_c,10,dsgdb9nsd_h,1,dsgdb9nsd_o"
GDB_W1-F12_2520,GDB_W1-F12,2.3941712788488507,"-1,dsgdb9nsd_003176,5,dsgdb9nsd_c,8,dsgdb9nsd_h,2,dsgdb9nsd_o"
GDB_W1-F12_2521,GDB_W1-F12,2.502587753519471,"-1,dsgdb9nsd_003177,5,dsgdb9nsd_c,9,dsgdb9nsd_h,1,dsgdb9nsd_n,1,dsgdb9nsd_o"
GDB_W1-F12_2522,GDB_W1-F12,2.39554004862127,"-1,dsgdb9nsd_003179,5,dsgdb9nsd_c,8,dsgdb9nsd_h,2,dsgdb9nsd_o"
GDB_W1-F12_2523,GDB_W1-F12,3.0042061146948478,"-1,dsgdb9nsd_003180,7,dsgdb9nsd_c,12,dsgdb9nsd_h"
GDB_W1-F12_2524,GDB_W1-F12,2.6885279517527865,"-1,dsgdb9nsd_003181,6,dsgdb9nsd_c,10,dsgdb9nsd_h,1,dsgdb9nsd_o"
GDB_W1-F12_2525,GDB_W1-F12,2.7848015053760156,"-1,dsgdb9nsd_003182,6,dsgdb9nsd_c,11,dsgdb9nsd_h,1,dsgdb9nsd_n"
GDB_W1-F12_2526,GDB_W1-F12,2.584504537448513,"-1,dsgdb9nsd_003183,5,dsgdb9nsd_c,10,dsgdb9nsd_h,2,dsgdb9nsd_n"
GDB_W1-F12_2527,GDB_W1-F12,2.4778019221608307,"-1,dsgdb9nsd_003184,5,dsgdb9nsd_c,9,dsgdb9nsd_h,1,dsgdb9nsd_n,1,dsgdb9nsd_o"
GDB_W1-F12_2528,GDB_W1-F12,2.6920751810648764,"-1,dsgdb9nsd_003185,6,dsgdb9nsd_c,10,dsgdb9nsd_h,1,dsgdb9nsd_o"
GDB_W1-F12_2529,GDB_W1-F12,2.480677203052331,"-1,dsgdb9nsd_003186,5,dsgdb9nsd_c,9,dsgdb9nsd_h,1,dsgdb9nsd_n,1,dsgdb9nsd_o"
GDB_W1-F12_2530,GDB_W1-F12,2.3695284780000443,"-1,dsgdb9nsd_003187,5,dsgdb9nsd_c,8,dsgdb9nsd_h,2,dsgdb9nsd_o"
GDB_W1-F12_2531,GDB_W1-F12,2.6928824119051105,"-1,dsgdb9nsd_003188,6,dsgdb9nsd_c,10,dsgdb9nsd_h,1,dsgdb9nsd_o"
GDB_W1-F12_2532,GDB_W1-F12,2.482241232028101,"-1,dsgdb9nsd_003189,5,dsgdb9nsd_c,9,dsgdb9nsd_h,1,dsgdb9nsd_n,1,dsgdb9nsd_o"
GDB_W1-F12_2533,GDB_W1-F12,2.373718868916355,"-1,dsgdb9nsd_003190,5,dsgdb9nsd_c,8,dsgdb9nsd_h,2,dsgdb9nsd_o"
GDB_W1-F12_2534,GDB_W1-F12,2.5838779174272153,"-1,dsgdb9nsd_003191,7,dsgdb9nsd_c,8,dsgdb9nsd_h"
GDB_W1-F12_2535,GDB_W1-F12,2.253854423662086,"-1,dsgdb9nsd_003192,6,dsgdb9nsd_c,6,dsgdb9nsd_h,1,dsgdb9nsd_o"
GDB_W1-F12_2536,GDB_W1-F12,2.830696716827829,"-1,dsgdb9nsd_003193,7,dsgdb9nsd_c,10,dsgdb9nsd_h"
GDB_W1-F12_2537,GDB_W1-F12,2.5090461133810025,"-1,dsgdb9nsd_003194,6,dsgdb9nsd_c,8,dsgdb9nsd_h,1,dsgdb9nsd_o"
GDB_W1-F12_2538,GDB_W1-F12,2.5049449434283813,"-1,dsgdb9nsd_003195,6,dsgdb9nsd_c,8,dsgdb9nsd_h,1,dsgdb9nsd_o"
GDB_W1-F12_2539,GDB_W1-F12,2.186431690223077,"-1,dsgdb9nsd_003196,5,dsgdb9nsd_c,6,dsgdb9nsd_h,2,dsgdb9nsd_o"
GDB_W1-F12_2540,GDB_W1-F12,2.746547713214617,"-1,dsgdb9nsd_003197,6,dsgdb9nsd_c,10,dsgdb9nsd_h,1,dsgdb9nsd_o"
GDB_W1-F12_2541,GDB_W1-F12,3.06882291758972,"-1,dsgdb9nsd_003198,7,dsgdb9nsd_c,12,dsgdb9nsd_h"
GDB_W1-F12_2542,GDB_W1-F12,2.752251993624665,"-1,dsgdb9nsd_003199,6,dsgdb9nsd_c,10,dsgdb9nsd_h,1,dsgdb9nsd_o"
GDB_W1-F12_2543,GDB_W1-F12,2.434120619912669,"-1,dsgdb9nsd_003200,5,dsgdb9nsd_c,8,dsgdb9nsd_h,2,dsgdb9nsd_o"
GDB_W1-F12_2544,GDB_W1-F12,2.431008171287211,"-1,dsgdb9nsd_003201,5,dsgdb9nsd_c,8,dsgdb9nsd_h,2,dsgdb9nsd_o"
GDB_W1-F12_2545,GDB_W1-F12,2.4213997904591253,"-1,dsgdb9nsd_003202,5,dsgdb9nsd_c,8,dsgdb9nsd_h,2,dsgdb9nsd_o"
GDB_W1-F12_2546,GDB_W1-F12,2.4934217229848463,"-1,dsgdb9nsd_003203,6,dsgdb9nsd_c,8,dsgdb9nsd_h,1,dsgdb9nsd_o"
GDB_W1-F12_2547,GDB_W1-F12,2.2869896843386632,"-1,dsgdb9nsd_003204,5,dsgdb9nsd_c,7,dsgdb9nsd_h,1,dsgdb9nsd_n,1,dsgdb9nsd_o"
GDB_W1-F12_2548,GDB_W1-F12,2.275661514336691,"-1,dsgdb9nsd_003205,5,dsgdb9nsd_c,7,dsgdb9nsd_h,1,dsgdb9nsd_n,1,dsgdb9nsd_o"
GDB_W1-F12_2549,GDB_W1-F12,2.1648496288202796,"-1,dsgdb9nsd_003206,5,dsgdb9nsd_c,6,dsgdb9nsd_h,2,dsgdb9nsd_o"
GDB_W1-F12_2550,GDB_W1-F12,2.2759007744693367,"-1,dsgdb9nsd_003207,5,dsgdb9nsd_c,7,dsgdb9nsd_h,1,dsgdb9nsd_n,1,dsgdb9nsd_o"
GDB_W1-F12_2551,GDB_W1-F12,2.2921105042351497,"-1,dsgdb9nsd_003208,5,dsgdb9nsd_c,7,dsgdb9nsd_h,1,dsgdb9nsd_n,1,dsgdb9nsd_o"
GDB_W1-F12_2552,GDB_W1-F12,2.1801753496221945,"-1,dsgdb9nsd_003209,5,dsgdb9nsd_c,6,dsgdb9nsd_h,2,dsgdb9nsd_o"
GDB_W1-F12_2553,GDB_W1-F12,2.0616154854680375,"-1,dsgdb9nsd_003210,4,dsgdb9nsd_c,6,dsgdb9nsd_h,2,dsgdb9nsd_n,1,dsgdb9nsd_o"
GDB_W1-F12_2554,GDB_W1-F12,1.9716024221838342,"-1,dsgdb9nsd_003211,4,dsgdb9nsd_c,5,dsgdb9nsd_h,1,dsgdb9nsd_n,2,dsgdb9nsd_o"
GDB_W1-F12_2555,GDB_W1-F12,1.9628179508286292,"-1,dsgdb9nsd_003212,4,dsgdb9nsd_c,5,dsgdb9nsd_h,1,dsgdb9nsd_n,2,dsgdb9nsd_o"
GDB_W1-F12_2556,GDB_W1-F12,1.8460734265969592,"-1,dsgdb9nsd_003213,4,dsgdb9nsd_c,4,dsgdb9nsd_h,3,dsgdb9nsd_o"
GDB_W1-F12_2557,GDB_W1-F12,2.4825596431569514,"-1,dsgdb9nsd_003214,5,dsgdb9nsd_c,9,dsgdb9nsd_h,1,dsgdb9nsd_n,1,dsgdb9nsd_o"
GDB_W1-F12_2558,GDB_W1-F12,3.0067774639201597,"-1,dsgdb9nsd_003215,7,dsgdb9nsd_c,12,dsgdb9nsd_h"
GDB_W1-F12_2559,GDB_W1-F12,2.4899846035640905,"-1,dsgdb9nsd_003217,5,dsgdb9nsd_c,9,dsgdb9nsd_h,1,dsgdb9nsd_n,1,dsgdb9nsd_o"
GDB_W1-F12_2560,GDB_W1-F12,2.6884998517786363,"-1,dsgdb9nsd_003218,6,dsgdb9nsd_c,10,dsgdb9nsd_h,1,dsgdb9nsd_o"
GDB_W1-F12_2561,GDB_W1-F12,2.380050967735982,"-1,dsgdb9nsd_003219,5,dsgdb9nsd_c,8,dsgdb9nsd_h,2,dsgdb9nsd_o"
GDB_W1-F12_2562,GDB_W1-F12,2.390486829297769,"-1,dsgdb9nsd_003220,5,dsgdb9nsd_c,8,dsgdb9nsd_h,2,dsgdb9nsd_o"
GDB_W1-F12_2563,GDB_W1-F12,2.1802415701363347,"-1,dsgdb9nsd_003221,4,dsgdb9nsd_c,7,dsgdb9nsd_h,1,dsgdb9nsd_n,2,dsgdb9nsd_o"
GDB_W1-F12_2564,GDB_W1-F12,2.0680129856906655,"-1,dsgdb9nsd_003222,4,dsgdb9nsd_c,6,dsgdb9nsd_h,3,dsgdb9nsd_o"
GDB_W1-F12_2565,GDB_W1-F12,2.73959738309166,"-1,dsgdb9nsd_003223,7,dsgdb9nsd_c,10,dsgdb9nsd_h"
GDB_W1-F12_2566,GDB_W1-F12,2.528510434646106,"-1,dsgdb9nsd_003225,6,dsgdb9nsd_c,9,dsgdb9nsd_h,1,dsgdb9nsd_n"
GDB_W1-F12_2567,GDB_W1-F12,2.4217676303237674,"-1,dsgdb9nsd_003226,6,dsgdb9nsd_c,8,dsgdb9nsd_h,1,dsgdb9nsd_o"
GDB_W1-F12_2568,GDB_W1-F12,2.5248299037609594,"-1,dsgdb9nsd_003227,6,dsgdb9nsd_c,9,dsgdb9nsd_h,1,dsgdb9nsd_n"
GDB_W1-F12_2569,GDB_W1-F12,2.528217624724351,"-1,dsgdb9nsd_003228,6,dsgdb9nsd_c,9,dsgdb9nsd_h,1,dsgdb9nsd_n"
GDB_W1-F12_2570,GDB_W1-F12,2.5309650541597115,"-1,dsgdb9nsd_003229,6,dsgdb9nsd_c,9,dsgdb9nsd_h,1,dsgdb9nsd_n"
GDB_W1-F12_2571,GDB_W1-F12,2.308800695272805,"-1,dsgdb9nsd_003230,5,dsgdb9nsd_c,8,dsgdb9nsd_h,2,dsgdb9nsd_n"
GDB_W1-F12_2572,GDB_W1-F12,2.2021163617808153,"-1,dsgdb9nsd_003231,5,dsgdb9nsd_c,7,dsgdb9nsd_h,1,dsgdb9nsd_n,1,dsgdb9nsd_o"
GDB_W1-F12_2573,GDB_W1-F12,2.4267051000004467,"-1,dsgdb9nsd_003232,6,dsgdb9nsd_c,8,dsgdb9nsd_h,1,dsgdb9nsd_o"
GDB_W1-F12_2574,GDB_W1-F12,2.204676401216724,"-1,dsgdb9nsd_003233,5,dsgdb9nsd_c,7,dsgdb9nsd_h,1,dsgdb9nsd_n,1,dsgdb9nsd_o"
GDB_W1-F12_2575,GDB_W1-F12,2.0965636669801198,"-1,dsgdb9nsd_003234,5,dsgdb9nsd_c,6,dsgdb9nsd_h,2,dsgdb9nsd_o"
GDB_W1-F12_2576,GDB_W1-F12,2.424296229596913,"-1,dsgdb9nsd_003235,6,dsgdb9nsd_c,8,dsgdb9nsd_h,1,dsgdb9nsd_o"
GDB_W1-F12_2577,GDB_W1-F12,2.2129204313291764,"-1,dsgdb9nsd_003236,5,dsgdb9nsd_c,7,dsgdb9nsd_h,1,dsgdb9nsd_n,1,dsgdb9nsd_o"
GDB_W1-F12_2578,GDB_W1-F12,2.1054235077153187,"-1,dsgdb9nsd_003237,5,dsgdb9nsd_c,6,dsgdb9nsd_h,2,dsgdb9nsd_o"
GDB_W1-F12_2579,GDB_W1-F12,2.20854668063145,"-1,dsgdb9nsd_003238,5,dsgdb9nsd_c,7,dsgdb9nsd_h,1,dsgdb9nsd_n,1,dsgdb9nsd_o"
GDB_W1-F12_2580,GDB_W1-F12,3.002390943694113,"-1,dsgdb9nsd_003239,7,dsgdb9nsd_c,12,dsgdb9nsd_h"
GDB_W1-F12_2581,GDB_W1-F12,2.6831003508307414,"-1,dsgdb9nsd_003240,6,dsgdb9nsd_c,10,dsgdb9nsd_h,1,dsgdb9nsd_o"
GDB_W1-F12_2582,GDB_W1-F12,2.781702825466979,"-1,dsgdb9nsd_003241,6,dsgdb9nsd_c,11,dsgdb9nsd_h,1,dsgdb9nsd_n"
GDB_W1-F12_2583,GDB_W1-F12,2.57034165646044,"-1,dsgdb9nsd_003242,5,dsgdb9nsd_c,10,dsgdb9nsd_h,2,dsgdb9nsd_n"
GDB_W1-F12_2584,GDB_W1-F12,2.364595127783082,"-1,dsgdb9nsd_003243,5,dsgdb9nsd_c,8,dsgdb9nsd_h,2,dsgdb9nsd_o"
GDB_W1-F12_2585,GDB_W1-F12,2.463145592049199,"-1,dsgdb9nsd_003244,5,dsgdb9nsd_c,9,dsgdb9nsd_h,1,dsgdb9nsd_n,1,dsgdb9nsd_o"
GDB_W1-F12_2586,GDB_W1-F12,2.6740045805899015,"-1,dsgdb9nsd_003245,6,dsgdb9nsd_c,10,dsgdb9nsd_h,1,dsgdb9nsd_o"
GDB_W1-F12_2587,GDB_W1-F12,2.761064574515629,"-1,dsgdb9nsd_003246,7,dsgdb9nsd_c,10,dsgdb9nsd_h"
GDB_W1-F12_2588,GDB_W1-F12,2.5473841146295695,"-1,dsgdb9nsd_003247,6,dsgdb9nsd_c,9,dsgdb9nsd_h,1,dsgdb9nsd_n"
GDB_W1-F12_2589,GDB_W1-F12,2.4398458609624263,"-1,dsgdb9nsd_003248,6,dsgdb9nsd_c,8,dsgdb9nsd_h,1,dsgdb9nsd_o"
GDB_W1-F12_2590,GDB_W1-F12,2.4333979009438766,"-1,dsgdb9nsd_003250,6,dsgdb9nsd_c,8,dsgdb9nsd_h,1,dsgdb9nsd_o"
GDB_W1-F12_2591,GDB_W1-F12,2.3376031161877626,"-1,dsgdb9nsd_003251,5,dsgdb9nsd_c,8,dsgdb9nsd_h,2,dsgdb9nsd_n"
GDB_W1-F12_2592,GDB_W1-F12,2.229330272814718,"-1,dsgdb9nsd_003252,5,dsgdb9nsd_c,7,dsgdb9nsd_h,1,dsgdb9nsd_n,1,dsgdb9nsd_o"
GDB_W1-F12_2593,GDB_W1-F12,2.3346819762276914,"-1,dsgdb9nsd_003253,5,dsgdb9nsd_c,8,dsgdb9nsd_h,2,dsgdb9nsd_n"
GDB_W1-F12_2594,GDB_W1-F12,2.447006791889774,"-1,dsgdb9nsd_003254,6,dsgdb9nsd_c,8,dsgdb9nsd_h,1,dsgdb9nsd_o"
GDB_W1-F12_2595,GDB_W1-F12,2.2304849725124165,"-1,dsgdb9nsd_003255,5,dsgdb9nsd_c,7,dsgdb9nsd_h,1,dsgdb9nsd_n,1,dsgdb9nsd_o"
GDB_W1-F12_2596,GDB_W1-F12,2.1214516577525218,"-1,dsgdb9nsd_003256,5,dsgdb9nsd_c,6,dsgdb9nsd_h,2,dsgdb9nsd_o"
GDB_W1-F12_2597,GDB_W1-F12,2.226916481369945,"-1,dsgdb9nsd_003257,5,dsgdb9nsd_c,7,dsgdb9nsd_h,1,dsgdb9nsd_n,1,dsgdb9nsd_o"
GDB_W1-F12_2598,GDB_W1-F12,2.6043533883661154,"-1,dsgdb9nsd_003258,7,dsgdb9nsd_c,8,dsgdb9nsd_h"
GDB_W1-F12_2599,GDB_W1-F12,2.824090697044288,"-1,dsgdb9nsd_003259,7,dsgdb9nsd_c,10,dsgdb9nsd_h"
GDB_W1-F12_2600,GDB_W1-F12,2.4953641334987684,"-1,dsgdb9nsd_003260,6,dsgdb9nsd_c,8,dsgdb9nsd_h,1,dsgdb9nsd_o"
GDB_W1-F12_2601,GDB_W1-F12,2.816130347110954,"-1,dsgdb9nsd_003261,7,dsgdb9nsd_c,10,dsgdb9nsd_h"
GDB_W1-F12_2602,GDB_W1-F12,2.2963236756840115,"-1,dsgdb9nsd_003262,5,dsgdb9nsd_c,7,dsgdb9nsd_h,1,dsgdb9nsd_n,1,dsgdb9nsd_o"
GDB_W1-F12_2603,GDB_W1-F12,2.725068933120993,"-1,dsgdb9nsd_003263,6,dsgdb9nsd_c,10,dsgdb9nsd_h,1,dsgdb9nsd_o"
GDB_W1-F12_2604,GDB_W1-F12,3.049404426708362,"-1,dsgdb9nsd_003264,7,dsgdb9nsd_c,12,dsgdb9nsd_h"
GDB_W1-F12_2605,GDB_W1-F12,2.533441445456158,"-1,dsgdb9nsd_003265,5,dsgdb9nsd_c,9,dsgdb9nsd_h,1,dsgdb9nsd_n,1,dsgdb9nsd_o"
GDB_W1-F12_2606,GDB_W1-F12,2.2175345911461855,"-1,dsgdb9nsd_003266,4,dsgdb9nsd_c,7,dsgdb9nsd_h,1,dsgdb9nsd_n,2,dsgdb9nsd_o"
GDB_W1-F12_2607,GDB_W1-F12,2.721894232048975,"-1,dsgdb9nsd_003267,6,dsgdb9nsd_c,10,dsgdb9nsd_h,1,dsgdb9nsd_o"
GDB_W1-F12_2608,GDB_W1-F12,2.403390150019945,"-1,dsgdb9nsd_003268,5,dsgdb9nsd_c,8,dsgdb9nsd_h,2,dsgdb9nsd_o"
GDB_W1-F12_2609,GDB_W1-F12,2.068012564979886,"-1,dsgdb9nsd_003273,4,dsgdb9nsd_c,6,dsgdb9nsd_h,2,dsgdb9nsd_n,1,dsgdb9nsd_o"
GDB_W1-F12_2610,GDB_W1-F12,2.2899265547385257,"-1,dsgdb9nsd_003274,5,dsgdb9nsd_c,7,dsgdb9nsd_h,1,dsgdb9nsd_n,1,dsgdb9nsd_o"
GDB_W1-F12_2611,GDB_W1-F12,2.0702282462683366,"-1,dsgdb9nsd_003275,4,dsgdb9nsd_c,6,dsgdb9nsd_h,2,dsgdb9nsd_n,1,dsgdb9nsd_o"
GDB_W1-F12_2612,GDB_W1-F12,1.9602054803118203,"-1,dsgdb9nsd_003276,4,dsgdb9nsd_c,5,dsgdb9nsd_h,1,dsgdb9nsd_n,2,dsgdb9nsd_o"
GDB_W1-F12_2613,GDB_W1-F12,2.492504143213063,"-1,dsgdb9nsd_003277,6,dsgdb9nsd_c,8,dsgdb9nsd_h,1,dsgdb9nsd_o"
GDB_W1-F12_2614,GDB_W1-F12,2.2938177055512807,"-1,dsgdb9nsd_003278,5,dsgdb9nsd_c,7,dsgdb9nsd_h,1,dsgdb9nsd_n,1,dsgdb9nsd_o"
GDB_W1-F12_2615,GDB_W1-F12,2.1708921399802583,"-1,dsgdb9nsd_003280,5,dsgdb9nsd_c,6,dsgdb9nsd_h,2,dsgdb9nsd_o"
GDB_W1-F12_2616,GDB_W1-F12,2.2707462132496112,"-1,dsgdb9nsd_003281,5,dsgdb9nsd_c,7,dsgdb9nsd_h,1,dsgdb9nsd_n,1,dsgdb9nsd_o"
GDB_W1-F12_2617,GDB_W1-F12,2.313191985147954,"-1,dsgdb9nsd_003282,5,dsgdb9nsd_c,7,dsgdb9nsd_h,1,dsgdb9nsd_n,1,dsgdb9nsd_o"
GDB_W1-F12_2618,GDB_W1-F12,1.9839501018927452,"-1,dsgdb9nsd_003283,4,dsgdb9nsd_c,5,dsgdb9nsd_h,1,dsgdb9nsd_n,2,dsgdb9nsd_o"
GDB_W1-F12_2619,GDB_W1-F12,2.205315390772381,"-1,dsgdb9nsd_003284,5,dsgdb9nsd_c,6,dsgdb9nsd_h,2,dsgdb9nsd_o"
GDB_W1-F12_2620,GDB_W1-F12,1.9849602922184761,"-1,dsgdb9nsd_003285,4,dsgdb9nsd_c,5,dsgdb9nsd_h,1,dsgdb9nsd_n,2,dsgdb9nsd_o"
GDB_W1-F12_2621,GDB_W1-F12,1.8738358679945124,"-1,dsgdb9nsd_003286,4,dsgdb9nsd_c,4,dsgdb9nsd_h,3,dsgdb9nsd_o"
GDB_W1-F12_2622,GDB_W1-F12,2.689956051306729,"-1,dsgdb9nsd_003288,6,dsgdb9nsd_c,10,dsgdb9nsd_h,1,dsgdb9nsd_o"
GDB_W1-F12_2623,GDB_W1-F12,2.688549680508389,"-1,dsgdb9nsd_003289,6,dsgdb9nsd_c,10,dsgdb9nsd_h,1,dsgdb9nsd_o"
GDB_W1-F12_2624,GDB_W1-F12,2.693524671530917,"-1,dsgdb9nsd_003290,6,dsgdb9nsd_c,10,dsgdb9nsd_h,1,dsgdb9nsd_o"
GDB_W1-F12_2625,GDB_W1-F12,2.3729176379855343,"-1,dsgdb9nsd_003291,5,dsgdb9nsd_c,8,dsgdb9nsd_h,2,dsgdb9nsd_o"
GDB_W1-F12_2626,GDB_W1-F12,2.4661012526036123,"-1,dsgdb9nsd_003292,5,dsgdb9nsd_c,9,dsgdb9nsd_h,1,dsgdb9nsd_n,1,dsgdb9nsd_o"
GDB_W1-F12_2627,GDB_W1-F12,2.698018571809035,"-1,dsgdb9nsd_003293,6,dsgdb9nsd_c,10,dsgdb9nsd_h,1,dsgdb9nsd_o"
GDB_W1-F12_2628,GDB_W1-F12,2.373992758008241,"-1,dsgdb9nsd_003294,5,dsgdb9nsd_c,8,dsgdb9nsd_h,2,dsgdb9nsd_o"
GDB_W1-F12_2629,GDB_W1-F12,2.3779786277096453,"-1,dsgdb9nsd_003295,5,dsgdb9nsd_c,8,dsgdb9nsd_h,2,dsgdb9nsd_o"
GDB_W1-F12_2630,GDB_W1-F12,2.4775392918631023,"-1,dsgdb9nsd_003296,5,dsgdb9nsd_c,9,dsgdb9nsd_h,1,dsgdb9nsd_n,1,dsgdb9nsd_o"
GDB_W1-F12_2631,GDB_W1-F12,2.5224265440311973,"-1,dsgdb9nsd_003297,7,dsgdb9nsd_c,8,dsgdb9nsd_h"
GDB_W1-F12_2632,GDB_W1-F12,2.305846065778521,"-1,dsgdb9nsd_003298,6,dsgdb9nsd_c,7,dsgdb9nsd_h,1,dsgdb9nsd_n"
GDB_W1-F12_2633,GDB_W1-F12,2.200263221632227,"-1,dsgdb9nsd_003300,6,dsgdb9nsd_c,6,dsgdb9nsd_h,1,dsgdb9nsd_o"
GDB_W1-F12_2634,GDB_W1-F12,2.1916530599958732,"-1,dsgdb9nsd_003301,6,dsgdb9nsd_c,6,dsgdb9nsd_h,1,dsgdb9nsd_o"
GDB_W1-F12_2635,GDB_W1-F12,2.3802843187944966,"-1,dsgdb9nsd_003302,6,dsgdb9nsd_c,7,dsgdb9nsd_h,1,dsgdb9nsd_n"
GDB_W1-F12_2636,GDB_W1-F12,2.161315498912007,"-1,dsgdb9nsd_003303,5,dsgdb9nsd_c,6,dsgdb9nsd_h,2,dsgdb9nsd_n"
GDB_W1-F12_2637,GDB_W1-F12,2.1657834999795607,"-1,dsgdb9nsd_003304,5,dsgdb9nsd_c,6,dsgdb9nsd_h,2,dsgdb9nsd_n"
GDB_W1-F12_2638,GDB_W1-F12,2.056570285146971,"-1,dsgdb9nsd_003305,5,dsgdb9nsd_c,5,dsgdb9nsd_h,1,dsgdb9nsd_n,1,dsgdb9nsd_o"
GDB_W1-F12_2639,GDB_W1-F12,2.1621207887456895,"-1,dsgdb9nsd_003306,5,dsgdb9nsd_c,6,dsgdb9nsd_h,2,dsgdb9nsd_n"
GDB_W1-F12_2640,GDB_W1-F12,2.157554978796299,"-1,dsgdb9nsd_003307,5,dsgdb9nsd_c,6,dsgdb9nsd_h,2,dsgdb9nsd_n"
GDB_W1-F12_2641,GDB_W1-F12,2.0458185144105903,"-1,dsgdb9nsd_003308,5,dsgdb9nsd_c,5,dsgdb9nsd_h,1,dsgdb9nsd_n,1,dsgdb9nsd_o"
GDB_W1-F12_2642,GDB_W1-F12,2.478741152601746,"-1,dsgdb9nsd_003309,6,dsgdb9nsd_c,8,dsgdb9nsd_h,1,dsgdb9nsd_o"
GDB_W1-F12_2643,GDB_W1-F12,2.2616244928029605,"-1,dsgdb9nsd_003310,5,dsgdb9nsd_c,7,dsgdb9nsd_h,1,dsgdb9nsd_n,1,dsgdb9nsd_o"
GDB_W1-F12_2644,GDB_W1-F12,2.265286553847445,"-1,dsgdb9nsd_003311,5,dsgdb9nsd_c,7,dsgdb9nsd_h,1,dsgdb9nsd_n,1,dsgdb9nsd_o"
GDB_W1-F12_2645,GDB_W1-F12,2.1564987094849983,"-1,dsgdb9nsd_003312,5,dsgdb9nsd_c,6,dsgdb9nsd_h,2,dsgdb9nsd_o"
GDB_W1-F12_2646,GDB_W1-F12,2.2617866927444874,"-1,dsgdb9nsd_003313,5,dsgdb9nsd_c,7,dsgdb9nsd_h,1,dsgdb9nsd_n,1,dsgdb9nsd_o"
GDB_W1-F12_2647,GDB_W1-F12,2.1472902190336693,"-1,dsgdb9nsd_003314,5,dsgdb9nsd_c,6,dsgdb9nsd_h,2,dsgdb9nsd_o"
GDB_W1-F12_2648,GDB_W1-F12,2.284425853724934,"-1,dsgdb9nsd_003315,5,dsgdb9nsd_c,7,dsgdb9nsd_h,1,dsgdb9nsd_n,1,dsgdb9nsd_o"
GDB_W1-F12_2649,GDB_W1-F12,2.2628645330448482,"-1,dsgdb9nsd_003316,5,dsgdb9nsd_c,7,dsgdb9nsd_h,1,dsgdb9nsd_n,1,dsgdb9nsd_o"
GDB_W1-F12_2650,GDB_W1-F12,3.004808555001532,"-1,dsgdb9nsd_003317,7,dsgdb9nsd_c,12,dsgdb9nsd_h"
GDB_W1-F12_2651,GDB_W1-F12,2.685728540632131,"-1,dsgdb9nsd_003318,6,dsgdb9nsd_c,10,dsgdb9nsd_h,1,dsgdb9nsd_o"
GDB_W1-F12_2652,GDB_W1-F12,2.6810946201572956,"-1,dsgdb9nsd_003319,6,dsgdb9nsd_c,10,dsgdb9nsd_h,1,dsgdb9nsd_o"
GDB_W1-F12_2653,GDB_W1-F12,2.6799494103561585,"-1,dsgdb9nsd_003320,6,dsgdb9nsd_c,10,dsgdb9nsd_h,1,dsgdb9nsd_o"
GDB_W1-F12_2654,GDB_W1-F12,2.463843721747808,"-1,dsgdb9nsd_003321,5,dsgdb9nsd_c,9,dsgdb9nsd_h,1,dsgdb9nsd_n,1,dsgdb9nsd_o"
GDB_W1-F12_2655,GDB_W1-F12,2.3558821071419347,"-1,dsgdb9nsd_003322,5,dsgdb9nsd_c,8,dsgdb9nsd_h,2,dsgdb9nsd_o"
GDB_W1-F12_2656,GDB_W1-F12,2.463012102431173,"-1,dsgdb9nsd_003323,5,dsgdb9nsd_c,9,dsgdb9nsd_h,1,dsgdb9nsd_n,1,dsgdb9nsd_o"
GDB_W1-F12_2657,GDB_W1-F12,2.69046175044454,"-1,dsgdb9nsd_003324,6,dsgdb9nsd_c,10,dsgdb9nsd_h,1,dsgdb9nsd_o"
GDB_W1-F12_2658,GDB_W1-F12,2.477434662367112,"-1,dsgdb9nsd_003325,5,dsgdb9nsd_c,9,dsgdb9nsd_h,1,dsgdb9nsd_n,1,dsgdb9nsd_o"
GDB_W1-F12_2659,GDB_W1-F12,2.47914158320939,"-1,dsgdb9nsd_003326,5,dsgdb9nsd_c,9,dsgdb9nsd_h,1,dsgdb9nsd_n,1,dsgdb9nsd_o"
GDB_W1-F12_2660,GDB_W1-F12,2.3713542480439407,"-1,dsgdb9nsd_003327,5,dsgdb9nsd_c,8,dsgdb9nsd_h,2,dsgdb9nsd_o"
GDB_W1-F12_2661,GDB_W1-F12,2.474476281535044,"-1,dsgdb9nsd_003328,5,dsgdb9nsd_c,9,dsgdb9nsd_h,1,dsgdb9nsd_n,1,dsgdb9nsd_o"
GDB_W1-F12_2662,GDB_W1-F12,2.3675493875618314,"-1,dsgdb9nsd_003329,5,dsgdb9nsd_c,8,dsgdb9nsd_h,2,dsgdb9nsd_o"
GDB_W1-F12_2663,GDB_W1-F12,2.8157452565107493,"-1,dsgdb9nsd_003330,7,dsgdb9nsd_c,10,dsgdb9nsd_h"
GDB_W1-F12_2664,GDB_W1-F12,2.298709784678211,"-1,dsgdb9nsd_003331,5,dsgdb9nsd_c,7,dsgdb9nsd_h,1,dsgdb9nsd_n,1,dsgdb9nsd_o"
GDB_W1-F12_2665,GDB_W1-F12,2.501873392990219,"-1,dsgdb9nsd_003332,6,dsgdb9nsd_c,8,dsgdb9nsd_h,1,dsgdb9nsd_o"
GDB_W1-F12_2666,GDB_W1-F12,2.3011503645631506,"-1,dsgdb9nsd_003334,5,dsgdb9nsd_c,7,dsgdb9nsd_h,1,dsgdb9nsd_n,1,dsgdb9nsd_o"
GDB_W1-F12_2667,GDB_W1-F12,2.4835763927462002,"-1,dsgdb9nsd_003335,6,dsgdb9nsd_c,8,dsgdb9nsd_h,1,dsgdb9nsd_o"
GDB_W1-F12_2668,GDB_W1-F12,2.6028581280731844,"-1,dsgdb9nsd_003336,6,dsgdb9nsd_c,9,dsgdb9nsd_h,1,dsgdb9nsd_n"
GDB_W1-F12_2669,GDB_W1-F12,2.5001282735214807,"-1,dsgdb9nsd_003337,6,dsgdb9nsd_c,8,dsgdb9nsd_h,1,dsgdb9nsd_o"
GDB_W1-F12_2670,GDB_W1-F12,3.0416084950097555,"-1,dsgdb9nsd_003338,7,dsgdb9nsd_c,12,dsgdb9nsd_h"
GDB_W1-F12_2671,GDB_W1-F12,2.7114624022988254,"-1,dsgdb9nsd_003339,6,dsgdb9nsd_c,10,dsgdb9nsd_h,1,dsgdb9nsd_o"
GDB_W1-F12_2672,GDB_W1-F12,2.7171403930659563,"-1,dsgdb9nsd_003340,6,dsgdb9nsd_c,10,dsgdb9nsd_h,1,dsgdb9nsd_o"
GDB_W1-F12_2673,GDB_W1-F12,2.4925041734914903,"-1,dsgdb9nsd_003341,5,dsgdb9nsd_c,9,dsgdb9nsd_h,1,dsgdb9nsd_n,1,dsgdb9nsd_o"
GDB_W1-F12_2674,GDB_W1-F12,2.391992929267679,"-1,dsgdb9nsd_003342,5,dsgdb9nsd_c,8,dsgdb9nsd_h,2,dsgdb9nsd_o"
GDB_W1-F12_2675,GDB_W1-F12,2.3821952477120183,"-1,dsgdb9nsd_003343,5,dsgdb9nsd_c,8,dsgdb9nsd_h,2,dsgdb9nsd_o"
GDB_W1-F12_2676,GDB_W1-F12,2.5076846741751964,"-1,dsgdb9nsd_003344,5,dsgdb9nsd_c,9,dsgdb9nsd_h,1,dsgdb9nsd_n,1,dsgdb9nsd_o"
GDB_W1-F12_2677,GDB_W1-F12,2.40276604948252,"-1,dsgdb9nsd_003345,5,dsgdb9nsd_c,8,dsgdb9nsd_h,2,dsgdb9nsd_o"
GDB_W1-F12_2678,GDB_W1-F12,2.7303868735473094,"-1,dsgdb9nsd_003346,6,dsgdb9nsd_c,10,dsgdb9nsd_h,1,dsgdb9nsd_o"
GDB_W1-F12_2679,GDB_W1-F12,2.7955684551660904,"-1,dsgdb9nsd_003347,7,dsgdb9nsd_c,10,dsgdb9nsd_h"
GDB_W1-F12_2680,GDB_W1-F12,2.4697125925015393,"-1,dsgdb9nsd_003348,6,dsgdb9nsd_c,8,dsgdb9nsd_h,1,dsgdb9nsd_o"
GDB_W1-F12_2681,GDB_W1-F12,2.2824926239488943,"-1,dsgdb9nsd_003349,5,dsgdb9nsd_c,7,dsgdb9nsd_h,1,dsgdb9nsd_n,1,dsgdb9nsd_o"
GDB_W1-F12_2682,GDB_W1-F12,2.467293582012058,"-1,dsgdb9nsd_003350,6,dsgdb9nsd_c,8,dsgdb9nsd_h,1,dsgdb9nsd_o"
GDB_W1-F12_2683,GDB_W1-F12,2.8150426663217156,"-1,dsgdb9nsd_003351,7,dsgdb9nsd_c,10,dsgdb9nsd_h"
GDB_W1-F12_2684,GDB_W1-F12,2.311107495504257,"-1,dsgdb9nsd_003352,5,dsgdb9nsd_c,7,dsgdb9nsd_h,1,dsgdb9nsd_n,1,dsgdb9nsd_o"
GDB_W1-F12_2685,GDB_W1-F12,2.494838603584668,"-1,dsgdb9nsd_003353,6,dsgdb9nsd_c,8,dsgdb9nsd_h,1,dsgdb9nsd_o"
GDB_W1-F12_2686,GDB_W1-F12,2.496377112627016,"-1,dsgdb9nsd_003354,6,dsgdb9nsd_c,8,dsgdb9nsd_h,1,dsgdb9nsd_o"
GDB_W1-F12_2687,GDB_W1-F12,3.0440939762088024,"-1,dsgdb9nsd_003355,7,dsgdb9nsd_c,12,dsgdb9nsd_h"
GDB_W1-F12_2688,GDB_W1-F12,2.7210304522617266,"-1,dsgdb9nsd_003356,6,dsgdb9nsd_c,10,dsgdb9nsd_h,1,dsgdb9nsd_o"
GDB_W1-F12_2689,GDB_W1-F12,2.72336605205836,"-1,dsgdb9nsd_003357,6,dsgdb9nsd_c,10,dsgdb9nsd_h,1,dsgdb9nsd_o"
GDB_W1-F12_2690,GDB_W1-F12,2.4057823593204475,"-1,dsgdb9nsd_003358,5,dsgdb9nsd_c,8,dsgdb9nsd_h,2,dsgdb9nsd_o"
GDB_W1-F12_2691,GDB_W1-F12,2.722159353145751,"-1,dsgdb9nsd_003359,6,dsgdb9nsd_c,10,dsgdb9nsd_h,1,dsgdb9nsd_o"
GDB_W1-F12_2692,GDB_W1-F12,2.4055005388742066,"-1,dsgdb9nsd_003360,5,dsgdb9nsd_c,8,dsgdb9nsd_h,2,dsgdb9nsd_o"
GDB_W1-F12_2693,GDB_W1-F12,2.396916679629581,"-1,dsgdb9nsd_003361,5,dsgdb9nsd_c,8,dsgdb9nsd_h,2,dsgdb9nsd_o"
GDB_W1-F12_2694,GDB_W1-F12,2.810768396193734,"-1,dsgdb9nsd_003362,7,dsgdb9nsd_c,10,dsgdb9nsd_h"
GDB_W1-F12_2695,GDB_W1-F12,2.3010942251717053,"-1,dsgdb9nsd_003363,5,dsgdb9nsd_c,7,dsgdb9nsd_h,1,dsgdb9nsd_n,1,dsgdb9nsd_o"
GDB_W1-F12_2696,GDB_W1-F12,2.4982676434461353,"-1,dsgdb9nsd_003364,6,dsgdb9nsd_c,8,dsgdb9nsd_h,1,dsgdb9nsd_o"
GDB_W1-F12_2697,GDB_W1-F12,1.9846933719456774,"-1,dsgdb9nsd_003365,4,dsgdb9nsd_c,5,dsgdb9nsd_h,1,dsgdb9nsd_n,2,dsgdb9nsd_o"
GDB_W1-F12_2698,GDB_W1-F12,3.0372215349497123,"-1,dsgdb9nsd_003366,7,dsgdb9nsd_c,12,dsgdb9nsd_h"
GDB_W1-F12_2699,GDB_W1-F12,2.7115114326342575,"-1,dsgdb9nsd_003367,6,dsgdb9nsd_c,10,dsgdb9nsd_h,1,dsgdb9nsd_o"
GDB_W1-F12_2700,GDB_W1-F12,2.7169886726474837,"-1,dsgdb9nsd_003368,6,dsgdb9nsd_c,10,dsgdb9nsd_h,1,dsgdb9nsd_o"
GDB_W1-F12_2701,GDB_W1-F12,2.388880958722652,"-1,dsgdb9nsd_003369,5,dsgdb9nsd_c,8,dsgdb9nsd_h,2,dsgdb9nsd_o"
GDB_W1-F12_2702,GDB_W1-F12,2.4945837325323392,"-1,dsgdb9nsd_003370,5,dsgdb9nsd_c,9,dsgdb9nsd_h,1,dsgdb9nsd_n,1,dsgdb9nsd_o"
GDB_W1-F12_2703,GDB_W1-F12,2.7261215722082195,"-1,dsgdb9nsd_003371,6,dsgdb9nsd_c,10,dsgdb9nsd_h,1,dsgdb9nsd_o"
GDB_W1-F12_2704,GDB_W1-F12,2.3994596898405276,"-1,dsgdb9nsd_003372,5,dsgdb9nsd_c,8,dsgdb9nsd_h,2,dsgdb9nsd_o"
GDB_W1-F12_2705,GDB_W1-F12,2.4057045087030153,"-1,dsgdb9nsd_003373,5,dsgdb9nsd_c,8,dsgdb9nsd_h,2,dsgdb9nsd_o"
GDB_W1-F12_2706,GDB_W1-F12,2.071980535349943,"-1,dsgdb9nsd_003374,4,dsgdb9nsd_c,6,dsgdb9nsd_h,3,dsgdb9nsd_o"
GDB_W1-F12_2707,GDB_W1-F12,2.523295184302831,"-1,dsgdb9nsd_003375,7,dsgdb9nsd_c,8,dsgdb9nsd_h"
GDB_W1-F12_2708,GDB_W1-F12,2.3061717054834934,"-1,dsgdb9nsd_003376,6,dsgdb9nsd_c,7,dsgdb9nsd_h,1,dsgdb9nsd_n"
GDB_W1-F12_2709,GDB_W1-F12,2.1924699512480217,"-1,dsgdb9nsd_003377,6,dsgdb9nsd_c,6,dsgdb9nsd_h,1,dsgdb9nsd_o"
GDB_W1-F12_2710,GDB_W1-F12,2.381087117829132,"-1,dsgdb9nsd_003378,6,dsgdb9nsd_c,7,dsgdb9nsd_h,1,dsgdb9nsd_n"
GDB_W1-F12_2711,GDB_W1-F12,2.1614012490117656,"-1,dsgdb9nsd_003379,5,dsgdb9nsd_c,6,dsgdb9nsd_h,2,dsgdb9nsd_n"
GDB_W1-F12_2712,GDB_W1-F12,2.048721984517921,"-1,dsgdb9nsd_003380,5,dsgdb9nsd_c,5,dsgdb9nsd_h,1,dsgdb9nsd_n,1,dsgdb9nsd_o"
GDB_W1-F12_2713,GDB_W1-F12,2.4776034327273657,"-1,dsgdb9nsd_003381,6,dsgdb9nsd_c,8,dsgdb9nsd_h,1,dsgdb9nsd_o"
GDB_W1-F12_2714,GDB_W1-F12,2.2582159530303874,"-1,dsgdb9nsd_003382,5,dsgdb9nsd_c,7,dsgdb9nsd_h,1,dsgdb9nsd_n,1,dsgdb9nsd_o"
GDB_W1-F12_2715,GDB_W1-F12,2.1487077689460947,"-1,dsgdb9nsd_003383,5,dsgdb9nsd_c,6,dsgdb9nsd_h,2,dsgdb9nsd_o"
GDB_W1-F12_2716,GDB_W1-F12,2.274435964712676,"-1,dsgdb9nsd_003384,5,dsgdb9nsd_c,7,dsgdb9nsd_h,1,dsgdb9nsd_n,1,dsgdb9nsd_o"
GDB_W1-F12_2717,GDB_W1-F12,3.003691043586983,"-1,dsgdb9nsd_003385,7,dsgdb9nsd_c,12,dsgdb9nsd_h"
GDB_W1-F12_2718,GDB_W1-F12,2.6764437102975327,"-1,dsgdb9nsd_003386,6,dsgdb9nsd_c,10,dsgdb9nsd_h,1,dsgdb9nsd_o"
GDB_W1-F12_2719,GDB_W1-F12,2.676526101085461,"-1,dsgdb9nsd_003387,6,dsgdb9nsd_c,10,dsgdb9nsd_h,1,dsgdb9nsd_o"
GDB_W1-F12_2720,GDB_W1-F12,2.346342147591575,"-1,dsgdb9nsd_003388,5,dsgdb9nsd_c,8,dsgdb9nsd_h,2,dsgdb9nsd_o"
GDB_W1-F12_2721,GDB_W1-F12,2.6900509407107327,"-1,dsgdb9nsd_003389,6,dsgdb9nsd_c,10,dsgdb9nsd_h,1,dsgdb9nsd_o"
GDB_W1-F12_2722,GDB_W1-F12,2.4723474116849093,"-1,dsgdb9nsd_003390,5,dsgdb9nsd_c,9,dsgdb9nsd_h,1,dsgdb9nsd_n,1,dsgdb9nsd_o"
GDB_W1-F12_2723,GDB_W1-F12,2.362943997333534,"-1,dsgdb9nsd_003391,5,dsgdb9nsd_c,8,dsgdb9nsd_h,2,dsgdb9nsd_o"
GDB_W1-F12_2724,GDB_W1-F12,2.4926715223592617,"-1,dsgdb9nsd_003392,6,dsgdb9nsd_c,8,dsgdb9nsd_h,1,dsgdb9nsd_o"
GDB_W1-F12_2725,GDB_W1-F12,2.2881864949543513,"-1,dsgdb9nsd_003393,5,dsgdb9nsd_c,7,dsgdb9nsd_h,1,dsgdb9nsd_n,1,dsgdb9nsd_o"
GDB_W1-F12_2726,GDB_W1-F12,2.2738995632495675,"-1,dsgdb9nsd_003394,5,dsgdb9nsd_c,7,dsgdb9nsd_h,1,dsgdb9nsd_n,1,dsgdb9nsd_o"
GDB_W1-F12_2727,GDB_W1-F12,2.3000316356371027,"-1,dsgdb9nsd_003395,5,dsgdb9nsd_c,7,dsgdb9nsd_h,1,dsgdb9nsd_n,1,dsgdb9nsd_o"
GDB_W1-F12_2728,GDB_W1-F12,2.276227333682338,"-1,dsgdb9nsd_003396,5,dsgdb9nsd_c,7,dsgdb9nsd_h,1,dsgdb9nsd_n,1,dsgdb9nsd_o"
GDB_W1-F12_2729,GDB_W1-F12,2.1906292013506112,"-1,dsgdb9nsd_003397,5,dsgdb9nsd_c,6,dsgdb9nsd_h,2,dsgdb9nsd_o"
GDB_W1-F12_2730,GDB_W1-F12,2.2663536229956884,"-1,dsgdb9nsd_003398,5,dsgdb9nsd_c,7,dsgdb9nsd_h,1,dsgdb9nsd_n,1,dsgdb9nsd_o"
GDB_W1-F12_2731,GDB_W1-F12,2.1802896395301,"-1,dsgdb9nsd_003399,5,dsgdb9nsd_c,6,dsgdb9nsd_h,2,dsgdb9nsd_o"
GDB_W1-F12_2732,GDB_W1-F12,1.9840279525101774,"-1,dsgdb9nsd_003400,4,dsgdb9nsd_c,5,dsgdb9nsd_h,1,dsgdb9nsd_n,2,dsgdb9nsd_o"
GDB_W1-F12_2733,GDB_W1-F12,1.9608439407917997,"-1,dsgdb9nsd_003401,4,dsgdb9nsd_c,5,dsgdb9nsd_h,1,dsgdb9nsd_n,2,dsgdb9nsd_o"
GDB_W1-F12_2734,GDB_W1-F12,1.8750920370765503,"-1,dsgdb9nsd_003402,4,dsgdb9nsd_c,4,dsgdb9nsd_h,3,dsgdb9nsd_o"
GDB_W1-F12_2735,GDB_W1-F12,2.4793891332567144,"-1,dsgdb9nsd_003403,5,dsgdb9nsd_c,9,dsgdb9nsd_h,1,dsgdb9nsd_n,1,dsgdb9nsd_o"
GDB_W1-F12_2736,GDB_W1-F12,3.003001924110902,"-1,dsgdb9nsd_003404,7,dsgdb9nsd_c,12,dsgdb9nsd_h"
GDB_W1-F12_2737,GDB_W1-F12,2.6951103718926377,"-1,dsgdb9nsd_003405,6,dsgdb9nsd_c,10,dsgdb9nsd_h,1,dsgdb9nsd_o"
GDB_W1-F12_2738,GDB_W1-F12,2.680935950042953,"-1,dsgdb9nsd_003406,6,dsgdb9nsd_c,10,dsgdb9nsd_h,1,dsgdb9nsd_o"
GDB_W1-F12_2739,GDB_W1-F12,2.6928004912296064,"-1,dsgdb9nsd_003407,6,dsgdb9nsd_c,10,dsgdb9nsd_h,1,dsgdb9nsd_o"
GDB_W1-F12_2740,GDB_W1-F12,2.369759298419476,"-1,dsgdb9nsd_003408,5,dsgdb9nsd_c,8,dsgdb9nsd_h,2,dsgdb9nsd_o"
GDB_W1-F12_2741,GDB_W1-F12,2.4723056529528376,"-1,dsgdb9nsd_003409,5,dsgdb9nsd_c,9,dsgdb9nsd_h,1,dsgdb9nsd_n,1,dsgdb9nsd_o"
GDB_W1-F12_2742,GDB_W1-F12,2.3891042684985084,"-1,dsgdb9nsd_003410,5,dsgdb9nsd_c,8,dsgdb9nsd_h,2,dsgdb9nsd_o"
GDB_W1-F12_2743,GDB_W1-F12,2.2982663555165765,"-1,dsgdb9nsd_003411,6,dsgdb9nsd_c,6,dsgdb9nsd_h,1,dsgdb9nsd_o"
GDB_W1-F12_2744,GDB_W1-F12,2.0904526070543006,"-1,dsgdb9nsd_003412,5,dsgdb9nsd_c,5,dsgdb9nsd_h,1,dsgdb9nsd_n,1,dsgdb9nsd_o"
GDB_W1-F12_2745,GDB_W1-F12,2.0799962167187935,"-1,dsgdb9nsd_003413,5,dsgdb9nsd_c,5,dsgdb9nsd_h,1,dsgdb9nsd_n,1,dsgdb9nsd_o"
GDB_W1-F12_2746,GDB_W1-F12,1.9672543810581011,"-1,dsgdb9nsd_003414,5,dsgdb9nsd_c,4,dsgdb9nsd_h,2,dsgdb9nsd_o"
GDB_W1-F12_2747,GDB_W1-F12,2.316191946228733,"-1,dsgdb9nsd_003415,5,dsgdb9nsd_c,7,dsgdb9nsd_h,1,dsgdb9nsd_n,1,dsgdb9nsd_o"
GDB_W1-F12_2748,GDB_W1-F12,2.098880897332981,"-1,dsgdb9nsd_003416,4,dsgdb9nsd_c,6,dsgdb9nsd_h,2,dsgdb9nsd_n,1,dsgdb9nsd_o"
GDB_W1-F12_2749,GDB_W1-F12,2.101773876762048,"-1,dsgdb9nsd_003417,4,dsgdb9nsd_c,6,dsgdb9nsd_h,2,dsgdb9nsd_n,1,dsgdb9nsd_o"
GDB_W1-F12_2750,GDB_W1-F12,1.9916816218148432,"-1,dsgdb9nsd_003418,4,dsgdb9nsd_c,5,dsgdb9nsd_h,1,dsgdb9nsd_n,2,dsgdb9nsd_o"
GDB_W1-F12_2751,GDB_W1-F12,2.5273678447257324,"-1,dsgdb9nsd_003419,6,dsgdb9nsd_c,8,dsgdb9nsd_h,1,dsgdb9nsd_o"
GDB_W1-F12_2752,GDB_W1-F12,2.3162068958038193,"-1,dsgdb9nsd_003420,5,dsgdb9nsd_c,7,dsgdb9nsd_h,1,dsgdb9nsd_n,1,dsgdb9nsd_o"
GDB_W1-F12_2753,GDB_W1-F12,2.3148921156545064,"-1,dsgdb9nsd_003421,5,dsgdb9nsd_c,7,dsgdb9nsd_h,1,dsgdb9nsd_n,1,dsgdb9nsd_o"
GDB_W1-F12_2754,GDB_W1-F12,2.2050548210013106,"-1,dsgdb9nsd_003422,5,dsgdb9nsd_c,6,dsgdb9nsd_h,2,dsgdb9nsd_o"
GDB_W1-F12_2755,GDB_W1-F12,2.305745155748286,"-1,dsgdb9nsd_003423,5,dsgdb9nsd_c,7,dsgdb9nsd_h,1,dsgdb9nsd_n,1,dsgdb9nsd_o"
GDB_W1-F12_2756,GDB_W1-F12,2.1938081111240266,"-1,dsgdb9nsd_003424,5,dsgdb9nsd_c,6,dsgdb9nsd_h,2,dsgdb9nsd_o"
GDB_W1-F12_2757,GDB_W1-F12,2.3425832975701733,"-1,dsgdb9nsd_003425,5,dsgdb9nsd_c,7,dsgdb9nsd_h,1,dsgdb9nsd_n,1,dsgdb9nsd_o"
GDB_W1-F12_2758,GDB_W1-F12,2.129039798166071,"-1,dsgdb9nsd_003426,4,dsgdb9nsd_c,6,dsgdb9nsd_h,2,dsgdb9nsd_n,1,dsgdb9nsd_o"
GDB_W1-F12_2759,GDB_W1-F12,2.1280444283337103,"-1,dsgdb9nsd_003427,4,dsgdb9nsd_c,6,dsgdb9nsd_h,2,dsgdb9nsd_n,1,dsgdb9nsd_o"
GDB_W1-F12_2760,GDB_W1-F12,2.0175127027308424,"-1,dsgdb9nsd_003428,4,dsgdb9nsd_c,5,dsgdb9nsd_h,1,dsgdb9nsd_n,2,dsgdb9nsd_o"
GDB_W1-F12_2761,GDB_W1-F12,2.228392401715829,"-1,dsgdb9nsd_003429,5,dsgdb9nsd_c,6,dsgdb9nsd_h,2,dsgdb9nsd_o"
GDB_W1-F12_2762,GDB_W1-F12,2.013646663889542,"-1,dsgdb9nsd_003430,4,dsgdb9nsd_c,5,dsgdb9nsd_h,1,dsgdb9nsd_n,2,dsgdb9nsd_o"
GDB_W1-F12_2763,GDB_W1-F12,2.012510053161762,"-1,dsgdb9nsd_003431,4,dsgdb9nsd_c,5,dsgdb9nsd_h,1,dsgdb9nsd_n,2,dsgdb9nsd_o"
GDB_W1-F12_2764,GDB_W1-F12,1.9010923584652275,"-1,dsgdb9nsd_003432,4,dsgdb9nsd_c,4,dsgdb9nsd_h,3,dsgdb9nsd_o"
GDB_W1-F12_2765,GDB_W1-F12,2.815288457033053,"-1,dsgdb9nsd_003433,7,dsgdb9nsd_c,10,dsgdb9nsd_h"
GDB_W1-F12_2766,GDB_W1-F12,2.603277077923135,"-1,dsgdb9nsd_003434,6,dsgdb9nsd_c,9,dsgdb9nsd_h,1,dsgdb9nsd_n"
GDB_W1-F12_2767,GDB_W1-F12,2.4953944629213303,"-1,dsgdb9nsd_003435,6,dsgdb9nsd_c,8,dsgdb9nsd_h,1,dsgdb9nsd_o"
GDB_W1-F12_2768,GDB_W1-F12,2.1066925068825313,"-1,dsgdb9nsd_003436,4,dsgdb9nsd_c,6,dsgdb9nsd_h,2,dsgdb9nsd_n,1,dsgdb9nsd_o"
GDB_W1-F12_2769,GDB_W1-F12,2.810916135795816,"-1,dsgdb9nsd_003437,7,dsgdb9nsd_c,10,dsgdb9nsd_h"
GDB_W1-F12_2770,GDB_W1-F12,2.5992919380911887,"-1,dsgdb9nsd_003438,6,dsgdb9nsd_c,9,dsgdb9nsd_h,1,dsgdb9nsd_n"
GDB_W1-F12_2771,GDB_W1-F12,2.4915037232577464,"-1,dsgdb9nsd_003439,6,dsgdb9nsd_c,8,dsgdb9nsd_h,1,dsgdb9nsd_o"
GDB_W1-F12_2772,GDB_W1-F12,2.498861644039606,"-1,dsgdb9nsd_003440,6,dsgdb9nsd_c,8,dsgdb9nsd_h,1,dsgdb9nsd_o"
GDB_W1-F12_2773,GDB_W1-F12,2.289465564089048,"-1,dsgdb9nsd_003441,5,dsgdb9nsd_c,7,dsgdb9nsd_h,1,dsgdb9nsd_n,1,dsgdb9nsd_o"
GDB_W1-F12_2774,GDB_W1-F12,2.178894879711834,"-1,dsgdb9nsd_003442,5,dsgdb9nsd_c,6,dsgdb9nsd_h,2,dsgdb9nsd_o"
GDB_W1-F12_2775,GDB_W1-F12,3.0432199750619335,"-1,dsgdb9nsd_003443,7,dsgdb9nsd_c,12,dsgdb9nsd_h"
GDB_W1-F12_2776,GDB_W1-F12,2.7285844529516776,"-1,dsgdb9nsd_003444,6,dsgdb9nsd_c,10,dsgdb9nsd_h,1,dsgdb9nsd_o"
GDB_W1-F12_2777,GDB_W1-F12,2.5112694439563534,"-1,dsgdb9nsd_003447,5,dsgdb9nsd_c,9,dsgdb9nsd_h,1,dsgdb9nsd_n,1,dsgdb9nsd_o"
GDB_W1-F12_2778,GDB_W1-F12,2.403261759926519,"-1,dsgdb9nsd_003448,5,dsgdb9nsd_c,8,dsgdb9nsd_h,2,dsgdb9nsd_o"
GDB_W1-F12_2779,GDB_W1-F12,2.732097673215487,"-1,dsgdb9nsd_003449,6,dsgdb9nsd_c,10,dsgdb9nsd_h,1,dsgdb9nsd_o"
GDB_W1-F12_2780,GDB_W1-F12,2.4166407898010505,"-1,dsgdb9nsd_003451,5,dsgdb9nsd_c,8,dsgdb9nsd_h,2,dsgdb9nsd_o"
GDB_W1-F12_2781,GDB_W1-F12,2.5112695140748165,"-1,dsgdb9nsd_003452,5,dsgdb9nsd_c,9,dsgdb9nsd_h,1,dsgdb9nsd_n,1,dsgdb9nsd_o"
GDB_W1-F12_2782,GDB_W1-F12,2.4016863494492817,"-1,dsgdb9nsd_003453,5,dsgdb9nsd_c,8,dsgdb9nsd_h,2,dsgdb9nsd_o"
GDB_W1-F12_2783,GDB_W1-F12,2.0536121449487204,"-1,dsgdb9nsd_003455,5,dsgdb9nsd_c,5,dsgdb9nsd_h,1,dsgdb9nsd_n,1,dsgdb9nsd_o"
GDB_W1-F12_2784,GDB_W1-F12,1.9398852596185772,"-1,dsgdb9nsd_003456,5,dsgdb9nsd_c,4,dsgdb9nsd_h,2,dsgdb9nsd_o"
GDB_W1-F12_2785,GDB_W1-F12,2.5122817936120323,"-1,dsgdb9nsd_003457,6,dsgdb9nsd_c,8,dsgdb9nsd_h,1,dsgdb9nsd_o"
GDB_W1-F12_2786,GDB_W1-F12,2.1781797303498704,"-1,dsgdb9nsd_003458,5,dsgdb9nsd_c,6,dsgdb9nsd_h,2,dsgdb9nsd_o"
GDB_W1-F12_2787,GDB_W1-F12,2.2984781754260677,"-1,dsgdb9nsd_003459,5,dsgdb9nsd_c,7,dsgdb9nsd_h,1,dsgdb9nsd_n,1,dsgdb9nsd_o"
GDB_W1-F12_2788,GDB_W1-F12,2.1845712800647306,"-1,dsgdb9nsd_003460,5,dsgdb9nsd_c,6,dsgdb9nsd_h,2,dsgdb9nsd_o"
GDB_W1-F12_2789,GDB_W1-F12,2.7810990752199127,"-1,dsgdb9nsd_003461,7,dsgdb9nsd_c,10,dsgdb9nsd_h"
GDB_W1-F12_2790,GDB_W1-F12,2.550923675531542,"-1,dsgdb9nsd_003463,6,dsgdb9nsd_c,9,dsgdb9nsd_h,1,dsgdb9nsd_n"
GDB_W1-F12_2791,GDB_W1-F12,2.4730228022846052,"-1,dsgdb9nsd_003464,6,dsgdb9nsd_c,8,dsgdb9nsd_h,1,dsgdb9nsd_o"
GDB_W1-F12_2792,GDB_W1-F12,2.266243304342566,"-1,dsgdb9nsd_003465,5,dsgdb9nsd_c,7,dsgdb9nsd_h,1,dsgdb9nsd_n,1,dsgdb9nsd_o"
GDB_W1-F12_2793,GDB_W1-F12,2.1512494086598046,"-1,dsgdb9nsd_003466,5,dsgdb9nsd_c,6,dsgdb9nsd_h,2,dsgdb9nsd_o"
GDB_W1-F12_2794,GDB_W1-F12,3.032199786067402,"-1,dsgdb9nsd_003467,7,dsgdb9nsd_c,12,dsgdb9nsd_h"
GDB_W1-F12_2795,GDB_W1-F12,2.705123682065225,"-1,dsgdb9nsd_003468,6,dsgdb9nsd_c,10,dsgdb9nsd_h,1,dsgdb9nsd_o"
GDB_W1-F12_2796,GDB_W1-F12,2.7132470622064346,"-1,dsgdb9nsd_003469,6,dsgdb9nsd_c,10,dsgdb9nsd_h,1,dsgdb9nsd_o"
GDB_W1-F12_2797,GDB_W1-F12,2.7194359329096502,"-1,dsgdb9nsd_003470,6,dsgdb9nsd_c,10,dsgdb9nsd_h,1,dsgdb9nsd_o"
GDB_W1-F12_2798,GDB_W1-F12,2.3930364784523044,"-1,dsgdb9nsd_003471,5,dsgdb9nsd_c,8,dsgdb9nsd_h,2,dsgdb9nsd_o"
GDB_W1-F12_2799,GDB_W1-F12,2.404586109652465,"-1,dsgdb9nsd_003472,5,dsgdb9nsd_c,8,dsgdb9nsd_h,2,dsgdb9nsd_o"
GDB_W1-F12_2800,GDB_W1-F12,2.765013534814136,"-1,dsgdb9nsd_003473,7,dsgdb9nsd_c,10,dsgdb9nsd_h"
GDB_W1-F12_2801,GDB_W1-F12,2.553436765875496,"-1,dsgdb9nsd_003474,6,dsgdb9nsd_c,9,dsgdb9nsd_h,1,dsgdb9nsd_n"
GDB_W1-F12_2802,GDB_W1-F12,2.4358192110002324,"-1,dsgdb9nsd_003475,6,dsgdb9nsd_c,8,dsgdb9nsd_h,1,dsgdb9nsd_o"
GDB_W1-F12_2803,GDB_W1-F12,2.5423214054095076,"-1,dsgdb9nsd_003476,6,dsgdb9nsd_c,9,dsgdb9nsd_h,1,dsgdb9nsd_n"
GDB_W1-F12_2804,GDB_W1-F12,2.4475679611064263,"-1,dsgdb9nsd_003477,6,dsgdb9nsd_c,8,dsgdb9nsd_h,1,dsgdb9nsd_o"
GDB_W1-F12_2805,GDB_W1-F12,2.118742697855866,"-1,dsgdb9nsd_003478,5,dsgdb9nsd_c,6,dsgdb9nsd_h,2,dsgdb9nsd_o"
GDB_W1-F12_2806,GDB_W1-F12,2.270773744308048,"-1,dsgdb9nsd_003479,6,dsgdb9nsd_c,7,dsgdb9nsd_h,1,dsgdb9nsd_n"
GDB_W1-F12_2807,GDB_W1-F12,2.267148014189139,"-1,dsgdb9nsd_003480,6,dsgdb9nsd_c,7,dsgdb9nsd_h,1,dsgdb9nsd_n"
GDB_W1-F12_2808,GDB_W1-F12,2.476288392821018,"-1,dsgdb9nsd_003481,7,dsgdb9nsd_c,8,dsgdb9nsd_h"
GDB_W1-F12_2809,GDB_W1-F12,2.2707982841765864,"-1,dsgdb9nsd_003482,6,dsgdb9nsd_c,7,dsgdb9nsd_h,1,dsgdb9nsd_n"
GDB_W1-F12_2810,GDB_W1-F12,1.950776040208364,"-1,dsgdb9nsd_003483,5,dsgdb9nsd_c,5,dsgdb9nsd_h,1,dsgdb9nsd_n,1,dsgdb9nsd_o"
GDB_W1-F12_2811,GDB_W1-F12,2.1612425597742058,"-1,dsgdb9nsd_003484,6,dsgdb9nsd_c,6,dsgdb9nsd_h,1,dsgdb9nsd_o"
GDB_W1-F12_2812,GDB_W1-F12,2.786659035896565,"-1,dsgdb9nsd_003485,7,dsgdb9nsd_c,10,dsgdb9nsd_h"
GDB_W1-F12_2813,GDB_W1-F12,2.466465661444359,"-1,dsgdb9nsd_003486,6,dsgdb9nsd_c,8,dsgdb9nsd_h,1,dsgdb9nsd_o"
GDB_W1-F12_2814,GDB_W1-F12,2.251032193762445,"-1,dsgdb9nsd_003487,5,dsgdb9nsd_c,7,dsgdb9nsd_h,1,dsgdb9nsd_n,1,dsgdb9nsd_o"
GDB_W1-F12_2815,GDB_W1-F12,2.1439081187025484,"-1,dsgdb9nsd_003488,5,dsgdb9nsd_c,6,dsgdb9nsd_h,2,dsgdb9nsd_o"
GDB_W1-F12_2816,GDB_W1-F12,2.463842832518206,"-1,dsgdb9nsd_003489,6,dsgdb9nsd_c,8,dsgdb9nsd_h,1,dsgdb9nsd_o"
GDB_W1-F12_2817,GDB_W1-F12,2.835399386862287,"-1,dsgdb9nsd_003490,7,dsgdb9nsd_c,10,dsgdb9nsd_h"
GDB_W1-F12_2818,GDB_W1-F12,2.6221305080131305,"-1,dsgdb9nsd_003491,6,dsgdb9nsd_c,9,dsgdb9nsd_h,1,dsgdb9nsd_n"
GDB_W1-F12_2819,GDB_W1-F12,2.5092607444034294,"-1,dsgdb9nsd_003492,6,dsgdb9nsd_c,8,dsgdb9nsd_h,1,dsgdb9nsd_o"
GDB_W1-F12_2820,GDB_W1-F12,2.1871280797089163,"-1,dsgdb9nsd_003493,5,dsgdb9nsd_c,6,dsgdb9nsd_h,2,dsgdb9nsd_o"
GDB_W1-F12_2821,GDB_W1-F12,2.5048809236778267,"-1,dsgdb9nsd_003494,7,dsgdb9nsd_c,8,dsgdb9nsd_h"
GDB_W1-F12_2822,GDB_W1-F12,2.1721987895750368,"-1,dsgdb9nsd_003495,6,dsgdb9nsd_c,6,dsgdb9nsd_h,1,dsgdb9nsd_o"
GDB_W1-F12_2823,GDB_W1-F12,2.274114573549137,"-1,dsgdb9nsd_003496,6,dsgdb9nsd_c,7,dsgdb9nsd_h,1,dsgdb9nsd_n"
GDB_W1-F12_2824,GDB_W1-F12,2.362490367529097,"-1,dsgdb9nsd_003497,6,dsgdb9nsd_c,7,dsgdb9nsd_h,1,dsgdb9nsd_n"
GDB_W1-F12_2825,GDB_W1-F12,2.14230634846393,"-1,dsgdb9nsd_003498,5,dsgdb9nsd_c,6,dsgdb9nsd_h,2,dsgdb9nsd_n"
GDB_W1-F12_2826,GDB_W1-F12,2.0275732536244475,"-1,dsgdb9nsd_003499,5,dsgdb9nsd_c,5,dsgdb9nsd_h,1,dsgdb9nsd_n,1,dsgdb9nsd_o"
GDB_W1-F12_2827,GDB_W1-F12,2.1291158272970603,"-1,dsgdb9nsd_003500,5,dsgdb9nsd_c,6,dsgdb9nsd_h,2,dsgdb9nsd_n"
GDB_W1-F12_2828,GDB_W1-F12,2.4575397818655844,"-1,dsgdb9nsd_003501,6,dsgdb9nsd_c,8,dsgdb9nsd_h,1,dsgdb9nsd_o"
GDB_W1-F12_2829,GDB_W1-F12,2.124177457235569,"-1,dsgdb9nsd_003502,5,dsgdb9nsd_c,6,dsgdb9nsd_h,2,dsgdb9nsd_o"
GDB_W1-F12_2830,GDB_W1-F12,2.225382082225705,"-1,dsgdb9nsd_003503,5,dsgdb9nsd_c,7,dsgdb9nsd_h,1,dsgdb9nsd_n,1,dsgdb9nsd_o"
GDB_W1-F12_2831,GDB_W1-F12,2.2538999034535148,"-1,dsgdb9nsd_003504,5,dsgdb9nsd_c,7,dsgdb9nsd_h,1,dsgdb9nsd_n,1,dsgdb9nsd_o"
GDB_W1-F12_2832,GDB_W1-F12,2.984899183882132,"-1,dsgdb9nsd_003505,7,dsgdb9nsd_c,12,dsgdb9nsd_h"
GDB_W1-F12_2833,GDB_W1-F12,2.653715079751572,"-1,dsgdb9nsd_003506,6,dsgdb9nsd_c,10,dsgdb9nsd_h,1,dsgdb9nsd_o"
GDB_W1-F12_2834,GDB_W1-F12,2.661641180002808,"-1,dsgdb9nsd_003507,6,dsgdb9nsd_c,10,dsgdb9nsd_h,1,dsgdb9nsd_o"
GDB_W1-F12_2835,GDB_W1-F12,2.3291701263784423,"-1,dsgdb9nsd_003508,5,dsgdb9nsd_c,8,dsgdb9nsd_h,2,dsgdb9nsd_o"
GDB_W1-F12_2836,GDB_W1-F12,2.6698400904777566,"-1,dsgdb9nsd_003509,6,dsgdb9nsd_c,10,dsgdb9nsd_h,1,dsgdb9nsd_o"
GDB_W1-F12_2837,GDB_W1-F12,2.337916066044486,"-1,dsgdb9nsd_003510,5,dsgdb9nsd_c,8,dsgdb9nsd_h,2,dsgdb9nsd_o"
GDB_W1-F12_2838,GDB_W1-F12,2.444593250640427,"-1,dsgdb9nsd_003511,5,dsgdb9nsd_c,9,dsgdb9nsd_h,1,dsgdb9nsd_n,1,dsgdb9nsd_o"
GDB_W1-F12_2839,GDB_W1-F12,3.0062540837743987,"-1,dsgdb9nsd_003512,7,dsgdb9nsd_c,12,dsgdb9nsd_h"
GDB_W1-F12_2840,GDB_W1-F12,2.688028971238637,"-1,dsgdb9nsd_003513,6,dsgdb9nsd_c,10,dsgdb9nsd_h,1,dsgdb9nsd_o"
GDB_W1-F12_2841,GDB_W1-F12,2.6828896305062426,"-1,dsgdb9nsd_003514,6,dsgdb9nsd_c,10,dsgdb9nsd_h,1,dsgdb9nsd_o"
GDB_W1-F12_2842,GDB_W1-F12,2.786322975631792,"-1,dsgdb9nsd_003515,6,dsgdb9nsd_c,11,dsgdb9nsd_h,1,dsgdb9nsd_n"
GDB_W1-F12_2843,GDB_W1-F12,2.461388871161994,"-1,dsgdb9nsd_003516,5,dsgdb9nsd_c,9,dsgdb9nsd_h,1,dsgdb9nsd_n,1,dsgdb9nsd_o"
GDB_W1-F12_2844,GDB_W1-F12,2.47601574195745,"-1,dsgdb9nsd_003517,5,dsgdb9nsd_c,9,dsgdb9nsd_h,1,dsgdb9nsd_n,1,dsgdb9nsd_o"
GDB_W1-F12_2845,GDB_W1-F12,2.6869177115225273,"-1,dsgdb9nsd_003518,6,dsgdb9nsd_c,10,dsgdb9nsd_h,1,dsgdb9nsd_o"
GDB_W1-F12_2846,GDB_W1-F12,2.3684119578055887,"-1,dsgdb9nsd_003519,5,dsgdb9nsd_c,8,dsgdb9nsd_h,2,dsgdb9nsd_o"
GDB_W1-F12_2847,GDB_W1-F12,2.362785607693045,"-1,dsgdb9nsd_003520,5,dsgdb9nsd_c,8,dsgdb9nsd_h,2,dsgdb9nsd_o"
GDB_W1-F12_2848,GDB_W1-F12,2.7380683830690913,"-1,dsgdb9nsd_003521,7,dsgdb9nsd_c,10,dsgdb9nsd_h"
GDB_W1-F12_2849,GDB_W1-F12,2.4042852488562474,"-1,dsgdb9nsd_003522,6,dsgdb9nsd_c,8,dsgdb9nsd_h,1,dsgdb9nsd_o"
GDB_W1-F12_2850,GDB_W1-F12,2.194480660332359,"-1,dsgdb9nsd_003523,5,dsgdb9nsd_c,7,dsgdb9nsd_h,1,dsgdb9nsd_n,1,dsgdb9nsd_o"
GDB_W1-F12_2851,GDB_W1-F12,2.424161930429357,"-1,dsgdb9nsd_003524,6,dsgdb9nsd_c,8,dsgdb9nsd_h,1,dsgdb9nsd_o"
GDB_W1-F12_2852,GDB_W1-F12,2.086394056378528,"-1,dsgdb9nsd_003525,5,dsgdb9nsd_c,6,dsgdb9nsd_h,2,dsgdb9nsd_o"
GDB_W1-F12_2853,GDB_W1-F12,2.7378627431459757,"-1,dsgdb9nsd_003526,7,dsgdb9nsd_c,10,dsgdb9nsd_h"
GDB_W1-F12_2854,GDB_W1-F12,2.519103464322921,"-1,dsgdb9nsd_003527,6,dsgdb9nsd_c,9,dsgdb9nsd_h,1,dsgdb9nsd_n"
GDB_W1-F12_2855,GDB_W1-F12,2.5165092134513483,"-1,dsgdb9nsd_003528,6,dsgdb9nsd_c,9,dsgdb9nsd_h,1,dsgdb9nsd_n"
GDB_W1-F12_2856,GDB_W1-F12,2.408627898828317,"-1,dsgdb9nsd_003529,6,dsgdb9nsd_c,8,dsgdb9nsd_h,1,dsgdb9nsd_o"
GDB_W1-F12_2857,GDB_W1-F12,2.510944073570024,"-1,dsgdb9nsd_003530,6,dsgdb9nsd_c,9,dsgdb9nsd_h,1,dsgdb9nsd_n"
GDB_W1-F12_2858,GDB_W1-F12,2.292439584525625,"-1,dsgdb9nsd_003531,5,dsgdb9nsd_c,8,dsgdb9nsd_h,2,dsgdb9nsd_n"
GDB_W1-F12_2859,GDB_W1-F12,2.1788245397379775,"-1,dsgdb9nsd_003532,5,dsgdb9nsd_c,7,dsgdb9nsd_h,1,dsgdb9nsd_n,1,dsgdb9nsd_o"
GDB_W1-F12_2860,GDB_W1-F12,2.4284192908524833,"-1,dsgdb9nsd_003533,6,dsgdb9nsd_c,8,dsgdb9nsd_h,1,dsgdb9nsd_o"
GDB_W1-F12_2861,GDB_W1-F12,2.204209300699335,"-1,dsgdb9nsd_003534,5,dsgdb9nsd_c,7,dsgdb9nsd_h,1,dsgdb9nsd_n,1,dsgdb9nsd_o"
GDB_W1-F12_2862,GDB_W1-F12,2.5365843143394597,"-1,dsgdb9nsd_003536,7,dsgdb9nsd_c,8,dsgdb9nsd_h"
GDB_W1-F12_2863,GDB_W1-F12,2.3123507659762583,"-1,dsgdb9nsd_003537,6,dsgdb9nsd_c,7,dsgdb9nsd_h,1,dsgdb9nsd_n"
GDB_W1-F12_2864,GDB_W1-F12,2.2036838217804804,"-1,dsgdb9nsd_003538,6,dsgdb9nsd_c,6,dsgdb9nsd_h,1,dsgdb9nsd_o"
GDB_W1-F12_2865,GDB_W1-F12,2.784330145161984,"-1,dsgdb9nsd_003539,7,dsgdb9nsd_c,10,dsgdb9nsd_h"
GDB_W1-F12_2866,GDB_W1-F12,2.461998371123047,"-1,dsgdb9nsd_003540,6,dsgdb9nsd_c,8,dsgdb9nsd_h,1,dsgdb9nsd_o"
GDB_W1-F12_2867,GDB_W1-F12,2.4510447118013348,"-1,dsgdb9nsd_003541,6,dsgdb9nsd_c,8,dsgdb9nsd_h,1,dsgdb9nsd_o"
GDB_W1-F12_2868,GDB_W1-F12,2.1258966472153156,"-1,dsgdb9nsd_003542,5,dsgdb9nsd_c,6,dsgdb9nsd_h,2,dsgdb9nsd_o"
GDB_W1-F12_2869,GDB_W1-F12,2.028436563299272,"-1,dsgdb9nsd_003543,5,dsgdb9nsd_c,5,dsgdb9nsd_h,1,dsgdb9nsd_n,1,dsgdb9nsd_o"
GDB_W1-F12_2870,GDB_W1-F12,2.041072514353043,"-1,dsgdb9nsd_003545,5,dsgdb9nsd_c,5,dsgdb9nsd_h,1,dsgdb9nsd_n,1,dsgdb9nsd_o"
GDB_W1-F12_2871,GDB_W1-F12,2.0317619840080603,"-1,dsgdb9nsd_003546,5,dsgdb9nsd_c,5,dsgdb9nsd_h,1,dsgdb9nsd_n,1,dsgdb9nsd_o"
GDB_W1-F12_2872,GDB_W1-F12,1.9119441197238136,"-1,dsgdb9nsd_003547,5,dsgdb9nsd_c,4,dsgdb9nsd_h,2,dsgdb9nsd_o"
GDB_W1-F12_2873,GDB_W1-F12,2.041179613931262,"-1,dsgdb9nsd_003548,5,dsgdb9nsd_c,5,dsgdb9nsd_h,1,dsgdb9nsd_n,1,dsgdb9nsd_o"
GDB_W1-F12_2874,GDB_W1-F12,2.5481196557155292,"-1,dsgdb9nsd_003549,6,dsgdb9nsd_c,9,dsgdb9nsd_h,1,dsgdb9nsd_n"
GDB_W1-F12_2875,GDB_W1-F12,2.7629401541660608,"-1,dsgdb9nsd_003550,7,dsgdb9nsd_c,10,dsgdb9nsd_h"
GDB_W1-F12_2876,GDB_W1-F12,2.5608121254378884,"-1,dsgdb9nsd_003551,6,dsgdb9nsd_c,9,dsgdb9nsd_h,1,dsgdb9nsd_n"
GDB_W1-F12_2877,GDB_W1-F12,2.5387663052999168,"-1,dsgdb9nsd_003552,6,dsgdb9nsd_c,9,dsgdb9nsd_h,1,dsgdb9nsd_n"
GDB_W1-F12_2878,GDB_W1-F12,2.4346682307682896,"-1,dsgdb9nsd_003553,6,dsgdb9nsd_c,8,dsgdb9nsd_h,1,dsgdb9nsd_o"
GDB_W1-F12_2879,GDB_W1-F12,2.5505101757985083,"-1,dsgdb9nsd_003554,6,dsgdb9nsd_c,9,dsgdb9nsd_h,1,dsgdb9nsd_n"
GDB_W1-F12_2880,GDB_W1-F12,2.5384622254287947,"-1,dsgdb9nsd_003555,6,dsgdb9nsd_c,9,dsgdb9nsd_h,1,dsgdb9nsd_n"
GDB_W1-F12_2881,GDB_W1-F12,2.2332485817831733,"-1,dsgdb9nsd_003556,5,dsgdb9nsd_c,7,dsgdb9nsd_h,1,dsgdb9nsd_n,1,dsgdb9nsd_o"
GDB_W1-F12_2882,GDB_W1-F12,2.456205432290617,"-1,dsgdb9nsd_003557,6,dsgdb9nsd_c,8,dsgdb9nsd_h,1,dsgdb9nsd_o"
GDB_W1-F12_2883,GDB_W1-F12,2.2519186234069273,"-1,dsgdb9nsd_003558,5,dsgdb9nsd_c,7,dsgdb9nsd_h,1,dsgdb9nsd_n,1,dsgdb9nsd_o"
GDB_W1-F12_2884,GDB_W1-F12,2.1309784286573836,"-1,dsgdb9nsd_003559,5,dsgdb9nsd_c,6,dsgdb9nsd_h,2,dsgdb9nsd_o"
GDB_W1-F12_2885,GDB_W1-F12,2.77739715501627,"-1,dsgdb9nsd_003560,7,dsgdb9nsd_c,10,dsgdb9nsd_h"
GDB_W1-F12_2886,GDB_W1-F12,2.458487981095391,"-1,dsgdb9nsd_003561,6,dsgdb9nsd_c,8,dsgdb9nsd_h,1,dsgdb9nsd_o"
GDB_W1-F12_2887,GDB_W1-F12,2.5615587356794336,"-1,dsgdb9nsd_003562,6,dsgdb9nsd_c,9,dsgdb9nsd_h,1,dsgdb9nsd_n"
GDB_W1-F12_2888,GDB_W1-F12,2.4595910114536768,"-1,dsgdb9nsd_003563,6,dsgdb9nsd_c,8,dsgdb9nsd_h,1,dsgdb9nsd_o"
GDB_W1-F12_2889,GDB_W1-F12,2.2419911732925972,"-1,dsgdb9nsd_003564,5,dsgdb9nsd_c,7,dsgdb9nsd_h,1,dsgdb9nsd_n,1,dsgdb9nsd_o"
GDB_W1-F12_2890,GDB_W1-F12,2.131886717732786,"-1,dsgdb9nsd_003565,5,dsgdb9nsd_c,6,dsgdb9nsd_h,2,dsgdb9nsd_o"
GDB_W1-F12_2891,GDB_W1-F12,2.7555079635891992,"-1,dsgdb9nsd_003566,7,dsgdb9nsd_c,10,dsgdb9nsd_h"
GDB_W1-F12_2892,GDB_W1-F12,2.4374682315214766,"-1,dsgdb9nsd_003567,6,dsgdb9nsd_c,8,dsgdb9nsd_h,1,dsgdb9nsd_o"
GDB_W1-F12_2893,GDB_W1-F12,2.2201716923668147,"-1,dsgdb9nsd_003568,5,dsgdb9nsd_c,7,dsgdb9nsd_h,1,dsgdb9nsd_n,1,dsgdb9nsd_o"
GDB_W1-F12_2894,GDB_W1-F12,2.4376211104881946,"-1,dsgdb9nsd_003569,6,dsgdb9nsd_c,8,dsgdb9nsd_h,1,dsgdb9nsd_o"
GDB_W1-F12_2895,GDB_W1-F12,2.2220480018867046,"-1,dsgdb9nsd_003570,5,dsgdb9nsd_c,7,dsgdb9nsd_h,1,dsgdb9nsd_n,1,dsgdb9nsd_o"
GDB_W1-F12_2896,GDB_W1-F12,2.113917408158789,"-1,dsgdb9nsd_003571,5,dsgdb9nsd_c,6,dsgdb9nsd_h,2,dsgdb9nsd_o"
GDB_W1-F12_2897,GDB_W1-F12,2.511800213631981,"-1,dsgdb9nsd_003573,6,dsgdb9nsd_c,9,dsgdb9nsd_h,1,dsgdb9nsd_n"
GDB_W1-F12_2898,GDB_W1-F12,2.5124452333754776,"-1,dsgdb9nsd_003574,6,dsgdb9nsd_c,9,dsgdb9nsd_h,1,dsgdb9nsd_n"
GDB_W1-F12_2899,GDB_W1-F12,2.516581613951864,"-1,dsgdb9nsd_003575,6,dsgdb9nsd_c,9,dsgdb9nsd_h,1,dsgdb9nsd_n"
GDB_W1-F12_2900,GDB_W1-F12,2.411342530352489,"-1,dsgdb9nsd_003576,6,dsgdb9nsd_c,8,dsgdb9nsd_h,1,dsgdb9nsd_o"
GDB_W1-F12_2901,GDB_W1-F12,2.503604444145466,"-1,dsgdb9nsd_003577,6,dsgdb9nsd_c,9,dsgdb9nsd_h,1,dsgdb9nsd_n"
GDB_W1-F12_2902,GDB_W1-F12,2.2933759050503153,"-1,dsgdb9nsd_003578,5,dsgdb9nsd_c,8,dsgdb9nsd_h,2,dsgdb9nsd_n"
GDB_W1-F12_2903,GDB_W1-F12,2.1872501097390047,"-1,dsgdb9nsd_003579,5,dsgdb9nsd_c,7,dsgdb9nsd_h,1,dsgdb9nsd_n,1,dsgdb9nsd_o"
GDB_W1-F12_2904,GDB_W1-F12,2.4182059103938047,"-1,dsgdb9nsd_003580,6,dsgdb9nsd_c,8,dsgdb9nsd_h,1,dsgdb9nsd_o"
GDB_W1-F12_2905,GDB_W1-F12,2.2155722319294666,"-1,dsgdb9nsd_003582,5,dsgdb9nsd_c,7,dsgdb9nsd_h,1,dsgdb9nsd_n,1,dsgdb9nsd_o"
GDB_W1-F12_2906,GDB_W1-F12,2.1061682773472037,"-1,dsgdb9nsd_003583,5,dsgdb9nsd_c,6,dsgdb9nsd_h,2,dsgdb9nsd_o"
GDB_W1-F12_2907,GDB_W1-F12,2.368861837865843,"-1,dsgdb9nsd_003584,5,dsgdb9nsd_c,8,dsgdb9nsd_h,2,dsgdb9nsd_n"
GDB_W1-F12_2908,GDB_W1-F12,2.261740193048138,"-1,dsgdb9nsd_003585,5,dsgdb9nsd_c,7,dsgdb9nsd_h,1,dsgdb9nsd_n,1,dsgdb9nsd_o"
GDB_W1-F12_2909,GDB_W1-F12,2.7926725052639436,"-1,dsgdb9nsd_003586,7,dsgdb9nsd_c,10,dsgdb9nsd_h"
GDB_W1-F12_2910,GDB_W1-F12,2.480635732762119,"-1,dsgdb9nsd_003587,6,dsgdb9nsd_c,8,dsgdb9nsd_h,1,dsgdb9nsd_o"
GDB_W1-F12_2911,GDB_W1-F12,2.3707569773803203,"-1,dsgdb9nsd_003588,5,dsgdb9nsd_c,8,dsgdb9nsd_h,2,dsgdb9nsd_n"
GDB_W1-F12_2912,GDB_W1-F12,2.264432203399903,"-1,dsgdb9nsd_003589,5,dsgdb9nsd_c,7,dsgdb9nsd_h,1,dsgdb9nsd_n,1,dsgdb9nsd_o"
GDB_W1-F12_2913,GDB_W1-F12,2.156728459004264,"-1,dsgdb9nsd_003590,5,dsgdb9nsd_c,6,dsgdb9nsd_h,2,dsgdb9nsd_o"
GDB_W1-F12_2914,GDB_W1-F12,2.4638442524170867,"-1,dsgdb9nsd_003591,6,dsgdb9nsd_c,8,dsgdb9nsd_h,1,dsgdb9nsd_o"
GDB_W1-F12_2915,GDB_W1-F12,3.0023736945521518,"-1,dsgdb9nsd_003592,7,dsgdb9nsd_c,12,dsgdb9nsd_h"
GDB_W1-F12_2916,GDB_W1-F12,2.6856149009136128,"-1,dsgdb9nsd_003593,6,dsgdb9nsd_c,10,dsgdb9nsd_h,1,dsgdb9nsd_o"
GDB_W1-F12_2917,GDB_W1-F12,2.783367595551231,"-1,dsgdb9nsd_003594,6,dsgdb9nsd_c,11,dsgdb9nsd_h,1,dsgdb9nsd_n"
GDB_W1-F12_2918,GDB_W1-F12,2.783420684789525,"-1,dsgdb9nsd_003595,6,dsgdb9nsd_c,11,dsgdb9nsd_h,1,dsgdb9nsd_n"
GDB_W1-F12_2919,GDB_W1-F12,2.589144937506794,"-1,dsgdb9nsd_003596,5,dsgdb9nsd_c,10,dsgdb9nsd_h,2,dsgdb9nsd_n"
GDB_W1-F12_2920,GDB_W1-F12,2.475845462456634,"-1,dsgdb9nsd_003597,5,dsgdb9nsd_c,9,dsgdb9nsd_h,1,dsgdb9nsd_n,1,dsgdb9nsd_o"
GDB_W1-F12_2921,GDB_W1-F12,2.689053311151533,"-1,dsgdb9nsd_003598,6,dsgdb9nsd_c,10,dsgdb9nsd_h,1,dsgdb9nsd_o"
GDB_W1-F12_2922,GDB_W1-F12,2.479805942899934,"-1,dsgdb9nsd_003599,5,dsgdb9nsd_c,9,dsgdb9nsd_h,1,dsgdb9nsd_n,1,dsgdb9nsd_o"
GDB_W1-F12_2923,GDB_W1-F12,2.367343478320073,"-1,dsgdb9nsd_003600,5,dsgdb9nsd_c,8,dsgdb9nsd_h,2,dsgdb9nsd_o"
GDB_W1-F12_2924,GDB_W1-F12,2.7800785854480905,"-1,dsgdb9nsd_003601,6,dsgdb9nsd_c,11,dsgdb9nsd_h,1,dsgdb9nsd_n"
GDB_W1-F12_2925,GDB_W1-F12,2.568778865712987,"-1,dsgdb9nsd_003602,5,dsgdb9nsd_c,10,dsgdb9nsd_h,2,dsgdb9nsd_n"
GDB_W1-F12_2926,GDB_W1-F12,2.459394671788551,"-1,dsgdb9nsd_003603,5,dsgdb9nsd_c,9,dsgdb9nsd_h,1,dsgdb9nsd_n,1,dsgdb9nsd_o"
GDB_W1-F12_2927,GDB_W1-F12,2.6878229711615966,"-1,dsgdb9nsd_003604,6,dsgdb9nsd_c,10,dsgdb9nsd_h,1,dsgdb9nsd_o"
GDB_W1-F12_2928,GDB_W1-F12,2.371847118690178,"-1,dsgdb9nsd_003605,5,dsgdb9nsd_c,8,dsgdb9nsd_h,2,dsgdb9nsd_o"
GDB_W1-F12_2929,GDB_W1-F12,2.470109412008325,"-1,dsgdb9nsd_003606,5,dsgdb9nsd_c,9,dsgdb9nsd_h,1,dsgdb9nsd_n,1,dsgdb9nsd_o"
GDB_W1-F12_2930,GDB_W1-F12,2.7721263851925086,"-1,dsgdb9nsd_003607,7,dsgdb9nsd_c,10,dsgdb9nsd_h"
GDB_W1-F12_2931,GDB_W1-F12,2.562290095155221,"-1,dsgdb9nsd_003608,6,dsgdb9nsd_c,9,dsgdb9nsd_h,1,dsgdb9nsd_n"
GDB_W1-F12_2932,GDB_W1-F12,2.453383441431192,"-1,dsgdb9nsd_003609,6,dsgdb9nsd_c,8,dsgdb9nsd_h,1,dsgdb9nsd_o"
GDB_W1-F12_2933,GDB_W1-F12,2.229347802430532,"-1,dsgdb9nsd_003610,5,dsgdb9nsd_c,7,dsgdb9nsd_h,1,dsgdb9nsd_n,1,dsgdb9nsd_o"
GDB_W1-F12_2934,GDB_W1-F12,2.561684066058099,"-1,dsgdb9nsd_003611,7,dsgdb9nsd_c,8,dsgdb9nsd_h"
GDB_W1-F12_2935,GDB_W1-F12,2.2329774225305505,"-1,dsgdb9nsd_003612,6,dsgdb9nsd_c,6,dsgdb9nsd_h,1,dsgdb9nsd_o"
GDB_W1-F12_2936,GDB_W1-F12,2.488909593499883,"-1,dsgdb9nsd_003613,7,dsgdb9nsd_c,8,dsgdb9nsd_h"
GDB_W1-F12_2937,GDB_W1-F12,1.9398391694777974,"-1,dsgdb9nsd_003614,5,dsgdb9nsd_c,5,dsgdb9nsd_h,1,dsgdb9nsd_n,1,dsgdb9nsd_o"
GDB_W1-F12_2938,GDB_W1-F12,2.798676376369864,"-1,dsgdb9nsd_003615,7,dsgdb9nsd_c,10,dsgdb9nsd_h"
GDB_W1-F12_2939,GDB_W1-F12,2.4757013817634537,"-1,dsgdb9nsd_003616,6,dsgdb9nsd_c,8,dsgdb9nsd_h,1,dsgdb9nsd_o"
GDB_W1-F12_2940,GDB_W1-F12,2.4722980323507624,"-1,dsgdb9nsd_003617,6,dsgdb9nsd_c,8,dsgdb9nsd_h,1,dsgdb9nsd_o"
GDB_W1-F12_2941,GDB_W1-F12,2.2576845236037646,"-1,dsgdb9nsd_003618,5,dsgdb9nsd_c,7,dsgdb9nsd_h,1,dsgdb9nsd_n,1,dsgdb9nsd_o"
GDB_W1-F12_2942,GDB_W1-F12,2.4729589020541582,"-1,dsgdb9nsd_003619,6,dsgdb9nsd_c,8,dsgdb9nsd_h,1,dsgdb9nsd_o"
GDB_W1-F12_2943,GDB_W1-F12,2.1409937292381667,"-1,dsgdb9nsd_003620,5,dsgdb9nsd_c,6,dsgdb9nsd_h,2,dsgdb9nsd_o"
GDB_W1-F12_2944,GDB_W1-F12,2.3093694548131043,"-1,dsgdb9nsd_003621,6,dsgdb9nsd_c,7,dsgdb9nsd_h,1,dsgdb9nsd_n"
GDB_W1-F12_2945,GDB_W1-F12,2.3058436355363288,"-1,dsgdb9nsd_003622,6,dsgdb9nsd_c,7,dsgdb9nsd_h,1,dsgdb9nsd_n"
GDB_W1-F12_2946,GDB_W1-F12,2.516578163804751,"-1,dsgdb9nsd_003623,7,dsgdb9nsd_c,8,dsgdb9nsd_h"
GDB_W1-F12_2947,GDB_W1-F12,2.2963577946907914,"-1,dsgdb9nsd_003624,6,dsgdb9nsd_c,7,dsgdb9nsd_h,1,dsgdb9nsd_n"
GDB_W1-F12_2948,GDB_W1-F12,2.3032348446452393,"-1,dsgdb9nsd_003625,6,dsgdb9nsd_c,7,dsgdb9nsd_h,1,dsgdb9nsd_n"
GDB_W1-F12_2949,GDB_W1-F12,1.9869840720218048,"-1,dsgdb9nsd_003626,5,dsgdb9nsd_c,5,dsgdb9nsd_h,1,dsgdb9nsd_n,1,dsgdb9nsd_o"
GDB_W1-F12_2950,GDB_W1-F12,2.1971294410579247,"-1,dsgdb9nsd_003627,6,dsgdb9nsd_c,6,dsgdb9nsd_h,1,dsgdb9nsd_o"
GDB_W1-F12_2951,GDB_W1-F12,2.5485571455246054,"-1,dsgdb9nsd_003628,7,dsgdb9nsd_c,8,dsgdb9nsd_h"
GDB_W1-F12_2952,GDB_W1-F12,2.3359207160908055,"-1,dsgdb9nsd_003629,6,dsgdb9nsd_c,7,dsgdb9nsd_h,1,dsgdb9nsd_n"
GDB_W1-F12_2953,GDB_W1-F12,2.3384165859776247,"-1,dsgdb9nsd_003630,6,dsgdb9nsd_c,7,dsgdb9nsd_h,1,dsgdb9nsd_n"
GDB_W1-F12_2954,GDB_W1-F12,2.22112470108576,"-1,dsgdb9nsd_003631,6,dsgdb9nsd_c,6,dsgdb9nsd_h,1,dsgdb9nsd_o"
GDB_W1-F12_2955,GDB_W1-F12,1.9611272416937762,"-1,dsgdb9nsd_003632,5,dsgdb9nsd_c,4,dsgdb9nsd_h,2,dsgdb9nsd_n"
GDB_W1-F12_2956,GDB_W1-F12,1.8159732356344338,"-1,dsgdb9nsd_003633,5,dsgdb9nsd_c,3,dsgdb9nsd_h,1,dsgdb9nsd_n,1,dsgdb9nsd_o"
GDB_W1-F12_2957,GDB_W1-F12,1.7412410125548567,"-1,dsgdb9nsd_003634,4,dsgdb9nsd_c,3,dsgdb9nsd_h,3,dsgdb9nsd_n"
GDB_W1-F12_2958,GDB_W1-F12,1.6011333159631818,"-1,dsgdb9nsd_003635,4,dsgdb9nsd_c,2,dsgdb9nsd_h,2,dsgdb9nsd_n,1,dsgdb9nsd_o"
GDB_W1-F12_2959,GDB_W1-F12,1.961506920423499,"-1,dsgdb9nsd_003636,5,dsgdb9nsd_c,4,dsgdb9nsd_h,2,dsgdb9nsd_n"
GDB_W1-F12_2960,GDB_W1-F12,1.7405100419178203,"-1,dsgdb9nsd_003637,4,dsgdb9nsd_c,3,dsgdb9nsd_h,3,dsgdb9nsd_n"
GDB_W1-F12_2961,GDB_W1-F12,1.8167130555402535,"-1,dsgdb9nsd_003638,5,dsgdb9nsd_c,3,dsgdb9nsd_h,1,dsgdb9nsd_n,1,dsgdb9nsd_o"
GDB_W1-F12_2962,GDB_W1-F12,1.6010503658211492,"-1,dsgdb9nsd_003639,4,dsgdb9nsd_c,2,dsgdb9nsd_h,2,dsgdb9nsd_n,1,dsgdb9nsd_o"
GDB_W1-F12_2963,GDB_W1-F12,1.6236728975705945,"-1,dsgdb9nsd_003640,4,dsgdb9nsd_c,2,dsgdb9nsd_h,2,dsgdb9nsd_n,1,dsgdb9nsd_o"
GDB_W1-F12_2964,GDB_W1-F12,1.9599939615930013,"-1,dsgdb9nsd_003641,5,dsgdb9nsd_c,4,dsgdb9nsd_h,2,dsgdb9nsd_n"
GDB_W1-F12_2965,GDB_W1-F12,1.7662093734285633,"-1,dsgdb9nsd_003642,4,dsgdb9nsd_c,3,dsgdb9nsd_h,3,dsgdb9nsd_n"
GDB_W1-F12_2966,GDB_W1-F12,1.7466956425508857,"-1,dsgdb9nsd_003643,4,dsgdb9nsd_c,3,dsgdb9nsd_h,3,dsgdb9nsd_n"
GDB_W1-F12_2967,GDB_W1-F12,1.5282945132208512,"-1,dsgdb9nsd_003644,3,dsgdb9nsd_c,2,dsgdb9nsd_h,4,dsgdb9nsd_n"
GDB_W1-F12_2968,GDB_W1-F12,1.6235529073503467,"-1,dsgdb9nsd_003646,4,dsgdb9nsd_c,2,dsgdb9nsd_h,2,dsgdb9nsd_n,1,dsgdb9nsd_o"
GDB_W1-F12_2969,GDB_W1-F12,1.5830813953655385,"-1,dsgdb9nsd_003647,4,dsgdb9nsd_c,2,dsgdb9nsd_h,2,dsgdb9nsd_n,1,dsgdb9nsd_o"
GDB_W1-F12_2970,GDB_W1-F12,1.369387776634328,"-1,dsgdb9nsd_003648,3,dsgdb9nsd_c,1,dsgdb9nsd_h,3,dsgdb9nsd_n,1,dsgdb9nsd_o"
GDB_W1-F12_2971,GDB_W1-F12,1.956302300995414,"-1,dsgdb9nsd_003650,4,dsgdb9nsd_c,5,dsgdb9nsd_h,3,dsgdb9nsd_n"
GDB_W1-F12_2972,GDB_W1-F12,1.9829001926447825,"-1,dsgdb9nsd_003651,4,dsgdb9nsd_c,5,dsgdb9nsd_h,3,dsgdb9nsd_n"
GDB_W1-F12_2973,GDB_W1-F12,2.4470878408652914,"-1,dsgdb9nsd_003652,5,dsgdb9nsd_c,8,dsgdb9nsd_h,2,dsgdb9nsd_n"
GDB_W1-F12_2974,GDB_W1-F12,2.3088080752410622,"-1,dsgdb9nsd_003653,5,dsgdb9nsd_c,7,dsgdb9nsd_h,1,dsgdb9nsd_n,1,dsgdb9nsd_o"
GDB_W1-F12_2975,GDB_W1-F12,2.2323560821108157,"-1,dsgdb9nsd_003654,4,dsgdb9nsd_c,7,dsgdb9nsd_h,3,dsgdb9nsd_n"
GDB_W1-F12_2976,GDB_W1-F12,2.0986622775261563,"-1,dsgdb9nsd_003655,4,dsgdb9nsd_c,6,dsgdb9nsd_h,2,dsgdb9nsd_n,1,dsgdb9nsd_o"
GDB_W1-F12_2977,GDB_W1-F12,2.241191892929936,"-1,dsgdb9nsd_003656,4,dsgdb9nsd_c,7,dsgdb9nsd_h,3,dsgdb9nsd_n"
GDB_W1-F12_2978,GDB_W1-F12,2.1014351567764757,"-1,dsgdb9nsd_003657,4,dsgdb9nsd_c,6,dsgdb9nsd_h,2,dsgdb9nsd_n,1,dsgdb9nsd_o"
GDB_W1-F12_2979,GDB_W1-F12,2.030057804160255,"-1,dsgdb9nsd_003658,3,dsgdb9nsd_c,6,dsgdb9nsd_h,4,dsgdb9nsd_n"
GDB_W1-F12_2980,GDB_W1-F12,1.8945192385833665,"-1,dsgdb9nsd_003659,3,dsgdb9nsd_c,5,dsgdb9nsd_h,3,dsgdb9nsd_n,1,dsgdb9nsd_o"
GDB_W1-F12_2981,GDB_W1-F12,2.243401853189225,"-1,dsgdb9nsd_003660,4,dsgdb9nsd_c,7,dsgdb9nsd_h,3,dsgdb9nsd_n"
GDB_W1-F12_2982,GDB_W1-F12,2.027018334512634,"-1,dsgdb9nsd_003661,3,dsgdb9nsd_c,6,dsgdb9nsd_h,4,dsgdb9nsd_n"
GDB_W1-F12_2983,GDB_W1-F12,2.107873046827541,"-1,dsgdb9nsd_003662,4,dsgdb9nsd_c,6,dsgdb9nsd_h,2,dsgdb9nsd_n,1,dsgdb9nsd_o"
GDB_W1-F12_2984,GDB_W1-F12,1.8961851879326828,"-1,dsgdb9nsd_003663,3,dsgdb9nsd_c,5,dsgdb9nsd_h,3,dsgdb9nsd_n,1,dsgdb9nsd_o"
GDB_W1-F12_2985,GDB_W1-F12,2.1296753072961883,"-1,dsgdb9nsd_003664,4,dsgdb9nsd_c,6,dsgdb9nsd_h,2,dsgdb9nsd_n,1,dsgdb9nsd_o"
GDB_W1-F12_2986,GDB_W1-F12,1.9213334201942582,"-1,dsgdb9nsd_003665,3,dsgdb9nsd_c,5,dsgdb9nsd_h,3,dsgdb9nsd_n,1,dsgdb9nsd_o"
GDB_W1-F12_2987,GDB_W1-F12,1.7831553629945842,"-1,dsgdb9nsd_003666,3,dsgdb9nsd_c,4,dsgdb9nsd_h,2,dsgdb9nsd_n,2,dsgdb9nsd_o"
GDB_W1-F12_2988,GDB_W1-F12,2.1324075481162468,"-1,dsgdb9nsd_003667,4,dsgdb9nsd_c,6,dsgdb9nsd_h,2,dsgdb9nsd_n,1,dsgdb9nsd_o"
GDB_W1-F12_2989,GDB_W1-F12,2.4506588212132083,"-1,dsgdb9nsd_003668,5,dsgdb9nsd_c,8,dsgdb9nsd_h,2,dsgdb9nsd_n"
GDB_W1-F12_2990,GDB_W1-F12,2.3131478248585156,"-1,dsgdb9nsd_003669,5,dsgdb9nsd_c,7,dsgdb9nsd_h,1,dsgdb9nsd_n,1,dsgdb9nsd_o"
GDB_W1-F12_2991,GDB_W1-F12,2.250608533226645,"-1,dsgdb9nsd_003670,4,dsgdb9nsd_c,7,dsgdb9nsd_h,3,dsgdb9nsd_n"
GDB_W1-F12_2992,GDB_W1-F12,2.1135659170512957,"-1,dsgdb9nsd_003671,4,dsgdb9nsd_c,6,dsgdb9nsd_h,2,dsgdb9nsd_n,1,dsgdb9nsd_o"
GDB_W1-F12_2993,GDB_W1-F12,2.142516638516041,"-1,dsgdb9nsd_003672,4,dsgdb9nsd_c,6,dsgdb9nsd_h,2,dsgdb9nsd_n,1,dsgdb9nsd_o"
GDB_W1-F12_2994,GDB_W1-F12,2.003975812291499,"-1,dsgdb9nsd_003673,4,dsgdb9nsd_c,5,dsgdb9nsd_h,1,dsgdb9nsd_n,2,dsgdb9nsd_o"
GDB_W1-F12_2995,GDB_W1-F12,2.006769752578419,"-1,dsgdb9nsd_003674,4,dsgdb9nsd_c,5,dsgdb9nsd_h,3,dsgdb9nsd_n"
GDB_W1-F12_2996,GDB_W1-F12,2.0081844228530468,"-1,dsgdb9nsd_003675,4,dsgdb9nsd_c,5,dsgdb9nsd_h,3,dsgdb9nsd_n"
GDB_W1-F12_2997,GDB_W1-F12,1.7461811722307625,"-1,dsgdb9nsd_003676,3,dsgdb9nsd_c,4,dsgdb9nsd_h,4,dsgdb9nsd_n"
GDB_W1-F12_2998,GDB_W1-F12,2.4483458011553454,"-1,dsgdb9nsd_003677,5,dsgdb9nsd_c,8,dsgdb9nsd_h,2,dsgdb9nsd_n"
GDB_W1-F12_2999,GDB_W1-F12,2.248272173282126,"-1,dsgdb9nsd_003678,4,dsgdb9nsd_c,7,dsgdb9nsd_h,3,dsgdb9nsd_n"
GDB_W1-F12_3000,GDB_W1-F12,2.1398683581813267,"-1,dsgdb9nsd_003679,4,dsgdb9nsd_c,6,dsgdb9nsd_h,2,dsgdb9nsd_n,1,dsgdb9nsd_o"
GDB_W1-F12_3001,GDB_W1-F12,2.308152475577621,"-1,dsgdb9nsd_003680,5,dsgdb9nsd_c,7,dsgdb9nsd_h,1,dsgdb9nsd_n,1,dsgdb9nsd_o"
GDB_W1-F12_3002,GDB_W1-F12,2.1086527370477293,"-1,dsgdb9nsd_003681,4,dsgdb9nsd_c,6,dsgdb9nsd_h,2,dsgdb9nsd_n,1,dsgdb9nsd_o"
GDB_W1-F12_3003,GDB_W1-F12,1.9988509223369413,"-1,dsgdb9nsd_003682,4,dsgdb9nsd_c,5,dsgdb9nsd_h,1,dsgdb9nsd_n,2,dsgdb9nsd_o"
GDB_W1-F12_3004,GDB_W1-F12,2.265435654385154,"-1,dsgdb9nsd_003683,4,dsgdb9nsd_c,7,dsgdb9nsd_h,3,dsgdb9nsd_n"
GDB_W1-F12_3005,GDB_W1-F12,2.129296447677605,"-1,dsgdb9nsd_003684,4,dsgdb9nsd_c,6,dsgdb9nsd_h,2,dsgdb9nsd_n,1,dsgdb9nsd_o"
GDB_W1-F12_3006,GDB_W1-F12,2.068151754910255,"-1,dsgdb9nsd_003685,3,dsgdb9nsd_c,6,dsgdb9nsd_h,4,dsgdb9nsd_n"
GDB_W1-F12_3007,GDB_W1-F12,1.93201261991477,"-1,dsgdb9nsd_003686,3,dsgdb9nsd_c,5,dsgdb9nsd_h,3,dsgdb9nsd_n,1,dsgdb9nsd_o"
GDB_W1-F12_3008,GDB_W1-F12,1.9574239111528609,"-1,dsgdb9nsd_003687,3,dsgdb9nsd_c,5,dsgdb9nsd_h,3,dsgdb9nsd_n,1,dsgdb9nsd_o"
GDB_W1-F12_3009,GDB_W1-F12,1.8187180451890306,"-1,dsgdb9nsd_003688,3,dsgdb9nsd_c,4,dsgdb9nsd_h,2,dsgdb9nsd_n,2,dsgdb9nsd_o"
GDB_W1-F12_3010,GDB_W1-F12,2.008236852340345,"-1,dsgdb9nsd_003689,4,dsgdb9nsd_c,5,dsgdb9nsd_h,3,dsgdb9nsd_n"
GDB_W1-F12_3011,GDB_W1-F12,1.780206913486676,"-1,dsgdb9nsd_003690,3,dsgdb9nsd_c,4,dsgdb9nsd_h,4,dsgdb9nsd_n"
GDB_W1-F12_3012,GDB_W1-F12,2.255774923749842,"-1,dsgdb9nsd_003691,4,dsgdb9nsd_c,7,dsgdb9nsd_h,3,dsgdb9nsd_n"
GDB_W1-F12_3013,GDB_W1-F12,2.1396826191529645,"-1,dsgdb9nsd_003692,4,dsgdb9nsd_c,6,dsgdb9nsd_h,2,dsgdb9nsd_n,1,dsgdb9nsd_o"
GDB_W1-F12_3014,GDB_W1-F12,1.9692808412990481,"-1,dsgdb9nsd_003693,3,dsgdb9nsd_c,5,dsgdb9nsd_h,3,dsgdb9nsd_n,1,dsgdb9nsd_o"
GDB_W1-F12_3015,GDB_W1-F12,1.8518842169526941,"-1,dsgdb9nsd_003694,3,dsgdb9nsd_c,4,dsgdb9nsd_h,2,dsgdb9nsd_n,2,dsgdb9nsd_o"
GDB_W1-F12_3016,GDB_W1-F12,2.246991783051837,"-1,dsgdb9nsd_003695,4,dsgdb9nsd_c,7,dsgdb9nsd_h,3,dsgdb9nsd_n"
GDB_W1-F12_3017,GDB_W1-F12,2.0665798551369843,"-1,dsgdb9nsd_003696,3,dsgdb9nsd_c,6,dsgdb9nsd_h,4,dsgdb9nsd_n"
GDB_W1-F12_3018,GDB_W1-F12,2.1365957079905447,"-1,dsgdb9nsd_003697,4,dsgdb9nsd_c,6,dsgdb9nsd_h,2,dsgdb9nsd_n,1,dsgdb9nsd_o"
GDB_W1-F12_3019,GDB_W1-F12,1.9584054708351635,"-1,dsgdb9nsd_003698,3,dsgdb9nsd_c,5,dsgdb9nsd_h,3,dsgdb9nsd_n,1,dsgdb9nsd_o"
GDB_W1-F12_3020,GDB_W1-F12,2.2420120319418144,"-1,dsgdb9nsd_003699,4,dsgdb9nsd_c,7,dsgdb9nsd_h,3,dsgdb9nsd_n"
GDB_W1-F12_3021,GDB_W1-F12,2.130240038212053,"-1,dsgdb9nsd_003700,4,dsgdb9nsd_c,6,dsgdb9nsd_h,2,dsgdb9nsd_n,1,dsgdb9nsd_o"
GDB_W1-F12_3022,GDB_W1-F12,2.038096734580479,"-1,dsgdb9nsd_003702,3,dsgdb9nsd_c,6,dsgdb9nsd_h,4,dsgdb9nsd_n"
GDB_W1-F12_3023,GDB_W1-F12,1.9280161097365665,"-1,dsgdb9nsd_003703,3,dsgdb9nsd_c,5,dsgdb9nsd_h,3,dsgdb9nsd_n,1,dsgdb9nsd_o"
GDB_W1-F12_3024,GDB_W1-F12,1.797169835067972,"-1,dsgdb9nsd_003704,3,dsgdb9nsd_c,4,dsgdb9nsd_h,2,dsgdb9nsd_n,2,dsgdb9nsd_o"
GDB_W1-F12_3025,GDB_W1-F12,1.8337743262342738,"-1,dsgdb9nsd_003705,3,dsgdb9nsd_c,4,dsgdb9nsd_h,2,dsgdb9nsd_n,2,dsgdb9nsd_o"
GDB_W1-F12_3026,GDB_W1-F12,1.7152162915345672,"-1,dsgdb9nsd_003706,3,dsgdb9nsd_c,3,dsgdb9nsd_h,1,dsgdb9nsd_n,3,dsgdb9nsd_o"
GDB_W1-F12_3027,GDB_W1-F12,2.113327746942033,"-1,dsgdb9nsd_003707,4,dsgdb9nsd_c,6,dsgdb9nsd_h,2,dsgdb9nsd_n,1,dsgdb9nsd_o"
GDB_W1-F12_3028,GDB_W1-F12,1.9347465595139606,"-1,dsgdb9nsd_003708,3,dsgdb9nsd_c,5,dsgdb9nsd_h,3,dsgdb9nsd_n,1,dsgdb9nsd_o"
GDB_W1-F12_3029,GDB_W1-F12,2.10143859736198,"-1,dsgdb9nsd_003709,4,dsgdb9nsd_c,6,dsgdb9nsd_h,2,dsgdb9nsd_n,1,dsgdb9nsd_o"
GDB_W1-F12_3030,GDB_W1-F12,2.0817606060161165,"-1,dsgdb9nsd_003710,4,dsgdb9nsd_c,6,dsgdb9nsd_h,2,dsgdb9nsd_n,1,dsgdb9nsd_o"
GDB_W1-F12_3031,GDB_W1-F12,1.8808985071787874,"-1,dsgdb9nsd_003711,3,dsgdb9nsd_c,5,dsgdb9nsd_h,3,dsgdb9nsd_n,1,dsgdb9nsd_o"
GDB_W1-F12_3032,GDB_W1-F12,2.4442673416168117,"-1,dsgdb9nsd_003712,5,dsgdb9nsd_c,8,dsgdb9nsd_h,2,dsgdb9nsd_n"
GDB_W1-F12_3033,GDB_W1-F12,2.305245235009289,"-1,dsgdb9nsd_003713,5,dsgdb9nsd_c,7,dsgdb9nsd_h,1,dsgdb9nsd_n,1,dsgdb9nsd_o"
GDB_W1-F12_3034,GDB_W1-F12,2.226051021926781,"-1,dsgdb9nsd_003714,4,dsgdb9nsd_c,7,dsgdb9nsd_h,3,dsgdb9nsd_n"
GDB_W1-F12_3035,GDB_W1-F12,2.0920307457771994,"-1,dsgdb9nsd_003715,4,dsgdb9nsd_c,6,dsgdb9nsd_h,2,dsgdb9nsd_n,1,dsgdb9nsd_o"
GDB_W1-F12_3036,GDB_W1-F12,2.4414426910365874,"-1,dsgdb9nsd_003716,5,dsgdb9nsd_c,8,dsgdb9nsd_h,2,dsgdb9nsd_n"
GDB_W1-F12_3037,GDB_W1-F12,2.2266852322717265,"-1,dsgdb9nsd_003717,4,dsgdb9nsd_c,7,dsgdb9nsd_h,3,dsgdb9nsd_n"
GDB_W1-F12_3038,GDB_W1-F12,2.2995864551074887,"-1,dsgdb9nsd_003718,5,dsgdb9nsd_c,7,dsgdb9nsd_h,1,dsgdb9nsd_n,1,dsgdb9nsd_o"
GDB_W1-F12_3039,GDB_W1-F12,2.089277047113783,"-1,dsgdb9nsd_003719,4,dsgdb9nsd_c,6,dsgdb9nsd_h,2,dsgdb9nsd_n,1,dsgdb9nsd_o"
GDB_W1-F12_3040,GDB_W1-F12,2.257056313168232,"-1,dsgdb9nsd_003720,4,dsgdb9nsd_c,7,dsgdb9nsd_h,3,dsgdb9nsd_n"
GDB_W1-F12_3041,GDB_W1-F12,2.1187310183509296,"-1,dsgdb9nsd_003721,4,dsgdb9nsd_c,6,dsgdb9nsd_h,2,dsgdb9nsd_n,1,dsgdb9nsd_o"
GDB_W1-F12_3042,GDB_W1-F12,2.444895400660208,"-1,dsgdb9nsd_003722,5,dsgdb9nsd_c,8,dsgdb9nsd_h,2,dsgdb9nsd_n"
GDB_W1-F12_3043,GDB_W1-F12,2.256650392603636,"-1,dsgdb9nsd_003723,4,dsgdb9nsd_c,7,dsgdb9nsd_h,3,dsgdb9nsd_n"
GDB_W1-F12_3044,GDB_W1-F12,2.020284103119028,"-1,dsgdb9nsd_003725,3,dsgdb9nsd_c,6,dsgdb9nsd_h,4,dsgdb9nsd_n"
GDB_W1-F12_3045,GDB_W1-F12,2.303762474926035,"-1,dsgdb9nsd_003726,5,dsgdb9nsd_c,7,dsgdb9nsd_h,1,dsgdb9nsd_n,1,dsgdb9nsd_o"
GDB_W1-F12_3046,GDB_W1-F12,2.11755179790791,"-1,dsgdb9nsd_003727,4,dsgdb9nsd_c,6,dsgdb9nsd_h,2,dsgdb9nsd_n,1,dsgdb9nsd_o"
GDB_W1-F12_3047,GDB_W1-F12,2.0731254551156186,"-1,dsgdb9nsd_003728,4,dsgdb9nsd_c,6,dsgdb9nsd_h,2,dsgdb9nsd_n,1,dsgdb9nsd_o"
GDB_W1-F12_3048,GDB_W1-F12,1.8646019468514414,"-1,dsgdb9nsd_003729,3,dsgdb9nsd_c,5,dsgdb9nsd_h,3,dsgdb9nsd_n,1,dsgdb9nsd_o"
GDB_W1-F12_3049,GDB_W1-F12,2.4391934214106357,"-1,dsgdb9nsd_003730,5,dsgdb9nsd_c,8,dsgdb9nsd_h,2,dsgdb9nsd_n"
GDB_W1-F12_3050,GDB_W1-F12,2.221486741834771,"-1,dsgdb9nsd_003731,4,dsgdb9nsd_c,7,dsgdb9nsd_h,3,dsgdb9nsd_n"
GDB_W1-F12_3051,GDB_W1-F12,2.2492198227194367,"-1,dsgdb9nsd_003732,4,dsgdb9nsd_c,7,dsgdb9nsd_h,3,dsgdb9nsd_n"
GDB_W1-F12_3052,GDB_W1-F12,2.235430832500665,"-1,dsgdb9nsd_003733,4,dsgdb9nsd_c,7,dsgdb9nsd_h,3,dsgdb9nsd_n"
GDB_W1-F12_3053,GDB_W1-F12,2.2294236116445223,"-1,dsgdb9nsd_003735,4,dsgdb9nsd_c,7,dsgdb9nsd_h,3,dsgdb9nsd_n"
GDB_W1-F12_3054,GDB_W1-F12,2.0157588535134283,"-1,dsgdb9nsd_003736,3,dsgdb9nsd_c,6,dsgdb9nsd_h,4,dsgdb9nsd_n"
GDB_W1-F12_3055,GDB_W1-F12,1.7827770244836707,"-1,dsgdb9nsd_003737,2,dsgdb9nsd_c,5,dsgdb9nsd_h,5,dsgdb9nsd_n"
GDB_W1-F12_3056,GDB_W1-F12,2.437790060925411,"-1,dsgdb9nsd_003738,5,dsgdb9nsd_c,8,dsgdb9nsd_h,2,dsgdb9nsd_n"
GDB_W1-F12_3057,GDB_W1-F12,2.224048612318731,"-1,dsgdb9nsd_003739,4,dsgdb9nsd_c,7,dsgdb9nsd_h,3,dsgdb9nsd_n"
GDB_W1-F12_3058,GDB_W1-F12,2.2312795517508364,"-1,dsgdb9nsd_003740,4,dsgdb9nsd_c,7,dsgdb9nsd_h,3,dsgdb9nsd_n"
GDB_W1-F12_3059,GDB_W1-F12,2.0220845237448555,"-1,dsgdb9nsd_003741,3,dsgdb9nsd_c,6,dsgdb9nsd_h,4,dsgdb9nsd_n"
GDB_W1-F12_3060,GDB_W1-F12,2.1198572881989803,"-1,dsgdb9nsd_003742,4,dsgdb9nsd_c,6,dsgdb9nsd_h,2,dsgdb9nsd_n,1,dsgdb9nsd_o"
GDB_W1-F12_3061,GDB_W1-F12,1.91338413941651,"-1,dsgdb9nsd_003743,3,dsgdb9nsd_c,5,dsgdb9nsd_h,3,dsgdb9nsd_n,1,dsgdb9nsd_o"
GDB_W1-F12_3062,GDB_W1-F12,2.441456370511328,"-1,dsgdb9nsd_003744,5,dsgdb9nsd_c,8,dsgdb9nsd_h,2,dsgdb9nsd_n"
GDB_W1-F12_3063,GDB_W1-F12,2.2412831234250388,"-1,dsgdb9nsd_003745,4,dsgdb9nsd_c,7,dsgdb9nsd_h,3,dsgdb9nsd_n"
GDB_W1-F12_3064,GDB_W1-F12,2.133013997924148,"-1,dsgdb9nsd_003746,4,dsgdb9nsd_c,6,dsgdb9nsd_h,2,dsgdb9nsd_n,1,dsgdb9nsd_o"
GDB_W1-F12_3065,GDB_W1-F12,2.2540763326622786,"-1,dsgdb9nsd_003747,4,dsgdb9nsd_c,7,dsgdb9nsd_h,3,dsgdb9nsd_n"
GDB_W1-F12_3066,GDB_W1-F12,2.0567987550042823,"-1,dsgdb9nsd_003748,3,dsgdb9nsd_c,6,dsgdb9nsd_h,4,dsgdb9nsd_n"
GDB_W1-F12_3067,GDB_W1-F12,1.9462012901549082,"-1,dsgdb9nsd_003749,3,dsgdb9nsd_c,5,dsgdb9nsd_h,3,dsgdb9nsd_n,1,dsgdb9nsd_o"
GDB_W1-F12_3068,GDB_W1-F12,1.9555058508689058,"-1,dsgdb9nsd_003750,3,dsgdb9nsd_c,5,dsgdb9nsd_h,3,dsgdb9nsd_n,1,dsgdb9nsd_o"
GDB_W1-F12_3069,GDB_W1-F12,1.9010851282955048,"-1,dsgdb9nsd_003751,3,dsgdb9nsd_c,5,dsgdb9nsd_h,3,dsgdb9nsd_n,1,dsgdb9nsd_o"
GDB_W1-F12_3070,GDB_W1-F12,1.818522895944179,"-1,dsgdb9nsd_003752,3,dsgdb9nsd_c,4,dsgdb9nsd_h,2,dsgdb9nsd_n,2,dsgdb9nsd_o"
GDB_W1-F12_3071,GDB_W1-F12,2.231377011633959,"-1,dsgdb9nsd_003753,4,dsgdb9nsd_c,7,dsgdb9nsd_h,3,dsgdb9nsd_n"
GDB_W1-F12_3072,GDB_W1-F12,2.029804284481945,"-1,dsgdb9nsd_003754,3,dsgdb9nsd_c,6,dsgdb9nsd_h,4,dsgdb9nsd_n"
GDB_W1-F12_3073,GDB_W1-F12,1.9199054401604234,"-1,dsgdb9nsd_003755,3,dsgdb9nsd_c,5,dsgdb9nsd_h,3,dsgdb9nsd_n,1,dsgdb9nsd_o"
GDB_W1-F12_3074,GDB_W1-F12,2.4411570013260557,"-1,dsgdb9nsd_003756,5,dsgdb9nsd_c,8,dsgdb9nsd_h,2,dsgdb9nsd_n"
GDB_W1-F12_3075,GDB_W1-F12,2.237875052171288,"-1,dsgdb9nsd_003757,4,dsgdb9nsd_c,7,dsgdb9nsd_h,3,dsgdb9nsd_n"
GDB_W1-F12_3076,GDB_W1-F12,2.127205118296537,"-1,dsgdb9nsd_003758,4,dsgdb9nsd_c,6,dsgdb9nsd_h,2,dsgdb9nsd_n,1,dsgdb9nsd_o"
GDB_W1-F12_3077,GDB_W1-F12,2.055370185337915,"-1,dsgdb9nsd_003760,3,dsgdb9nsd_c,6,dsgdb9nsd_h,4,dsgdb9nsd_n"
GDB_W1-F12_3078,GDB_W1-F12,1.9473365399470606,"-1,dsgdb9nsd_003761,3,dsgdb9nsd_c,5,dsgdb9nsd_h,3,dsgdb9nsd_n,1,dsgdb9nsd_o"
GDB_W1-F12_3079,GDB_W1-F12,1.9572661509849396,"-1,dsgdb9nsd_003762,3,dsgdb9nsd_c,5,dsgdb9nsd_h,3,dsgdb9nsd_n,1,dsgdb9nsd_o"
GDB_W1-F12_3080,GDB_W1-F12,1.9172947592580287,"-1,dsgdb9nsd_003763,3,dsgdb9nsd_c,5,dsgdb9nsd_h,3,dsgdb9nsd_n,1,dsgdb9nsd_o"
GDB_W1-F12_3081,GDB_W1-F12,1.8378079163307286,"-1,dsgdb9nsd_003764,3,dsgdb9nsd_c,4,dsgdb9nsd_h,2,dsgdb9nsd_n,2,dsgdb9nsd_o"
GDB_W1-F12_3082,GDB_W1-F12,2.020760733373014,"-1,dsgdb9nsd_003765,3,dsgdb9nsd_c,6,dsgdb9nsd_h,4,dsgdb9nsd_n"
GDB_W1-F12_3083,GDB_W1-F12,1.8222205548575776,"-1,dsgdb9nsd_003766,2,dsgdb9nsd_c,5,dsgdb9nsd_h,5,dsgdb9nsd_n"
GDB_W1-F12_3084,GDB_W1-F12,1.710181091062522,"-1,dsgdb9nsd_003767,2,dsgdb9nsd_c,4,dsgdb9nsd_h,4,dsgdb9nsd_n,1,dsgdb9nsd_o"
GDB_W1-F12_3085,GDB_W1-F12,2.2245084922280065,"-1,dsgdb9nsd_003768,4,dsgdb9nsd_c,7,dsgdb9nsd_h,3,dsgdb9nsd_n"
GDB_W1-F12_3086,GDB_W1-F12,2.019648112721277,"-1,dsgdb9nsd_003769,3,dsgdb9nsd_c,6,dsgdb9nsd_h,4,dsgdb9nsd_n"
GDB_W1-F12_3087,GDB_W1-F12,1.9074942793382437,"-1,dsgdb9nsd_003770,3,dsgdb9nsd_c,5,dsgdb9nsd_h,3,dsgdb9nsd_n,1,dsgdb9nsd_o"
GDB_W1-F12_3088,GDB_W1-F12,1.7983554649759734,"-1,dsgdb9nsd_003771,2,dsgdb9nsd_c,5,dsgdb9nsd_h,5,dsgdb9nsd_n"
GDB_W1-F12_3089,GDB_W1-F12,1.7195186616366989,"-1,dsgdb9nsd_003772,2,dsgdb9nsd_c,4,dsgdb9nsd_h,4,dsgdb9nsd_n,1,dsgdb9nsd_o"
GDB_W1-F12_3090,GDB_W1-F12,1.6688754485639328,"-1,dsgdb9nsd_003773,2,dsgdb9nsd_c,4,dsgdb9nsd_h,4,dsgdb9nsd_n,1,dsgdb9nsd_o"
GDB_W1-F12_3091,GDB_W1-F12,1.5852787154969445,"-1,dsgdb9nsd_003774,2,dsgdb9nsd_c,3,dsgdb9nsd_h,3,dsgdb9nsd_n,2,dsgdb9nsd_o"
GDB_W1-F12_3092,GDB_W1-F12,1.7880835037284473,"-1,dsgdb9nsd_003776,2,dsgdb9nsd_c,5,dsgdb9nsd_h,5,dsgdb9nsd_n"
GDB_W1-F12_3093,GDB_W1-F12,1.521034552872325,"-1,dsgdb9nsd_003778,2,dsgdb9nsd_c,3,dsgdb9nsd_h,3,dsgdb9nsd_n,2,dsgdb9nsd_o"
GDB_W1-F12_3094,GDB_W1-F12,2.230525472299353,"-1,dsgdb9nsd_003779,4,dsgdb9nsd_c,7,dsgdb9nsd_h,3,dsgdb9nsd_n"
GDB_W1-F12_3095,GDB_W1-F12,2.0942249564734805,"-1,dsgdb9nsd_003780,4,dsgdb9nsd_c,6,dsgdb9nsd_h,2,dsgdb9nsd_n,1,dsgdb9nsd_o"
GDB_W1-F12_3096,GDB_W1-F12,2.011052103859291,"-1,dsgdb9nsd_003781,3,dsgdb9nsd_c,6,dsgdb9nsd_h,4,dsgdb9nsd_n"
GDB_W1-F12_3097,GDB_W1-F12,2.224166322095322,"-1,dsgdb9nsd_003783,4,dsgdb9nsd_c,7,dsgdb9nsd_h,3,dsgdb9nsd_n"
GDB_W1-F12_3098,GDB_W1-F12,2.0139934825576202,"-1,dsgdb9nsd_003784,3,dsgdb9nsd_c,6,dsgdb9nsd_h,4,dsgdb9nsd_n"
GDB_W1-F12_3099,GDB_W1-F12,2.08348779587508,"-1,dsgdb9nsd_003785,4,dsgdb9nsd_c,6,dsgdb9nsd_h,2,dsgdb9nsd_n,1,dsgdb9nsd_o"
GDB_W1-F12_3100,GDB_W1-F12,1.8752176176506412,"-1,dsgdb9nsd_003786,3,dsgdb9nsd_c,5,dsgdb9nsd_h,3,dsgdb9nsd_n,1,dsgdb9nsd_o"
GDB_W1-F12_3101,GDB_W1-F12,2.0472353742935936,"-1,dsgdb9nsd_003787,3,dsgdb9nsd_c,6,dsgdb9nsd_h,4,dsgdb9nsd_n"
GDB_W1-F12_3102,GDB_W1-F12,1.9141295687993902,"-1,dsgdb9nsd_003788,3,dsgdb9nsd_c,5,dsgdb9nsd_h,3,dsgdb9nsd_n,1,dsgdb9nsd_o"
GDB_W1-F12_3103,GDB_W1-F12,2.2336302620763018,"-1,dsgdb9nsd_003789,4,dsgdb9nsd_c,7,dsgdb9nsd_h,3,dsgdb9nsd_n"
GDB_W1-F12_3104,GDB_W1-F12,2.048997325380716,"-1,dsgdb9nsd_003790,3,dsgdb9nsd_c,6,dsgdb9nsd_h,4,dsgdb9nsd_n"
GDB_W1-F12_3105,GDB_W1-F12,2.0204253232976277,"-1,dsgdb9nsd_003791,3,dsgdb9nsd_c,6,dsgdb9nsd_h,4,dsgdb9nsd_n"
GDB_W1-F12_3106,GDB_W1-F12,1.810645464280849,"-1,dsgdb9nsd_003792,2,dsgdb9nsd_c,5,dsgdb9nsd_h,5,dsgdb9nsd_n"
GDB_W1-F12_3107,GDB_W1-F12,2.0927222668106467,"-1,dsgdb9nsd_003793,4,dsgdb9nsd_c,6,dsgdb9nsd_h,2,dsgdb9nsd_n,1,dsgdb9nsd_o"
GDB_W1-F12_3108,GDB_W1-F12,1.9108439992817532,"-1,dsgdb9nsd_003794,3,dsgdb9nsd_c,5,dsgdb9nsd_h,3,dsgdb9nsd_n,1,dsgdb9nsd_o"
GDB_W1-F12_3109,GDB_W1-F12,1.8608381965056193,"-1,dsgdb9nsd_003795,3,dsgdb9nsd_c,5,dsgdb9nsd_h,3,dsgdb9nsd_n,1,dsgdb9nsd_o"
GDB_W1-F12_3110,GDB_W1-F12,1.6560128985409377,"-1,dsgdb9nsd_003796,2,dsgdb9nsd_c,4,dsgdb9nsd_h,4,dsgdb9nsd_n,1,dsgdb9nsd_o"
GDB_W1-F12_3111,GDB_W1-F12,2.1103455369876682,"-1,dsgdb9nsd_003797,4,dsgdb9nsd_c,6,dsgdb9nsd_h,2,dsgdb9nsd_n,1,dsgdb9nsd_o"
GDB_W1-F12_3112,GDB_W1-F12,1.976463311343427,"-1,dsgdb9nsd_003798,4,dsgdb9nsd_c,5,dsgdb9nsd_h,1,dsgdb9nsd_n,2,dsgdb9nsd_o"
GDB_W1-F12_3113,GDB_W1-F12,2.1076731677736227,"-1,dsgdb9nsd_003800,4,dsgdb9nsd_c,6,dsgdb9nsd_h,2,dsgdb9nsd_n,1,dsgdb9nsd_o"
GDB_W1-F12_3114,GDB_W1-F12,1.8975629982060578,"-1,dsgdb9nsd_003801,3,dsgdb9nsd_c,5,dsgdb9nsd_h,3,dsgdb9nsd_n,1,dsgdb9nsd_o"
GDB_W1-F12_3115,GDB_W1-F12,1.965421350566055,"-1,dsgdb9nsd_003802,4,dsgdb9nsd_c,5,dsgdb9nsd_h,1,dsgdb9nsd_n,2,dsgdb9nsd_o"
GDB_W1-F12_3116,GDB_W1-F12,1.7562276532172745,"-1,dsgdb9nsd_003803,3,dsgdb9nsd_c,4,dsgdb9nsd_h,2,dsgdb9nsd_n,2,dsgdb9nsd_o"
GDB_W1-F12_3117,GDB_W1-F12,1.7917452141806154,"-1,dsgdb9nsd_003804,3,dsgdb9nsd_c,4,dsgdb9nsd_h,2,dsgdb9nsd_n,2,dsgdb9nsd_o"
GDB_W1-F12_3118,GDB_W1-F12,2.1195893782996884,"-1,dsgdb9nsd_003805,4,dsgdb9nsd_c,6,dsgdb9nsd_h,2,dsgdb9nsd_n,1,dsgdb9nsd_o"
GDB_W1-F12_3119,GDB_W1-F12,1.931131750345704,"-1,dsgdb9nsd_003806,3,dsgdb9nsd_c,5,dsgdb9nsd_h,3,dsgdb9nsd_n,1,dsgdb9nsd_o"
GDB_W1-F12_3120,GDB_W1-F12,1.904877909278717,"-1,dsgdb9nsd_003807,3,dsgdb9nsd_c,5,dsgdb9nsd_h,3,dsgdb9nsd_n,1,dsgdb9nsd_o"
GDB_W1-F12_3121,GDB_W1-F12,1.6921030994640787,"-1,dsgdb9nsd_003808,2,dsgdb9nsd_c,4,dsgdb9nsd_h,4,dsgdb9nsd_n,1,dsgdb9nsd_o"
GDB_W1-F12_3122,GDB_W1-F12,1.9781750512364527,"-1,dsgdb9nsd_003809,4,dsgdb9nsd_c,5,dsgdb9nsd_h,1,dsgdb9nsd_n,2,dsgdb9nsd_o"
GDB_W1-F12_3123,GDB_W1-F12,1.7913181242145213,"-1,dsgdb9nsd_003810,3,dsgdb9nsd_c,4,dsgdb9nsd_h,2,dsgdb9nsd_n,2,dsgdb9nsd_o"
GDB_W1-F12_3124,GDB_W1-F12,1.745225752392842,"-1,dsgdb9nsd_003811,3,dsgdb9nsd_c,4,dsgdb9nsd_h,2,dsgdb9nsd_n,2,dsgdb9nsd_o"
GDB_W1-F12_3125,GDB_W1-F12,1.5350698534758629,"-1,dsgdb9nsd_003812,2,dsgdb9nsd_c,3,dsgdb9nsd_h,3,dsgdb9nsd_n,2,dsgdb9nsd_o"
GDB_W1-F12_3126,GDB_W1-F12,1.8123280842948042,"-1,dsgdb9nsd_003813,4,dsgdb9nsd_c,3,dsgdb9nsd_h,3,dsgdb9nsd_n"
GDB_W1-F12_3127,GDB_W1-F12,1.6640935494468,"-1,dsgdb9nsd_003814,4,dsgdb9nsd_c,2,dsgdb9nsd_h,2,dsgdb9nsd_n,1,dsgdb9nsd_o"
GDB_W1-F12_3128,GDB_W1-F12,1.4470200298731726,"-1,dsgdb9nsd_003815,3,dsgdb9nsd_c,1,dsgdb9nsd_h,3,dsgdb9nsd_n,1,dsgdb9nsd_o"
GDB_W1-F12_3129,GDB_W1-F12,1.8164037948708578,"-1,dsgdb9nsd_003816,4,dsgdb9nsd_c,3,dsgdb9nsd_h,3,dsgdb9nsd_n"
GDB_W1-F12_3130,GDB_W1-F12,1.5925030457858071,"-1,dsgdb9nsd_003817,3,dsgdb9nsd_c,2,dsgdb9nsd_h,4,dsgdb9nsd_n"
GDB_W1-F12_3131,GDB_W1-F12,1.668628129588817,"-1,dsgdb9nsd_003818,4,dsgdb9nsd_c,2,dsgdb9nsd_h,2,dsgdb9nsd_n,1,dsgdb9nsd_o"
GDB_W1-F12_3132,GDB_W1-F12,1.4500935198836447,"-1,dsgdb9nsd_003819,3,dsgdb9nsd_c,1,dsgdb9nsd_h,3,dsgdb9nsd_n,1,dsgdb9nsd_o"
GDB_W1-F12_3133,GDB_W1-F12,1.468036000699358,"-1,dsgdb9nsd_003820,3,dsgdb9nsd_c,1,dsgdb9nsd_h,3,dsgdb9nsd_n,1,dsgdb9nsd_o"
GDB_W1-F12_3134,GDB_W1-F12,1.813853114656192,"-1,dsgdb9nsd_003821,4,dsgdb9nsd_c,3,dsgdb9nsd_h,3,dsgdb9nsd_n"
GDB_W1-F12_3135,GDB_W1-F12,1.6174254460785311,"-1,dsgdb9nsd_003822,3,dsgdb9nsd_c,2,dsgdb9nsd_h,4,dsgdb9nsd_n"
GDB_W1-F12_3136,GDB_W1-F12,1.5981542358420404,"-1,dsgdb9nsd_003823,3,dsgdb9nsd_c,2,dsgdb9nsd_h,4,dsgdb9nsd_n"
GDB_W1-F12_3137,GDB_W1-F12,1.6648877685312953,"-1,dsgdb9nsd_003824,4,dsgdb9nsd_c,2,dsgdb9nsd_h,2,dsgdb9nsd_n,1,dsgdb9nsd_o"
GDB_W1-F12_3138,GDB_W1-F12,1.4303630290913796,"-1,dsgdb9nsd_003826,3,dsgdb9nsd_c,1,dsgdb9nsd_h,3,dsgdb9nsd_n,1,dsgdb9nsd_o"
GDB_W1-F12_3139,GDB_W1-F12,1.7726093931350642,"-1,dsgdb9nsd_003828,3,dsgdb9nsd_c,4,dsgdb9nsd_h,4,dsgdb9nsd_n"
GDB_W1-F12_3140,GDB_W1-F12,1.8550485867065922,"-1,dsgdb9nsd_003829,4,dsgdb9nsd_c,4,dsgdb9nsd_h,2,dsgdb9nsd_n,1,dsgdb9nsd_o"
GDB_W1-F12_3141,GDB_W1-F12,1.807563574556559,"-1,dsgdb9nsd_003831,3,dsgdb9nsd_c,4,dsgdb9nsd_h,4,dsgdb9nsd_n"
GDB_W1-F12_3142,GDB_W1-F12,1.7755521232074127,"-1,dsgdb9nsd_003832,3,dsgdb9nsd_c,4,dsgdb9nsd_h,4,dsgdb9nsd_n"
GDB_W1-F12_3143,GDB_W1-F12,1.5462922739987548,"-1,dsgdb9nsd_003833,2,dsgdb9nsd_c,3,dsgdb9nsd_h,5,dsgdb9nsd_n"
GDB_W1-F12_3144,GDB_W1-F12,1.6641780294462125,"-1,dsgdb9nsd_003834,3,dsgdb9nsd_c,3,dsgdb9nsd_h,3,dsgdb9nsd_n,1,dsgdb9nsd_o"
GDB_W1-F12_3145,GDB_W1-F12,1.608871125830154,"-1,dsgdb9nsd_003835,3,dsgdb9nsd_c,3,dsgdb9nsd_h,3,dsgdb9nsd_n,1,dsgdb9nsd_o"
GDB_W1-F12_3146,GDB_W1-F12,1.5724471250065193,"-1,dsgdb9nsd_003837,2,dsgdb9nsd_c,3,dsgdb9nsd_h,5,dsgdb9nsd_n"
GDB_W1-F12_3147,GDB_W1-F12,1.5504446140154584,"-1,dsgdb9nsd_003838,2,dsgdb9nsd_c,2,dsgdb9nsd_h,4,dsgdb9nsd_n,1,dsgdb9nsd_o"
GDB_W1-F12_3148,GDB_W1-F12,1.313746134327169,"-1,dsgdb9nsd_003839,1,dsgdb9nsd_c,2,dsgdb9nsd_h,6,dsgdb9nsd_n"
GDB_W1-F12_3149,GDB_W1-F12,2.007316902883224,"-1,dsgdb9nsd_003841,4,dsgdb9nsd_c,5,dsgdb9nsd_h,3,dsgdb9nsd_n"
GDB_W1-F12_3150,GDB_W1-F12,1.8038708048123713,"-1,dsgdb9nsd_003842,3,dsgdb9nsd_c,4,dsgdb9nsd_h,4,dsgdb9nsd_n"
GDB_W1-F12_3151,GDB_W1-F12,1.7994783946354111,"-1,dsgdb9nsd_003843,3,dsgdb9nsd_c,4,dsgdb9nsd_h,4,dsgdb9nsd_n"
GDB_W1-F12_3152,GDB_W1-F12,1.777027053926804,"-1,dsgdb9nsd_003844,3,dsgdb9nsd_c,4,dsgdb9nsd_h,4,dsgdb9nsd_n"
GDB_W1-F12_3153,GDB_W1-F12,1.5785009951981854,"-1,dsgdb9nsd_003845,2,dsgdb9nsd_c,3,dsgdb9nsd_h,5,dsgdb9nsd_n"
GDB_W1-F12_3154,GDB_W1-F12,1.8632840974257592,"-1,dsgdb9nsd_003846,4,dsgdb9nsd_c,4,dsgdb9nsd_h,2,dsgdb9nsd_n,1,dsgdb9nsd_o"
GDB_W1-F12_3155,GDB_W1-F12,1.6513531075403634,"-1,dsgdb9nsd_003847,3,dsgdb9nsd_c,3,dsgdb9nsd_h,3,dsgdb9nsd_n,1,dsgdb9nsd_o"
GDB_W1-F12_3156,GDB_W1-F12,1.6551678786298132,"-1,dsgdb9nsd_003848,3,dsgdb9nsd_c,3,dsgdb9nsd_h,3,dsgdb9nsd_n,1,dsgdb9nsd_o"
GDB_W1-F12_3157,GDB_W1-F12,1.6399922973937449,"-1,dsgdb9nsd_003849,3,dsgdb9nsd_c,3,dsgdb9nsd_h,3,dsgdb9nsd_n,1,dsgdb9nsd_o"
GDB_W1-F12_3158,GDB_W1-F12,1.4313835391019403,"-1,dsgdb9nsd_003850,2,dsgdb9nsd_c,2,dsgdb9nsd_h,4,dsgdb9nsd_n,1,dsgdb9nsd_o"
GDB_W1-F12_3159,GDB_W1-F12,2.0395545436460245,"-1,dsgdb9nsd_003851,3,dsgdb9nsd_c,6,dsgdb9nsd_h,4,dsgdb9nsd_n"
GDB_W1-F12_3160,GDB_W1-F12,1.9030628083964454,"-1,dsgdb9nsd_003852,3,dsgdb9nsd_c,5,dsgdb9nsd_h,3,dsgdb9nsd_n,1,dsgdb9nsd_o"
GDB_W1-F12_3161,GDB_W1-F12,1.8258864660431355,"-1,dsgdb9nsd_003853,2,dsgdb9nsd_c,5,dsgdb9nsd_h,5,dsgdb9nsd_n"
GDB_W1-F12_3162,GDB_W1-F12,1.9257500594874761,"-1,dsgdb9nsd_003855,3,dsgdb9nsd_c,5,dsgdb9nsd_h,3,dsgdb9nsd_n,1,dsgdb9nsd_o"
GDB_W1-F12_3163,GDB_W1-F12,1.7161802307657736,"-1,dsgdb9nsd_003856,2,dsgdb9nsd_c,4,dsgdb9nsd_h,4,dsgdb9nsd_n,1,dsgdb9nsd_o"
GDB_W1-F12_3164,GDB_W1-F12,1.5793174453414562,"-1,dsgdb9nsd_003857,2,dsgdb9nsd_c,3,dsgdb9nsd_h,3,dsgdb9nsd_n,2,dsgdb9nsd_o"
GDB_W1-F12_3165,GDB_W1-F12,1.9304666591921,"-1,dsgdb9nsd_003858,3,dsgdb9nsd_c,5,dsgdb9nsd_h,3,dsgdb9nsd_n,1,dsgdb9nsd_o"
GDB_W1-F12_3166,GDB_W1-F12,1.7150814107024863,"-1,dsgdb9nsd_003859,2,dsgdb9nsd_c,4,dsgdb9nsd_h,4,dsgdb9nsd_n,1,dsgdb9nsd_o"
GDB_W1-F12_3167,GDB_W1-F12,2.0471658247460502,"-1,dsgdb9nsd_003860,3,dsgdb9nsd_c,6,dsgdb9nsd_h,4,dsgdb9nsd_n"
GDB_W1-F12_3168,GDB_W1-F12,1.914012139496653,"-1,dsgdb9nsd_003861,3,dsgdb9nsd_c,5,dsgdb9nsd_h,3,dsgdb9nsd_n,1,dsgdb9nsd_o"
GDB_W1-F12_3169,GDB_W1-F12,1.939362610935876,"-1,dsgdb9nsd_003862,3,dsgdb9nsd_c,5,dsgdb9nsd_h,3,dsgdb9nsd_n,1,dsgdb9nsd_o"
GDB_W1-F12_3170,GDB_W1-F12,1.804723705082605,"-1,dsgdb9nsd_003863,3,dsgdb9nsd_c,4,dsgdb9nsd_h,2,dsgdb9nsd_n,2,dsgdb9nsd_o"
GDB_W1-F12_3171,GDB_W1-F12,1.8135703157386684,"-1,dsgdb9nsd_003864,3,dsgdb9nsd_c,4,dsgdb9nsd_h,4,dsgdb9nsd_n"
GDB_W1-F12_3172,GDB_W1-F12,1.820381175457404,"-1,dsgdb9nsd_003865,3,dsgdb9nsd_c,4,dsgdb9nsd_h,4,dsgdb9nsd_n"
GDB_W1-F12_3173,GDB_W1-F12,1.5571166943155554,"-1,dsgdb9nsd_003866,2,dsgdb9nsd_c,3,dsgdb9nsd_h,5,dsgdb9nsd_n"
GDB_W1-F12_3174,GDB_W1-F12,2.042373764826151,"-1,dsgdb9nsd_003867,3,dsgdb9nsd_c,6,dsgdb9nsd_h,4,dsgdb9nsd_n"
GDB_W1-F12_3175,GDB_W1-F12,1.9325705206548733,"-1,dsgdb9nsd_003868,3,dsgdb9nsd_c,5,dsgdb9nsd_h,3,dsgdb9nsd_n,1,dsgdb9nsd_o"
GDB_W1-F12_3176,GDB_W1-F12,1.9028696989614342,"-1,dsgdb9nsd_003869,3,dsgdb9nsd_c,5,dsgdb9nsd_h,3,dsgdb9nsd_n,1,dsgdb9nsd_o"
GDB_W1-F12_3177,GDB_W1-F12,1.7913665043605669,"-1,dsgdb9nsd_003870,3,dsgdb9nsd_c,4,dsgdb9nsd_h,2,dsgdb9nsd_n,2,dsgdb9nsd_o"
GDB_W1-F12_3178,GDB_W1-F12,1.8691335469587698,"-1,dsgdb9nsd_003871,2,dsgdb9nsd_c,5,dsgdb9nsd_h,5,dsgdb9nsd_n"
GDB_W1-F12_3179,GDB_W1-F12,1.7377446318774388,"-1,dsgdb9nsd_003872,2,dsgdb9nsd_c,4,dsgdb9nsd_h,4,dsgdb9nsd_n,1,dsgdb9nsd_o"
GDB_W1-F12_3180,GDB_W1-F12,1.7582304421024666,"-1,dsgdb9nsd_003873,2,dsgdb9nsd_c,4,dsgdb9nsd_h,4,dsgdb9nsd_n,1,dsgdb9nsd_o"
GDB_W1-F12_3181,GDB_W1-F12,1.6247672969834939,"-1,dsgdb9nsd_003874,2,dsgdb9nsd_c,3,dsgdb9nsd_h,3,dsgdb9nsd_n,2,dsgdb9nsd_o"
GDB_W1-F12_3182,GDB_W1-F12,1.8210516752942871,"-1,dsgdb9nsd_003875,3,dsgdb9nsd_c,4,dsgdb9nsd_h,4,dsgdb9nsd_n"
GDB_W1-F12_3183,GDB_W1-F12,1.5977922954899204,"-1,dsgdb9nsd_003876,2,dsgdb9nsd_c,3,dsgdb9nsd_h,5,dsgdb9nsd_n"
GDB_W1-F12_3184,GDB_W1-F12,1.8546806974403054,"-1,dsgdb9nsd_003877,2,dsgdb9nsd_c,5,dsgdb9nsd_h,5,dsgdb9nsd_n"
GDB_W1-F12_3185,GDB_W1-F12,1.740431042313752,"-1,dsgdb9nsd_003878,2,dsgdb9nsd_c,4,dsgdb9nsd_h,4,dsgdb9nsd_n,1,dsgdb9nsd_o"
GDB_W1-F12_3186,GDB_W1-F12,1.7687695228229714,"-1,dsgdb9nsd_003879,2,dsgdb9nsd_c,4,dsgdb9nsd_h,4,dsgdb9nsd_n,1,dsgdb9nsd_o"
GDB_W1-F12_3187,GDB_W1-F12,1.6527186582378786,"-1,dsgdb9nsd_003880,2,dsgdb9nsd_c,3,dsgdb9nsd_h,3,dsgdb9nsd_n,2,dsgdb9nsd_o"
GDB_W1-F12_3188,GDB_W1-F12,1.9368016296815178,"-1,dsgdb9nsd_003881,3,dsgdb9nsd_c,5,dsgdb9nsd_h,3,dsgdb9nsd_n,1,dsgdb9nsd_o"
GDB_W1-F12_3189,GDB_W1-F12,1.7608491722857225,"-1,dsgdb9nsd_003882,2,dsgdb9nsd_c,4,dsgdb9nsd_h,4,dsgdb9nsd_n,1,dsgdb9nsd_o"
GDB_W1-F12_3190,GDB_W1-F12,1.8365784958488216,"-1,dsgdb9nsd_003883,2,dsgdb9nsd_c,5,dsgdb9nsd_h,5,dsgdb9nsd_n"
GDB_W1-F12_3191,GDB_W1-F12,1.7249809313580198,"-1,dsgdb9nsd_003884,2,dsgdb9nsd_c,4,dsgdb9nsd_h,4,dsgdb9nsd_n,1,dsgdb9nsd_o"
GDB_W1-F12_3192,GDB_W1-F12,1.7159780903914152,"-1,dsgdb9nsd_003885,2,dsgdb9nsd_c,4,dsgdb9nsd_h,4,dsgdb9nsd_n,1,dsgdb9nsd_o"
GDB_W1-F12_3193,GDB_W1-F12,1.5981759757528529,"-1,dsgdb9nsd_003886,2,dsgdb9nsd_c,3,dsgdb9nsd_h,3,dsgdb9nsd_n,2,dsgdb9nsd_o"
GDB_W1-F12_3194,GDB_W1-F12,1.6336275169958347,"-1,dsgdb9nsd_003887,2,dsgdb9nsd_c,3,dsgdb9nsd_h,3,dsgdb9nsd_n,2,dsgdb9nsd_o"
GDB_W1-F12_3195,GDB_W1-F12,1.5163837026132565,"-1,dsgdb9nsd_003888,2,dsgdb9nsd_c,2,dsgdb9nsd_h,2,dsgdb9nsd_n,3,dsgdb9nsd_o"
GDB_W1-F12_3196,GDB_W1-F12,1.9095924484566815,"-1,dsgdb9nsd_003890,3,dsgdb9nsd_c,5,dsgdb9nsd_h,3,dsgdb9nsd_n,1,dsgdb9nsd_o"
GDB_W1-F12_3197,GDB_W1-F12,1.8135615254331385,"-1,dsgdb9nsd_003891,2,dsgdb9nsd_c,5,dsgdb9nsd_h,5,dsgdb9nsd_n"
GDB_W1-F12_3198,GDB_W1-F12,1.6546146790139509,"-1,dsgdb9nsd_003892,2,dsgdb9nsd_c,4,dsgdb9nsd_h,4,dsgdb9nsd_n,1,dsgdb9nsd_o"
GDB_W1-F12_3199,GDB_W1-F12,1.909716588415073,"-1,dsgdb9nsd_003893,4,dsgdb9nsd_c,4,dsgdb9nsd_h,2,dsgdb9nsd_n,1,dsgdb9nsd_o"
GDB_W1-F12_3200,GDB_W1-F12,1.7589240125073624,"-1,dsgdb9nsd_003894,4,dsgdb9nsd_c,3,dsgdb9nsd_h,1,dsgdb9nsd_n,2,dsgdb9nsd_o"
GDB_W1-F12_3201,GDB_W1-F12,1.5645977447124952,"-1,dsgdb9nsd_003896,3,dsgdb9nsd_c,2,dsgdb9nsd_h,2,dsgdb9nsd_n,2,dsgdb9nsd_o"
GDB_W1-F12_3202,GDB_W1-F12,1.5082369824260307,"-1,dsgdb9nsd_003897,3,dsgdb9nsd_c,2,dsgdb9nsd_h,2,dsgdb9nsd_n,2,dsgdb9nsd_o"
GDB_W1-F12_3203,GDB_W1-F12,1.4732639808902777,"-1,dsgdb9nsd_003899,2,dsgdb9nsd_c,1,dsgdb9nsd_h,3,dsgdb9nsd_n,2,dsgdb9nsd_o"
GDB_W1-F12_3204,GDB_W1-F12,1.9246534003477385,"-1,dsgdb9nsd_003901,4,dsgdb9nsd_c,4,dsgdb9nsd_h,2,dsgdb9nsd_n,1,dsgdb9nsd_o"
GDB_W1-F12_3205,GDB_W1-F12,1.7159642802413564,"-1,dsgdb9nsd_003902,3,dsgdb9nsd_c,3,dsgdb9nsd_h,3,dsgdb9nsd_n,1,dsgdb9nsd_o"
GDB_W1-F12_3206,GDB_W1-F12,1.7142434807241578,"-1,dsgdb9nsd_003903,3,dsgdb9nsd_c,3,dsgdb9nsd_h,3,dsgdb9nsd_n,1,dsgdb9nsd_o"
GDB_W1-F12_3207,GDB_W1-F12,1.6927903799241009,"-1,dsgdb9nsd_003904,3,dsgdb9nsd_c,3,dsgdb9nsd_h,3,dsgdb9nsd_n,1,dsgdb9nsd_o"
GDB_W1-F12_3208,GDB_W1-F12,1.4884066015084507,"-1,dsgdb9nsd_003905,2,dsgdb9nsd_c,2,dsgdb9nsd_h,4,dsgdb9nsd_n,1,dsgdb9nsd_o"
GDB_W1-F12_3209,GDB_W1-F12,1.7736870836368899,"-1,dsgdb9nsd_003906,4,dsgdb9nsd_c,3,dsgdb9nsd_h,1,dsgdb9nsd_n,2,dsgdb9nsd_o"
GDB_W1-F12_3210,GDB_W1-F12,1.563256674601545,"-1,dsgdb9nsd_003907,3,dsgdb9nsd_c,2,dsgdb9nsd_h,2,dsgdb9nsd_n,2,dsgdb9nsd_o"
GDB_W1-F12_3211,GDB_W1-F12,1.5626019946054932,"-1,dsgdb9nsd_003908,3,dsgdb9nsd_c,2,dsgdb9nsd_h,2,dsgdb9nsd_n,2,dsgdb9nsd_o"
GDB_W1-F12_3212,GDB_W1-F12,1.5489925640661488,"-1,dsgdb9nsd_003909,3,dsgdb9nsd_c,2,dsgdb9nsd_h,2,dsgdb9nsd_n,2,dsgdb9nsd_o"
GDB_W1-F12_3213,GDB_W1-F12,1.9206751687780246,"-1,dsgdb9nsd_003911,4,dsgdb9nsd_c,4,dsgdb9nsd_h,2,dsgdb9nsd_n,1,dsgdb9nsd_o"
GDB_W1-F12_3214,GDB_W1-F12,1.7696232533595544,"-1,dsgdb9nsd_003912,4,dsgdb9nsd_c,3,dsgdb9nsd_h,1,dsgdb9nsd_n,2,dsgdb9nsd_o"
GDB_W1-F12_3215,GDB_W1-F12,1.5535185642580256,"-1,dsgdb9nsd_003913,3,dsgdb9nsd_c,2,dsgdb9nsd_h,2,dsgdb9nsd_n,2,dsgdb9nsd_o"
GDB_W1-F12_3216,GDB_W1-F12,1.9191664489273512,"-1,dsgdb9nsd_003914,4,dsgdb9nsd_c,4,dsgdb9nsd_h,2,dsgdb9nsd_n,1,dsgdb9nsd_o"
GDB_W1-F12_3217,GDB_W1-F12,1.6941657105536385,"-1,dsgdb9nsd_003915,3,dsgdb9nsd_c,3,dsgdb9nsd_h,3,dsgdb9nsd_n,1,dsgdb9nsd_o"
GDB_W1-F12_3218,GDB_W1-F12,1.7722573633902847,"-1,dsgdb9nsd_003916,4,dsgdb9nsd_c,3,dsgdb9nsd_h,1,dsgdb9nsd_n,2,dsgdb9nsd_o"
GDB_W1-F12_3219,GDB_W1-F12,1.5777100351879905,"-1,dsgdb9nsd_003918,3,dsgdb9nsd_c,2,dsgdb9nsd_h,2,dsgdb9nsd_n,2,dsgdb9nsd_o"
GDB_W1-F12_3220,GDB_W1-F12,1.9143894087010018,"-1,dsgdb9nsd_003919,4,dsgdb9nsd_c,4,dsgdb9nsd_h,2,dsgdb9nsd_n,1,dsgdb9nsd_o"
GDB_W1-F12_3221,GDB_W1-F12,1.700189029971504,"-1,dsgdb9nsd_003920,3,dsgdb9nsd_c,3,dsgdb9nsd_h,3,dsgdb9nsd_n,1,dsgdb9nsd_o"
GDB_W1-F12_3222,GDB_W1-F12,1.7657741226295074,"-1,dsgdb9nsd_003921,4,dsgdb9nsd_c,3,dsgdb9nsd_h,1,dsgdb9nsd_n,2,dsgdb9nsd_o"
GDB_W1-F12_3223,GDB_W1-F12,1.5766632251761035,"-1,dsgdb9nsd_003922,3,dsgdb9nsd_c,2,dsgdb9nsd_h,2,dsgdb9nsd_n,2,dsgdb9nsd_o"
GDB_W1-F12_3224,GDB_W1-F12,1.5329696233526855,"-1,dsgdb9nsd_003923,3,dsgdb9nsd_c,2,dsgdb9nsd_h,2,dsgdb9nsd_n,2,dsgdb9nsd_o"
GDB_W1-F12_3225,GDB_W1-F12,1.321300314616002,"-1,dsgdb9nsd_003924,2,dsgdb9nsd_c,1,dsgdb9nsd_h,3,dsgdb9nsd_n,2,dsgdb9nsd_o"
GDB_W1-F12_3226,GDB_W1-F12,1.917869139430599,"-1,dsgdb9nsd_003925,4,dsgdb9nsd_c,4,dsgdb9nsd_h,2,dsgdb9nsd_n,1,dsgdb9nsd_o"
GDB_W1-F12_3227,GDB_W1-F12,1.693662989856915,"-1,dsgdb9nsd_003926,3,dsgdb9nsd_c,3,dsgdb9nsd_h,3,dsgdb9nsd_n,1,dsgdb9nsd_o"
GDB_W1-F12_3228,GDB_W1-F12,1.723552282011581,"-1,dsgdb9nsd_003927,3,dsgdb9nsd_c,3,dsgdb9nsd_h,3,dsgdb9nsd_n,1,dsgdb9nsd_o"
GDB_W1-F12_3229,GDB_W1-F12,1.716141190717754,"-1,dsgdb9nsd_003928,3,dsgdb9nsd_c,3,dsgdb9nsd_h,3,dsgdb9nsd_n,1,dsgdb9nsd_o"
GDB_W1-F12_3230,GDB_W1-F12,1.4787269511587906,"-1,dsgdb9nsd_003929,2,dsgdb9nsd_c,2,dsgdb9nsd_h,4,dsgdb9nsd_n,1,dsgdb9nsd_o"
GDB_W1-F12_3231,GDB_W1-F12,1.7050638201164372,"-1,dsgdb9nsd_003930,3,dsgdb9nsd_c,3,dsgdb9nsd_h,3,dsgdb9nsd_n,1,dsgdb9nsd_o"
GDB_W1-F12_3232,GDB_W1-F12,1.484569491314048,"-1,dsgdb9nsd_003931,2,dsgdb9nsd_c,2,dsgdb9nsd_h,4,dsgdb9nsd_n,1,dsgdb9nsd_o"
GDB_W1-F12_3233,GDB_W1-F12,1.8141153146815325,"-1,dsgdb9nsd_003933,3,dsgdb9nsd_c,4,dsgdb9nsd_h,2,dsgdb9nsd_n,2,dsgdb9nsd_o"
GDB_W1-F12_3234,GDB_W1-F12,1.7058241002711148,"-1,dsgdb9nsd_003934,3,dsgdb9nsd_c,3,dsgdb9nsd_h,3,dsgdb9nsd_n,1,dsgdb9nsd_o"
GDB_W1-F12_3235,GDB_W1-F12,1.7111014707920311,"-1,dsgdb9nsd_003935,3,dsgdb9nsd_c,3,dsgdb9nsd_h,3,dsgdb9nsd_n,1,dsgdb9nsd_o"
GDB_W1-F12_3236,GDB_W1-F12,1.6493114778073314,"-1,dsgdb9nsd_003937,2,dsgdb9nsd_c,3,dsgdb9nsd_h,3,dsgdb9nsd_n,2,dsgdb9nsd_o"
GDB_W1-F12_3237,GDB_W1-F12,1.481987721210215,"-1,dsgdb9nsd_003939,2,dsgdb9nsd_c,2,dsgdb9nsd_h,4,dsgdb9nsd_n,1,dsgdb9nsd_o"
GDB_W1-F12_3238,GDB_W1-F12,1.6377159476985632,"-1,dsgdb9nsd_003940,2,dsgdb9nsd_c,3,dsgdb9nsd_h,3,dsgdb9nsd_n,2,dsgdb9nsd_o"
GDB_W1-F12_3239,GDB_W1-F12,1.7374133317001605,"-1,dsgdb9nsd_003941,2,dsgdb9nsd_c,4,dsgdb9nsd_h,4,dsgdb9nsd_n,1,dsgdb9nsd_o"
GDB_W1-F12_3240,GDB_W1-F12,1.6592040487669955,"-1,dsgdb9nsd_003942,2,dsgdb9nsd_c,3,dsgdb9nsd_h,3,dsgdb9nsd_n,2,dsgdb9nsd_o"
GDB_W1-F12_3241,GDB_W1-F12,1.5394504835916358,"-1,dsgdb9nsd_003943,2,dsgdb9nsd_c,2,dsgdb9nsd_h,2,dsgdb9nsd_n,3,dsgdb9nsd_o"
GDB_W1-F12_3242,GDB_W1-F12,1.612202436489856,"-1,dsgdb9nsd_003944,2,dsgdb9nsd_c,3,dsgdb9nsd_h,3,dsgdb9nsd_n,2,dsgdb9nsd_o"
GDB_W1-F12_3243,GDB_W1-F12,1.4837511412791433,"-1,dsgdb9nsd_003945,2,dsgdb9nsd_c,2,dsgdb9nsd_h,2,dsgdb9nsd_n,3,dsgdb9nsd_o"
GDB_W1-F12_3244,GDB_W1-F12,1.4018066180079563,"-1,dsgdb9nsd_003946,2,dsgdb9nsd_c,1,dsgdb9nsd_h,1,dsgdb9nsd_n,4,dsgdb9nsd_o"
GDB_W1-F12_3245,GDB_W1-F12,2.128617947961504,"-1,dsgdb9nsd_003947,4,dsgdb9nsd_c,6,dsgdb9nsd_h,2,dsgdb9nsd_n,1,dsgdb9nsd_o"
GDB_W1-F12_3246,GDB_W1-F12,1.9869148714729765,"-1,dsgdb9nsd_003948,4,dsgdb9nsd_c,5,dsgdb9nsd_h,1,dsgdb9nsd_n,2,dsgdb9nsd_o"
GDB_W1-F12_3247,GDB_W1-F12,1.9061103990369925,"-1,dsgdb9nsd_003949,3,dsgdb9nsd_c,5,dsgdb9nsd_h,3,dsgdb9nsd_n,1,dsgdb9nsd_o"
GDB_W1-F12_3248,GDB_W1-F12,1.7729970828992139,"-1,dsgdb9nsd_003950,3,dsgdb9nsd_c,4,dsgdb9nsd_h,2,dsgdb9nsd_n,2,dsgdb9nsd_o"
GDB_W1-F12_3249,GDB_W1-F12,2.1268207974058266,"-1,dsgdb9nsd_003951,4,dsgdb9nsd_c,6,dsgdb9nsd_h,2,dsgdb9nsd_n,1,dsgdb9nsd_o"
GDB_W1-F12_3250,GDB_W1-F12,1.9104211594506935,"-1,dsgdb9nsd_003952,3,dsgdb9nsd_c,5,dsgdb9nsd_h,3,dsgdb9nsd_n,1,dsgdb9nsd_o"
GDB_W1-F12_3251,GDB_W1-F12,1.9829387625803776,"-1,dsgdb9nsd_003953,4,dsgdb9nsd_c,5,dsgdb9nsd_h,1,dsgdb9nsd_n,2,dsgdb9nsd_o"
GDB_W1-F12_3252,GDB_W1-F12,1.771982873510657,"-1,dsgdb9nsd_003954,3,dsgdb9nsd_c,4,dsgdb9nsd_h,2,dsgdb9nsd_n,2,dsgdb9nsd_o"
GDB_W1-F12_3253,GDB_W1-F12,1.8004441840378866,"-1,dsgdb9nsd_003956,3,dsgdb9nsd_c,4,dsgdb9nsd_h,2,dsgdb9nsd_n,2,dsgdb9nsd_o"
GDB_W1-F12_3254,GDB_W1-F12,2.1278505874356393,"-1,dsgdb9nsd_003957,4,dsgdb9nsd_c,6,dsgdb9nsd_h,2,dsgdb9nsd_n,1,dsgdb9nsd_o"
GDB_W1-F12_3255,GDB_W1-F12,1.9409259897222595,"-1,dsgdb9nsd_003958,3,dsgdb9nsd_c,5,dsgdb9nsd_h,3,dsgdb9nsd_n,1,dsgdb9nsd_o"
GDB_W1-F12_3256,GDB_W1-F12,1.9153091493963346,"-1,dsgdb9nsd_003959,3,dsgdb9nsd_c,5,dsgdb9nsd_h,3,dsgdb9nsd_n,1,dsgdb9nsd_o"
GDB_W1-F12_3257,GDB_W1-F12,1.9856987623438782,"-1,dsgdb9nsd_003960,4,dsgdb9nsd_c,5,dsgdb9nsd_h,1,dsgdb9nsd_n,2,dsgdb9nsd_o"
GDB_W1-F12_3258,GDB_W1-F12,1.799724653865571,"-1,dsgdb9nsd_003961,3,dsgdb9nsd_c,4,dsgdb9nsd_h,2,dsgdb9nsd_n,2,dsgdb9nsd_o"
GDB_W1-F12_3259,GDB_W1-F12,1.7548054324590352,"-1,dsgdb9nsd_003962,3,dsgdb9nsd_c,4,dsgdb9nsd_h,2,dsgdb9nsd_n,2,dsgdb9nsd_o"
GDB_W1-F12_3260,GDB_W1-F12,1.5449739439428791,"-1,dsgdb9nsd_003963,2,dsgdb9nsd_c,3,dsgdb9nsd_h,3,dsgdb9nsd_n,2,dsgdb9nsd_o"
GDB_W1-F12_3261,GDB_W1-F12,2.1987106203723665,"-1,dsgdb9nsd_004208,6,dsgdb9nsd_c,5,dsgdb9nsd_h,1,dsgdb9nsd_f"
GDB_W1-F12_3262,GDB_W1-F12,1.9919718022942259,"-1,dsgdb9nsd_004209,5,dsgdb9nsd_c,4,dsgdb9nsd_h,1,dsgdb9nsd_f,1,dsgdb9nsd_n"
GDB_W1-F12_3263,GDB_W1-F12,1.988715272975587,"-1,dsgdb9nsd_004210,5,dsgdb9nsd_c,4,dsgdb9nsd_h,1,dsgdb9nsd_f,1,dsgdb9nsd_n"
GDB_W1-F12_3264,GDB_W1-F12,1.7863668141093563,"-1,dsgdb9nsd_004211,4,dsgdb9nsd_c,3,dsgdb9nsd_h,1,dsgdb9nsd_f,2,dsgdb9nsd_n"
GDB_W1-F12_3265,GDB_W1-F12,1.7825396543623304,"-1,dsgdb9nsd_004212,4,dsgdb9nsd_c,3,dsgdb9nsd_h,1,dsgdb9nsd_f,2,dsgdb9nsd_n"
GDB_W1-F12_3266,GDB_W1-F12,1.999753562095247,"-1,dsgdb9nsd_004213,5,dsgdb9nsd_c,4,dsgdb9nsd_h,1,dsgdb9nsd_f,1,dsgdb9nsd_n"
GDB_W1-F12_3267,GDB_W1-F12,1.798690024068192,"-1,dsgdb9nsd_004214,4,dsgdb9nsd_c,3,dsgdb9nsd_h,1,dsgdb9nsd_f,2,dsgdb9nsd_n"
GDB_W1-F12_3268,GDB_W1-F12,1.7863668141093563,"-1,dsgdb9nsd_004215,4,dsgdb9nsd_c,3,dsgdb9nsd_h,1,dsgdb9nsd_f,2,dsgdb9nsd_n"
GDB_W1-F12_3269,GDB_W1-F12,1.7968386448491926,"-1,dsgdb9nsd_004216,4,dsgdb9nsd_c,3,dsgdb9nsd_h,1,dsgdb9nsd_f,2,dsgdb9nsd_n"
GDB_W1-F12_3270,GDB_W1-F12,1.5994838364847237,"-1,dsgdb9nsd_004217,3,dsgdb9nsd_c,2,dsgdb9nsd_h,1,dsgdb9nsd_f,3,dsgdb9nsd_n"
GDB_W1-F12_3271,GDB_W1-F12,1.5461893139596306,"-1,dsgdb9nsd_004218,3,dsgdb9nsd_c,2,dsgdb9nsd_h,1,dsgdb9nsd_f,3,dsgdb9nsd_n"
GDB_W1-F12_3272,GDB_W1-F12,1.5512987241479035,"-1,dsgdb9nsd_004219,3,dsgdb9nsd_c,2,dsgdb9nsd_h,1,dsgdb9nsd_f,3,dsgdb9nsd_n"
GDB_W1-F12_3273,GDB_W1-F12,1.2843642330776,"-1,dsgdb9nsd_004220,2,dsgdb9nsd_c,1,dsgdb9nsd_h,1,dsgdb9nsd_f,4,dsgdb9nsd_n"
GDB_W1-F12_3274,GDB_W1-F12,1.5512716040792776,"-1,dsgdb9nsd_004221,3,dsgdb9nsd_c,2,dsgdb9nsd_h,1,dsgdb9nsd_f,3,dsgdb9nsd_n"
GDB_W1-F12_3275,GDB_W1-F12,1.3222317046972043,"-1,dsgdb9nsd_004222,2,dsgdb9nsd_c,1,dsgdb9nsd_h,1,dsgdb9nsd_f,4,dsgdb9nsd_n"
GDB_W1-F12_3276,GDB_W1-F12,1.6600062486074907,"-1,dsgdb9nsd_004223,4,dsgdb9nsd_c,3,dsgdb9nsd_h,3,dsgdb9nsd_f"
GDB_W1-F12_3277,GDB_W1-F12,1.6647282490273865,"-1,dsgdb9nsd_004224,4,dsgdb9nsd_c,3,dsgdb9nsd_h,3,dsgdb9nsd_f"
GDB_W1-F12_3278,GDB_W1-F12,1.517136992753948,"-1,dsgdb9nsd_004225,3,dsgdb9nsd_c,2,dsgdb9nsd_h,3,dsgdb9nsd_f,1,dsgdb9nsd_n"
GDB_W1-F12_3279,GDB_W1-F12,2.6455134601541794,"-1,dsgdb9nsd_005337,8,dsgdb9nsd_c,6,dsgdb9nsd_h"
GDB_W1-F12_3280,GDB_W1-F12,2.437266741336505,"-1,dsgdb9nsd_005338,7,dsgdb9nsd_c,5,dsgdb9nsd_h,1,dsgdb9nsd_n"
GDB_W1-F12_3281,GDB_W1-F12,2.4375539704660247,"-1,dsgdb9nsd_005339,7,dsgdb9nsd_c,5,dsgdb9nsd_h,1,dsgdb9nsd_n"
GDB_W1-F12_3282,GDB_W1-F12,2.224722761502907,"-1,dsgdb9nsd_005340,6,dsgdb9nsd_c,4,dsgdb9nsd_h,2,dsgdb9nsd_n"
GDB_W1-F12_3283,GDB_W1-F12,2.2333840124077504,"-1,dsgdb9nsd_005341,6,dsgdb9nsd_c,4,dsgdb9nsd_h,2,dsgdb9nsd_n"
GDB_W1-F12_3284,GDB_W1-F12,2.4359559308483725,"-1,dsgdb9nsd_005342,7,dsgdb9nsd_c,5,dsgdb9nsd_h,1,dsgdb9nsd_n"
GDB_W1-F12_3285,GDB_W1-F12,2.229539281611273,"-1,dsgdb9nsd_005343,6,dsgdb9nsd_c,4,dsgdb9nsd_h,2,dsgdb9nsd_n"
GDB_W1-F12_3286,GDB_W1-F12,2.22472436147875,"-1,dsgdb9nsd_005344,6,dsgdb9nsd_c,4,dsgdb9nsd_h,2,dsgdb9nsd_n"
GDB_W1-F12_3287,GDB_W1-F12,2.029241993369881,"-1,dsgdb9nsd_005346,5,dsgdb9nsd_c,3,dsgdb9nsd_h,3,dsgdb9nsd_n"
GDB_W1-F12_3288,GDB_W1-F12,2.28949017407605,"-1,dsgdb9nsd_005348,6,dsgdb9nsd_c,4,dsgdb9nsd_h,2,dsgdb9nsd_n"
GDB_W1-F12_3289,GDB_W1-F12,2.290654283990238,"-1,dsgdb9nsd_005349,6,dsgdb9nsd_c,4,dsgdb9nsd_h,2,dsgdb9nsd_n"
GDB_W1-F12_3290,GDB_W1-F12,2.0757026257669824,"-1,dsgdb9nsd_005350,5,dsgdb9nsd_c,3,dsgdb9nsd_h,3,dsgdb9nsd_n"
GDB_W1-F12_3291,GDB_W1-F12,2.0845641859981323,"-1,dsgdb9nsd_005351,5,dsgdb9nsd_c,3,dsgdb9nsd_h,3,dsgdb9nsd_n"
GDB_W1-F12_3292,GDB_W1-F12,2.2890404039742953,"-1,dsgdb9nsd_005352,6,dsgdb9nsd_c,4,dsgdb9nsd_h,2,dsgdb9nsd_n"
GDB_W1-F12_3293,GDB_W1-F12,2.08080298541461,"-1,dsgdb9nsd_005353,5,dsgdb9nsd_c,3,dsgdb9nsd_h,3,dsgdb9nsd_n"
GDB_W1-F12_3294,GDB_W1-F12,2.082060016635026,"-1,dsgdb9nsd_005355,5,dsgdb9nsd_c,3,dsgdb9nsd_h,3,dsgdb9nsd_n"
GDB_W1-F12_3295,GDB_W1-F12,1.8774032770816074,"-1,dsgdb9nsd_005356,4,dsgdb9nsd_c,2,dsgdb9nsd_h,4,dsgdb9nsd_n"
GDB_W1-F12_3296,GDB_W1-F12,2.34830056742554,"-1,dsgdb9nsd_008605,7,dsgdb9nsd_c,5,dsgdb9nsd_h,1,dsgdb9nsd_n"
GDB_W1-F12_3297,GDB_W1-F12,2.198568600205845,"-1,dsgdb9nsd_008606,6,dsgdb9nsd_c,4,dsgdb9nsd_h,2,dsgdb9nsd_n"
GDB_W1-F12_3298,GDB_W1-F12,2.0451552750218567,"-1,dsgdb9nsd_008607,5,dsgdb9nsd_c,3,dsgdb9nsd_h,3,dsgdb9nsd_n"
GDB_W1-F12_3299,GDB_W1-F12,2.2845464638561412,"-1,dsgdb9nsd_008608,7,dsgdb9nsd_c,5,dsgdb9nsd_h,1,dsgdb9nsd_n"
GDB_W1-F12_3300,GDB_W1-F12,2.137055258024322,"-1,dsgdb9nsd_008609,6,dsgdb9nsd_c,4,dsgdb9nsd_h,2,dsgdb9nsd_n"
GDB_W1-F12_3301,GDB_W1-F12,1.986553541470207,"-1,dsgdb9nsd_008610,5,dsgdb9nsd_c,3,dsgdb9nsd_h,3,dsgdb9nsd_n"
GDB_W1-F12_3302,GDB_W1-F12,1.8315985455386194,"-1,dsgdb9nsd_008611,4,dsgdb9nsd_c,2,dsgdb9nsd_h,4,dsgdb9nsd_n"
GDB_W1-F12_3303,GDB_W1-F12,2.1730687190702334,"-1,dsgdb9nsd_008612,7,dsgdb9nsd_c,4,dsgdb9nsd_h,1,dsgdb9nsd_o"
GDB_W1-F12_3304,GDB_W1-F12,2.0242493133713944,"-1,dsgdb9nsd_008613,6,dsgdb9nsd_c,3,dsgdb9nsd_h,1,dsgdb9nsd_n,1,dsgdb9nsd_o"
GDB_W1-F12_3305,GDB_W1-F12,1.8719641066131254,"-1,dsgdb9nsd_008614,5,dsgdb9nsd_c,2,dsgdb9nsd_h,2,dsgdb9nsd_n,1,dsgdb9nsd_o"
GDB_W1-F12_3306,GDB_W1-F12,1.9284007891876003,"-1,dsgdb9nsd_008718,6,dsgdb9nsd_c,2,dsgdb9nsd_h,2,dsgdb9nsd_o"
GDB_W1-F12_3307,GDB_W1-F12,1.773578494041327,"-1,dsgdb9nsd_008719,5,dsgdb9nsd_c,1,dsgdb9nsd_h,1,dsgdb9nsd_n,2,dsgdb9nsd_o"
GDB_W1-F12_3308,GDB_W1-F12,1.6153958066027163,"-1,dsgdb9nsd_008720,4,dsgdb9nsd_c,2,dsgdb9nsd_n,2,dsgdb9nsd_o"
GDB_W1-F12_3309,GDB_W1-F12,1.9814185512697373,"-1,dsgdb9nsd_008959,7,dsgdb9nsd_c,2,dsgdb9nsd_h,1,dsgdb9nsd_o"
GDB_W1-F12_3310,GDB_W1-F12,1.8275652550392347,"-1,dsgdb9nsd_008961,6,dsgdb9nsd_c,1,dsgdb9nsd_h,1,dsgdb9nsd_n,1,dsgdb9nsd_o"
GDB_W1-F12_3311,GDB_W1-F12,1.6692559687152144,"-1,dsgdb9nsd_008962,5,dsgdb9nsd_c,2,dsgdb9nsd_n,1,dsgdb9nsd_o"
GDB_W1-F12_3312,GDB_W1-F12,1.9263361988450547,"-1,dsgdb9nsd_008974,6,dsgdb9nsd_c,2,dsgdb9nsd_h,2,dsgdb9nsd_o"
GDB_W1-F12_3313,GDB_W1-F12,1.7709762831305738,"-1,dsgdb9nsd_008975,5,dsgdb9nsd_c,1,dsgdb9nsd_h,1,dsgdb9nsd_n,2,dsgdb9nsd_o"
GDB_W1-F12_3314,GDB_W1-F12,1.9363007097544185,"-1,dsgdb9nsd_008977,6,dsgdb9nsd_c,2,dsgdb9nsd_h,2,dsgdb9nsd_o"
GDB_W1-F12_3315,GDB_W1-F12,1.7745381640142819,"-1,dsgdb9nsd_008978,5,dsgdb9nsd_c,1,dsgdb9nsd_h,1,dsgdb9nsd_n,2,dsgdb9nsd_o"
GDB_W1-F12_3316,GDB_W1-F12,2.5126280832044334,"-1,dsgdb9nsd_009020,8,dsgdb9nsd_c,6,dsgdb9nsd_h"
GDB_W1-F12_3317,GDB_W1-F12,2.3621668871540735,"-1,dsgdb9nsd_009021,7,dsgdb9nsd_c,5,dsgdb9nsd_h,1,dsgdb9nsd_n"
GDB_W1-F12_3318,GDB_W1-F12,2.3673737376241712,"-1,dsgdb9nsd_009022,7,dsgdb9nsd_c,5,dsgdb9nsd_h,1,dsgdb9nsd_n"
GDB_W1-F12_3319,GDB_W1-F12,2.214739621392737,"-1,dsgdb9nsd_009023,6,dsgdb9nsd_c,4,dsgdb9nsd_h,2,dsgdb9nsd_n"
GDB_W1-F12_3320,GDB_W1-F12,2.152513939368586,"-1,dsgdb9nsd_009024,6,dsgdb9nsd_c,4,dsgdb9nsd_h,2,dsgdb9nsd_n"
GDB_W1-F12_3321,GDB_W1-F12,2.1571129488167267,"-1,dsgdb9nsd_009025,6,dsgdb9nsd_c,4,dsgdb9nsd_h,2,dsgdb9nsd_n"
GDB_W1-F12_3322,GDB_W1-F12,2.0037178926796204,"-1,dsgdb9nsd_009026,5,dsgdb9nsd_c,3,dsgdb9nsd_h,3,dsgdb9nsd_n"
GDB_W1-F12_3323,GDB_W1-F12,2.1930298105242922,"-1,dsgdb9nsd_009027,7,dsgdb9nsd_c,4,dsgdb9nsd_h,1,dsgdb9nsd_o"
GDB_W1-F12_3324,GDB_W1-F12,2.0411023545399636,"-1,dsgdb9nsd_009028,6,dsgdb9nsd_c,3,dsgdb9nsd_h,1,dsgdb9nsd_n,1,dsgdb9nsd_o"
GDB_W1-F12_3325,GDB_W1-F12,2.045095384292627,"-1,dsgdb9nsd_009029,6,dsgdb9nsd_c,3,dsgdb9nsd_h,1,dsgdb9nsd_n,1,dsgdb9nsd_o"
GDB_W1-F12_3326,GDB_W1-F12,1.8906709588364872,"-1,dsgdb9nsd_009030,5,dsgdb9nsd_c,2,dsgdb9nsd_h,2,dsgdb9nsd_n,1,dsgdb9nsd_o"
GDB_W1-F12_3327,GDB_W1-F12,2.3571229680885626,"-1,dsgdb9nsd_009970,7,dsgdb9nsd_c,5,dsgdb9nsd_h,1,dsgdb9nsd_n"
GDB_W1-F12_3328,GDB_W1-F12,2.2087575013528395,"-1,dsgdb9nsd_009971,6,dsgdb9nsd_c,4,dsgdb9nsd_h,2,dsgdb9nsd_n"
GDB_W1-F12_3329,GDB_W1-F12,2.355910957702362,"-1,dsgdb9nsd_009973,7,dsgdb9nsd_c,5,dsgdb9nsd_h,1,dsgdb9nsd_n"
GDB_W1-F12_3330,GDB_W1-F12,2.2067041618364436,"-1,dsgdb9nsd_009974,6,dsgdb9nsd_c,4,dsgdb9nsd_h,2,dsgdb9nsd_n"
GDB_W1-F12_3331,GDB_W1-F12,2.4999054641364755,"-1,dsgdb9nsd_010004,8,dsgdb9nsd_c,6,dsgdb9nsd_h"
GDB_W1-F12_3332,GDB_W1-F12,2.3540569777258162,"-1,dsgdb9nsd_010005,7,dsgdb9nsd_c,5,dsgdb9nsd_h,1,dsgdb9nsd_n"
GDB_W1-F12_3333,GDB_W1-F12,1.8921331279955658,"-1,dsgdb9nsd_014563,7,dsgdb9nsd_c,1,dsgdb9nsd_h,1,dsgdb9nsd_n"
GDB_W1-F12_3334,GDB_W1-F12,2.5034246938713065,"-1,dsgdb9nsd_014565,8,dsgdb9nsd_c,6,dsgdb9nsd_h"
GDB_W1-F12_3335,GDB_W1-F12,2.3591411878164754,"-1,dsgdb9nsd_014566,7,dsgdb9nsd_c,5,dsgdb9nsd_h,1,dsgdb9nsd_n"
GDB_W1-F12_3336,GDB_W1-F12,2.2137552617527088,"-1,dsgdb9nsd_014567,6,dsgdb9nsd_c,4,dsgdb9nsd_h,2,dsgdb9nsd_n"
GDB_W1-F12_3337,GDB_W1-F12,2.5168178446481764,"-1,dsgdb9nsd_014569,8,dsgdb9nsd_c,6,dsgdb9nsd_h"
GDB_W1-F12_3338,GDB_W1-F12,2.3665501978668244,"-1,dsgdb9nsd_014570,7,dsgdb9nsd_c,5,dsgdb9nsd_h,1,dsgdb9nsd_n"
GDB_W1-F12_3339,GDB_W1-F12,2.22111367177021,"-1,dsgdb9nsd_014571,6,dsgdb9nsd_c,4,dsgdb9nsd_h,2,dsgdb9nsd_n"
GDB_W1-F12_3340,GDB_W1-F12,1.9904210719224533,"-1,dsgdb9nsd_014582,7,dsgdb9nsd_c,2,dsgdb9nsd_h,1,dsgdb9nsd_o"
GDB_W1-F12_3341,GDB_W1-F12,1.9345850002002118,"-1,dsgdb9nsd_014584,6,dsgdb9nsd_c,2,dsgdb9nsd_h,2,dsgdb9nsd_o"
GDB_W1-F12_3342,GDB_W1-F12,2.52000228421858,"-1,dsgdb9nsd_014634,8,dsgdb9nsd_c,6,dsgdb9nsd_h"
GDB_W1-F12_3343,GDB_W1-F12,2.375144058554073,"-1,dsgdb9nsd_014635,7,dsgdb9nsd_c,5,dsgdb9nsd_h,1,dsgdb9nsd_n"
GDB_W1-F12_3344,GDB_W1-F12,2.368779137919236,"-1,dsgdb9nsd_014638,7,dsgdb9nsd_c,5,dsgdb9nsd_h,1,dsgdb9nsd_n"
GDB_W1-F12_3345,GDB_W1-F12,2.5281655346741587,"-1,dsgdb9nsd_014656,8,dsgdb9nsd_c,6,dsgdb9nsd_h"
GDB_W1-F12_3346,GDB_W1-F12,2.3765395785202243,"-1,dsgdb9nsd_014657,7,dsgdb9nsd_c,5,dsgdb9nsd_h,1,dsgdb9nsd_n"
GDB_W1-F12_3347,GDB_W1-F12,2.2059692805014794,"-1,dsgdb9nsd_014658,7,dsgdb9nsd_c,4,dsgdb9nsd_h,1,dsgdb9nsd_o"
GDB_W1-F12_3348,GDB_W1-F12,2.0535194244362738,"-1,dsgdb9nsd_014659,6,dsgdb9nsd_c,3,dsgdb9nsd_h,1,dsgdb9nsd_n,1,dsgdb9nsd_o"
GDB_W1-F12_3349,GDB_W1-F12,2.2540554134562067,"-1,dsgdb9nsd_019631,7,dsgdb9nsd_c,5,dsgdb9nsd_h,1,dsgdb9nsd_n"
GDB_W1-F12_3350,GDB_W1-F12,2.2544435828943885,"-1,dsgdb9nsd_019632,7,dsgdb9nsd_c,5,dsgdb9nsd_h,1,dsgdb9nsd_n"
GDB_W1-F12_3351,GDB_W1-F12,2.464630712256182,"-1,dsgdb9nsd_019633,8,dsgdb9nsd_c,6,dsgdb9nsd_h"
GDB_W1-F12_3352,GDB_W1-F12,2.2533279838015647,"-1,dsgdb9nsd_019634,7,dsgdb9nsd_c,5,dsgdb9nsd_h,1,dsgdb9nsd_n"
GDB_W1-F12_3353,GDB_W1-F12,2.107008157893692,"-1,dsgdb9nsd_019635,6,dsgdb9nsd_c,4,dsgdb9nsd_h,2,dsgdb9nsd_n"
GDB_W1-F12_3354,GDB_W1-F12,2.108533287058369,"-1,dsgdb9nsd_019636,6,dsgdb9nsd_c,4,dsgdb9nsd_h,2,dsgdb9nsd_n"
GDB_W1-F12_3355,GDB_W1-F12,2.3204459855864634,"-1,dsgdb9nsd_019637,7,dsgdb9nsd_c,5,dsgdb9nsd_h,1,dsgdb9nsd_n"
GDB_W1-F12_3356,GDB_W1-F12,2.106184876299778,"-1,dsgdb9nsd_019638,6,dsgdb9nsd_c,4,dsgdb9nsd_h,2,dsgdb9nsd_n"
GDB_W1-F12_3357,GDB_W1-F12,1.9874472220012303,"-1,dsgdb9nsd_020306,5,dsgdb9nsd_c,3,dsgdb9nsd_h,3,dsgdb9nsd_n"
GDB_W1-F12_3358,GDB_W1-F12,1.9879800522035167,"-1,dsgdb9nsd_020307,5,dsgdb9nsd_c,3,dsgdb9nsd_h,3,dsgdb9nsd_n"
GDB_W1-F12_3359,GDB_W1-F12,1.724434342000921,"-1,dsgdb9nsd_020308,4,dsgdb9nsd_c,2,dsgdb9nsd_h,4,dsgdb9nsd_n"
GDB_W1-F12_3360,GDB_W1-F12,1.9851019920711093,"-1,dsgdb9nsd_020309,5,dsgdb9nsd_c,3,dsgdb9nsd_h,3,dsgdb9nsd_n"
GDB_W1-F12_3361,GDB_W1-F12,1.755100882978372,"-1,dsgdb9nsd_020310,4,dsgdb9nsd_c,2,dsgdb9nsd_h,4,dsgdb9nsd_n"
GDB_W1-F12_3362,GDB_W1-F12,1.8359625258659318,"-1,dsgdb9nsd_021322,4,dsgdb9nsd_c,2,dsgdb9nsd_h,4,dsgdb9nsd_n"
GDB_W1-F12_3363,GDB_W1-F12,1.8354368859933319,"-1,dsgdb9nsd_021323,4,dsgdb9nsd_c,2,dsgdb9nsd_h,4,dsgdb9nsd_n"
GDB_W1-F12_3364,GDB_W1-F12,1.5694374149095855,"-1,dsgdb9nsd_021324,3,dsgdb9nsd_c,1,dsgdb9nsd_h,5,dsgdb9nsd_n"
GDB_W1-F12_3365,GDB_W1-F12,1.8339816856533406,"-1,dsgdb9nsd_021325,4,dsgdb9nsd_c,2,dsgdb9nsd_h,4,dsgdb9nsd_n"
GDB_W1-F12_3366,GDB_W1-F12,1.6004412164524124,"-1,dsgdb9nsd_021326,3,dsgdb9nsd_c,1,dsgdb9nsd_h,5,dsgdb9nsd_n"
