Reaction,Dataset,Reference,Reference_in_kcal_mol,Stoichiometry
ISOC7_0001_C5H6_1,ISOC7,0.1457174812165549,91.4391,"1,C5H6_1,-1,C5H6_20"
ISOC7_0002_C5H6_2,ISOC7,0.1436564764772544,90.1458,"1,C5H6_2,-1,C5H6_20"
ISOC7_0003_C5H6_3,ISOC7,0.1105337893161838,69.361,"1,C5H6_3,-1,C5H6_20"
ISOC7_0004_C5H6_4,ISOC7,0.09875611853115781,61.9704,"1,C5H6_4,-1,C5H6_20"
ISOC7_0005_C5H6_5,ISOC7,0.09041887388985392,56.7387,"1,C5H6_5,-1,C5H6_20"
ISOC7_0006_C5H6_6,ISOC7,0.08504843704500539,53.3687,"1,C5H6_6,-1,C5H6_20"
ISOC7_0007_C5H6_7,ISOC7,0.08175860623714030,51.3043,"1,C5H6_7,-1,C5H6_20"
ISOC7_0008_C5H6_8,ISOC7,0.08077503542982858,50.6871,"1,C5H6_8,-1,C5H6_20"
ISOC7_0009_C5H6_9,ISOC7,0.07802431998831728,48.961,"1,C5H6_9,-1,C5H6_20"
ISOC7_0010_C5H6_10,ISOC7,0.07758177686908451,48.6833,"1,C5H6_10,-1,C5H6_20"
ISOC7_0011_C5H6_11,ISOC7,0.07493671720288879,47.0235,"1,C5H6_11,-1,C5H6_20"
ISOC7_0012_C5H6_12,ISOC7,0.07476524568819867,46.9159,"1,C5H6_12,-1,C5H6_20"
ISOC7_0013_C5H6_13,ISOC7,0.06303729526802706,39.5565,"1,C5H6_13,-1,C5H6_20"
ISOC7_0014_C5H6_14,ISOC7,0.05573190755759540,34.9723,"1,C5H6_14,-1,C5H6_20"
ISOC7_0015_C5H6_15,ISOC7,0.04870109737486921,30.5604,"1,C5H6_15,-1,C5H6_20"
ISOC7_0016_C5H6_16,ISOC7,0.04857392798014550,30.4806,"1,C5H6_16,-1,C5H6_20"
ISOC7_0017_C5H6_17,ISOC7,0.04848946710395055,30.4276,"1,C5H6_17,-1,C5H6_20"
ISOC7_0018_C5H6_18,ISOC7,0.04560281745980852,28.6162,"1,C5H6_18,-1,C5H6_20"
ISOC7_0019_C5H6_19,ISOC7,0.04545254084423902,28.5219,"1,C5H6_19,-1,C5H6_20"
ISOC7_0020_C5H6_20,ISOC7,0e-42,0,"1,C5H6_20,-1,C5H6_20"
ISOC7_0021_C5H8_1,ISOC7,0.07812662920061381,49.0252,"1,C5H8_1,-1,C5H8_25"
ISOC7_0022_C5H8_2,ISOC7,0.07457066695266276,46.7938,"1,C5H8_2,-1,C5H8_25"
ISOC7_0023_C5H8_3,ISOC7,0.07268224924905875,45.6088,"1,C5H8_3,-1,C5H8_25"
ISOC7_0024_C5H8_4,ISOC7,0.06996133415443133,43.9014,"1,C5H8_4,-1,C5H8_25"
ISOC7_0025_C5H8_5,ISOC7,0.06524411453887164,40.9413,"1,C5H8_5,-1,C5H8_25"
ISOC7_0026_C5H8_6,ISOC7,0.06184512203252819,38.8084,"1,C5H8_6,-1,C5H8_25"
ISOC7_0027_C5H8_7,ISOC7,0.06076561641867050,38.131,"1,C5H8_7,-1,C5H8_25"
ISOC7_0028_C5H8_8,ISOC7,0.05838047314695394,36.6343,"1,C5H8_8,-1,C5H8_25"
ISOC7_0029_C5H8_9,ISOC7,0.05180654849639929,32.5091,"1,C5H8_9,-1,C5H8_25"
ISOC7_0030_C5H8_10,ISOC7,0.05079572710450391,31.8748,"1,C5H8_10,-1,C5H8_25"
ISOC7_0031_C5H8_11,ISOC7,0.04642782492407502,29.1339,"1,C5H8_11,-1,C5H8_25"
ISOC7_0032_C5H8_12,ISOC7,0.04425032791968302,27.7675,"1,C5H8_12,-1,C5H8_25"
ISOC7_0033_C5H8_13,ISOC7,0.04348890515277838,27.2897,"1,C5H8_13,-1,C5H8_25"
ISOC7_0034_C5H8_14,ISOC7,0.04303648170463224,27.0058,"1,C5H8_14,-1,C5H8_25"
ISOC7_0035_C5H8_15,ISOC7,0.04124065224455514,25.8789,"1,C5H8_15,-1,C5H8_25"
ISOC7_0036_C5H8_16,ISOC7,0.03950665452025849,24.7908,"1,C5H8_16,-1,C5H8_25"
ISOC7_0037_C5H8_17,ISOC7,0.03839878280081081,24.0956,"1,C5H8_17,-1,C5H8_25"
ISOC7_0038_C5H8_18,ISOC7,0.03784548438166202,23.7484,"1,C5H8_18,-1,C5H8_25"
ISOC7_0039_C5H8_19,ISOC7,0.03600312175960582,22.5923,"1,C5H8_19,-1,C5H8_25"
ISOC7_0040_C5H8_20,ISOC7,0.03506927131714848,22.0063,"1,C5H8_20,-1,C5H8_25"
ISOC7_0041_C5H8_21,ISOC7,0.03380076457278663,21.2103,"1,C5H8_21,-1,C5H8_25"
ISOC7_0042_C5H8_22,ISOC7,0.02978042686590714,18.6875,"1,C5H8_22,-1,C5H8_25"
ISOC7_0043_C5H8_23,ISOC7,0.01938934869177215,12.167,"1,C5H8_23,-1,C5H8_25"
ISOC7_0044_C5H8_24,ISOC7,0.01857932108101948,11.6587,"1,C5H8_24,-1,C5H8_25"
ISOC7_0045_C5H8_25,ISOC7,0e-42,0,"1,C5H8_25,-1,C5H8_25"
ISOC7_0046_C5H10_1,ISOC7,0.03187919995927969,20.0045,"1,C5H10_1,-1,C5H10_10"
ISOC7_0047_C5H10_2,ISOC7,0.02963317809306915,18.5951,"1,C5H10_2,-1,C5H10_10"
ISOC7_0048_C5H10_3,ISOC7,0.02836546814942612,17.7996,"1,C5H10_3,-1,C5H10_10"
ISOC7_0049_C5H10_4,ISOC7,0.02793471768083189,17.5293,"1,C5H10_4,-1,C5H10_10"
ISOC7_0050_C5H10_5,ISOC7,0.02359948432987463,14.8089,"1,C5H10_5,-1,C5H10_10"
ISOC7_0051_C5H10_6,ISOC7,0.02169879589520079,13.6162,"1,C5H10_6,-1,C5H10_10"
ISOC7_0052_C5H10_7,ISOC7,0.02019061149461780,12.6698,"1,C5H10_7,-1,C5H10_10"
ISOC7_0053_C5H10_8,ISOC7,0.01842123581840554,11.5595,"1,C5H10_8,-1,C5H10_10"
ISOC7_0054_C5H10_9,ISOC7,0.01681345132797002,10.5506,"1,C5H10_9,-1,C5H10_10"
ISOC7_0055_C5H10_10,ISOC7,0e-42,0,"1,C5H10_10,-1,C5H10_10"
ISOC7_0056_C6H6_1,ISOC7,0.2330425372753735,146.2364,"1,C6H6_1,-1,C6H6_56"
ISOC7_0057_C6H6_2,ISOC7,0.2111663735401633,132.5089,"1,C6H6_2,-1,C6H6_56"
ISOC7_0058_C6H6_3,ISOC7,0.2093050470609992,131.3409,"1,C6H6_3,-1,C6H6_56"
ISOC7_0059_C6H6_4,ISOC7,0.2032586044863036,127.5467,"1,C6H6_4,-1,C6H6_56"
ISOC7_0060_C6H6_5,ISOC7,0.1973264231346867,123.8242,"1,C6H6_5,-1,C6H6_56"
ISOC7_0061_C6H6_6,ISOC7,0.1939279087087746,121.6916,"1,C6H6_6,-1,C6H6_56"
ISOC7_0062_C6H6_7,ISOC7,0.1913775089679747,120.0912,"1,C6H6_7,-1,C6H6_56"
ISOC7_0063_C6H6_8,ISOC7,0.1877915870129960,117.841,"1,C6H6_8,-1,C6H6_56"
ISOC7_0064_C6H6_9,ISOC7,0.1839926005458048,115.4571,"1,C6H6_9,-1,C6H6_56"
ISOC7_0065_C6H6_10,ISOC7,0.1833629686177930,115.062,"1,C6H6_10,-1,C6H6_56"
ISOC7_0066_C6H6_11,ISOC7,0.1821409950354103,114.2952,"1,C6H6_11,-1,C6H6_56"
ISOC7_0067_C6H6_12,ISOC7,0.1792830302171458,112.5018,"1,C6H6_12,-1,C6H6_56"
ISOC7_0068_C6H6_13,ISOC7,0.1706775824538870,107.1018,"1,C6H6_13,-1,C6H6_56"
ISOC7_0069_C6H6_14,ISOC7,0.1657044304474422,103.9811,"1,C6H6_14,-1,C6H6_56"
ISOC7_0070_C6H6_15,ISOC7,0.1638700358325742,102.83,"1,C6H6_15,-1,C6H6_56"
ISOC7_0071_C6H6_16,ISOC7,0.1628209680061755,102.1717,"1,C6H6_16,-1,C6H6_56"
ISOC7_0072_C6H6_17,ISOC7,0.1626345166379715,102.0547,"1,C6H6_17,-1,C6H6_56"
ISOC7_0073_C6H6_18,ISOC7,0.1623347602075513,101.8666,"1,C6H6_18,-1,C6H6_56"
ISOC7_0074_C6H6_19,ISOC7,0.1618514208915150,101.5633,"1,C6H6_19,-1,C6H6_56"
ISOC7_0075_C6H6_20,ISOC7,0.1583917121703974,99.3923,"1,C6H6_20,-1,C6H6_56"
ISOC7_0076_C6H6_21,ISOC7,0.1582474912402910,99.3018,"1,C6H6_21,-1,C6H6_56"
ISOC7_0077_C6H6_22,ISOC7,0.1579526749743275,99.1168,"1,C6H6_22,-1,C6H6_56"
ISOC7_0078_C6H6_23,ISOC7,0.1563268827876466,98.0966,"1,C6H6_23,-1,C6H6_56"
ISOC7_0079_C6H6_24,ISOC7,0.1562543739222340,98.0511,"1,C6H6_24,-1,C6H6_56"
ISOC7_0080_C6H6_25,ISOC7,0.1556032283748140,97.6425,"1,C6H6_25,-1,C6H6_56"
ISOC7_0081_C6H6_26,ISOC7,0.1528287682718819,95.9015,"1,C6H6_26,-1,C6H6_56"
ISOC7_0082_C6H6_27,ISOC7,0.1521739574411554,95.4906,"1,C6H6_27,-1,C6H6_56"
ISOC7_0083_C6H6_28,ISOC7,0.1511099097612428,94.8229,"1,C6H6_28,-1,C6H6_56"
ISOC7_0084_C6H6_29,ISOC7,0.1504563738116665,94.4128,"1,C6H6_29,-1,C6H6_56"
ISOC7_0085_C6H6_30,ISOC7,0.1501258608734998,94.2054,"1,C6H6_30,-1,C6H6_56"
ISOC7_0086_C6H6_31,ISOC7,0.1500477744030554,94.1564,"1,C6H6_31,-1,C6H6_56"
ISOC7_0087_C6H6_32,ISOC7,0.1474627935110588,92.5343,"1,C6H6_32,-1,C6H6_56"
ISOC7_0088_C6H6_33,ISOC7,0.1439087435848329,90.3041,"1,C6H6_33,-1,C6H6_56"
ISOC7_0089_C6H6_34,ISOC7,0.1424572913954299,89.3933,"1,C6H6_34,-1,C6H6_56"
ISOC7_0090_C6H6_35,ISOC7,0.1410232094616972,88.4934,"1,C6H6_35,-1,C6H6_56"
ISOC7_0091_C6H6_36,ISOC7,0.1392023604590492,87.3508,"1,C6H6_36,-1,C6H6_56"
ISOC7_0092_C6H6_37,ISOC7,0.1370288474582513,85.9869,"1,C6H6_37,-1,C6H6_56"
ISOC7_0093_C6H6_38,ISOC7,0.1367965003686433,85.8411,"1,C6H6_38,-1,C6H6_56"
ISOC7_0094_C6H6_39,ISOC7,0.1338320829743444,83.9809,"1,C6H6_39,-1,C6H6_56"
ISOC7_0095_C6H6_40,ISOC7,0.1329181525498575,83.4074,"1,C6H6_40,-1,C6H6_56"
ISOC7_0096_C6H6_41,ISOC7,0.1308461519606373,82.1072,"1,C6H6_41,-1,C6H6_56"
ISOC7_0097_C6H6_42,ISOC7,0.1290519161019979,80.9813,"1,C6H6_42,-1,C6H6_56"
ISOC7_0098_C6H6_43,ISOC7,0.1281612522585006,80.4224,"1,C6H6_43,-1,C6H6_56"
ISOC7_0099_C6H6_44,ISOC7,0.1272055694763476,79.8227,"1,C6H6_44,-1,C6H6_56"
ISOC7_0100_C6H6_45,ISOC7,0.1266564144209367,79.4781,"1,C6H6_45,-1,C6H6_56"
ISOC7_0101_C6H6_46,ISOC7,0.1250183515031860,78.4502,"1,C6H6_46,-1,C6H6_56"
ISOC7_0102_C6H6_47,ISOC7,0.1244763676542444,78.1101,"1,C6H6_47,-1,C6H6_56"
ISOC7_0103_C6H6_48,ISOC7,0.1235920782164977,77.5552,"1,C6H6_48,-1,C6H6_56"
ISOC7_0104_C6H6_49,ISOC7,0.1228996583918429,77.1207,"1,C6H6_49,-1,C6H6_56"
ISOC7_0105_C6H6_50,ISOC7,0.1199097433745418,75.2445,"1,C6H6_50,-1,C6H6_56"
ISOC7_0106_C6H6_51,ISOC7,0.1136903950438621,71.3418,"1,C6H6_51,-1,C6H6_56"
ISOC7_0107_C6H6_52,ISOC7,0.1065464391590635,66.8589,"1,C6H6_52,-1,C6H6_56"
ISOC7_0108_C6H6_53,ISOC7,0.1059596751097242,66.4907,"1,C6H6_53,-1,C6H6_56"
ISOC7_0109_C6H6_54,ISOC7,0.1049000895138371,65.8258,"1,C6H6_54,-1,C6H6_56"
ISOC7_0110_C6H6_55,ISOC7,0.1020196549153018,64.0183,"1,C6H6_55,-1,C6H6_56"
ISOC7_0111_C6H6_56,ISOC7,0e-42,0,"1,C6H6_56,-1,C6H6_56"
ISOC7_0112_C6H8_1,ISOC7,0.1126665061201781,70.6993,"1,C6H8_1,-1,C6H8_90"
ISOC7_0113_C6H8_2,ISOC7,0.1077016408412091,67.5838,"1,C6H8_2,-1,C6H8_90"
ISOC7_0114_C6H8_3,ISOC7,0.1067964752246293,67.0158,"1,C6H8_3,-1,C6H8_90"
ISOC7_0115_C6H8_4,ISOC7,0.1035683167924009,64.9901,"1,C6H8_4,-1,C6H8_90"
ISOC7_0116_C6H8_5,ISOC7,0.1010064431212500,63.3825,"1,C6H8_5,-1,C6H8_90"
ISOC7_0117_C6H8_6,ISOC7,0.09822019036767930,61.6341,"1,C6H8_6,-1,C6H8_90"
ISOC7_0118_C6H8_7,ISOC7,0.09657862152676581,60.604,"1,C6H8_7,-1,C6H8_90"
ISOC7_0119_C6H8_8,ISOC7,0.09625671403636242,60.402,"1,C6H8_8,-1,C6H8_90"
ISOC7_0120_C6H8_9,ISOC7,0.09561544881785588,59.9996,"1,C6H8_9,-1,C6H8_90"
ISOC7_0121_C6H8_10,ISOC7,0.09533864024813772,59.8259,"1,C6H8_10,-1,C6H8_90"
ISOC7_0122_C6H8_11,ISOC7,0.09406248421687520,59.0251,"1,C6H8_11,-1,C6H8_90"
ISOC7_0123_C6H8_12,ISOC7,0.09324480731922185,58.512,"1,C6H8_12,-1,C6H8_90"
ISOC7_0124_C6H8_13,ISOC7,0.09249294616094305,58.0402,"1,C6H8_13,-1,C6H8_90"
ISOC7_0125_C6H8_14,ISOC7,0.09228275013131827,57.9083,"1,C6H8_14,-1,C6H8_90"
ISOC7_0126_C6H8_15,ISOC7,0.09223988225264574,57.8814,"1,C6H8_15,-1,C6H8_90"
ISOC7_0127_C6H8_16,ISOC7,0.09035162390918549,56.6965,"1,C6H8_16,-1,C6H8_90"
ISOC7_0128_C6H8_17,ISOC7,0.08921650160515415,55.9842,"1,C6H8_17,-1,C6H8_90"
ISOC7_0129_C6H8_18,ISOC7,0.08690147679669378,54.5315,"1,C6H8_18,-1,C6H8_90"
ISOC7_0130_C6H8_19,ISOC7,0.08657590402298382,54.3272,"1,C6H8_19,-1,C6H8_90"
ISOC7_0131_C6H8_20,ISOC7,0.08579041787437081,53.8343,"1,C6H8_20,-1,C6H8_90"
ISOC7_0132_C6H8_21,ISOC7,0.08573735094649738,53.801,"1,C6H8_21,-1,C6H8_90"
ISOC7_0133_C6H8_22,ISOC7,0.08558022184474603,53.7024,"1,C6H8_22,-1,C6H8_90"
ISOC7_0134_C6H8_23,ISOC7,0.08483473509221779,53.2346,"1,C6H8_23,-1,C6H8_90"
ISOC7_0135_C6H8_24,ISOC7,0.08451633352497722,53.0348,"1,C6H8_24,-1,C6H8_90"
ISOC7_0136_C6H8_25,ISOC7,0.08291030199612311,52.027,"1,C6H8_25,-1,C6H8_90"
ISOC7_0137_C6H8_26,ISOC7,0.08132769640840231,51.0339,"1,C6H8_26,-1,C6H8_90"
ISOC7_0138_C6H8_27,ISOC7,0.08034173519893412,50.4152,"1,C6H8_27,-1,C6H8_90"
ISOC7_0139_C6H8_28,ISOC7,0.08018970562178322,50.3198,"1,C6H8_28,-1,C6H8_90"
ISOC7_0140_C6H8_29,ISOC7,0.07920231017102115,49.7002,"1,C6H8_29,-1,C6H8_90"
ISOC7_0141_C6H8_30,ISOC7,0.07835164572360865,49.1664,"1,C6H8_30,-1,C6H8_90"
ISOC7_0142_C6H8_31,ISOC7,0.07775516070549980,48.7921,"1,C6H8_31,-1,C6H8_90"
ISOC7_0143_C6H8_32,ISOC7,0.07697764256407499,48.3042,"1,C6H8_32,-1,C6H8_90"
ISOC7_0144_C6H8_33,ISOC7,0.07652187255290981,48.0182,"1,C6H8_33,-1,C6H8_90"
ISOC7_0145_C6H8_34,ISOC7,0.07608506639885254,47.7441,"1,C6H8_34,-1,C6H8_90"
ISOC7_0146_C6H8_35,ISOC7,0.07563184614998758,47.4597,"1,C6H8_35,-1,C6H8_90"
ISOC7_0147_C6H8_36,ISOC7,0.07527201094536835,47.2339,"1,C6H8_36,-1,C6H8_90"
ISOC7_0148_C6H8_37,ISOC7,0.07497655723882980,47.0485,"1,C6H8_37,-1,C6H8_90"
ISOC7_0149_C6H8_38,ISOC7,0.07415664929916375,46.534,"1,C6H8_38,-1,C6H8_90"
ISOC7_0150_C6H8_39,ISOC7,0.07273627233779476,45.6427,"1,C6H8_39,-1,C6H8_90"
ISOC7_0151_C6H8_40,ISOC7,0.07210329384676395,45.2455,"1,C6H8_40,-1,C6H8_90"
ISOC7_0152_C6H8_41,ISOC7,0.06997966057096420,43.9129,"1,C6H8_41,-1,C6H8_90"
ISOC7_0153_C6H8_42,ISOC7,0.06855896488930768,43.0214,"1,C6H8_42,-1,C6H8_90"
ISOC7_0154_C6H8_43,ISOC7,0.06677062535598749,41.8992,"1,C6H8_43,-1,C6H8_90"
ISOC7_0155_C6H8_44,ISOC7,0.06544267727800165,41.0659,"1,C6H8_44,-1,C6H8_90"
ISOC7_0156_C6H8_45,ISOC7,0.06536538760827608,41.0174,"1,C6H8_45,-1,C6H8_90"
ISOC7_0157_C6H8_46,ISOC7,0.06517192439374653,40.896,"1,C6H8_46,-1,C6H8_90"
ISOC7_0158_C6H8_47,ISOC7,0.06495933796196528,40.7626,"1,C6H8_47,-1,C6H8_90"
ISOC7_0159_C6H8_48,ISOC7,0.06461464197100364,40.5463,"1,C6H8_48,-1,C6H8_90"
ISOC7_0160_C6H8_49,ISOC7,0.06443615860998790,40.4343,"1,C6H8_49,-1,C6H8_90"
ISOC7_0161_C6H8_50,ISOC7,0.06429528424290048,40.3459,"1,C6H8_50,-1,C6H8_90"
ISOC7_0162_C6H8_51,ISOC7,0.06130552858574311,38.4698,"1,C6H8_51,-1,C6H8_90"
ISOC7_0163_C6H8_52,ISOC7,0.06075892329263241,38.1268,"1,C6H8_52,-1,C6H8_90"
ISOC7_0164_C6H8_53,ISOC7,0.06005152361446379,37.6829,"1,C6H8_53,-1,C6H8_90"
ISOC7_0165_C6H8_54,ISOC7,0.05988116762078001,37.576,"1,C6H8_54,-1,C6H8_90"
ISOC7_0166_C6H8_55,ISOC7,0.05960499649163691,37.4027,"1,C6H8_55,-1,C6H8_90"
ISOC7_0167_C6H8_56,ISOC7,0.05949583479315854,37.3342,"1,C6H8_56,-1,C6H8_90"
ISOC7_0168_C6H8_57,ISOC7,0.05763227727198172,36.1648,"1,C6H8_57,-1,C6H8_90"
ISOC7_0169_C6H8_58,ISOC7,0.05718399718757344,35.8835,"1,C6H8_58,-1,C6H8_90"
ISOC7_0170_C6H8_59,ISOC7,0.05543215112717522,34.7842,"1,C6H8_59,-1,C6H8_90"
ISOC7_0171_C6H8_60,ISOC7,0.05411472081867781,33.9575,"1,C6H8_60,-1,C6H8_90"
ISOC7_0172_C6H8_61,ISOC7,0.05371058349409217,33.7039,"1,C6H8_61,-1,C6H8_90"
ISOC7_0173_C6H8_62,ISOC7,0.05354500830472132,33.6,"1,C6H8_62,-1,C6H8_90"
ISOC7_0174_C6H8_63,ISOC7,0.05311776375928990,33.3319,"1,C6H8_63,-1,C6H8_90"
ISOC7_0175_C6H8_64,ISOC7,0.05131093844929309,32.1981,"1,C6H8_64,-1,C6H8_90"
ISOC7_0176_C6H8_65,ISOC7,0.05127332945536477,32.1745,"1,C6H8_65,-1,C6H8_90"
ISOC7_0177_C6H8_66,ISOC7,0.05094472883892330,31.9683,"1,C6H8_66,-1,C6H8_90"
ISOC7_0178_C6H8_67,ISOC7,0.04987829075685426,31.2991,"1,C6H8_67,-1,C6H8_90"
ISOC7_0179_C6H8_68,ISOC7,0.04965693951716599,31.1602,"1,C6H8_68,-1,C6H8_90"
ISOC7_0180_C6H8_69,ISOC7,0.04874970221871725,30.5909,"1,C6H8_69,-1,C6H8_90"
ISOC7_0181_C6H8_70,ISOC7,0.04821807677912037,30.2573,"1,C6H8_70,-1,C6H8_90"
ISOC7_0182_C6H8_71,ISOC7,0.04810971188136082,30.1893,"1,C6H8_71,-1,C6H8_90"
ISOC7_0183_C6H8_72,ISOC7,0.04753760896524787,29.8303,"1,C6H8_72,-1,C6H8_90"
ISOC7_0184_C6H8_73,ISOC7,0.04704422996015437,29.5207,"1,C6H8_73,-1,C6H8_90"
ISOC7_0185_C6H8_74,ISOC7,0.04691371400241161,29.4388,"1,C6H8_74,-1,C6H8_90"
ISOC7_0186_C6H8_75,ISOC7,0.04625539724852231,29.0257,"1,C6H8_75,-1,C6H8_90"
ISOC7_0187_C6H8_76,ISOC7,0.04588042283024550,28.7904,"1,C6H8_76,-1,C6H8_90"
ISOC7_0188_C6H8_77,ISOC7,0.04420315731712886,27.7379,"1,C6H8_77,-1,C6H8_90"
ISOC7_0189_C6H8_78,ISOC7,0.04341926476995349,27.246,"1,C6H8_78,-1,C6H8_90"
ISOC7_0190_C6H8_79,ISOC7,0.04251840187725530,26.6807,"1,C6H8_79,-1,C6H8_90"
ISOC7_0191_C6H8_80,ISOC7,0.04241354290265856,26.6149,"1,C6H8_80,-1,C6H8_90"
ISOC7_0192_C6H8_81,ISOC7,0.03569125395825957,22.3966,"1,C6H8_81,-1,C6H8_90"
ISOC7_0193_C6H8_82,ISOC7,0.02800467678394431,17.5732,"1,C6H8_82,-1,C6H8_90"
ISOC7_0194_C6H8_83,ISOC7,0.02037244141865259,12.7839,"1,C6H8_83,-1,C6H8_90"
ISOC7_0195_C6H8_84,ISOC7,0.01097768286333046,6.8886,"1,C6H8_84,-1,C6H8_90"
ISOC7_0196_C6H8_85,ISOC7,0.004509892068522659,2.83,"1,C6H8_85,-1,C6H8_90"
ISOC7_0197_C6H8_86,ISOC7,0.004381925873080126,2.7497,"1,C6H8_86,-1,C6H8_90"
ISOC7_0198_C6H8_87,ISOC7,0.002332713784418187,1.4638,"1,C6H8_87,-1,C6H8_90"
ISOC7_0199_C6H8_88,ISOC7,0.002305303839690770,1.4466,"1,C6H8_88,-1,C6H8_90"
ISOC7_0200_C6H8_89,ISOC7,0.0003936195550972074,0.247,"1,C6H8_89,-1,C6H8_90"
ISOC7_0201_C6H8_90,ISOC7,0e-42,0,"1,C6H8_90,-1,C6H8_90"
ISOC7_0202_C6H10_1,ISOC7,0.08553193572118552,53.6721,"1,C6H10_1,-1,C6H10_76"
ISOC7_0203_C6H10_2,ISOC7,0.08296591868629676,52.0619,"1,C6H10_2,-1,C6H10_76"
ISOC7_0204_C6H10_3,ISOC7,0.08181725077004548,51.3411,"1,C6H10_3,-1,C6H10_76"
ISOC7_0205_C6H10_4,ISOC7,0.08006444854878467,50.2412,"1,C6H10_4,-1,C6H10_76"
ISOC7_0206_C6H10_5,ISOC7,0.07804806464973813,48.9759,"1,C6H10_5,-1,C6H10_76"
ISOC7_0207_C6H10_6,ISOC7,0.07720058740520090,48.4441,"1,C6H10_6,-1,C6H10_76"
ISOC7_0208_C6H10_7,ISOC7,0.07718720115312472,48.4357,"1,C6H10_7,-1,C6H10_76"
ISOC7_0209_C6H10_8,ISOC7,0.07374326908623980,46.2746,"1,C6H10_8,-1,C6H10_76"
ISOC7_0210_C6H10_9,ISOC7,0.07250950285321852,45.5004,"1,C6H10_9,-1,C6H10_76"
ISOC7_0211_C6H10_10,ISOC7,0.06993982053502318,43.8879,"1,C6H10_10,-1,C6H10_76"
ISOC7_0212_C6H10_11,ISOC7,0.06942540599095283,43.5651,"1,C6H10_11,-1,C6H10_76"
ISOC7_0213_C6H10_12,ISOC7,0.06795212146185417,42.6406,"1,C6H10_12,-1,C6H10_76"
ISOC7_0214_C6H10_13,ISOC7,0.06590067833117953,41.3533,"1,C6H10_13,-1,C6H10_76"
ISOC7_0215_C6H10_14,ISOC7,0.06501447657170764,40.7972,"1,C6H10_14,-1,C6H10_76"
ISOC7_0216_C6H10_15,ISOC7,0.06343617370786848,39.8068,"1,C6H10_15,-1,C6H10_76"
ISOC7_0217_C6H10_16,ISOC7,0.06252989257028232,39.2381,"1,C6H10_16,-1,C6H10_76"
ISOC7_0218_C6H10_17,ISOC7,0.05862285992561906,36.7864,"1,C6H10_17,-1,C6H10_76"
ISOC7_0219_C6H10_18,ISOC7,0.05856182499055743,36.7481,"1,C6H10_18,-1,C6H10_76"
ISOC7_0220_C6H10_19,ISOC7,0.05797522030136196,36.38,"1,C6H10_19,-1,C6H10_76"
ISOC7_0221_C6H10_20,ISOC7,0.05656360814789999,35.4942,"1,C6H10_20,-1,C6H10_76"
ISOC7_0222_C6H10_21,ISOC7,0.05534609664954264,34.7302,"1,C6H10_21,-1,C6H10_76"
ISOC7_0223_C6H10_22,ISOC7,0.05483933139237295,34.4122,"1,C6H10_22,-1,C6H10_76"
ISOC7_0224_C6H10_23,ISOC7,0.05386691579512471,33.802,"1,C6H10_23,-1,C6H10_76"
ISOC7_0225_C6H10_24,ISOC7,0.05272557844548657,33.0858,"1,C6H10_24,-1,C6H10_76"
ISOC7_0226_C6H10_25,ISOC7,0.05231586351586919,32.8287,"1,C6H10_25,-1,C6H10_76"
ISOC7_0227_C6H10_26,ISOC7,0.05168702838857625,32.4341,"1,C6H10_26,-1,C6H10_76"
ISOC7_0228_C6H10_27,ISOC7,0.05108114112198532,32.0539,"1,C6H10_27,-1,C6H10_76"
ISOC7_0229_C6H10_28,ISOC7,0.05103253627813729,32.0234,"1,C6H10_28,-1,C6H10_76"
ISOC7_0230_C6H10_29,ISOC7,0.05102950843540577,32.0215,"1,C6H10_29,-1,C6H10_76"
ISOC7_0231_C6H10_30,ISOC7,0.05024386292664900,31.5285,"1,C6H10_30,-1,C6H10_76"
ISOC7_0232_C6H10_31,ISOC7,0.04991494358991999,31.3221,"1,C6H10_31,-1,C6H10_76"
ISOC7_0233_C6H10_32,ISOC7,0.04904451848468074,30.7759,"1,C6H10_32,-1,C6H10_76"
ISOC7_0234_C6H10_33,ISOC7,0.04881758963996073,30.6335,"1,C6H10_33,-1,C6H10_76"
ISOC7_0235_C6H10_34,ISOC7,0.04851480536680904,30.4435,"1,C6H10_34,-1,C6H10_76"
ISOC7_0236_C6H10_35,ISOC7,0.04817855546346689,30.2325,"1,C6H10_35,-1,C6H10_76"
ISOC7_0237_C6H10_36,ISOC7,0.04745665401221573,29.7795,"1,C6H10_36,-1,C6H10_76"
ISOC7_0238_C6H10_37,ISOC7,0.04654989479419828,29.2105,"1,C6H10_37,-1,C6H10_76"
ISOC7_0239_C6H10_38,ISOC7,0.04583962663344190,28.7648,"1,C6H10_38,-1,C6H10_76"
ISOC7_0240_C6H10_39,ISOC7,0.04543548930885627,28.5112,"1,C6H10_39,-1,C6H10_76"
ISOC7_0241_C6H10_40,ISOC7,0.04511549414017805,28.3104,"1,C6H10_40,-1,C6H10_76"
ISOC7_0242_C6H10_41,ISOC7,0.04484251021391023,28.1391,"1,C6H10_41,-1,C6H10_76"
ISOC7_0243_C6H10_42,ISOC7,0.04436984802750606,27.8425,"1,C6H10_42,-1,C6H10_76"
ISOC7_0244_C6H10_43,ISOC7,0.04411694347935251,27.6838,"1,C6H10_43,-1,C6H10_76"
ISOC7_0245_C6H10_44,ISOC7,0.04358723036148080,27.3514,"1,C6H10_44,-1,C6H10_76"
ISOC7_0246_C6H10_45,ISOC7,0.04288349596661875,26.9098,"1,C6H10_45,-1,C6H10_76"
ISOC7_0247_C6H10_46,ISOC7,0.04224079650681833,26.5065,"1,C6H10_46,-1,C6H10_76"
ISOC7_0248_C6H10_47,ISOC7,0.04160255913104330,26.106,"1,C6H10_47,-1,C6H10_76"
ISOC7_0249_C6H10_48,ISOC7,0.04107029625087137,25.772,"1,C6H10_48,-1,C6H10_76"
ISOC7_0250_C6H10_49,ISOC7,0.04095205102419844,25.6978,"1,C6H10_49,-1,C6H10_76"
ISOC7_0251_C6H10_50,ISOC7,0.04051269510784095,25.4221,"1,C6H10_50,-1,C6H10_76"
ISOC7_0252_C6H10_51,ISOC7,0.04014776037862127,25.1931,"1,C6H10_51,-1,C6H10_76"
ISOC7_0253_C6H10_52,ISOC7,0.03953263022369203,24.8071,"1,C6H10_52,-1,C6H10_76"
ISOC7_0254_C6H10_53,ISOC7,0.03908626246100893,24.527,"1,C6H10_53,-1,C6H10_76"
ISOC7_0255_C6H10_54,ISOC7,0.03906697988361348,24.5149,"1,C6H10_54,-1,C6H10_76"
ISOC7_0256_C6H10_55,ISOC7,0.03886124593801409,24.3858,"1,C6H10_55,-1,C6H10_76"
ISOC7_0257_C6H10_56,ISOC7,0.03842332426295047,24.111,"1,C6H10_56,-1,C6H10_76"
ISOC7_0258_C6H10_57,ISOC7,0.03824866554538507,24.0014,"1,C6H10_57,-1,C6H10_76"
ISOC7_0259_C6H10_58,ISOC7,0.03799576099723152,23.8427,"1,C6H10_58,-1,C6H10_76"
ISOC7_0260_C6H10_59,ISOC7,0.03688597695605867,23.1463,"1,C6H10_59,-1,C6H10_76"
ISOC7_0261_C6H10_60,ISOC7,0.03584328353541048,22.492,"1,C6H10_60,-1,C6H10_76"
ISOC7_0262_C6H10_61,ISOC7,0.03403422718340096,21.3568,"1,C6H10_61,-1,C6H10_76"
ISOC7_0263_C6H10_62,ISOC7,0.03344682569348667,20.9882,"1,C6H10_62,-1,C6H10_76"
ISOC7_0264_C6H10_63,ISOC7,0.03155442398628856,19.8007,"1,C6H10_63,-1,C6H10_76"
ISOC7_0265_C6H10_64,ISOC7,0.02717504787550866,17.0526,"1,C6H10_64,-1,C6H10_76"
ISOC7_0266_C6H10_65,ISOC7,0.02707496970522483,16.9898,"1,C6H10_65,-1,C6H10_76"
ISOC7_0267_C6H10_66,ISOC7,0.02418035205389460,15.1734,"1,C6H10_66,-1,C6H10_76"
ISOC7_0268_C6H10_67,ISOC7,0.02324841393316243,14.5886,"1,C6H10_67,-1,C6H10_76"
ISOC7_0269_C6H10_68,ISOC7,0.02296347799611230,14.4098,"1,C6H10_68,-1,C6H10_76"
ISOC7_0270_C6H10_69,ISOC7,0.02251758831386049,14.13,"1,C6H10_69,-1,C6H10_76"
ISOC7_0271_C6H10_70,ISOC7,0.02207026439031479,13.8493,"1,C6H10_70,-1,C6H10_76"
ISOC7_0272_C6H10_71,ISOC7,0.01514654422419804,9.5046,"1,C6H10_71,-1,C6H10_76"
ISOC7_0273_C6H10_72,ISOC7,0.007137581479048105,4.4789,"1,C6H10_72,-1,C6H10_76"
ISOC7_0274_C6H10_73,ISOC7,0.005142392479122180,3.2269,"1,C6H10_73,-1,C6H10_76"
ISOC7_0275_C6H10_74,ISOC7,0.005134583832077741,3.222,"1,C6H10_74,-1,C6H10_76"
ISOC7_0276_C6H10_75,ISOC7,0.001503084875982534,0.9432,"1,C6H10_75,-1,C6H10_76"
ISOC7_0277_C6H10_76,ISOC7,0e-42,0,"1,C6H10_76,-1,C6H10_76"
ISOC7_0278_C6H12_1,ISOC7,0.04554241996532195,28.5783,"1,C6H12_1,-1,C6H12_26"
ISOC7_0279_C6H12_2,ISOC7,0.04202326991058040,26.37,"1,C6H12_2,-1,C6H12_26"
ISOC7_0280_C6H12_3,ISOC7,0.04199251340283393,26.3507,"1,C6H12_3,-1,C6H12_26"
ISOC7_0281_C6H12_4,ISOC7,0.03937231391906540,24.7065,"1,C6H12_4,-1,C6H12_26"
ISOC7_0282_C6H12_5,ISOC7,0.03934331037290034,24.6883,"1,C6H12_5,-1,C6H12_26"
ISOC7_0283_C6H12_6,ISOC7,0.03828834622118232,24.0263,"1,C6H12_6,-1,C6H12_26"
ISOC7_0284_C6H12_7,ISOC7,0.03820834742901277,23.9761,"1,C6H12_7,-1,C6H12_26"
ISOC7_0285_C6H12_8,ISOC7,0.03731226534062750,23.4138,"1,C6H12_8,-1,C6H12_26"
ISOC7_0286_C6H12_9,ISOC7,0.03493413391523656,21.9215,"1,C6H12_9,-1,C6H12_26"
ISOC7_0287_C6H12_10,ISOC7,0.03461796339000868,21.7231,"1,C6H12_10,-1,C6H12_26"
ISOC7_0288_C6H12_11,ISOC7,0.03442131297260384,21.5997,"1,C6H12_11,-1,C6H12_26"
ISOC7_0289_C6H12_12,ISOC7,0.03377956967366601,21.197,"1,C6H12_12,-1,C6H12_26"
ISOC7_0290_C6H12_13,ISOC7,0.03172111469666576,19.9053,"1,C6H12_13,-1,C6H12_26"
ISOC7_0291_C6H12_14,ISOC7,0.03137402830354765,19.6875,"1,C6H12_14,-1,C6H12_26"
ISOC7_0292_C6H12_15,ISOC7,0.03070200657729465,19.2658,"1,C6H12_15,-1,C6H12_26"
ISOC7_0293_C6H12_16,ISOC7,0.03021436453737665,18.9598,"1,C6H12_16,-1,C6H12_26"
ISOC7_0294_C6H12_17,ISOC7,0.02931748564827257,18.397,"1,C6H12_17,-1,C6H12_26"
ISOC7_0295_C6H12_18,ISOC7,0.02900992057080795,18.204,"1,C6H12_18,-1,C6H12_26"
ISOC7_0296_C6H12_19,ISOC7,0.02869486556658642,18.0063,"1,C6H12_19,-1,C6H12_26"
ISOC7_0297_C6H12_20,ISOC7,0.02830299897307061,17.7604,"1,C6H12_20,-1,C6H12_26"
ISOC7_0298_C6H12_21,ISOC7,0.02796037466397790,17.5454,"1,C6H12_21,-1,C6H12_26"
ISOC7_0299_C6H12_22,ISOC7,0.02792579351278110,17.5237,"1,C6H12_22,-1,C6H12_26"
ISOC7_0300_C6H12_23,ISOC7,0.02737137957262597,17.1758,"1,C6H12_23,-1,C6H12_26"
ISOC7_0301_C6H12_24,ISOC7,0.02690302011010342,16.8819,"1,C6H12_24,-1,C6H12_26"
ISOC7_0302_C6H12_25,ISOC7,0.007337100379040698,4.6041,"1,C6H12_25,-1,C6H12_26"
ISOC7_0303_C6H12_26,ISOC7,0e-42,0,"1,C6H12_26,-1,C6H12_26"
ISOC7_0304_C7H8_1,ISOC7,0.2277761626044029,142.9317,"1,C7H8_1,-1,C7H8_320"
ISOC7_0305_C7H8_2,ISOC7,0.2176639646818550,136.5862,"1,C7H8_2,-1,C7H8_320"
ISOC7_0306_C7H8_3,ISOC7,0.2144520609842905,134.5707,"1,C7H8_3,-1,C7H8_320"
ISOC7_0307_C7H8_4,ISOC7,0.2142686374588181,134.4556,"1,C7H8_4,-1,C7H8_320"
ISOC7_0308_C7H8_5,ISOC7,0.2135119954962264,133.9808,"1,C7H8_5,-1,C7H8_320"
ISOC7_0309_C7H8_6,ISOC7,0.2100785811988299,131.8263,"1,C7H8_6,-1,C7H8_320"
ISOC7_0310_C7H8_7,ISOC7,0.2098510149135348,131.6835,"1,C7H8_7,-1,C7H8_320"
ISOC7_0311_C7H8_8,ISOC7,0.2096494243316733,131.557,"1,C7H8_8,-1,C7H8_320"
ISOC7_0312_C7H8_9,ISOC7,0.2079299283804592,130.478,"1,C7H8_9,-1,C7H8_320"
ISOC7_0313_C7H8_10,ISOC7,0.2066834133359368,129.6958,"1,C7H8_10,-1,C7H8_320"
ISOC7_0314_C7H8_11,ISOC7,0.2063908281119860,129.5122,"1,C7H8_11,-1,C7H8_320"
ISOC7_0315_C7H8_12,ISOC7,0.2026796490840088,127.1834,"1,C7H8_12,-1,C7H8_320"
ISOC7_0316_C7H8_13,ISOC7,0.2018938442151082,126.6903,"1,C7H8_13,-1,C7H8_320"
ISOC7_0317_C7H8_14,ISOC7,0.1990644048625775,124.9148,"1,C7H8_14,-1,C7H8_320"
ISOC7_0318_C7H8_15,ISOC7,0.1983063286586919,124.4391,"1,C7H8_15,-1,C7H8_320"
ISOC7_0319_C7H8_16,ISOC7,0.1972446713809358,123.7729,"1,C7H8_16,-1,C7H8_320"
ISOC7_0320_C7H8_17,ISOC7,0.1969179830862195,123.5679,"1,C7H8_17,-1,C7H8_320"
ISOC7_0321_C7H8_18,ISOC7,0.1945905281865455,122.1074,"1,C7H8_18,-1,C7H8_320"
ISOC7_0322_C7H8_19,ISOC7,0.1942040798379177,121.8649,"1,C7H8_19,-1,C7H8_320"
ISOC7_0323_C7H8_20,ISOC7,0.1941503754694692,121.8312,"1,C7H8_20,-1,C7H8_320"
ISOC7_0324_C7H8_21,ISOC7,0.1937706202468795,121.5929,"1,C7H8_21,-1,C7H8_320"
ISOC7_0325_C7H8_22,ISOC7,0.1925293640871013,120.814,"1,C7H8_22,-1,C7H8_320"
ISOC7_0326_C7H8_23,ISOC7,0.1922947859554806,120.6668,"1,C7H8_23,-1,C7H8_320"
ISOC7_0327_C7H8_24,ISOC7,0.1920895300903125,120.538,"1,C7H8_24,-1,C7H8_320"
ISOC7_0328_C7H8_25,ISOC7,0.1916202144669273,120.2435,"1,C7H8_25,-1,C7H8_320"
ISOC7_0329_C7H8_26,ISOC7,0.1907085150844532,119.6714,"1,C7H8_26,-1,C7H8_320"
ISOC7_0330_C7H8_27,ISOC7,0.1903155329699310,119.4248,"1,C7H8_27,-1,C7H8_320"
ISOC7_0331_C7H8_28,ISOC7,0.1881326177206511,118.055,"1,C7H8_28,-1,C7H8_320"
ISOC7_0332_C7H8_29,ISOC7,0.1879056888759311,117.9126,"1,C7H8_29,-1,C7H8_320"
ISOC7_0333_C7H8_30,ISOC7,0.1873186061063043,117.5442,"1,C7H8_30,-1,C7H8_320"
ISOC7_0334_C7H8_31,ISOC7,0.1856397469917500,116.4907,"1,C7H8_31,-1,C7H8_320"
ISOC7_0335_C7H8_32,ISOC7,0.1852609479300229,116.253,"1,C7H8_32,-1,C7H8_320"
ISOC7_0336_C7H8_33,ISOC7,0.1842869387313370,115.6418,"1,C7H8_33,-1,C7H8_320"
ISOC7_0337_C7H8_34,ISOC7,0.1841232758636913,115.5391,"1,C7H8_34,-1,C7H8_320"
ISOC7_0338_C7H8_35,ISOC7,0.1837486201657020,115.304,"1,C7H8_35,-1,C7H8_320"
ISOC7_0339_C7H8_36,ISOC7,0.1825491163635900,114.5513,"1,C7H8_36,-1,C7H8_320"
ISOC7_0340_C7H8_37,ISOC7,0.1822217906282986,114.3459,"1,C7H8_37,-1,C7H8_320"
ISOC7_0341_C7H8_38,ISOC7,0.1821253777413214,114.2854,"1,C7H8_38,-1,C7H8_320"
ISOC7_0342_C7H8_39,ISOC7,0.1809900960771463,113.573,"1,C7H8_39,-1,C7H8_320"
ISOC7_0343_C7H8_40,ISOC7,0.1808168716008748,113.4643,"1,C7H8_40,-1,C7H8_320"
ISOC7_0344_C7H8_41,ISOC7,0.1804446063050419,113.2307,"1,C7H8_41,-1,C7H8_320"
ISOC7_0345_C7H8_42,ISOC7,0.1802928954481786,113.1355,"1,C7H8_42,-1,C7H8_320"
ISOC7_0346_C7H8_43,ISOC7,0.1795439027724875,112.6655,"1,C7H8_43,-1,C7H8_320"
ISOC7_0347_C7H8_44,ISOC7,0.1780985062685476,111.7585,"1,C7H8_44,-1,C7H8_320"
ISOC7_0348_C7H8_45,ISOC7,0.1778140484119287,111.58,"1,C7H8_45,-1,C7H8_320"
ISOC7_0349_C7H8_46,ISOC7,0.1750948862788827,109.8737,"1,C7H8_46,-1,C7H8_320"
ISOC7_0350_C7H8_47,ISOC7,0.1734203298882101,108.8229,"1,C7H8_47,-1,C7H8_320"
ISOC7_0351_C7H8_48,ISOC7,0.1725122957890425,108.2531,"1,C7H8_48,-1,C7H8_320"
ISOC7_0352_C7H8_49,ISOC7,0.1723632940546231,108.1596,"1,C7H8_49,-1,C7H8_320"
ISOC7_0353_C7H8_50,ISOC7,0.1717908724182226,107.8004,"1,C7H8_50,-1,C7H8_320"
ISOC7_0354_C7H8_51,ISOC7,0.1714864945436333,107.6094,"1,C7H8_51,-1,C7H8_320"
ISOC7_0355_C7H8_52,ISOC7,0.1708082577717735,107.1838,"1,C7H8_52,-1,C7H8_320"
ISOC7_0356_C7H8_53,ISOC7,0.1706990960732951,107.1153,"1,C7H8_53,-1,C7H8_320"
ISOC7_0357_C7H8_54,ISOC7,0.1704618088192304,106.9664,"1,C7H8_54,-1,C7H8_320"
ISOC7_0358_C7H8_55,ISOC7,0.1697274772767657,106.5056,"1,C7H8_55,-1,C7H8_320"
ISOC7_0359_C7H8_56,ISOC7,0.1696124192529681,106.4334,"1,C7H8_56,-1,C7H8_320"
ISOC7_0360_C7H8_57,ISOC7,0.1686388881347135,105.8225,"1,C7H8_57,-1,C7H8_320"
ISOC7_0361_C7H8_58,ISOC7,0.1679874238670060,105.4137,"1,C7H8_58,-1,C7H8_320"
ISOC7_0362_C7H8_59,ISOC7,0.1670491113405233,104.8249,"1,C7H8_59,-1,C7H8_320"
ISOC7_0363_C7H8_60,ISOC7,0.1659523948311391,104.1367,"1,C7H8_60,-1,C7H8_320"
ISOC7_0364_C7H8_61,ISOC7,0.1654304903603118,103.8092,"1,C7H8_61,-1,C7H8_320"
ISOC7_0365_C7H8_62,ISOC7,0.1651828446969025,103.6538,"1,C7H8_62,-1,C7H8_320"
ISOC7_0366_C7H8_63,ISOC7,0.1651621278782131,103.6408,"1,C7H8_63,-1,C7H8_320"
ISOC7_0367_C7H8_64,ISOC7,0.1650732049179928,103.585,"1,C7H8_64,-1,C7H8_320"
ISOC7_0368_C7H8_65,ISOC7,0.1649991024511425,103.5385,"1,C7H8_65,-1,C7H8_320"
ISOC7_0369_C7H8_66,ISOC7,0.1648357583037844,103.436,"1,C7H8_66,-1,C7H8_320"
ISOC7_0370_C7H8_67,ISOC7,0.1645925747244004,103.2834,"1,C7H8_67,-1,C7H8_320"
ISOC7_0371_C7H8_68,ISOC7,0.1644217406502854,103.1762,"1,C7H8_68,-1,C7H8_320"
ISOC7_0372_C7H8_69,ISOC7,0.1644054859156214,103.166,"1,C7H8_69,-1,C7H8_320"
ISOC7_0373_C7H8_70,ISOC7,0.1642078793373540,103.042,"1,C7H8_70,-1,C7H8_320"
ISOC7_0374_C7H8_71,ISOC7,0.1641964054070030,103.0348,"1,C7H8_71,-1,C7H8_320"
ISOC7_0375_C7H8_72,ISOC7,0.1641046139641949,102.9772,"1,C7H8_72,-1,C7H8_320"
ISOC7_0376_C7H8_73,ISOC7,0.1639607117543760,102.8869,"1,C7H8_73,-1,C7H8_320"
ISOC7_0377_C7H8_74,ISOC7,0.1635696419615790,102.6415,"1,C7H8_74,-1,C7H8_320"
ISOC7_0378_C7H8_75,ISOC7,0.1633205620568758,102.4852,"1,C7H8_75,-1,C7H8_320"
ISOC7_0379_C7H8_76,ISOC7,0.1629884555172715,102.2768,"1,C7H8_76,-1,C7H8_320"
ISOC7_0380_C7H8_77,ISOC7,0.1629704478210261,102.2655,"1,C7H8_77,-1,C7H8_320"
ISOC7_0381_C7H8_78,ISOC7,0.1627516463436381,102.1282,"1,C7H8_78,-1,C7H8_320"
ISOC7_0382_C7H8_79,ISOC7,0.1626537992153670,102.0668,"1,C7H8_79,-1,C7H8_320"
ISOC7_0383_C7H8_80,ISOC7,0.1626447156871724,102.0611,"1,C7H8_80,-1,C7H8_320"
ISOC7_0384_C7H8_81,ISOC7,0.1623114936265618,101.852,"1,C7H8_81,-1,C7H8_320"
ISOC7_0385_C7H8_82,ISOC7,0.1622941233708915,101.8411,"1,C7H8_82,-1,C7H8_320"
ISOC7_0386_C7H8_83,ISOC7,0.1622697412688956,101.8258,"1,C7H8_83,-1,C7H8_320"
ISOC7_0387_C7H8_84,ISOC7,0.1619368379285725,101.6169,"1,C7H8_84,-1,C7H8_320"
ISOC7_0388_C7H8_85,ISOC7,0.1618858426825680,101.5849,"1,C7H8_85,-1,C7H8_320"
ISOC7_0389_C7H8_86,ISOC7,0.1617762029036583,101.5161,"1,C7H8_86,-1,C7H8_320"
ISOC7_0390_C7H8_87,ISOC7,0.1614391561995974,101.3046,"1,C7H8_87,-1,C7H8_320"
ISOC7_0391_C7H8_88,ISOC7,0.1613056123991231,101.2208,"1,C7H8_88,-1,C7H8_320"
ISOC7_0392_C7H8_89,ISOC7,0.1609217138127955,100.9799,"1,C7H8_89,-1,C7H8_320"
ISOC7_0393_C7H8_90,ISOC7,0.1607612381480251,100.8792,"1,C7H8_90,-1,C7H8_320"
ISOC7_0394_C7H8_91,ISOC7,0.1602618034574686,100.5658,"1,C7H8_91,-1,C7H8_320"
ISOC7_0395_C7H8_92,ISOC7,0.1599566287821604,100.3743,"1,C7H8_92,-1,C7H8_320"
ISOC7_0396_C7H8_93,ISOC7,0.1598425269192253,100.3027,"1,C7H8_93,-1,C7H8_320"
ISOC7_0397_C7H8_94,ISOC7,0.1598084238484598,100.2813,"1,C7H8_94,-1,C7H8_320"
ISOC7_0398_C7H8_95,ISOC7,0.1593144074027913,99.9713,"1,C7H8_95,-1,C7H8_320"
ISOC7_0399_C7H8_96,ISOC7,0.1591856444066299,99.8905,"1,C7H8_96,-1,C7H8_320"
ISOC7_0400_C7H8_97,ISOC7,0.1588149727122347,99.6579,"1,C7H8_97,-1,C7H8_320"
ISOC7_0401_C7H8_98,ISOC7,0.1588009490195835,99.6491,"1,C7H8_98,-1,C7H8_320"
ISOC7_0402_C7H8_99,ISOC7,0.1582932276015512,99.3305,"1,C7H8_99,-1,C7H8_320"
ISOC7_0403_C7H8_100,ISOC7,0.1578199279745720,99.0335,"1,C7H8_100,-1,C7H8_320"
ISOC7_0404_C7H8_101,ISOC7,0.1574365074686757,98.7929,"1,C7H8_101,-1,C7H8_320"
ISOC7_0405_C7H8_102,ISOC7,0.1570312546230837,98.5386,"1,C7H8_102,-1,C7H8_320"
ISOC7_0406_C7H8_103,ISOC7,0.1567281516296445,98.3484,"1,C7H8_103,-1,C7H8_320"
ISOC7_0407_C7H8_104,ISOC7,0.1566550053236568,98.3025,"1,C7H8_104,-1,C7H8_320"
ISOC7_0408_C7H8_105,ISOC7,0.1564988323827680,98.2045,"1,C7H8_105,-1,C7H8_320"
ISOC7_0409_C7H8_106,ISOC7,0.1564787530046537,98.1919,"1,C7H8_106,-1,C7H8_320"
ISOC7_0410_C7H8_107,ISOC7,0.1562918235560185,98.0746,"1,C7H8_107,-1,C7H8_320"
ISOC7_0411_C7H8_108,ISOC7,0.1559691192648963,97.8721,"1,C7H8_108,-1,C7H8_320"
ISOC7_0412_C7H8_109,ISOC7,0.1556132680638712,97.6488,"1,C7H8_109,-1,C7H8_320"
ISOC7_0413_C7H8_110,ISOC7,0.1556129493435837,97.6486,"1,C7H8_110,-1,C7H8_320"
ISOC7_0414_C7H8_111,ISOC7,0.1555660974613170,97.6192,"1,C7H8_111,-1,C7H8_320"
ISOC7_0415_C7H8_112,ISOC7,0.1551402871571795,97.352,"1,C7H8_112,-1,C7H8_320"
ISOC7_0416_C7H8_113,ISOC7,0.1551347095521477,97.3485,"1,C7H8_113,-1,C7H8_320"
ISOC7_0417_C7H8_114,ISOC7,0.1546864294677395,97.0672,"1,C7H8_114,-1,C7H8_320"
ISOC7_0418_C7H8_115,ISOC7,0.1546405337463354,97.0384,"1,C7H8_115,-1,C7H8_320"
ISOC7_0419_C7H8_116,ISOC7,0.1537470014202504,96.4777,"1,C7H8_116,-1,C7H8_320"
ISOC7_0420_C7H8_117,ISOC7,0.1532316307153174,96.1543,"1,C7H8_117,-1,C7H8_320"
ISOC7_0421_C7H8_118,ISOC7,0.1526727546911369,95.8036,"1,C7H8_118,-1,C7H8_320"
ISOC7_0422_C7H8_119,ISOC7,0.1526010426264431,95.7586,"1,C7H8_119,-1,C7H8_320"
ISOC7_0423_C7H8_120,ISOC7,0.1525642304332336,95.7355,"1,C7H8_120,-1,C7H8_320"
ISOC7_0424_C7H8_121,ISOC7,0.1523489348790083,95.6004,"1,C7H8_121,-1,C7H8_320"
ISOC7_0425_C7H8_122,ISOC7,0.1522800912969023,95.5572,"1,C7H8_122,-1,C7H8_320"
ISOC7_0426_C7H8_123,ISOC7,0.1520485410080131,95.4119,"1,C7H8_123,-1,C7H8_320"
ISOC7_0427_C7H8_124,ISOC7,0.1516510968094656,95.1625,"1,C7H8_124,-1,C7H8_320"
ISOC7_0428_C7H8_125,ISOC7,0.1516458379247214,95.1592,"1,C7H8_125,-1,C7H8_320"
ISOC7_0429_C7H8_126,ISOC7,0.1516340452740828,95.1518,"1,C7H8_126,-1,C7H8_320"
ISOC7_0430_C7H8_127,ISOC7,0.1513024168149098,94.9437,"1,C7H8_127,-1,C7H8_320"
ISOC7_0431_C7H8_128,ISOC7,0.1510260863256230,94.7703,"1,C7H8_128,-1,C7H8_320"
ISOC7_0432_C7H8_129,ISOC7,0.1509311076799396,94.7107,"1,C7H8_129,-1,C7H8_320"
ISOC7_0433_C7H8_130,ISOC7,0.1509229803126076,94.7056,"1,C7H8_130,-1,C7H8_320"
ISOC7_0434_C7H8_131,ISOC7,0.1506554146312278,94.5377,"1,C7H8_131,-1,C7H8_320"
ISOC7_0435_C7H8_132,ISOC7,0.1505397191668551,94.4651,"1,C7H8_132,-1,C7H8_320"
ISOC7_0436_C7H8_133,ISOC7,0.1500936701244595,94.1852,"1,C7H8_133,-1,C7H8_320"
ISOC7_0437_C7H8_134,ISOC7,0.1499288917358075,94.0818,"1,C7H8_134,-1,C7H8_320"
ISOC7_0438_C7H8_135,ISOC7,0.1497201299474766,93.9508,"1,C7H8_135,-1,C7H8_320"
ISOC7_0439_C7H8_136,ISOC7,0.1496688159811845,93.9186,"1,C7H8_136,-1,C7H8_320"
ISOC7_0440_C7H8_137,ISOC7,0.1491099399570040,93.5679,"1,C7H8_137,-1,C7H8_320"
ISOC7_0441_C7H8_138,ISOC7,0.1486367996901685,93.271,"1,C7H8_138,-1,C7H8_320"
ISOC7_0442_C7H8_139,ISOC7,0.1484313844648567,93.1421,"1,C7H8_139,-1,C7H8_320"
ISOC7_0443_C7H8_140,ISOC7,0.1484011060375415,93.1231,"1,C7H8_140,-1,C7H8_320"
ISOC7_0444_C7H8_141,ISOC7,0.1479991997549686,92.8709,"1,C7H8_141,-1,C7H8_320"
ISOC7_0445_C7H8_142,ISOC7,0.1474905221760737,92.5517,"1,C7H8_142,-1,C7H8_320"
ISOC7_0446_C7H8_143,ISOC7,0.1472865411920557,92.4237,"1,C7H8_143,-1,C7H8_320"
ISOC7_0447_C7H8_144,ISOC7,0.1472350678656199,92.3914,"1,C7H8_144,-1,C7H8_320"
ISOC7_0448_C7H8_145,ISOC7,0.1470248718359951,92.2595,"1,C7H8_145,-1,C7H8_320"
ISOC7_0449_C7H8_146,ISOC7,0.1463887061420891,91.8603,"1,C7H8_146,-1,C7H8_320"
ISOC7_0450_C7H8_147,ISOC7,0.1458142128238196,91.4998,"1,C7H8_147,-1,C7H8_320"
ISOC7_0451_C7H8_148,ISOC7,0.1457526998083267,91.4612,"1,C7H8_148,-1,C7H8_320"
ISOC7_0452_C7H8_149,ISOC7,0.1457170031361236,91.4388,"1,C7H8_149,-1,C7H8_320"
ISOC7_0453_C7H8_150,ISOC7,0.1456664859705504,91.4071,"1,C7H8_150,-1,C7H8_320"
ISOC7_0454_C7H8_151,ISOC7,0.1445474590410392,90.7049,"1,C7H8_151,-1,C7H8_320"
ISOC7_0455_C7H8_152,ISOC7,0.1443997321877699,90.6122,"1,C7H8_152,-1,C7H8_320"
ISOC7_0456_C7H8_153,ISOC7,0.1436800617785315,90.1606,"1,C7H8_153,-1,C7H8_320"
ISOC7_0457_C7H8_154,ISOC7,0.1435930511400363,90.106,"1,C7H8_154,-1,C7H8_320"
ISOC7_0458_C7H8_155,ISOC7,0.1434706625496255,90.0292,"1,C7H8_155,-1,C7H8_320"
ISOC7_0459_C7H8_156,ISOC7,0.1433610227707158,89.9604,"1,C7H8_156,-1,C7H8_320"
ISOC7_0460_C7H8_157,ISOC7,0.1432024594276706,89.8609,"1,C7H8_157,-1,C7H8_320"
ISOC7_0461_C7H8_158,ISOC7,0.1426190419413504,89.4948,"1,C7H8_158,-1,C7H8_320"
ISOC7_0462_C7H8_159,ISOC7,0.1423911569357678,89.3518,"1,C7H8_159,-1,C7H8_320"
ISOC7_0463_C7H8_160,ISOC7,0.1420257441261169,89.1225,"1,C7H8_160,-1,C7H8_320"
ISOC7_0464_C7H8_161,ISOC7,0.1413977057995427,88.7284,"1,C7H8_161,-1,C7H8_320"
ISOC7_0465_C7H8_162,ISOC7,0.1409534097187285,88.4496,"1,C7H8_162,-1,C7H8_320"
ISOC7_0466_C7H8_163,ISOC7,0.1407317397587528,88.3105,"1,C7H8_163,-1,C7H8_320"
ISOC7_0467_C7H8_164,ISOC7,0.1407150069436575,88.3,"1,C7H8_164,-1,C7H8_320"
ISOC7_0468_C7H8_165,ISOC7,0.1406095105284857,88.2338,"1,C7H8_165,-1,C7H8_320"
ISOC7_0469_C7H8_166,ISOC7,0.1404209874784129,88.1155,"1,C7H8_166,-1,C7H8_320"
ISOC7_0470_C7H8_167,ISOC7,0.1400064917444826,87.8554,"1,C7H8_167,-1,C7H8_320"
ISOC7_0471_C7H8_168,ISOC7,0.1397247430103077,87.6786,"1,C7H8_168,-1,C7H8_320"
ISOC7_0472_C7H8_169,ISOC7,0.1395162999422643,87.5478,"1,C7H8_169,-1,C7H8_320"
ISOC7_0473_C7H8_170,ISOC7,0.1385483464290415,86.9404,"1,C7H8_170,-1,C7H8_320"
ISOC7_0474_C7H8_171,ISOC7,0.1381263607683543,86.6756,"1,C7H8_171,-1,C7H8_320"
ISOC7_0475_C7H8_172,ISOC7,0.1377236576850625,86.4229,"1,C7H8_172,-1,C7H8_320"
ISOC7_0476_C7H8_173,ISOC7,0.1376278822386603,86.3628,"1,C7H8_173,-1,C7H8_320"
ISOC7_0477_C7H8_174,ISOC7,0.1375281227886640,86.3002,"1,C7H8_174,-1,C7H8_320"
ISOC7_0478_C7H8_175,ISOC7,0.1371407182791736,86.0571,"1,C7H8_175,-1,C7H8_320"
ISOC7_0479_C7H8_176,ISOC7,0.1371209576213469,86.0447,"1,C7H8_176,-1,C7H8_320"
ISOC7_0480_C7H8_177,ISOC7,0.1370302816995451,85.9878,"1,C7H8_177,-1,C7H8_320"
ISOC7_0481_C7H8_178,ISOC7,0.1368948255773457,85.9028,"1,C7H8_178,-1,C7H8_320"
ISOC7_0482_C7H8_179,ISOC7,0.1368183327083389,85.8548,"1,C7H8_179,-1,C7H8_320"
ISOC7_0483_C7H8_180,ISOC7,0.1364736367173773,85.6385,"1,C7H8_180,-1,C7H8_320"
ISOC7_0484_C7H8_181,ISOC7,0.1359232067808163,85.2931,"1,C7H8_181,-1,C7H8_320"
ISOC7_0485_C7H8_182,ISOC7,0.1356253626721212,85.1062,"1,C7H8_182,-1,C7H8_320"
ISOC7_0486_C7H8_183,ISOC7,0.1355082329664547,85.0327,"1,C7H8_183,-1,C7H8_320"
ISOC7_0487_C7H8_184,ISOC7,0.1352084765360345,84.8446,"1,C7H8_184,-1,C7H8_320"
ISOC7_0488_C7H8_185,ISOC7,0.1348878439267812,84.6434,"1,C7H8_185,-1,C7H8_320"
ISOC7_0489_C7H8_186,ISOC7,0.1347425074756684,84.5522,"1,C7H8_186,-1,C7H8_320"
ISOC7_0490_C7H8_187,ISOC7,0.1345705578805470,84.4443,"1,C7H8_187,-1,C7H8_320"
ISOC7_0491_C7H8_188,ISOC7,0.1344977302948468,84.3986,"1,C7H8_188,-1,C7H8_320"
ISOC7_0492_C7H8_189,ISOC7,0.1344276118315906,84.3546,"1,C7H8_189,-1,C7H8_320"
ISOC7_0493_C7H8_190,ISOC7,0.1342167783613908,84.2223,"1,C7H8_190,-1,C7H8_320"
ISOC7_0494_C7H8_191,ISOC7,0.1341587712690607,84.1859,"1,C7H8_191,-1,C7H8_320"
ISOC7_0495_C7H8_192,ISOC7,0.1341565402270480,84.1845,"1,C7H8_192,-1,C7H8_320"
ISOC7_0496_C7H8_193,ISOC7,0.1339727979812880,84.0692,"1,C7H8_193,-1,C7H8_320"
ISOC7_0497_C7H8_194,ISOC7,0.1332877087232464,83.6393,"1,C7H8_194,-1,C7H8_320"
ISOC7_0498_C7H8_195,ISOC7,0.1331025322361925,83.5231,"1,C7H8_195,-1,C7H8_320"
ISOC7_0499_C7H8_196,ISOC7,0.1326805465755053,83.2583,"1,C7H8_196,-1,C7H8_320"
ISOC7_0500_C7H8_197,ISOC7,0.1326282764483507,83.2255,"1,C7H8_197,-1,C7H8_320"
ISOC7_0501_C7H8_198,ISOC7,0.1326155276368496,83.2175,"1,C7H8_198,-1,C7H8_320"
ISOC7_0502_C7H8_199,ISOC7,0.1325989541818981,83.2071,"1,C7H8_199,-1,C7H8_320"
ISOC7_0503_C7H8_200,ISOC7,0.1324716254270307,83.1272,"1,C7H8_200,-1,C7H8_320"
ISOC7_0504_C7H8_201,ISOC7,0.1321398376077139,82.919,"1,C7H8_201,-1,C7H8_320"
ISOC7_0505_C7H8_202,ISOC7,0.1317376126048534,82.6666,"1,C7H8_202,-1,C7H8_320"
ISOC7_0506_C7H8_203,ISOC7,0.1309949943349130,82.2006,"1,C7H8_203,-1,C7H8_320"
ISOC7_0507_C7H8_204,ISOC7,0.1307605755634360,82.0535,"1,C7H8_204,-1,C7H8_320"
ISOC7_0508_C7H8_205,ISOC7,0.1299336557774444,81.5346,"1,C7H8_205,-1,C7H8_320"
ISOC7_0509_C7H8_206,ISOC7,0.1298748518843954,81.4977,"1,C7H8_206,-1,C7H8_320"
ISOC7_0510_C7H8_207,ISOC7,0.1295095984348882,81.2685,"1,C7H8_207,-1,C7H8_320"
ISOC7_0511_C7H8_208,ISOC7,0.1289843474010419,80.9389,"1,C7H8_208,-1,C7H8_320"
ISOC7_0512_C7H8_209,ISOC7,0.1288294493413033,80.8417,"1,C7H8_209,-1,C7H8_320"
ISOC7_0513_C7H8_210,ISOC7,0.1283312895318968,80.5291,"1,C7H8_210,-1,C7H8_320"
ISOC7_0514_C7H8_211,ISOC7,0.1282790194047422,80.4963,"1,C7H8_211,-1,C7H8_320"
ISOC7_0515_C7H8_212,ISOC7,0.1280465129549905,80.3504,"1,C7H8_212,-1,C7H8_320"
ISOC7_0516_C7H8_213,ISOC7,0.1277644455005281,80.1734,"1,C7H8_213,-1,C7H8_320"
ISOC7_0517_C7H8_214,ISOC7,0.1274742506787338,79.9913,"1,C7H8_214,-1,C7H8_320"
ISOC7_0518_C7H8_215,ISOC7,0.1271292359674846,79.7748,"1,C7H8_215,-1,C7H8_320"
ISOC7_0519_C7H8_216,ISOC7,0.1270634202281101,79.7335,"1,C7H8_216,-1,C7H8_320"
ISOC7_0520_C7H8_217,ISOC7,0.1269958515271541,79.6911,"1,C7H8_217,-1,C7H8_320"
ISOC7_0521_C7H8_218,ISOC7,0.1267905956619860,79.5623,"1,C7H8_218,-1,C7H8_320"
ISOC7_0522_C7H8_219,ISOC7,0.1267646199585525,79.546,"1,C7H8_219,-1,C7H8_320"
ISOC7_0523_C7H8_220,ISOC7,0.1262721971143215,79.237,"1,C7H8_220,-1,C7H8_320"
ISOC7_0524_C7H8_221,ISOC7,0.1256902138692952,78.8718,"1,C7H8_221,-1,C7H8_320"
ISOC7_0525_C7H8_222,ISOC7,0.1247343717269984,78.272,"1,C7H8_222,-1,C7H8_320"
ISOC7_0526_C7H8_223,ISOC7,0.1245636970130271,78.1649,"1,C7H8_223,-1,C7H8_320"
ISOC7_0527_C7H8_224,ISOC7,0.1244601129195805,78.0999,"1,C7H8_224,-1,C7H8_320"
ISOC7_0528_C7H8_225,ISOC7,0.1243530229029711,78.0327,"1,C7H8_225,-1,C7H8_320"
ISOC7_0529_C7H8_226,ISOC7,0.1241754957028179,77.9213,"1,C7H8_226,-1,C7H8_320"
ISOC7_0530_C7H8_227,ISOC7,0.1238135888163297,77.6942,"1,C7H8_227,-1,C7H8_320"
ISOC7_0531_C7H8_228,ISOC7,0.1238094454525919,77.6916,"1,C7H8_228,-1,C7H8_320"
ISOC7_0532_C7H8_229,ISOC7,0.1237343868248790,77.6445,"1,C7H8_229,-1,C7H8_320"
ISOC7_0533_C7H8_230,ISOC7,0.1237273749785534,77.6401,"1,C7H8_230,-1,C7H8_320"
ISOC7_0534_C7H8_231,ISOC7,0.1236865787817498,77.6145,"1,C7H8_231,-1,C7H8_320"
ISOC7_0535_C7H8_232,ISOC7,0.1234390924784842,77.4592,"1,C7H8_232,-1,C7H8_320"
ISOC7_0536_C7H8_233,ISOC7,0.1232397329386354,77.3341,"1,C7H8_233,-1,C7H8_320"
ISOC7_0537_C7H8_234,ISOC7,0.1231496944574087,77.2776,"1,C7H8_234,-1,C7H8_320"
ISOC7_0538_C7H8_235,ISOC7,0.1227265932757152,77.0121,"1,C7H8_235,-1,C7H8_320"
ISOC7_0539_C7H8_236,ISOC7,0.1225039671548768,76.8724,"1,C7H8_236,-1,C7H8_320"
ISOC7_0540_C7H8_237,ISOC7,0.1222719387855563,76.7268,"1,C7H8_237,-1,C7H8_320"
ISOC7_0541_C7H8_238,ISOC7,0.1220399104162359,76.5812,"1,C7H8_238,-1,C7H8_320"
ISOC7_0542_C7H8_239,ISOC7,0.1217603927240737,76.4058,"1,C7H8_239,-1,C7H8_320"
ISOC7_0543_C7H8_240,ISOC7,0.1207309261953579,75.7598,"1,C7H8_240,-1,C7H8_320"
ISOC7_0544_C7H8_241,ISOC7,0.1206198521751544,75.6901,"1,C7H8_241,-1,C7H8_320"
ISOC7_0545_C7H8_242,ISOC7,0.1205967449543086,75.6756,"1,C7H8_242,-1,C7H8_320"
ISOC7_0546_C7H8_243,ISOC7,0.1204257515200498,75.5683,"1,C7H8_243,-1,C7H8_320"
ISOC7_0547_C7H8_244,ISOC7,0.1202450371170213,75.4549,"1,C7H8_244,-1,C7H8_320"
ISOC7_0548_C7H8_245,ISOC7,0.1196350064866926,75.0721,"1,C7H8_245,-1,C7H8_320"
ISOC7_0549_C7H8_246,ISOC7,0.1194958850811865,74.9848,"1,C7H8_246,-1,C7H8_320"
ISOC7_0550_C7H8_247,ISOC7,0.1189287223295303,74.6289,"1,C7H8_247,-1,C7H8_320"
ISOC7_0551_C7H8_248,ISOC7,0.1189123082347226,74.6186,"1,C7H8_248,-1,C7H8_320"
ISOC7_0552_C7H8_249,ISOC7,0.1188855357305702,74.6018,"1,C7H8_249,-1,C7H8_320"
ISOC7_0553_C7H8_250,ISOC7,0.1188656157125997,74.5893,"1,C7H8_250,-1,C7H8_320"
ISOC7_0554_C7H8_251,ISOC7,0.1187397211990261,74.5103,"1,C7H8_251,-1,C7H8_320"
ISOC7_0555_C7H8_252,ISOC7,0.1184123954637347,74.3049,"1,C7H8_252,-1,C7H8_320"
ISOC7_0556_C7H8_253,ISOC7,0.1184088895405719,74.3027,"1,C7H8_253,-1,C7H8_320"
ISOC7_0557_C7H8_254,ISOC7,0.1181175791977713,74.1199,"1,C7H8_254,-1,C7H8_320"
ISOC7_0558_C7H8_255,ISOC7,0.1175346397918824,73.7541,"1,C7H8_255,-1,C7H8_320"
ISOC7_0559_C7H8_256,ISOC7,0.1174484259541060,73.7,"1,C7H8_256,-1,C7H8_320"
ISOC7_0560_C7H8_257,ISOC7,0.1172444449700880,73.572,"1,C7H8_257,-1,C7H8_320"
ISOC7_0561_C7H8_258,ISOC7,0.1165440571382450,73.1325,"1,C7H8_258,-1,C7H8_320"
ISOC7_0562_C7H8_259,ISOC7,0.1156618393823672,72.5789,"1,C7H8_259,-1,C7H8_320"
ISOC7_0563_C7H8_260,ISOC7,0.1151781813460433,72.2754,"1,C7H8_260,-1,C7H8_320"
ISOC7_0564_C7H8_261,ISOC7,0.1151080628827871,72.2314,"1,C7H8_261,-1,C7H8_320"
ISOC7_0565_C7H8_262,ISOC7,0.1149899770162580,72.1573,"1,C7H8_262,-1,C7H8_320"
ISOC7_0566_C7H8_263,ISOC7,0.1141318226420886,71.6188,"1,C7H8_263,-1,C7H8_320"
ISOC7_0567_C7H8_264,ISOC7,0.1131705622549038,71.0156,"1,C7H8_264,-1,C7H8_320"
ISOC7_0568_C7H8_265,ISOC7,0.1124814889932680,70.5832,"1,C7H8_265,-1,C7H8_320"
ISOC7_0569_C7H8_266,ISOC7,0.1120005400793881,70.2814,"1,C7H8_266,-1,C7H8_320"
ISOC7_0570_C7H8_267,ISOC7,0.1118937687830662,70.2144,"1,C7H8_267,-1,C7H8_320"
ISOC7_0571_C7H8_268,ISOC7,0.1118121763894590,70.1632,"1,C7H8_268,-1,C7H8_320"
ISOC7_0572_C7H8_269,ISOC7,0.1113329804371605,69.8625,"1,C7H8_269,-1,C7H8_320"
ISOC7_0573_C7H8_270,ISOC7,0.1108324302255976,69.5484,"1,C7H8_270,-1,C7H8_320"
ISOC7_0574_C7H8_271,ISOC7,0.1094397819292436,68.6745,"1,C7H8_271,-1,C7H8_320"
ISOC7_0575_C7H8_272,ISOC7,0.1080289665765004,67.7892,"1,C7H8_272,-1,C7H8_320"
ISOC7_0576_C7H8_273,ISOC7,0.1073317659475327,67.3517,"1,C7H8_273,-1,C7H8_320"
ISOC7_0577_C7H8_274,ISOC7,0.1072857108659849,67.3228,"1,C7H8_274,-1,C7H8_320"
ISOC7_0578_C7H8_275,ISOC7,0.1062908254884659,66.6985,"1,C7H8_275,-1,C7H8_320"
ISOC7_0579_C7H8_276,ISOC7,0.1056894003059004,66.3211,"1,C7H8_276,-1,C7H8_320"
ISOC7_0580_C7H8_277,ISOC7,0.1054898814059078,66.1959,"1,C7H8_277,-1,C7H8_320"
ISOC7_0581_C7H8_278,ISOC7,0.1053443855946512,66.1046,"1,C7H8_278,-1,C7H8_320"
ISOC7_0582_C7H8_279,ISOC7,0.1052701237676572,66.058,"1,C7H8_279,-1,C7H8_320"
ISOC7_0583_C7H8_280,ISOC7,0.1045122069239154,65.5824,"1,C7H8_280,-1,C7H8_320"
ISOC7_0584_C7H8_281,ISOC7,0.1043794599241599,65.4991,"1,C7H8_281,-1,C7H8_320"
ISOC7_0585_C7H8_282,ISOC7,0.1042690233445314,65.4298,"1,C7H8_282,-1,C7H8_320"
ISOC7_0586_C7H8_283,ISOC7,0.1036817812147609,65.0613,"1,C7H8_283,-1,C7H8_320"
ISOC7_0587_C7H8_284,ISOC7,0.1036416224585323,65.0361,"1,C7H8_284,-1,C7H8_320"
ISOC7_0588_C7H8_285,ISOC7,0.1032621859562301,64.798,"1,C7H8_285,-1,C7H8_320"
ISOC7_0589_C7H8_286,ISOC7,0.1027009195298931,64.4458,"1,C7H8_286,-1,C7H8_320"
ISOC7_0590_C7H8_287,ISOC7,0.1025214800080148,64.3332,"1,C7H8_287,-1,C7H8_320"
ISOC7_0591_C7H8_288,ISOC7,0.1020317662862279,64.0259,"1,C7H8_288,-1,C7H8_320"
ISOC7_0592_C7H8_289,ISOC7,0.1018177456131528,63.8916,"1,C7H8_289,-1,C7H8_320"
ISOC7_0593_C7H8_290,ISOC7,0.1005280439696703,63.0823,"1,C7H8_290,-1,C7H8_320"
ISOC7_0594_C7H8_291,ISOC7,0.1003517916506673,62.9717,"1,C7H8_291,-1,C7H8_320"
ISOC7_0595_C7H8_292,ISOC7,0.1002424705920451,62.9031,"1,C7H8_292,-1,C7H8_320"
ISOC7_0596_C7H8_293,ISOC7,0.09993410871386168,62.7096,"1,C7H8_293,-1,C7H8_320"
ISOC7_0597_C7H8_294,ISOC7,0.09990765492999684,62.693,"1,C7H8_294,-1,C7H8_320"
ISOC7_0598_C7H8_295,ISOC7,0.09666435728411087,60.6578,"1,C7H8_295,-1,C7H8_320"
ISOC7_0599_C7H8_296,ISOC7,0.09644348412485389,60.5192,"1,C7H8_296,-1,C7H8_320"
ISOC7_0600_C7H8_297,ISOC7,0.09516764681387890,59.7186,"1,C7H8_297,-1,C7H8_320"
ISOC7_0601_C7H8_298,ISOC7,0.09489960305206776,59.5504,"1,C7H8_298,-1,C7H8_320"
ISOC7_0602_C7H8_299,ISOC7,0.09424622646263515,59.1404,"1,C7H8_299,-1,C7H8_320"
ISOC7_0603_C7H8_300,ISOC7,0.09361484157304198,58.7442,"1,C7H8_300,-1,C7H8_320"
ISOC7_0604_C7H8_301,ISOC7,0.08993250673108604,56.4335,"1,C7H8_301,-1,C7H8_320"
ISOC7_0605_C7H8_302,ISOC7,0.08905204193678965,55.881,"1,C7H8_302,-1,C7H8_320"
ISOC7_0606_C7H8_303,ISOC7,0.08581272829449778,53.8483,"1,C7H8_303,-1,C7H8_320"
ISOC7_0607_C7H8_304,ISOC7,0.08299587839332440,52.0807,"1,C7H8_304,-1,C7H8_320"
ISOC7_0608_C7H8_305,ISOC7,0.08098029129499668,50.8159,"1,C7H8_305,-1,C7H8_320"
ISOC7_0609_C7H8_306,ISOC7,0.08072404018382408,50.6551,"1,C7H8_306,-1,C7H8_320"
ISOC7_0610_C7H8_307,ISOC7,0.07270200990688549,45.6212,"1,C7H8_307,-1,C7H8_320"
ISOC7_0611_C7H8_308,ISOC7,0.07021901950689780,44.0631,"1,C7H8_308,-1,C7H8_320"
ISOC7_0612_C7H8_309,ISOC7,0.06828151887901446,42.8473,"1,C7H8_309,-1,C7H8_320"
ISOC7_0613_C7H8_310,ISOC7,0.06498706662698023,40.78,"1,C7H8_310,-1,C7H8_320"
ISOC7_0614_C7H8_311,ISOC7,0.06084147184710219,38.1786,"1,C7H8_311,-1,C7H8_320"
ISOC7_0615_C7H8_312,ISOC7,0.05787418597021555,36.3166,"1,C7H8_312,-1,C7H8_320"
ISOC7_0616_C7H8_313,ISOC7,0.05584808110239940,35.0452,"1,C7H8_313,-1,C7H8_320"
ISOC7_0617_C7H8_314,ISOC7,0.05425240798288995,34.0439,"1,C7H8_314,-1,C7H8_320"
ISOC7_0618_C7H8_315,ISOC7,0.05347998936606559,33.5592,"1,C7H8_315,-1,C7H8_320"
ISOC7_0619_C7H8_316,ISOC7,0.05223570536355588,32.7784,"1,C7H8_316,-1,C7H8_320"
ISOC7_0620_C7H8_317,ISOC7,0.05186439622858564,32.5454,"1,C7H8_317,-1,C7H8_320"
ISOC7_0621_C7H8_318,ISOC7,0.05042250564780850,31.6406,"1,C7H8_318,-1,C7H8_320"
ISOC7_0622_C7H8_319,ISOC7,0.04549859592578683,28.5508,"1,C7H8_319,-1,C7H8_320"
ISOC7_0623_C7H8_320,ISOC7,0e-42,0,"1,C7H8_320,-1,C7H8_320"
ISOC7_0624_C7H10_1,ISOC7,0.1541038087821381,96.7016,"1,C7H10_1,-1,C7H10_396"
ISOC7_0625_C7H10_2,ISOC7,0.1515808189860656,95.1184,"1,C7H10_2,-1,C7H10_396"
ISOC7_0626_C7H10_3,ISOC7,0.1502791653318008,94.3016,"1,C7H10_3,-1,C7H10_396"
ISOC7_0627_C7H10_4,ISOC7,0.1493038812519649,93.6896,"1,C7H10_4,-1,C7H10_396"
ISOC7_0628_C7H10_5,ISOC7,0.1492074683649876,93.6291,"1,C7H10_5,-1,C7H10_396"
ISOC7_0629_C7H10_6,ISOC7,0.1472372989076326,92.3928,"1,C7H10_6,-1,C7H10_396"
ISOC7_0630_C7H10_7,ISOC7,0.1462535687401771,91.7755,"1,C7H10_7,-1,C7H10_396"
ISOC7_0631_C7H10_8,ISOC7,0.1454331827200798,91.2607,"1,C7H10_8,-1,C7H10_396"
ISOC7_0632_C7H10_9,ISOC7,0.1452730257755969,91.1602,"1,C7H10_9,-1,C7H10_396"
ISOC7_0633_C7H10_10,ISOC7,0.1448284109744952,90.8812,"1,C7H10_10,-1,C7H10_396"
ISOC7_0634_C7H10_11,ISOC7,0.1447860211762540,90.8546,"1,C7H10_11,-1,C7H10_396"
ISOC7_0635_C7H10_12,ISOC7,0.1365604879957287,85.693,"1,C7H10_12,-1,C7H10_396"
ISOC7_0636_C7H10_13,ISOC7,0.1178603719257361,73.9585,"1,C7H10_13,-1,C7H10_396"
ISOC7_0637_C7H10_14,ISOC7,0.1176171883463521,73.8059,"1,C7H10_14,-1,C7H10_396"
ISOC7_0638_C7H10_15,ISOC7,0.1166474818715479,73.1974,"1,C7H10_15,-1,C7H10_396"
ISOC7_0639_C7H10_16,ISOC7,0.1163885216379313,73.0349,"1,C7H10_16,-1,C7H10_396"
ISOC7_0640_C7H10_17,ISOC7,0.1153703696794228,72.396,"1,C7H10_17,-1,C7H10_396"
ISOC7_0641_C7H10_18,ISOC7,0.1134134271140002,71.168,"1,C7H10_18,-1,C7H10_396"
ISOC7_0642_C7H10_19,ISOC7,0.1122080269865689,70.4116,"1,C7H10_19,-1,C7H10_396"
ISOC7_0643_C7H10_20,ISOC7,0.1101210465438349,69.102,"1,C7H10_20,-1,C7H10_396"
ISOC7_0644_C7H10_21,ISOC7,0.1093326919126341,68.6073,"1,C7H10_21,-1,C7H10_396"
ISOC7_0645_C7H10_22,ISOC7,0.1072683406103146,67.3119,"1,C7H10_22,-1,C7H10_396"
ISOC7_0646_C7H10_23,ISOC7,0.1043539623011576,65.4831,"1,C7H10_23,-1,C7H10_396"
ISOC7_0647_C7H10_24,ISOC7,0.1038876745205040,65.1905,"1,C7H10_24,-1,C7H10_396"
ISOC7_0648_C7H10_25,ISOC7,0.1033453719512750,64.8502,"1,C7H10_25,-1,C7H10_396"
ISOC7_0649_C7H10_26,ISOC7,0.1031082440573541,64.7014,"1,C7H10_26,-1,C7H10_396"
ISOC7_0650_C7H10_27,ISOC7,0.1026397252346877,64.4074,"1,C7H10_27,-1,C7H10_396"
ISOC7_0651_C7H10_28,ISOC7,0.1023530363360562,64.2275,"1,C7H10_28,-1,C7H10_396"
ISOC7_0652_C7H10_29,ISOC7,0.1022080186052309,64.1365,"1,C7H10_29,-1,C7H10_396"
ISOC7_0653_C7H10_30,ISOC7,0.1016991816661923,63.8172,"1,C7H10_30,-1,C7H10_396"
ISOC7_0654_C7H10_31,ISOC7,0.1008515450615113,63.2853,"1,C7H10_31,-1,C7H10_396"
ISOC7_0655_C7H10_32,ISOC7,0.1007667654650288,63.2321,"1,C7H10_32,-1,C7H10_396"
ISOC7_0656_C7H10_33,ISOC7,0.1003202383422020,62.9519,"1,C7H10_33,-1,C7H10_396"
ISOC7_0657_C7H10_34,ISOC7,0.1002236660950810,62.8913,"1,C7H10_34,-1,C7H10_396"
ISOC7_0658_C7H10_35,ISOC7,0.09938957510261991,62.3679,"1,C7H10_35,-1,C7H10_396"
ISOC7_0659_C7H10_36,ISOC7,0.09910878252930765,62.1917,"1,C7H10_36,-1,C7H10_396"
ISOC7_0660_C7H10_37,ISOC7,0.09907340457739203,62.1695,"1,C7H10_37,-1,C7H10_396"
ISOC7_0661_C7H10_38,ISOC7,0.09897778849113360,62.1095,"1,C7H10_38,-1,C7H10_396"
ISOC7_0662_C7H10_39,ISOC7,0.09879994257069292,61.9979,"1,C7H10_39,-1,C7H10_396"
ISOC7_0663_C7H10_40,ISOC7,0.09869476487580865,61.9319,"1,C7H10_40,-1,C7H10_396"
ISOC7_0664_C7H10_41,ISOC7,0.09841205998077122,61.7545,"1,C7H10_41,-1,C7H10_396"
ISOC7_0665_C7H10_42,ISOC7,0.09839787692797622,61.7456,"1,C7H10_42,-1,C7H10_396"
ISOC7_0666_C7H10_43,ISOC7,0.09833907303492729,61.7087,"1,C7H10_43,-1,C7H10_396"
ISOC7_0667_C7H10_44,ISOC7,0.09787023549197345,61.4145,"1,C7H10_44,-1,C7H10_396"
ISOC7_0668_C7H10_45,ISOC7,0.09767278827384979,61.2906,"1,C7H10_45,-1,C7H10_396"
ISOC7_0669_C7H10_46,ISOC7,0.09674435607628042,60.708,"1,C7H10_46,-1,C7H10_396"
ISOC7_0670_C7H10_47,ISOC7,0.09671869909313441,60.6919,"1,C7H10_47,-1,C7H10_396"
ISOC7_0671_C7H10_48,ISOC7,0.09665591119649137,60.6525,"1,C7H10_48,-1,C7H10_396"
ISOC7_0672_C7H10_49,ISOC7,0.09652874180176766,60.5727,"1,C7H10_49,-1,C7H10_396"
ISOC7_0673_C7H10_50,ISOC7,0.09630898416351703,60.4348,"1,C7H10_50,-1,C7H10_396"
ISOC7_0674_C7H10_51,ISOC7,0.09601910806201022,60.2529,"1,C7H10_51,-1,C7H10_396"
ISOC7_0675_C7H10_52,ISOC7,0.09591902989172640,60.1901,"1,C7H10_52,-1,C7H10_396"
ISOC7_0676_C7H10_53,ISOC7,0.09540557150851862,59.8679,"1,C7H10_53,-1,C7H10_396"
ISOC7_0677_C7H10_54,ISOC7,0.09525561361323665,59.7738,"1,C7H10_54,-1,C7H10_396"
ISOC7_0678_C7H10_55,ISOC7,0.09525194832993008,59.7715,"1,C7H10_55,-1,C7H10_396"
ISOC7_0679_C7H10_56,ISOC7,0.09520892109111378,59.7445,"1,C7H10_56,-1,C7H10_396"
ISOC7_0680_C7H10_57,ISOC7,0.09480048104264652,59.4882,"1,C7H10_57,-1,C7H10_396"
ISOC7_0681_C7H10_58,ISOC7,0.09416033134514633,59.0865,"1,C7H10_58,-1,C7H10_396"
ISOC7_0682_C7H10_59,ISOC7,0.09388400085585946,58.9131,"1,C7H10_59,-1,C7H10_396"
ISOC7_0683_C7H10_60,ISOC7,0.09370201157168091,58.7989,"1,C7H10_60,-1,C7H10_396"
ISOC7_0684_C7H10_61,ISOC7,0.09355540023941799,58.7069,"1,C7H10_61,-1,C7H10_396"
ISOC7_0685_C7H10_62,ISOC7,0.09283939511348610,58.2576,"1,C7H10_62,-1,C7H10_396"
ISOC7_0686_C7H10_63,ISOC7,0.09281134772818363,58.24,"1,C7H10_63,-1,C7H10_396"
ISOC7_0687_C7H10_64,ISOC7,0.09247015766038479,58.0259,"1,C7H10_64,-1,C7H10_396"
ISOC7_0688_C7H10_65,ISOC7,0.09223494208818905,57.8783,"1,C7H10_65,-1,C7H10_396"
ISOC7_0689_C7H10_66,ISOC7,0.09183813533021657,57.6293,"1,C7H10_66,-1,C7H10_396"
ISOC7_0690_C7H10_67,ISOC7,0.09142507383758014,57.3701,"1,C7H10_67,-1,C7H10_396"
ISOC7_0691_C7H10_68,ISOC7,0.09115750815620030,57.2022,"1,C7H10_68,-1,C7H10_396"
ISOC7_0692_C7H10_69,ISOC7,0.09103559764622080,57.1257,"1,C7H10_69,-1,C7H10_396"
ISOC7_0693_C7H10_70,ISOC7,0.09095894541707029,57.0776,"1,C7H10_70,-1,C7H10_396"
ISOC7_0694_C7H10_71,ISOC7,0.09091751177969164,57.0516,"1,C7H10_71,-1,C7H10_396"
ISOC7_0695_C7H10_72,ISOC7,0.09077249404886635,56.9606,"1,C7H10_72,-1,C7H10_396"
ISOC7_0696_C7H10_73,ISOC7,0.09044198111069971,56.7532,"1,C7H10_73,-1,C7H10_396"
ISOC7_0697_C7H10_74,ISOC7,0.09019497288786543,56.5982,"1,C7H10_74,-1,C7H10_396"
ISOC7_0698_C7H10_75,ISOC7,0.09015959493594981,56.576,"1,C7H10_75,-1,C7H10_396"
ISOC7_0699_C7H10_76,ISOC7,0.08988262700608789,56.4022,"1,C7H10_76,-1,C7H10_396"
ISOC7_0700_C7H10_77,ISOC7,0.08957920529236114,56.2118,"1,C7H10_77,-1,C7H10_396"
ISOC7_0701_C7H10_78,ISOC7,0.08930207800235545,56.0379,"1,C7H10_78,-1,C7H10_396"
ISOC7_0702_C7H10_79,ISOC7,0.08928040502280354,56.0243,"1,C7H10_79,-1,C7H10_396"
ISOC7_0703_C7H10_80,ISOC7,0.08893124694781650,55.8052,"1,C7H10_80,-1,C7H10_396"
ISOC7_0704_C7H10_81,ISOC7,0.08817811090838759,55.3326,"1,C7H10_81,-1,C7H10_396"
ISOC7_0705_C7H10_82,ISOC7,0.08810687692412506,55.2879,"1,C7H10_82,-1,C7H10_396"
ISOC7_0706_C7H10_83,ISOC7,0.08804488582820085,55.249,"1,C7H10_83,-1,C7H10_396"
ISOC7_0707_C7H10_84,ISOC7,0.08804361094705073,55.2482,"1,C7H10_84,-1,C7H10_396"
ISOC7_0708_C7H10_85,ISOC7,0.08796823359905034,55.2009,"1,C7H10_85,-1,C7H10_396"
ISOC7_0709_C7H10_86,ISOC7,0.08795835327013697,55.1947,"1,C7H10_86,-1,C7H10_396"
ISOC7_0710_C7H10_87,ISOC7,0.08793668029058506,55.1811,"1,C7H10_87,-1,C7H10_396"
ISOC7_0711_C7H10_88,ISOC7,0.08768090725984375,55.0206,"1,C7H10_88,-1,C7H10_396"
ISOC7_0712_C7H10_89,ISOC7,0.08758098844970369,54.9579,"1,C7H10_89,-1,C7H10_396"
ISOC7_0713_C7H10_90,ISOC7,0.08690259231770013,54.5322,"1,C7H10_90,-1,C7H10_396"
ISOC7_0714_C7H10_91,ISOC7,0.08675343122313697,54.4386,"1,C7H10_91,-1,C7H10_396"
ISOC7_0715_C7H10_92,ISOC7,0.08637797872442887,54.203,"1,C7H10_92,-1,C7H10_396"
ISOC7_0716_C7H10_93,ISOC7,0.08625049060941763,54.123,"1,C7H10_93,-1,C7H10_396"
ISOC7_0717_C7H10_94,ISOC7,0.08600921935175885,53.9716,"1,C7H10_94,-1,C7H10_396"
ISOC7_0718_C7H10_95,ISOC7,0.08558436520848389,53.705,"1,C7H10_95,-1,C7H10_396"
ISOC7_0719_C7H10_96,ISOC7,0.08550388833588304,53.6545,"1,C7H10_96,-1,C7H10_396"
ISOC7_0720_C7H10_97,ISOC7,0.08521576519595764,53.4737,"1,C7H10_97,-1,C7H10_396"
ISOC7_0721_C7H10_98,ISOC7,0.08432557943289165,52.9151,"1,C7H10_98,-1,C7H10_396"
ISOC7_0722_C7H10_99,ISOC7,0.08398136152236130,52.6991,"1,C7H10_99,-1,C7H10_396"
ISOC7_0723_C7H10_100,ISOC7,0.08376686276885488,52.5645,"1,C7H10_100,-1,C7H10_396"
ISOC7_0724_C7H10_101,ISOC7,0.08374789891174696,52.5526,"1,C7H10_101,-1,C7H10_396"
ISOC7_0725_C7H10_102,ISOC7,0.08371777984457555,52.5337,"1,C7H10_102,-1,C7H10_396"
ISOC7_0726_C7H10_103,ISOC7,0.08345499496750863,52.3688,"1,C7H10_103,-1,C7H10_396"
ISOC7_0727_C7H10_104,ISOC7,0.08326519703628565,52.2497,"1,C7H10_104,-1,C7H10_396"
ISOC7_0728_C7H10_105,ISOC7,0.08323985877342716,52.2338,"1,C7H10_105,-1,C7H10_396"
ISOC7_0729_C7H10_106,ISOC7,0.08288337013182698,52.0101,"1,C7H10_106,-1,C7H10_396"
ISOC7_0730_C7H10_107,ISOC7,0.08226776189646645,51.6238,"1,C7H10_107,-1,C7H10_396"
ISOC7_0731_C7H10_108,ISOC7,0.08226075005014083,51.6194,"1,C7H10_108,-1,C7H10_396"
ISOC7_0732_C7H10_109,ISOC7,0.08211923824247835,51.5306,"1,C7H10_109,-1,C7H10_396"
ISOC7_0733_C7H10_110,ISOC7,0.08192497822722997,51.4087,"1,C7H10_110,-1,C7H10_396"
ISOC7_0734_C7H10_111,ISOC7,0.08188625371229531,51.3844,"1,C7H10_111,-1,C7H10_396"
ISOC7_0735_C7H10_112,ISOC7,0.08188083546740733,51.381,"1,C7H10_112,-1,C7H10_396"
ISOC7_0736_C7H10_113,ISOC7,0.08159876801294496,51.204,"1,C7H10_113,-1,C7H10_396"
ISOC7_0737_C7H10_114,ISOC7,0.08145884980672012,51.1162,"1,C7H10_114,-1,C7H10_396"
ISOC7_0738_C7H10_115,ISOC7,0.08142602161710473,51.0956,"1,C7H10_115,-1,C7H10_396"
ISOC7_0739_C7H10_116,ISOC7,0.08141709744905394,51.09,"1,C7H10_116,-1,C7H10_396"
ISOC7_0740_C7H10_117,ISOC7,0.08133407081415287,51.0379,"1,C7H10_117,-1,C7H10_396"
ISOC7_0741_C7H10_118,ISOC7,0.08115176280968680,50.9235,"1,C7H10_118,-1,C7H10_396"
ISOC7_0742_C7H10_119,ISOC7,0.08108339730801202,50.8806,"1,C7H10_119,-1,C7H10_396"
ISOC7_0743_C7H10_120,ISOC7,0.08096260231903887,50.8048,"1,C7H10_120,-1,C7H10_396"
ISOC7_0744_C7H10_121,ISOC7,0.08084929725682263,50.7337,"1,C7H10_121,-1,C7H10_396"
ISOC7_0745_C7H10_122,ISOC7,0.08044006040763654,50.4769,"1,C7H10_122,-1,C7H10_396"
ISOC7_0746_C7H10_123,ISOC7,0.08041822806794087,50.4632,"1,C7H10_123,-1,C7H10_396"
ISOC7_0747_C7H10_124,ISOC7,0.08036213329733592,50.428,"1,C7H10_124,-1,C7H10_396"
ISOC7_0748_C7H10_125,ISOC7,0.08026253320748339,50.3655,"1,C7H10_125,-1,C7H10_396"
ISOC7_0749_C7H10_126,ISOC7,0.07988484966676259,50.1285,"1,C7H10_126,-1,C7H10_396"
ISOC7_0750_C7H10_127,ISOC7,0.07987257893569275,50.1208,"1,C7H10_127,-1,C7H10_396"
ISOC7_0751_C7H10_128,ISOC7,0.07985473059959118,50.1096,"1,C7H10_128,-1,C7H10_396"
ISOC7_0752_C7H10_129,ISOC7,0.07980198239200528,50.0765,"1,C7H10_129,-1,C7H10_396"
ISOC7_0753_C7H10_130,ISOC7,0.07968644628777634,50.004,"1,C7H10_130,-1,C7H10_396"
ISOC7_0754_C7H10_131,ISOC7,0.07916533861766789,49.677,"1,C7H10_131,-1,C7H10_396"
ISOC7_0755_C7H10_132,ISOC7,0.07889554189427535,49.5077,"1,C7H10_132,-1,C7H10_396"
ISOC7_0756_C7H10_133,ISOC7,0.07889107981024996,49.5049,"1,C7H10_133,-1,C7H10_396"
ISOC7_0757_C7H10_134,ISOC7,0.07878207747191535,49.4365,"1,C7H10_134,-1,C7H10_396"
ISOC7_0758_C7H10_135,ISOC7,0.07875705792934439,49.4208,"1,C7H10_135,-1,C7H10_396"
ISOC7_0759_C7H10_136,ISOC7,0.07870303484060838,49.3869,"1,C7H10_136,-1,C7H10_396"
ISOC7_0760_C7H10_137,ISOC7,0.07816997515971763,49.0524,"1,C7H10_137,-1,C7H10_396"
ISOC7_0761_C7H10_138,ISOC7,0.07806033538080796,48.9836,"1,C7H10_138,-1,C7H10_396"
ISOC7_0762_C7H10_139,ISOC7,0.07786559728512829,48.8614,"1,C7H10_139,-1,C7H10_396"
ISOC7_0763_C7H10_140,ISOC7,0.07785922287937773,48.8574,"1,C7H10_140,-1,C7H10_396"
ISOC7_0764_C7H10_141,ISOC7,0.07772695396005356,48.7744,"1,C7H10_141,-1,C7H10_396"
ISOC7_0765_C7H10_142,ISOC7,0.07769731297331345,48.7558,"1,C7H10_142,-1,C7H10_396"
ISOC7_0766_C7H10_143,ISOC7,0.07754114003242468,48.6578,"1,C7H10_143,-1,C7H10_396"
ISOC7_0767_C7H10_144,ISOC7,0.07695851934682331,48.2922,"1,C7H10_144,-1,C7H10_396"
ISOC7_0768_C7H10_145,ISOC7,0.07666545604244122,48.1083,"1,C7H10_145,-1,C7H10_396"
ISOC7_0769_C7H10_146,ISOC7,0.07662545664635644,48.0832,"1,C7H10_146,-1,C7H10_396"
ISOC7_0770_C7H10_147,ISOC7,0.07612825299781260,47.7712,"1,C7H10_147,-1,C7H10_396"
ISOC7_0771_C7H10_148,ISOC7,0.07606960846490743,47.7344,"1,C7H10_148,-1,C7H10_396"
ISOC7_0772_C7H10_149,ISOC7,0.07595184131866579,47.6605,"1,C7H10_149,-1,C7H10_396"
ISOC7_0773_C7H10_150,ISOC7,0.07591518848560006,47.6375,"1,C7H10_150,-1,C7H10_396"
ISOC7_0774_C7H10_151,ISOC7,0.07517894462141014,47.1755,"1,C7H10_151,-1,C7H10_396"
ISOC7_0775_C7H10_152,ISOC7,0.07456843591065006,46.7924,"1,C7H10_152,-1,C7H10_396"
ISOC7_0776_C7H10_153,ISOC7,0.07436875765051371,46.6671,"1,C7H10_153,-1,C7H10_396"
ISOC7_0777_C7H10_154,ISOC7,0.07432413681025977,46.6391,"1,C7H10_154,-1,C7H10_396"
ISOC7_0778_C7H10_155,ISOC7,0.07410421981186538,46.5011,"1,C7H10_155,-1,C7H10_396"
ISOC7_0779_C7H10_156,ISOC7,0.07391968076538661,46.3853,"1,C7H10_156,-1,C7H10_396"
ISOC7_0780_C7H10_157,ISOC7,0.07380876610532683,46.3157,"1,C7H10_157,-1,C7H10_396"
ISOC7_0781_C7H10_158,ISOC7,0.07364542195796868,46.2132,"1,C7H10_158,-1,C7H10_396"
ISOC7_0782_C7H10_159,ISOC7,0.07331650262123967,46.0068,"1,C7H10_159,-1,C7H10_396"
ISOC7_0783_C7H10_160,ISOC7,0.07323889423122658,45.9581,"1,C7H10_160,-1,C7H10_396"
ISOC7_0784_C7H10_161,ISOC7,0.07284495595584184,45.7109,"1,C7H10_161,-1,C7H10_396"
ISOC7_0785_C7H10_162,ISOC7,0.07234249342255379,45.3956,"1,C7H10_162,-1,C7H10_396"
ISOC7_0786_C7H10_163,ISOC7,0.07215811373621878,45.2799,"1,C7H10_163,-1,C7H10_396"
ISOC7_0787_C7H10_164,ISOC7,0.07215508589348727,45.278,"1,C7H10_164,-1,C7H10_396"
ISOC7_0788_C7H10_165,ISOC7,0.07209835368230726,45.2424,"1,C7H10_165,-1,C7H10_396"
ISOC7_0789_C7H10_166,ISOC7,0.07203700002695810,45.2039,"1,C7H10_166,-1,C7H10_396"
ISOC7_0790_C7H10_167,ISOC7,0.07202265761401934,45.1949,"1,C7H10_167,-1,C7H10_396"
ISOC7_0791_C7H10_168,ISOC7,0.07153230645165735,44.8872,"1,C7H10_168,-1,C7H10_396"
ISOC7_0792_C7H10_169,ISOC7,0.07134728932474729,44.7711,"1,C7H10_169,-1,C7H10_396"
ISOC7_0793_C7H10_170,ISOC7,0.07034889802406551,44.1446,"1,C7H10_170,-1,C7H10_396"
ISOC7_0794_C7H10_171,ISOC7,0.07011256693086342,43.9963,"1,C7H10_171,-1,C7H10_396"
ISOC7_0795_C7H10_172,ISOC7,0.07007352369564122,43.9718,"1,C7H10_172,-1,C7H10_396"
ISOC7_0796_C7H10_173,ISOC7,0.06977838870939020,43.7866,"1,C7H10_173,-1,C7H10_396"
ISOC7_0797_C7H10_174,ISOC7,0.06964213578647194,43.7011,"1,C7H10_174,-1,C7H10_396"
ISOC7_0798_C7H10_175,ISOC7,0.06961807240476356,43.686,"1,C7H10_175,-1,C7H10_396"
ISOC7_0799_C7H10_176,ISOC7,0.06939831476651294,43.5481,"1,C7H10_176,-1,C7H10_396"
ISOC7_0800_C7H10_177,ISOC7,0.06939257780133743,43.5445,"1,C7H10_177,-1,C7H10_396"
ISOC7_0801_C7H10_178,ISOC7,0.06928548778472799,43.4773,"1,C7H10_178,-1,C7H10_396"
ISOC7_0802_C7H10_179,ISOC7,0.06922891493369175,43.4418,"1,C7H10_179,-1,C7H10_396"
ISOC7_0803_C7H10_180,ISOC7,0.06895943693058674,43.2727,"1,C7H10_180,-1,C7H10_396"
ISOC7_0804_C7H10_181,ISOC7,0.06853298918587414,43.0051,"1,C7H10_181,-1,C7H10_396"
ISOC7_0805_C7H10_182,ISOC7,0.06815753668716603,42.7695,"1,C7H10_182,-1,C7H10_396"
ISOC7_0806_C7H10_183,ISOC7,0.06803530745689900,42.6928,"1,C7H10_183,-1,C7H10_396"
ISOC7_0807_C7H10_184,ISOC7,0.06798128436816299,42.6589,"1,C7H10_184,-1,C7H10_396"
ISOC7_0808_C7H10_185,ISOC7,0.06791435310778209,42.6169,"1,C7H10_185,-1,C7H10_396"
ISOC7_0809_C7H10_186,ISOC7,0.06756423887193247,42.3972,"1,C7H10_186,-1,C7H10_396"
ISOC7_0810_C7H10_187,ISOC7,0.06747850311458741,42.3434,"1,C7H10_187,-1,C7H10_396"
ISOC7_0811_C7H10_188,ISOC7,0.06741810562010083,42.3055,"1,C7H10_188,-1,C7H10_396"
ISOC7_0812_C7H10_189,ISOC7,0.06738782719278566,42.2865,"1,C7H10_189,-1,C7H10_396"
ISOC7_0813_C7H10_190,ISOC7,0.06716265130964706,42.1452,"1,C7H10_190,-1,C7H10_396"
ISOC7_0814_C7H10_191,ISOC7,0.06707117858712649,42.0878,"1,C7H10_191,-1,C7H10_396"
ISOC7_0815_C7H10_192,ISOC7,0.06706623842266981,42.0847,"1,C7H10_192,-1,C7H10_396"
ISOC7_0816_C7H10_193,ISOC7,0.06706496354151969,42.0839,"1,C7H10_193,-1,C7H10_396"
ISOC7_0817_C7H10_194,ISOC7,0.06693843158737104,42.0045,"1,C7H10_194,-1,C7H10_396"
ISOC7_0818_C7H10_195,ISOC7,0.06671532738610137,41.8645,"1,C7H10_195,-1,C7H10_396"
ISOC7_0819_C7H10_196,ISOC7,0.06650720303834551,41.7339,"1,C7H10_196,-1,C7H10_396"
ISOC7_0820_C7H10_197,ISOC7,0.06643485353307663,41.6885,"1,C7H10_197,-1,C7H10_396"
ISOC7_0821_C7H10_198,ISOC7,0.06628330203635702,41.5934,"1,C7H10_198,-1,C7H10_396"
ISOC7_0822_C7H10_199,ISOC7,0.06622274518172668,41.5554,"1,C7H10_199,-1,C7H10_396"
ISOC7_0823_C7H10_200,ISOC7,0.06621907989842011,41.5531,"1,C7H10_200,-1,C7H10_396"
ISOC7_0824_C7H10_201,ISOC7,0.06617892114219157,41.5279,"1,C7H10_201,-1,C7H10_396"
ISOC7_0825_C7H10_202,ISOC7,0.06601446147382707,41.4247,"1,C7H10_202,-1,C7H10_396"
ISOC7_0826_C7H10_203,ISOC7,0.06594418365042712,41.3806,"1,C7H10_203,-1,C7H10_396"
ISOC7_0827_C7H10_204,ISOC7,0.06543486863095721,41.061,"1,C7H10_204,-1,C7H10_396"
ISOC7_0828_C7H10_205,ISOC7,0.06539279755300350,41.0346,"1,C7H10_205,-1,C7H10_396"
ISOC7_0829_C7H10_206,ISOC7,0.06453655550055925,40.4973,"1,C7H10_206,-1,C7H10_396"
ISOC7_0830_C7H10_207,ISOC7,0.06444332981645728,40.4388,"1,C7H10_207,-1,C7H10_396"
ISOC7_0831_C7H10_208,ISOC7,0.06442468467963689,40.4271,"1,C7H10_208,-1,C7H10_396"
ISOC7_0832_C7H10_209,ISOC7,0.06374134838317664,39.9983,"1,C7H10_209,-1,C7H10_396"
ISOC7_0833_C7H10_210,ISOC7,0.06368939697630955,39.9657,"1,C7H10_210,-1,C7H10_396"
ISOC7_0834_C7H10_211,ISOC7,0.06357449831265567,39.8936,"1,C7H10_211,-1,C7H10_396"
ISOC7_0835_C7H10_212,ISOC7,0.06350262688781809,39.8485,"1,C7H10_212,-1,C7H10_396"
ISOC7_0836_C7H10_213,ISOC7,0.06330996047400735,39.7276,"1,C7H10_213,-1,C7H10_396"
ISOC7_0837_C7H10_214,ISOC7,0.06326773003590987,39.7011,"1,C7H10_214,-1,C7H10_396"
ISOC7_0838_C7H10_215,ISOC7,0.06324366665420150,39.686,"1,C7H10_215,-1,C7H10_396"
ISOC7_0839_C7H10_216,ISOC7,0.06320032069509768,39.6588,"1,C7H10_216,-1,C7H10_396"
ISOC7_0840_C7H10_217,ISOC7,0.06313530175644195,39.618,"1,C7H10_217,-1,C7H10_396"
ISOC7_0841_C7H10_218,ISOC7,0.06295410927298222,39.5043,"1,C7H10_218,-1,C7H10_396"
ISOC7_0842_C7H10_219,ISOC7,0.06293163949271149,39.4902,"1,C7H10_219,-1,C7H10_396"
ISOC7_0843_C7H10_220,ISOC7,0.06291156011459722,39.4776,"1,C7H10_220,-1,C7H10_396"
ISOC7_0844_C7H10_221,ISOC7,0.06278917152418643,39.4008,"1,C7H10_221,-1,C7H10_396"
ISOC7_0845_C7H10_222,ISOC7,0.06272973019056244,39.3635,"1,C7H10_222,-1,C7H10_396"
ISOC7_0846_C7H10_223,ISOC7,0.06251778119935625,39.2305,"1,C7H10_223,-1,C7H10_396"
ISOC7_0847_C7H10_224,ISOC7,0.06247873796413405,39.206,"1,C7H10_224,-1,C7H10_396"
ISOC7_0848_C7H10_225,ISOC7,0.06243602944560529,39.1792,"1,C7H10_225,-1,C7H10_396"
ISOC7_0849_C7H10_226,ISOC7,0.06237802235327517,39.1428,"1,C7H10_226,-1,C7H10_396"
ISOC7_0850_C7H10_227,ISOC7,0.06183890698692139,38.8045,"1,C7H10_227,-1,C7H10_396"
ISOC7_0851_C7H10_228,ISOC7,0.06163875064635374,38.6789,"1,C7H10_228,-1,C7H10_396"
ISOC7_0852_C7H10_229,ISOC7,0.06155699889260278,38.6276,"1,C7H10_229,-1,C7H10_396"
ISOC7_0853_C7H10_230,ISOC7,0.06154361264052660,38.6192,"1,C7H10_230,-1,C7H10_396"
ISOC7_0854_C7H10_231,ISOC7,0.06141453092407772,38.5382,"1,C7H10_231,-1,C7H10_396"
ISOC7_0855_C7H10_232,ISOC7,0.06139413282567592,38.5254,"1,C7H10_232,-1,C7H10_396"
ISOC7_0856_C7H10_233,ISOC7,0.06135923295419159,38.5035,"1,C7H10_233,-1,C7H10_396"
ISOC7_0857_C7H10_234,ISOC7,0.06128560856777260,38.4573,"1,C7H10_234,-1,C7H10_396"
ISOC7_0858_C7H10_235,ISOC7,0.06061454300238218,38.0362,"1,C7H10_235,-1,C7H10_396"
ISOC7_0859_C7H10_236,ISOC7,0.06060657499519398,38.0312,"1,C7H10_236,-1,C7H10_396"
ISOC7_0860_C7H10_237,ISOC7,0.06048912656923987,37.9575,"1,C7H10_237,-1,C7H10_396"
ISOC7_0861_C7H10_238,ISOC7,0.06045088013473650,37.9335,"1,C7H10_238,-1,C7H10_396"
ISOC7_0862_C7H10_239,ISOC7,0.06042633867259683,37.9181,"1,C7H10_239,-1,C7H10_396"
ISOC7_0863_C7H10_240,ISOC7,0.06034618052028352,37.8678,"1,C7H10_240,-1,C7H10_396"
ISOC7_0864_C7H10_241,ISOC7,0.06031303361038059,37.847,"1,C7H10_241,-1,C7H10_396"
ISOC7_0865_C7H10_242,ISOC7,0.06026203836437610,37.815,"1,C7H10_242,-1,C7H10_396"
ISOC7_0866_C7H10_243,ISOC7,0.06018028661062514,37.7637,"1,C7H10_243,-1,C7H10_396"
ISOC7_0867_C7H10_244,ISOC7,0.05988881690768069,37.5808,"1,C7H10_244,-1,C7H10_396"
ISOC7_0868_C7H10_245,ISOC7,0.05975288270504995,37.4955,"1,C7H10_245,-1,C7H10_396"
ISOC7_0869_C7H10_246,ISOC7,0.05972180747701596,37.476,"1,C7H10_246,-1,C7H10_396"
ISOC7_0870_C7H10_247,ISOC7,0.05971591115169669,37.4723,"1,C7H10_247,-1,C7H10_396"
ISOC7_0871_C7H10_248,ISOC7,0.05963097219507045,37.419,"1,C7H10_248,-1,C7H10_396"
ISOC7_0872_C7H10_249,ISOC7,0.05950746808365331,37.3415,"1,C7H10_249,-1,C7H10_396"
ISOC7_0873_C7H10_250,ISOC7,0.05930332773949156,37.2134,"1,C7H10_250,-1,C7H10_396"
ISOC7_0874_C7H10_251,ISOC7,0.05871943217274008,36.847,"1,C7H10_251,-1,C7H10_396"
ISOC7_0875_C7H10_252,ISOC7,0.05863576809726395,36.7945,"1,C7H10_252,-1,C7H10_396"
ISOC7_0876_C7H10_253,ISOC7,0.05859194405772884,36.767,"1,C7H10_253,-1,C7H10_396"
ISOC7_0877_C7H10_254,ISOC7,0.05849712477218923,36.7075,"1,C7H10_254,-1,C7H10_396"
ISOC7_0878_C7H10_255,ISOC7,0.05849027228600737,36.7032,"1,C7H10_255,-1,C7H10_396"
ISOC7_0879_C7H10_256,ISOC7,0.05799179375631342,36.3904,"1,C7H10_256,-1,C7H10_396"
ISOC7_0880_C7H10_257,ISOC7,0.05771084182285740,36.2141,"1,C7H10_257,-1,C7H10_396"
ISOC7_0881_C7H10_258,ISOC7,0.05760407052653548,36.1471,"1,C7H10_258,-1,C7H10_396"
ISOC7_0882_C7H10_259,ISOC7,0.05736614583189575,35.9978,"1,C7H10_259,-1,C7H10_396"
ISOC7_0883_C7H10_260,ISOC7,0.05727180462678743,35.9386,"1,C7H10_260,-1,C7H10_396"
ISOC7_0884_C7H10_261,ISOC7,0.05684822536466259,35.6728,"1,C7H10_261,-1,C7H10_396"
ISOC7_0885_C7H10_262,ISOC7,0.05679563651722045,35.6398,"1,C7H10_262,-1,C7H10_396"
ISOC7_0886_C7H10_263,ISOC7,0.05669476154621780,35.5765,"1,C7H10_263,-1,C7H10_396"
ISOC7_0887_C7H10_264,ISOC7,0.05634400986979313,35.3564,"1,C7H10_264,-1,C7H10_396"
ISOC7_0888_C7H10_265,ISOC7,0.05596266104576575,35.1171,"1,C7H10_265,-1,C7H10_396"
ISOC7_0889_C7H10_266,ISOC7,0.05579867945783254,35.0142,"1,C7H10_266,-1,C7H10_396"
ISOC7_0890_C7H10_267,ISOC7,0.05573063267644529,34.9715,"1,C7H10_267,-1,C7H10_396"
ISOC7_0891_C7H10_268,ISOC7,0.05547725004786045,34.8125,"1,C7H10_268,-1,C7H10_396"
ISOC7_0892_C7H10_269,ISOC7,0.05529781052598213,34.6999,"1,C7H10_269,-1,C7H10_396"
ISOC7_0893_C7H10_270,ISOC7,0.05520968436648061,34.6446,"1,C7H10_270,-1,C7H10_396"
ISOC7_0894_C7H10_271,ISOC7,0.05514944623213780,34.6068,"1,C7H10_271,-1,C7H10_396"
ISOC7_0895_C7H10_272,ISOC7,0.05509080169923262,34.57,"1,C7H10_272,-1,C7H10_396"
ISOC7_0896_C7H10_273,ISOC7,0.05499470753254290,34.5097,"1,C7H10_273,-1,C7H10_396"
ISOC7_0897_C7H10_274,ISOC7,0.05446961585884035,34.1802,"1,C7H10_274,-1,C7H10_396"
ISOC7_0898_C7H10_275,ISOC7,0.05387647740375055,33.808,"1,C7H10_275,-1,C7H10_396"
ISOC7_0899_C7H10_276,ISOC7,0.05346819671542705,33.5518,"1,C7H10_276,-1,C7H10_396"
ISOC7_0900_C7H10_277,ISOC7,0.05337289934945615,33.492,"1,C7H10_277,-1,C7H10_396"
ISOC7_0901_C7H10_278,ISOC7,0.05328955399426755,33.4397,"1,C7H10_278,-1,C7H10_396"
ISOC7_0902_C7H10_279,ISOC7,0.05291362341512815,33.2038,"1,C7H10_279,-1,C7H10_396"
ISOC7_0903_C7H10_280,ISOC7,0.05289179107543248,33.1901,"1,C7H10_280,-1,C7H10_396"
ISOC7_0904_C7H10_281,ISOC7,0.05264414541202314,33.0347,"1,C7H10_281,-1,C7H10_396"
ISOC7_0905_C7H10_282,ISOC7,0.05238406965740021,32.8715,"1,C7H10_282,-1,C7H10_396"
ISOC7_0906_C7H10_283,ISOC7,0.05237801397193717,32.8677,"1,C7H10_283,-1,C7H10_396"
ISOC7_0907_C7H10_284,ISOC7,0.05233020592880796,32.8377,"1,C7H10_284,-1,C7H10_396"
ISOC7_0908_C7H10_285,ISOC7,0.05222184103104840,32.7697,"1,C7H10_285,-1,C7H10_396"
ISOC7_0909_C7H10_286,ISOC7,0.05209196251388070,32.6882,"1,C7H10_286,-1,C7H10_396"
ISOC7_0910_C7H10_287,ISOC7,0.05203204309982542,32.6506,"1,C7H10_287,-1,C7H10_396"
ISOC7_0911_C7H10_288,ISOC7,0.05199475282618463,32.6272,"1,C7H10_288,-1,C7H10_396"
ISOC7_0912_C7H10_289,ISOC7,0.05196064975541912,32.6058,"1,C7H10_289,-1,C7H10_396"
ISOC7_0913_C7H10_290,ISOC7,0.05191730379631530,32.5786,"1,C7H10_290,-1,C7H10_396"
ISOC7_0914_C7H10_291,ISOC7,0.05185658758154120,32.5405,"1,C7H10_291,-1,C7H10_396"
ISOC7_0915_C7H10_292,ISOC7,0.05176718654088957,32.4844,"1,C7H10_292,-1,C7H10_396"
ISOC7_0916_C7H10_293,ISOC7,0.05150041766022854,32.317,"1,C7H10_293,-1,C7H10_396"
ISOC7_0917_C7H10_294,ISOC7,0.05135524056925949,32.2259,"1,C7H10_294,-1,C7H10_396"
ISOC7_0918_C7H10_295,ISOC7,0.05130791060656157,32.1962,"1,C7H10_295,-1,C7H10_396"
ISOC7_0919_C7H10_296,ISOC7,0.05120352971239611,32.1307,"1,C7H10_296,-1,C7H10_396"
ISOC7_0920_C7H10_297,ISOC7,0.05091142256887661,31.9474,"1,C7H10_297,-1,C7H10_396"
ISOC7_0921_C7H10_298,ISOC7,0.05067493211553076,31.799,"1,C7H10_298,-1,C7H10_396"
ISOC7_0922_C7H10_299,ISOC7,0.05064417560778429,31.7797,"1,C7H10_299,-1,C7H10_396"
ISOC7_0923_C7H10_300,ISOC7,0.05052545230068008,31.7052,"1,C7H10_300,-1,C7H10_396"
ISOC7_0924_C7H10_301,ISOC7,0.05046250504389328,31.6657,"1,C7H10_301,-1,C7H10_396"
ISOC7_0925_C7H10_302,ISOC7,0.05039158977991827,31.6212,"1,C7H10_302,-1,C7H10_396"
ISOC7_0926_C7H10_303,ISOC7,0.05036848255907248,31.6067,"1,C7H10_303,-1,C7H10_396"
ISOC7_0927_C7H10_304,ISOC7,0.04978155914958948,31.2384,"1,C7H10_304,-1,C7H10_396"
ISOC7_0928_C7H10_305,ISOC7,0.04963176061445127,31.1444,"1,C7H10_305,-1,C7H10_396"
ISOC7_0929_C7H10_306,ISOC7,0.04960801595303043,31.1295,"1,C7H10_306,-1,C7H10_396"
ISOC7_0930_C7H10_307,ISOC7,0.04954586549696245,31.0905,"1,C7H10_307,-1,C7H10_396"
ISOC7_0931_C7H10_308,ISOC7,0.04905025544985625,30.7795,"1,C7H10_308,-1,C7H10_396"
ISOC7_0932_C7H10_309,ISOC7,0.04891766781024456,30.6963,"1,C7H10_309,-1,C7H10_396"
ISOC7_0933_C7H10_310,ISOC7,0.04880085682486551,30.623,"1,C7H10_310,-1,C7H10_396"
ISOC7_0934_C7H10_311,ISOC7,0.04856500381209471,30.475,"1,C7H10_311,-1,C7H10_396"
ISOC7_0935_C7H10_312,ISOC7,0.04830668101905319,30.3129,"1,C7H10_312,-1,C7H10_396"
ISOC7_0936_C7H10_313,ISOC7,0.04811353652481116,30.1917,"1,C7H10_313,-1,C7H10_396"
ISOC7_0937_C7H10_314,ISOC7,0.04774095250869080,29.9579,"1,C7H10_314,-1,C7H10_396"
ISOC7_0938_C7H10_315,ISOC7,0.04743498103266382,29.7659,"1,C7H10_315,-1,C7H10_396"
ISOC7_0939_C7H10_316,ISOC7,0.04688757893883431,29.4224,"1,C7H10_316,-1,C7H10_396"
ISOC7_0940_C7H10_317,ISOC7,0.04647563296720423,29.1639,"1,C7H10_317,-1,C7H10_396"
ISOC7_0941_C7H10_318,ISOC7,0.04630256785107647,29.0553,"1,C7H10_318,-1,C7H10_396"
ISOC7_0942_C7H10_319,ISOC7,0.04610830783582809,28.9334,"1,C7H10_319,-1,C7H10_396"
ISOC7_0943_C7H10_320,ISOC7,0.04596886771003455,28.8459,"1,C7H10_320,-1,C7H10_396"
ISOC7_0944_C7H10_321,ISOC7,0.04591452590101101,28.8118,"1,C7H10_321,-1,C7H10_396"
ISOC7_0945_C7H10_322,ISOC7,0.04554034828345301,28.577,"1,C7H10_322,-1,C7H10_396"
ISOC7_0946_C7H10_323,ISOC7,0.04521079150614896,28.3702,"1,C7H10_323,-1,C7H10_396"
ISOC7_0947_C7H10_324,ISOC7,0.04499549595192372,28.2351,"1,C7H10_324,-1,C7H10_396"
ISOC7_0948_C7H10_325,ISOC7,0.04477255111079781,28.0952,"1,C7H10_325,-1,C7H10_396"
ISOC7_0949_C7H10_326,ISOC7,0.04476968262821006,28.0934,"1,C7H10_326,-1,C7H10_396"
ISOC7_0950_C7H10_327,ISOC7,0.04458004405713084,27.9744,"1,C7H10_327,-1,C7H10_396"
ISOC7_0951_C7H10_328,ISOC7,0.04355631449359057,27.332,"1,C7H10_328,-1,C7H10_396"
ISOC7_0952_C7H10_329,ISOC7,0.04343775054663012,27.2576,"1,C7H10_329,-1,C7H10_396"
ISOC7_0953_C7H10_330,ISOC7,0.04271999245911683,26.8072,"1,C7H10_330,-1,C7H10_396"
ISOC7_0954_C7H10_331,ISOC7,0.04126583114726986,25.8947,"1,C7H10_331,-1,C7H10_396"
ISOC7_0955_C7H10_332,ISOC7,0.04095730990894266,25.7011,"1,C7H10_332,-1,C7H10_396"
ISOC7_0956_C7H10_333,ISOC7,0.04083476195838810,25.6242,"1,C7H10_333,-1,C7H10_396"
ISOC7_0957_C7H10_334,ISOC7,0.04081739170271782,25.6133,"1,C7H10_334,-1,C7H10_396"
ISOC7_0958_C7H10_335,ISOC7,0.04008417568125942,25.1532,"1,C7H10_335,-1,C7H10_396"
ISOC7_0959_C7H10_336,ISOC7,0.03895718074456004,24.446,"1,C7H10_336,-1,C7H10_396"
ISOC7_0960_C7H10_337,ISOC7,0.03893566712515190,24.4325,"1,C7H10_337,-1,C7H10_396"
ISOC7_0961_C7H10_338,ISOC7,0.03854523477292997,24.1875,"1,C7H10_338,-1,C7H10_396"
ISOC7_0962_C7H10_339,ISOC7,0.03776197966632966,23.696,"1,C7H10_339,-1,C7H10_396"
ISOC7_0963_C7H10_340,ISOC7,0.03717011609238997,23.3246,"1,C7H10_340,-1,C7H10_396"
ISOC7_0964_C7H10_341,ISOC7,0.03670876847619304,23.0351,"1,C7H10_341,-1,C7H10_396"
ISOC7_0965_C7H10_342,ISOC7,0.03494815760788780,21.9303,"1,C7H10_342,-1,C7H10_396"
ISOC7_0966_C7H10_343,ISOC7,0.03341750342703408,20.9698,"1,C7H10_343,-1,C7H10_396"
ISOC7_0967_C7H10_344,ISOC7,0.03321479732416621,20.8426,"1,C7H10_344,-1,C7H10_396"
ISOC7_0968_C7H10_345,ISOC7,0.03149609817367091,19.7641,"1,C7H10_345,-1,C7H10_396"
ISOC7_0969_C7H10_346,ISOC7,0.02940306204547386,18.4507,"1,C7H10_346,-1,C7H10_396"
ISOC7_0970_C7H10_347,ISOC7,0.02875287265891653,18.0427,"1,C7H10_347,-1,C7H10_396"
ISOC7_0971_C7H10_348,ISOC7,0.02762030011718542,17.332,"1,C7H10_348,-1,C7H10_396"
ISOC7_0972_C7H10_349,ISOC7,0.02715289681552545,17.0387,"1,C7H10_349,-1,C7H10_396"
ISOC7_0973_C7H10_350,ISOC7,0.02578988950591152,16.1834,"1,C7H10_350,-1,C7H10_396"
ISOC7_0974_C7H10_351,ISOC7,0.02342785345504075,14.7012,"1,C7H10_351,-1,C7H10_396"
ISOC7_0975_C7H10_352,ISOC7,0.02317112426343686,14.5401,"1,C7H10_352,-1,C7H10_396"
ISOC7_0976_C7H10_353,ISOC7,0.02287774223876724,14.356,"1,C7H10_353,-1,C7H10_396"
ISOC7_0977_C7H10_354,ISOC7,0.02278371975394645,14.297,"1,C7H10_354,-1,C7H10_396"
ISOC7_0978_C7H10_355,ISOC7,0.02255758770994526,14.1551,"1,C7H10_355,-1,C7H10_396"
ISOC7_0979_C7H10_356,ISOC7,0.02183935154200068,13.7044,"1,C7H10_356,-1,C7H10_396"
ISOC7_0980_C7H10_357,ISOC7,0.02169943333577584,13.6166,"1,C7H10_357,-1,C7H10_396"
ISOC7_0981_C7H10_358,ISOC7,0.02034439403335011,12.7663,"1,C7H10_358,-1,C7H10_396"
ISOC7_0982_C7H10_359,ISOC7,0.02025324003111708,12.7091,"1,C7H10_359,-1,C7H10_396"
ISOC7_0983_C7H10_360,ISOC7,0.02009993557281606,12.6129,"1,C7H10_360,-1,C7H10_396"
ISOC7_0984_C7H10_361,ISOC7,0.01964129707906312,12.3251,"1,C7H10_361,-1,C7H10_396"
ISOC7_0985_C7H10_362,ISOC7,0.01897150639482281,11.9048,"1,C7H10_362,-1,C7H10_396"
ISOC7_0986_C7H10_363,ISOC7,0.01855557641959864,11.6438,"1,C7H10_363,-1,C7H10_396"
ISOC7_0987_C7H10_364,ISOC7,0.01827526192671767,11.4679,"1,C7H10_364,-1,C7H10_396"
ISOC7_0988_C7H10_365,ISOC7,0.01823016300603244,11.4396,"1,C7H10_365,-1,C7H10_396"
ISOC7_0989_C7H10_366,ISOC7,0.01685297264362351,10.5754,"1,C7H10_366,-1,C7H10_396"
ISOC7_0990_C7H10_367,ISOC7,0.01423086083812980,8.93,"1,C7H10_367,-1,C7H10_396"
ISOC7_0991_C7H10_368,ISOC7,0.01320442215214555,8.2859,"1,C7H10_368,-1,C7H10_396"
ISOC7_0992_C7H10_369,ISOC7,0.01301239317890987,8.1654,"1,C7H10_369,-1,C7H10_396"
ISOC7_0993_C7H10_370,ISOC7,0.01129831547258373,7.0898,"1,C7H10_370,-1,C7H10_396"
ISOC7_0994_C7H10_371,ISOC7,0.01041067947181796,6.5328,"1,C7H10_371,-1,C7H10_396"
ISOC7_0995_C7H10_372,ISOC7,0.01019426839658638,6.397,"1,C7H10_372,-1,C7H10_396"
ISOC7_0996_C7H10_373,ISOC7,0.008971338653341047,5.6296,"1,C7H10_373,-1,C7H10_396"
ISOC7_0997_C7H10_374,ISOC7,0.008449752902801306,5.3023,"1,C7H10_374,-1,C7H10_396"
ISOC7_0998_C7H10_375,ISOC7,0.007898207445233923,4.9562,"1,C7H10_375,-1,C7H10_396"
ISOC7_0999_C7H10_376,ISOC7,0.007839722272472517,4.9195,"1,C7H10_376,-1,C7H10_396"
ISOC7_1000_C7H10_377,ISOC7,0.007394310670651992,4.64,"1,C7H10_377,-1,C7H10_396"
ISOC7_1001_C7H10_378,ISOC7,0.006602928196719712,4.1434,"1,C7H10_378,-1,C7H10_396"
ISOC7_1002_C7H10_379,ISOC7,0.006084529649055253,3.8181,"1,C7H10_379,-1,C7H10_396"
ISOC7_1003_C7H10_380,ISOC7,0.005972340107845360,3.7477,"1,C7H10_380,-1,C7H10_396"
ISOC7_1004_C7H10_381,ISOC7,0.005679436163607034,3.5639,"1,C7H10_381,-1,C7H10_396"
ISOC7_1005_C7H10_382,ISOC7,0.005573142947716411,3.4972,"1,C7H10_382,-1,C7H10_396"
ISOC7_1006_C7H10_383,ISOC7,0.004791959522985030,3.007,"1,C7H10_383,-1,C7H10_396"
ISOC7_1007_C7H10_384,ISOC7,0.004687578628819577,2.9415,"1,C7H10_384,-1,C7H10_396"
ISOC7_1008_C7H10_385,ISOC7,0.004622081609732551,2.9004,"1,C7H10_385,-1,C7H10_396"
ISOC7_1009_C7H10_386,ISOC7,0.003263855104431540,2.0481,"1,C7H10_386,-1,C7H10_396"
ISOC7_1010_C7H10_387,ISOC7,0.003228955232947213,2.0262,"1,C7H10_387,-1,C7H10_396"
ISOC7_1011_C7H10_388,ISOC7,0.003064495564582712,1.923,"1,C7H10_388,-1,C7H10_396"
ISOC7_1012_C7H10_389,ISOC7,0.002284108940570151,1.4333,"1,C7H10_389,-1,C7H10_396"
ISOC7_1013_C7H10_390,ISOC7,0.002093514208628345,1.3137,"1,C7H10_390,-1,C7H10_396"
ISOC7_1014_C7H10_391,ISOC7,0.001946584156077890,1.2215,"1,C7H10_391,-1,C7H10_396"
ISOC7_1015_C7H10_392,ISOC7,0.001462607399466465,0.9178,"1,C7H10_392,-1,C7H10_396"
ISOC7_1016_C7H10_393,ISOC7,0.001317908388928706,0.827,"1,C7H10_393,-1,C7H10_396"
ISOC7_1017_C7H10_394,ISOC7,0.0006919417442235119,0.4342,"1,C7H10_394,-1,C7H10_396"
ISOC7_1018_C7H10_395,ISOC7,0.00008095495303213819,0.0508,"1,C7H10_395,-1,C7H10_396"
ISOC7_1019_C7H10_396,ISOC7,0e-42,0,"1,C7H10_396,-1,C7H10_396"
ISOC7_1020_C7H12_1,ISOC7,0.1298488761809619,81.4814,"1,C7H12_1,-1,C7H12_229"
ISOC7_1021_C7H12_2,ISOC7,0.09871643785536056,61.9455,"1,C7H12_2,-1,C7H12_229"
ISOC7_1022_C7H12_3,ISOC7,0.09678865819624683,60.7358,"1,C7H12_3,-1,C7H12_229"
ISOC7_1023_C7H12_4,ISOC7,0.09655089286175086,60.5866,"1,C7H12_4,-1,C7H12_229"
ISOC7_1024_C7H12_5,ISOC7,0.09514645191475828,59.7053,"1,C7H12_5,-1,C7H12_229"
ISOC7_1025_C7H12_6,ISOC7,0.09487267118777164,59.5335,"1,C7H12_6,-1,C7H12_229"
ISOC7_1026_C7H12_7,ISOC7,0.09389818390865446,58.922,"1,C7H12_7,-1,C7H12_229"
ISOC7_1027_C7H12_8,ISOC7,0.09317054549222780,58.4654,"1,C7H12_8,-1,C7H12_229"
ISOC7_1028_C7H12_9,ISOC7,0.09251557530135755,58.0544,"1,C7H12_9,-1,C7H12_229"
ISOC7_1029_C7H12_10,ISOC7,0.09097089742785260,57.0851,"1,C7H12_10,-1,C7H12_229"
ISOC7_1030_C7H12_11,ISOC7,0.09069233589655304,56.9103,"1,C7H12_11,-1,C7H12_229"
ISOC7_1031_C7H12_12,ISOC7,0.09033935317811566,56.6888,"1,C7H12_12,-1,C7H12_229"
ISOC7_1032_C7H12_13,ISOC7,0.09025616718307083,56.6366,"1,C7H12_13,-1,C7H12_229"
ISOC7_1033_C7H12_14,ISOC7,0.09015003332732397,56.57,"1,C7H12_14,-1,C7H12_229"
ISOC7_1034_C7H12_15,ISOC7,0.08819309076190141,55.342,"1,C7H12_15,-1,C7H12_229"
ISOC7_1035_C7H12_16,ISOC7,0.08809046282931737,55.2776,"1,C7H12_16,-1,C7H12_229"
ISOC7_1036_C7H12_17,ISOC7,0.08770194279882061,55.0338,"1,C7H12_17,-1,C7H12_229"
ISOC7_1037_C7H12_18,ISOC7,0.08759102813876083,54.9642,"1,C7H12_18,-1,C7H12_229"
ISOC7_1038_C7H12_19,ISOC7,0.08668554380189349,54.396,"1,C7H12_19,-1,C7H12_229"
ISOC7_1039_C7H12_20,ISOC7,0.08664825352825270,54.3726,"1,C7H12_20,-1,C7H12_229"
ISOC7_1040_C7H12_21,ISOC7,0.08548970528308804,53.6456,"1,C7H12_21,-1,C7H12_229"
ISOC7_1041_C7H12_22,ISOC7,0.08541114073221237,53.5963,"1,C7H12_22,-1,C7H12_229"
ISOC7_1042_C7H12_23,ISOC7,0.08349196652086189,52.392,"1,C7H12_23,-1,C7H12_229"
ISOC7_1043_C7H12_24,ISOC7,0.08290727415339159,52.0251,"1,C7H12_24,-1,C7H12_229"
ISOC7_1044_C7H12_25,ISOC7,0.08288942581729001,52.0139,"1,C7H12_25,-1,C7H12_229"
ISOC7_1045_C7H12_26,ISOC7,0.08251285779757556,51.7776,"1,C7H12_26,-1,C7H12_229"
ISOC7_1046_C7H12_27,ISOC7,0.08104116686991454,50.8541,"1,C7H12_27,-1,C7H12_229"
ISOC7_1047_C7H12_28,ISOC7,0.08021615940564805,50.3364,"1,C7H12_28,-1,C7H12_229"
ISOC7_1048_C7H12_29,ISOC7,0.08012245564111479,50.2776,"1,C7H12_29,-1,C7H12_229"
ISOC7_1049_C7H12_30,ISOC7,0.07955290248730207,49.9202,"1,C7H12_30,-1,C7H12_229"
ISOC7_1050_C7H12_31,ISOC7,0.07920549737389643,49.7022,"1,C7H12_31,-1,C7H12_229"
ISOC7_1051_C7H12_32,ISOC7,0.07871323388980928,49.3933,"1,C7H12_32,-1,C7H12_229"
ISOC7_1052_C7H12_33,ISOC7,0.07803069439406785,48.965,"1,C7H12_33,-1,C7H12_229"
ISOC7_1053_C7H12_34,ISOC7,0.07795531704606745,48.9177,"1,C7H12_34,-1,C7H12_229"
ISOC7_1054_C7H12_35,ISOC7,0.07646338738014840,47.9815,"1,C7H12_35,-1,C7H12_229"
ISOC7_1055_C7H12_36,ISOC7,0.07639326891689222,47.9375,"1,C7H12_36,-1,C7H12_229"
ISOC7_1056_C7H12_37,ISOC7,0.07585813755413253,47.6017,"1,C7H12_37,-1,C7H12_229"
ISOC7_1057_C7H12_38,ISOC7,0.07530149257196470,47.2524,"1,C7H12_38,-1,C7H12_229"
ISOC7_1058_C7H12_39,ISOC7,0.07521113537045048,47.1957,"1,C7H12_39,-1,C7H12_229"
ISOC7_1059_C7H12_40,ISOC7,0.07439600823509736,46.6842,"1,C7H12_40,-1,C7H12_229"
ISOC7_1060_C7H12_41,ISOC7,0.07400477908215661,46.4387,"1,C7H12_41,-1,C7H12_229"
ISOC7_1061_C7H12_42,ISOC7,0.07392541773056211,46.3889,"1,C7H12_42,-1,C7H12_229"
ISOC7_1062_C7H12_43,ISOC7,0.07361036272634058,46.1912,"1,C7H12_43,-1,C7H12_229"
ISOC7_1063_C7H12_44,ISOC7,0.07261754903069054,45.5682,"1,C7H12_44,-1,C7H12_229"
ISOC7_1064_C7H12_45,ISOC7,0.07250440332861807,45.4972,"1,C7H12_45,-1,C7H12_229"
ISOC7_1065_C7H12_46,ISOC7,0.07227604024260418,45.3539,"1,C7H12_46,-1,C7H12_229"
ISOC7_1066_C7H12_47,ISOC7,0.07168083010564545,44.9804,"1,C7H12_47,-1,C7H12_229"
ISOC7_1067_C7H12_48,ISOC7,0.07145740718408825,44.8402,"1,C7H12_48,-1,C7H12_229"
ISOC7_1068_C7H12_49,ISOC7,0.07074203949873142,44.3913,"1,C7H12_49,-1,C7H12_229"
ISOC7_1069_C7H12_50,ISOC7,0.06960277383096222,43.6764,"1,C7H12_50,-1,C7H12_229"
ISOC7_1070_C7H12_51,ISOC7,0.06911831899391950,43.3724,"1,C7H12_51,-1,C7H12_229"
ISOC7_1071_C7H12_52,ISOC7,0.06897505422467562,43.2825,"1,C7H12_52,-1,C7H12_229"
ISOC7_1072_C7H12_53,ISOC7,0.06877346364281409,43.156,"1,C7H12_53,-1,C7H12_229"
ISOC7_1073_C7H12_54,ISOC7,0.06787339755083473,42.5912,"1,C7H12_54,-1,C7H12_229"
ISOC7_1074_C7H12_55,ISOC7,0.06782925479101209,42.5635,"1,C7H12_55,-1,C7H12_229"
ISOC7_1075_C7H12_56,ISOC7,0.06685811407491396,41.9541,"1,C7H12_56,-1,C7H12_229"
ISOC7_1076_C7H12_57,ISOC7,0.06678911113266412,41.9108,"1,C7H12_57,-1,C7H12_229"
ISOC7_1077_C7H12_58,ISOC7,0.06644106857868343,41.6924,"1,C7H12_58,-1,C7H12_229"
ISOC7_1078_C7H12_59,ISOC7,0.06583438451137369,41.3117,"1,C7H12_59,-1,C7H12_229"
ISOC7_1079_C7H12_60,ISOC7,0.06485766619024382,40.6988,"1,C7H12_60,-1,C7H12_229"
ISOC7_1080_C7H12_61,ISOC7,0.06431488554058346,40.3582,"1,C7H12_61,-1,C7H12_229"
ISOC7_1081_C7H12_62,ISOC7,0.06419058462844750,40.2802,"1,C7H12_62,-1,C7H12_229"
ISOC7_1082_C7H12_63,ISOC7,0.06412317528763530,40.2379,"1,C7H12_63,-1,C7H12_229"
ISOC7_1083_C7H12_64,ISOC7,0.06406469011487390,40.2012,"1,C7H12_64,-1,C7H12_229"
ISOC7_1084_C7H12_65,ISOC7,0.06313275199414172,39.6164,"1,C7H12_65,-1,C7H12_229"
ISOC7_1085_C7H12_66,ISOC7,0.06307856954526194,39.5824,"1,C7H12_66,-1,C7H12_229"
ISOC7_1086_C7H12_67,ISOC7,0.06298869042417902,39.526,"1,C7H12_67,-1,C7H12_229"
ISOC7_1087_C7H12_68,ISOC7,0.06290741675085935,39.475,"1,C7H12_68,-1,C7H12_229"
ISOC7_1088_C7H12_69,ISOC7,0.06265084691939923,39.314,"1,C7H12_69,-1,C7H12_229"
ISOC7_1089_C7H12_70,ISOC7,0.06264112595062962,39.3079,"1,C7H12_70,-1,C7H12_229"
ISOC7_1090_C7H12_71,ISOC7,0.06258375629887456,39.2719,"1,C7H12_71,-1,C7H12_229"
ISOC7_1091_C7H12_72,ISOC7,0.06257244172866732,39.2648,"1,C7H12_72,-1,C7H12_229"
ISOC7_1092_C7H12_73,ISOC7,0.06253339849344512,39.2403,"1,C7H12_73,-1,C7H12_229"
ISOC7_1093_C7H12_74,ISOC7,0.06237148858738085,39.1387,"1,C7H12_74,-1,C7H12_229"
ISOC7_1094_C7H12_75,ISOC7,0.06194312852094308,38.8699,"1,C7H12_75,-1,C7H12_229"
ISOC7_1095_C7H12_76,ISOC7,0.06190583824730229,38.8465,"1,C7H12_76,-1,C7H12_229"
ISOC7_1096_C7H12_77,ISOC7,0.06178089989459127,38.7681,"1,C7H12_77,-1,C7H12_229"
ISOC7_1097_C7H12_78,ISOC7,0.06159636084811250,38.6523,"1,C7H12_78,-1,C7H12_229"
ISOC7_1098_C7H12_79,ISOC7,0.06147700010043323,38.5774,"1,C7H12_79,-1,C7H12_229"
ISOC7_1099_C7H12_80,ISOC7,0.06135795807304148,38.5027,"1,C7H12_80,-1,C7H12_229"
ISOC7_1100_C7H12_81,ISOC7,0.06128513048734131,38.457,"1,C7H12_81,-1,C7H12_229"
ISOC7_1101_C7H12_82,ISOC7,0.06116592909980580,38.3822,"1,C7H12_82,-1,C7H12_229"
ISOC7_1102_C7H12_83,ISOC7,0.06099876030899731,38.2773,"1,C7H12_83,-1,C7H12_229"
ISOC7_1103_C7H12_84,ISOC7,0.06077262826499612,38.1354,"1,C7H12_84,-1,C7H12_229"
ISOC7_1104_C7H12_85,ISOC7,0.06063271005877128,38.0476,"1,C7H12_85,-1,C7H12_229"
ISOC7_1105_C7H12_86,ISOC7,0.06060530011404386,38.0304,"1,C7H12_86,-1,C7H12_229"
ISOC7_1106_C7H12_87,ISOC7,0.06060275035174364,38.0288,"1,C7H12_87,-1,C7H12_229"
ISOC7_1107_C7H12_88,ISOC7,0.06042299210957779,37.916,"1,C7H12_88,-1,C7H12_229"
ISOC7_1108_C7H12_89,ISOC7,0.06002363558930508,37.6654,"1,C7H12_89,-1,C7H12_229"
ISOC7_1109_C7H12_90,ISOC7,0.05942093552558943,37.2872,"1,C7H12_90,-1,C7H12_229"
ISOC7_1110_C7H12_91,ISOC7,0.05933822761097589,37.2353,"1,C7H12_91,-1,C7H12_229"
ISOC7_1111_C7H12_92,ISOC7,0.05920069980690751,37.149,"1,C7H12_92,-1,C7H12_229"
ISOC7_1112_C7H12_93,ISOC7,0.05860819879239277,36.7772,"1,C7H12_93,-1,C7H12_229"
ISOC7_1113_C7H12_94,ISOC7,0.05857728292450254,36.7578,"1,C7H12_94,-1,C7H12_229"
ISOC7_1114_C7H12_95,ISOC7,0.05854461409503091,36.7373,"1,C7H12_95,-1,C7H12_229"
ISOC7_1115_C7H12_96,ISOC7,0.05852580959806676,36.7255,"1,C7H12_96,-1,C7H12_229"
ISOC7_1116_C7H12_97,ISOC7,0.05848995356571984,36.703,"1,C7H12_97,-1,C7H12_229"
ISOC7_1117_C7H12_98,ISOC7,0.05841202645541922,36.6541,"1,C7H12_98,-1,C7H12_229"
ISOC7_1118_C7H12_99,ISOC7,0.05827720777379484,36.5695,"1,C7H12_99,-1,C7H12_229"
ISOC7_1119_C7H12_100,ISOC7,0.05807482039121449,36.4425,"1,C7H12_100,-1,C7H12_229"
ISOC7_1120_C7H12_101,ISOC7,0.05803880499872381,36.4199,"1,C7H12_101,-1,C7H12_229"
ISOC7_1121_C7H12_102,ISOC7,0.05801394481629662,36.4043,"1,C7H12_102,-1,C7H12_229"
ISOC7_1122_C7H12_103,ISOC7,0.05746909248476733,36.0624,"1,C7H12_103,-1,C7H12_229"
ISOC7_1123_C7H12_104,ISOC7,0.05730112689324002,35.957,"1,C7H12_104,-1,C7H12_229"
ISOC7_1124_C7H12_105,ISOC7,0.05697890068254911,35.7548,"1,C7H12_105,-1,C7H12_229"
ISOC7_1125_C7H12_106,ISOC7,0.05688997772232877,35.699,"1,C7H12_106,-1,C7H12_229"
ISOC7_1126_C7H12_107,ISOC7,0.05622480848225762,35.2816,"1,C7H12_107,-1,C7H12_229"
ISOC7_1127_C7H12_108,ISOC7,0.05617939084128486,35.2531,"1,C7H12_108,-1,C7H12_229"
ISOC7_1128_C7H12_109,ISOC7,0.05617492875725947,35.2503,"1,C7H12_109,-1,C7H12_229"
ISOC7_1129_C7H12_110,ISOC7,0.05595628664001519,35.1131,"1,C7H12_110,-1,C7H12_229"
ISOC7_1130_C7H12_111,ISOC7,0.05550768783531938,34.8316,"1,C7H12_111,-1,C7H12_229"
ISOC7_1131_C7H12_112,ISOC7,0.05538816772749634,34.7566,"1,C7H12_112,-1,C7H12_229"
ISOC7_1132_C7H12_113,ISOC7,0.05537223171311994,34.7466,"1,C7H12_113,-1,C7H12_229"
ISOC7_1133_C7H12_114,ISOC7,0.05525255224515314,34.6715,"1,C7H12_114,-1,C7H12_229"
ISOC7_1134_C7H12_115,ISOC7,0.05516490416608291,34.6165,"1,C7H12_115,-1,C7H12_229"
ISOC7_1135_C7H12_116,ISOC7,0.05468028996889643,34.3124,"1,C7H12_116,-1,C7H12_229"
ISOC7_1136_C7H12_117,ISOC7,0.05433129125405315,34.0934,"1,C7H12_117,-1,C7H12_229"
ISOC7_1137_C7H12_118,ISOC7,0.05419440089055983,34.0075,"1,C7H12_118,-1,C7H12_229"
ISOC7_1138_C7H12_119,ISOC7,0.05386819067627482,33.8028,"1,C7H12_119,-1,C7H12_229"
ISOC7_1139_C7H12_120,ISOC7,0.05373560303666313,33.7196,"1,C7H12_120,-1,C7H12_229"
ISOC7_1140_C7H12_121,ISOC7,0.05362962854106004,33.6531,"1,C7H12_121,-1,C7H12_229"
ISOC7_1141_C7H12_122,ISOC7,0.05341608594841621,33.5191,"1,C7H12_122,-1,C7H12_229"
ISOC7_1142_C7H12_123,ISOC7,0.05328525127038592,33.437,"1,C7H12_123,-1,C7H12_229"
ISOC7_1143_C7H12_124,ISOC7,0.05318931646383996,33.3768,"1,C7H12_124,-1,C7H12_229"
ISOC7_1144_C7H12_125,ISOC7,0.05314947642789895,33.3518,"1,C7H12_125,-1,C7H12_229"
ISOC7_1145_C7H12_126,ISOC7,0.05305051377862147,33.2897,"1,C7H12_126,-1,C7H12_229"
ISOC7_1146_C7H12_127,ISOC7,0.05303314352295119,33.2788,"1,C7H12_127,-1,C7H12_229"
ISOC7_1147_C7H12_128,ISOC7,0.05256430597999735,32.9846,"1,C7H12_128,-1,C7H12_229"
ISOC7_1148_C7H12_129,ISOC7,0.05253147779038196,32.964,"1,C7H12_129,-1,C7H12_229"
ISOC7_1149_C7H12_130,ISOC7,0.05243410874254212,32.9029,"1,C7H12_130,-1,C7H12_229"
ISOC7_1150_C7H12_131,ISOC7,0.05228255724582251,32.8078,"1,C7H12_131,-1,C7H12_229"
ISOC7_1151_C7H12_132,ISOC7,0.05208001050309840,32.6807,"1,C7H12_132,-1,C7H12_229"
ISOC7_1152_C7H12_133,ISOC7,0.05168686902843248,32.434,"1,C7H12_133,-1,C7H12_229"
ISOC7_1153_C7H12_134,ISOC7,0.05155619371054596,32.352,"1,C7H12_134,-1,C7H12_229"
ISOC7_1154_C7H12_135,ISOC7,0.05133755159330168,32.2148,"1,C7H12_135,-1,C7H12_229"
ISOC7_1155_C7H12_136,ISOC7,0.05127954450097157,32.1784,"1,C7H12_136,-1,C7H12_229"
ISOC7_1156_C7H12_137,ISOC7,0.05121691596447230,32.1391,"1,C7H12_137,-1,C7H12_229"
ISOC7_1157_C7H12_138,ISOC7,0.05102520571152414,32.0188,"1,C7H12_138,-1,C7H12_229"
ISOC7_1158_C7H12_139,ISOC7,0.05101516602246701,32.0125,"1,C7H12_139,-1,C7H12_229"
ISOC7_1159_C7H12_140,ISOC7,0.05083620458101998,31.9002,"1,C7H12_140,-1,C7H12_229"
ISOC7_1160_C7H12_141,ISOC7,0.05079971110809801,31.8773,"1,C7H12_141,-1,C7H12_229"
ISOC7_1161_C7H12_142,ISOC7,0.05079397414292250,31.8737,"1,C7H12_142,-1,C7H12_229"
ISOC7_1162_C7H12_143,ISOC7,0.05043684806074726,31.6496,"1,C7H12_143,-1,C7H12_229"
ISOC7_1163_C7H12_144,ISOC7,0.05042935813399035,31.6449,"1,C7H12_144,-1,C7H12_229"
ISOC7_1164_C7H12_145,ISOC7,0.05039525506322485,31.6235,"1,C7H12_145,-1,C7H12_229"
ISOC7_1165_C7H12_146,ISOC7,0.04995095898241067,31.3447,"1,C7H12_146,-1,C7H12_229"
ISOC7_1166_C7H12_147,ISOC7,0.04978713675462122,31.2419,"1,C7H12_147,-1,C7H12_229"
ISOC7_1167_C7H12_148,ISOC7,0.04975048392155549,31.2189,"1,C7H12_148,-1,C7H12_229"
ISOC7_1168_C7H12_149,ISOC7,0.04970681924216414,31.1915,"1,C7H12_149,-1,C7H12_229"
ISOC7_1169_C7H12_150,ISOC7,0.04944642476725368,31.0281,"1,C7H12_150,-1,C7H12_229"
ISOC7_1170_C7H12_151,ISOC7,0.04940068840599340,30.9994,"1,C7H12_151,-1,C7H12_229"
ISOC7_1171_C7H12_152,ISOC7,0.04909184844737867,30.8056,"1,C7H12_152,-1,C7H12_229"
ISOC7_1172_C7H12_153,ISOC7,0.04894491839482821,30.7134,"1,C7H12_153,-1,C7H12_229"
ISOC7_1173_C7H12_154,ISOC7,0.04891256828564411,30.6931,"1,C7H12_154,-1,C7H12_229"
ISOC7_1174_C7H12_155,ISOC7,0.04880739059075984,30.6271,"1,C7H12_155,-1,C7H12_229"
ISOC7_1175_C7H12_156,ISOC7,0.04864309028253910,30.524,"1,C7H12_156,-1,C7H12_229"
ISOC7_1176_C7H12_157,ISOC7,0.04826126337808043,30.2844,"1,C7H12_157,-1,C7H12_229"
ISOC7_1177_C7H12_158,ISOC7,0.04818285818734852,30.2352,"1,C7H12_158,-1,C7H12_229"
ISOC7_1178_C7H12_159,ISOC7,0.04796357862952918,30.0976,"1,C7H12_159,-1,C7H12_229"
ISOC7_1179_C7H12_160,ISOC7,0.04780103128288985,29.9956,"1,C7H12_160,-1,C7H12_229"
ISOC7_1180_C7H12_161,ISOC7,0.04770079375246226,29.9327,"1,C7H12_161,-1,C7H12_229"
ISOC7_1181_C7H12_162,ISOC7,0.04763625289423782,29.8922,"1,C7H12_162,-1,C7H12_229"
ISOC7_1182_C7H12_163,ISOC7,0.04756884355342563,29.8499,"1,C7H12_163,-1,C7H12_229"
ISOC7_1183_C7H12_164,ISOC7,0.04732677549504803,29.698,"1,C7H12_164,-1,C7H12_229"
ISOC7_1184_C7H12_165,ISOC7,0.04720199650248078,29.6197,"1,C7H12_165,-1,C7H12_229"
ISOC7_1185_C7H12_166,ISOC7,0.04707450838746954,29.5397,"1,C7H12_166,-1,C7H12_229"
ISOC7_1186_C7H12_167,ISOC7,0.04695992844410319,29.4678,"1,C7H12_167,-1,C7H12_229"
ISOC7_1187_C7H12_168,ISOC7,0.04662670638349255,29.2587,"1,C7H12_168,-1,C7H12_229"
ISOC7_1188_C7H12_169,ISOC7,0.04656758377015609,29.2216,"1,C7H12_169,-1,C7H12_229"
ISOC7_1189_C7H12_170,ISOC7,0.04641061402854850,29.1231,"1,C7H12_170,-1,C7H12_229"
ISOC7_1190_C7H12_171,ISOC7,0.04528234421069902,28.4151,"1,C7H12_171,-1,C7H12_229"
ISOC7_1191_C7H12_172,ISOC7,0.04526290227315980,28.4029,"1,C7H12_172,-1,C7H12_229"
ISOC7_1192_C7H12_173,ISOC7,0.04497748825567838,28.2238,"1,C7H12_173,-1,C7H12_229"
ISOC7_1193_C7H12_174,ISOC7,0.04395646781458211,27.5831,"1,C7H12_174,-1,C7H12_229"
ISOC7_1194_C7H12_175,ISOC7,0.04384858099725384,27.5154,"1,C7H12_175,-1,C7H12_229"
ISOC7_1195_C7H12_176,ISOC7,0.04337814985286236,27.2202,"1,C7H12_176,-1,C7H12_229"
ISOC7_1196_C7H12_177,ISOC7,0.04337544073041837,27.2185,"1,C7H12_177,-1,C7H12_229"
ISOC7_1197_C7H12_178,ISOC7,0.04295345506973117,26.9537,"1,C7H12_178,-1,C7H12_229"
ISOC7_1198_C7H12_179,ISOC7,0.04095667246836760,25.7007,"1,C7H12_179,-1,C7H12_229"
ISOC7_1199_C7H12_180,ISOC7,0.04037676090521022,25.3368,"1,C7H12_180,-1,C7H12_229"
ISOC7_1200_C7H12_181,ISOC7,0.04016911463788566,25.2065,"1,C7H12_181,-1,C7H12_229"
ISOC7_1201_C7H12_182,ISOC7,0.04004385756488711,25.1279,"1,C7H12_182,-1,C7H12_229"
ISOC7_1202_C7H12_183,ISOC7,0.03870220451453756,24.286,"1,C7H12_183,-1,C7H12_229"
ISOC7_1203_C7H12_184,ISOC7,0.03840914121015547,24.1021,"1,C7H12_184,-1,C7H12_229"
ISOC7_1204_C7H12_185,ISOC7,0.03825663355257327,24.0064,"1,C7H12_185,-1,C7H12_229"
ISOC7_1205_C7H12_186,ISOC7,0.03774190028821539,23.6834,"1,C7H12_186,-1,C7H12_229"
ISOC7_1206_C7H12_187,ISOC7,0.03757202237496291,23.5768,"1,C7H12_187,-1,C7H12_229"
ISOC7_1207_C7H12_188,ISOC7,0.03750525047472577,23.5349,"1,C7H12_188,-1,C7H12_229"
ISOC7_1208_C7H12_189,ISOC7,0.03728071203216222,23.394,"1,C7H12_189,-1,C7H12_229"
ISOC7_1209_C7H12_190,ISOC7,0.03708724881763266,23.2726,"1,C7H12_190,-1,C7H12_229"
ISOC7_1210_C7H12_191,ISOC7,0.03648311451262314,22.8935,"1,C7H12_191,-1,C7H12_229"
ISOC7_1211_C7H12_192,ISOC7,0.03639642259441550,22.8391,"1,C7H12_192,-1,C7H12_229"
ISOC7_1212_C7H12_193,ISOC7,0.03554543942671546,22.3051,"1,C7H12_193,-1,C7H12_229"
ISOC7_1213_C7H12_194,ISOC7,0.03485461320349830,21.8716,"1,C7H12_194,-1,C7H12_229"
ISOC7_1214_C7H12_195,ISOC7,0.03467039287730706,21.756,"1,C7H12_195,-1,C7H12_229"
ISOC7_1215_C7H12_196,ISOC7,0.03421350734513552,21.4693,"1,C7H12_196,-1,C7H12_229"
ISOC7_1216_C7H12_197,ISOC7,0.03404904767677102,21.3661,"1,C7H12_197,-1,C7H12_229"
ISOC7_1217_C7H12_198,ISOC7,0.03260859133728776,20.4622,"1,C7H12_198,-1,C7H12_229"
ISOC7_1218_C7H12_199,ISOC7,0.03179394228236593,19.951,"1,C7H12_199,-1,C7H12_229"
ISOC7_1219_C7H12_200,ISOC7,0.03057913990645256,19.1887,"1,C7H12_200,-1,C7H12_229"
ISOC7_1220_C7H12_201,ISOC7,0.02870649885708119,18.0136,"1,C7H12_201,-1,C7H12_229"
ISOC7_1221_C7H12_202,ISOC7,0.02800356126293796,17.5725,"1,C7H12_202,-1,C7H12_229"
ISOC7_1222_C7H12_203,ISOC7,0.02721680023317484,17.0788,"1,C7H12_203,-1,C7H12_229"
ISOC7_1223_C7H12_204,ISOC7,0.02605426798441608,16.3493,"1,C7H12_204,-1,C7H12_229"
ISOC7_1224_C7H12_205,ISOC7,0.02578526806174236,16.1805,"1,C7H12_205,-1,C7H12_229"
ISOC7_1225_C7H12_206,ISOC7,0.02560327877756382,16.0663,"1,C7H12_206,-1,C7H12_229"
ISOC7_1226_C7H12_207,ISOC7,0.02371167387108452,14.8793,"1,C7H12_207,-1,C7H12_229"
ISOC7_1227_C7H12_208,ISOC7,0.02298196377278893,14.4214,"1,C7H12_208,-1,C7H12_229"
ISOC7_1228_C7H12_209,ISOC7,0.01943014488857575,12.1926,"1,C7H12_209,-1,C7H12_229"
ISOC7_1229_C7H12_210,ISOC7,0.01830713395547048,11.4879,"1,C7H12_210,-1,C7H12_229"
ISOC7_1230_C7H12_211,ISOC7,0.01814857061242525,11.3884,"1,C7H12_211,-1,C7H12_229"
ISOC7_1231_C7H12_212,ISOC7,0.01757455537458713,11.0282,"1,C7H12_212,-1,C7H12_229"
ISOC7_1232_C7H12_213,ISOC7,0.01740180897874690,10.9198,"1,C7H12_213,-1,C7H12_229"
ISOC7_1233_C7H12_214,ISOC7,0.01738969760782083,10.9122,"1,C7H12_214,-1,C7H12_229"
ISOC7_1234_C7H12_215,ISOC7,0.01732133210614606,10.8693,"1,C7H12_215,-1,C7H12_229"
ISOC7_1235_C7H12_216,ISOC7,0.01593872349884914,10.0017,"1,C7H12_216,-1,C7H12_229"
ISOC7_1236_C7H12_217,ISOC7,0.01582717139821431,9.9317,"1,C7H12_217,-1,C7H12_229"
ISOC7_1237_C7H12_218,ISOC7,0.01497969415367708,9.3999,"1,C7H12_218,-1,C7H12_229"
ISOC7_1238_C7H12_219,ISOC7,0.01483117049968899,9.3067,"1,C7H12_219,-1,C7H12_229"
ISOC7_1239_C7H12_220,ISOC7,0.01479276470504185,9.2826,"1,C7H12_220,-1,C7H12_229"
ISOC7_1240_C7H12_221,ISOC7,0.01264745844969019,7.9364,"1,C7H12_221,-1,C7H12_229"
ISOC7_1241_C7H12_222,ISOC7,0.01229415701096529,7.7147,"1,C7H12_222,-1,C7H12_229"
ISOC7_1242_C7H12_223,ISOC7,0.01227232467126961,7.701,"1,C7H12_223,-1,C7H12_229"
ISOC7_1243_C7H12_224,ISOC7,0.01072669063690207,6.7311,"1,C7H12_224,-1,C7H12_229"
ISOC7_1244_C7H12_225,ISOC7,0.01065115392875791,6.6837,"1,C7H12_225,-1,C7H12_229"
ISOC7_1245_C7H12_226,ISOC7,0.01003140232965952,6.2948,"1,C7H12_226,-1,C7H12_229"
ISOC7_1246_C7H12_227,ISOC7,0.009550772136067138,5.9932,"1,C7H12_227,-1,C7H12_229"
ISOC7_1247_C7H12_228,ISOC7,0.007750002511533355,4.8632,"1,C7H12_228,-1,C7H12_229"
ISOC7_1248_C7H12_229,ISOC7,0e-42,0,"1,C7H12_229,-1,C7H12_229"
ISOC7_1249_C7H14_1,ISOC7,0.04950618482116520,31.0656,"1,C7H14_1,-1,C7H14_60"
ISOC7_1250_C7H14_2,ISOC7,0.04519581165263514,28.3608,"1,C7H14_2,-1,C7H14_60"
ISOC7_1251_C7H14_3,ISOC7,0.04498035673826614,28.2256,"1,C7H14_3,-1,C7H14_60"
ISOC7_1252_C7H14_4,ISOC7,0.04329273281580483,27.1666,"1,C7H14_4,-1,C7H14_60"
ISOC7_1253_C7H14_5,ISOC7,0.04327727488185972,27.1569,"1,C7H14_5,-1,C7H14_60"
ISOC7_1254_C7H14_6,ISOC7,0.04246374134794424,26.6464,"1,C7H14_6,-1,C7H14_60"
ISOC7_1255_C7H14_7,ISOC7,0.04173132212720465,26.1868,"1,C7H14_7,-1,C7H14_60"
ISOC7_1256_C7H14_8,ISOC7,0.04170917106722145,26.1729,"1,C7H14_8,-1,C7H14_60"
ISOC7_1257_C7H14_9,ISOC7,0.04167682095803735,26.1526,"1,C7H14_9,-1,C7H14_60"
ISOC7_1258_C7H14_10,ISOC7,0.04144574874957947,26.0076,"1,C7H14_10,-1,C7H14_60"
ISOC7_1259_C7H14_11,ISOC7,0.04135650706907160,25.9516,"1,C7H14_11,-1,C7H14_60"
ISOC7_1260_C7H14_12,ISOC7,0.04128336076308391,25.9057,"1,C7H14_12,-1,C7H14_60"
ISOC7_1261_C7H14_13,ISOC7,0.04116304385454205,25.8302,"1,C7H14_13,-1,C7H14_60"
ISOC7_1262_C7H14_14,ISOC7,0.04050424902022146,25.4168,"1,C7H14_14,-1,C7H14_60"
ISOC7_1263_C7H14_15,ISOC7,0.03983637065770632,24.9977,"1,C7H14_15,-1,C7H14_60"
ISOC7_1264_C7H14_16,ISOC7,0.03978680965299570,24.9666,"1,C7H14_16,-1,C7H14_60"
ISOC7_1265_C7H14_17,ISOC7,0.03969597437105019,24.9096,"1,C7H14_17,-1,C7H14_60"
ISOC7_1266_C7H14_18,ISOC7,0.03964418232432687,24.8771,"1,C7H14_18,-1,C7H14_60"
ISOC7_1267_C7H14_19,ISOC7,0.03944705382649074,24.7534,"1,C7H14_19,-1,C7H14_60"
ISOC7_1268_C7H14_20,ISOC7,0.03941645667888804,24.7342,"1,C7H14_20,-1,C7H14_60"
ISOC7_1269_C7H14_21,ISOC7,0.03840611336742395,24.1002,"1,C7H14_21,-1,C7H14_60"
ISOC7_1270_C7H14_22,ISOC7,0.03802109926009001,23.8586,"1,C7H14_22,-1,C7H14_60"
ISOC7_1271_C7H14_23,ISOC7,0.03770827529788117,23.6623,"1,C7H14_23,-1,C7H14_60"
ISOC7_1272_C7H14_24,ISOC7,0.03747433460683554,23.5155,"1,C7H14_24,-1,C7H14_60"
ISOC7_1273_C7H14_25,ISOC7,0.03695035845413934,23.1867,"1,C7H14_25,-1,C7H14_60"
ISOC7_1274_C7H14_26,ISOC7,0.03540137785675276,22.2147,"1,C7H14_26,-1,C7H14_60"
ISOC7_1275_C7H14_27,ISOC7,0.03504648281659022,21.992,"1,C7H14_27,-1,C7H14_60"
ISOC7_1276_C7H14_28,ISOC7,0.03491453261755358,21.9092,"1,C7H14_28,-1,C7H14_60"
ISOC7_1277_C7H14_29,ISOC7,0.03482784069934594,21.8548,"1,C7H14_29,-1,C7H14_60"
ISOC7_1278_C7H14_30,ISOC7,0.03449350311772896,21.645,"1,C7H14_30,-1,C7H14_60"
ISOC7_1279_C7H14_31,ISOC7,0.03431581655743204,21.5335,"1,C7H14_31,-1,C7H14_60"
ISOC7_1280_C7H14_32,ISOC7,0.03405717504410299,21.3712,"1,C7H14_32,-1,C7H14_60"
ISOC7_1281_C7H14_33,ISOC7,0.03399693690976018,21.3334,"1,C7H14_33,-1,C7H14_60"
ISOC7_1282_C7H14_34,ISOC7,0.03370196128365292,21.1483,"1,C7H14_34,-1,C7H14_60"
ISOC7_1283_C7H14_35,ISOC7,0.03338547203813751,20.9497,"1,C7H14_35,-1,C7H14_60"
ISOC7_1284_C7H14_36,ISOC7,0.03290404504382631,20.6476,"1,C7H14_36,-1,C7H14_60"
ISOC7_1285_C7H14_37,ISOC7,0.03256365177674630,20.434,"1,C7H14_37,-1,C7H14_60"
ISOC7_1286_C7H14_38,ISOC7,0.03212620818211397,20.1595,"1,C7H14_38,-1,C7H14_60"
ISOC7_1287_C7H14_39,ISOC7,0.03192445824010869,20.0329,"1,C7H14_39,-1,C7H14_60"
ISOC7_1288_C7H14_40,ISOC7,0.03179601396423486,19.9523,"1,C7H14_40,-1,C7H14_60"
ISOC7_1289_C7H14_41,ISOC7,0.03177402226439542,19.9385,"1,C7H14_41,-1,C7H14_60"
ISOC7_1290_C7H14_42,ISOC7,0.03169338603165081,19.8879,"1,C7H14_42,-1,C7H14_60"
ISOC7_1291_C7H14_43,ISOC7,0.03136956621952226,19.6847,"1,C7H14_43,-1,C7H14_60"
ISOC7_1292_C7H14_44,ISOC7,0.03122454848869697,19.5937,"1,C7H14_44,-1,C7H14_60"
ISOC7_1293_C7H14_45,ISOC7,0.03088861730564235,19.3829,"1,C7H14_45,-1,C7H14_60"
ISOC7_1294_C7H14_46,ISOC7,0.03068543312234318,19.2554,"1,C7H14_46,-1,C7H14_60"
ISOC7_1295_C7H14_47,ISOC7,0.03065866061819082,19.2386,"1,C7H14_47,-1,C7H14_60"
ISOC7_1296_C7H14_48,ISOC7,0.03044718970741593,19.1059,"1,C7H14_48,-1,C7H14_60"
ISOC7_1297_C7H14_49,ISOC7,0.03027922411588862,19.0005,"1,C7H14_49,-1,C7H14_60"
ISOC7_1298_C7H14_50,ISOC7,0.03002058260255956,18.8382,"1,C7H14_50,-1,C7H14_60"
ISOC7_1299_C7H14_51,ISOC7,0.02980974913235972,18.7059,"1,C7H14_51,-1,C7H14_60"
ISOC7_1300_C7H14_52,ISOC7,0.02929756563030206,18.3845,"1,C7H14_52,-1,C7H14_60"
ISOC7_1301_C7H14_53,ISOC7,0.02874283296985940,18.0364,"1,C7H14_53,-1,C7H14_60"
ISOC7_1302_C7H14_54,ISOC7,0.02848196041451764,17.8727,"1,C7H14_54,-1,C7H14_60"
ISOC7_1303_C7H14_55,ISOC7,0.01311167454847487,8.2277,"1,C7H14_55,-1,C7H14_60"
ISOC7_1304_C7H14_56,ISOC7,0.01070549573778146,6.7178,"1,C7H14_56,-1,C7H14_60"
ISOC7_1305_C7H14_57,ISOC7,0.007991433129335894,5.0147,"1,C7H14_57,-1,C7H14_60"
ISOC7_1306_C7H14_58,ISOC7,0.007393195149645644,4.6393,"1,C7H14_58,-1,C7H14_60"
ISOC7_1307_C7H14_59,ISOC7,0.007163557182481646,4.4952,"1,C7H14_59,-1,C7H14_60"
ISOC7_1308_C7H14_60,ISOC7,0e-42,0,"1,C7H14_60,-1,C7H14_60"
