Reaction,Dataset,Reference,Stoichiometry
3B-69_1,3B-69,-0.002208732,"1,01a_water_trim_3B-69,1,01a_water_monA_3B-69,1,01a_water_monB_3B-69,1,01a_water_monC_3B-69,-1,01a_water_dimAB_3B-69,-1,01a_water_dimBC_3B-69,-1,01a_water_dimAC_3B-69"
3B-69_2,3B-69,0.001727464,"1,01b_water_trim_3B-69,1,01b_water_monA_3B-69,1,01b_water_monB_3B-69,1,01b_water_monC_3B-69,-1,01b_water_dimAB_3B-69,-1,01b_water_dimBC_3B-69,-1,01b_water_dimAC_3B-69"
3B-69_3,3B-69,-0.003850141,"1,01c_water_trim_3B-69,1,01c_water_monA_3B-69,1,01c_water_monB_3B-69,1,01c_water_monC_3B-69,-1,01c_water_dimAB_3B-69,-1,01c_water_dimBC_3B-69,-1,01c_water_dimAC_3B-69"
3B-69_4,3B-69,-0.000283661,"1,02a_formaldehyde_trim_3B-69,1,02a_formaldehyde_monA_3B-69,1,02a_formaldehyde_monB_3B-69,1,02a_formaldehyde_monC_3B-69,-1,02a_formaldehyde_dimAB_3B-69,-1,02a_formaldehyde_dimBC_3B-69,-1,02a_formaldehyde_dimAC_3B-69"
3B-69_5,3B-69,0.000288442,"1,02b_formaldehyde_trim_3B-69,1,02b_formaldehyde_monA_3B-69,1,02b_formaldehyde_monB_3B-69,1,02b_formaldehyde_monC_3B-69,-1,02b_formaldehyde_dimAB_3B-69,-1,02b_formaldehyde_dimBC_3B-69,-1,02b_formaldehyde_dimAC_3B-69"
3B-69_6,3B-69,-0.000148205,"1,02c_formaldehyde_trim_3B-69,1,02c_formaldehyde_monA_3B-69,1,02c_formaldehyde_monB_3B-69,1,02c_formaldehyde_monC_3B-69,-1,02c_formaldehyde_dimAB_3B-69,-1,02c_formaldehyde_dimBC_3B-69,-1,02c_formaldehyde_dimAC_3B-69"
3B-69_7,3B-69,-0.002084431,"1,03a_methanol_ethyne_trim_3B-69,1,03a_methanol_ethyne_monA_3B-69,1,03a_methanol_ethyne_monB_3B-69,1,03a_methanol_ethyne_monC_3B-69,-1,03a_methanol_ethyne_dimAB_3B-69,-1,03a_methanol_ethyne_dimBC_3B-69,-1,03a_methanol_ethyne_dimAC_3B-69"
3B-69_8,3B-69,0.0000748993,"1,03b_methanol_ethyne_trim_3B-69,1,03b_methanol_ethyne_monA_3B-69,1,03b_methanol_ethyne_monB_3B-69,1,03b_methanol_ethyne_monC_3B-69,-1,03b_methanol_ethyne_dimAB_3B-69,-1,03b_methanol_ethyne_dimBC_3B-69,-1,03b_methanol_ethyne_dimAC_3B-69"
3B-69_9,3B-69,0.0000366528,"1,03c_methanol_ethyne_trim_3B-69,1,03c_methanol_ethyne_monA_3B-69,1,03c_methanol_ethyne_monB_3B-69,1,03c_methanol_ethyne_monC_3B-69,-1,03c_methanol_ethyne_dimAB_3B-69,-1,03c_methanol_ethyne_dimBC_3B-69,-1,03c_methanol_ethyne_dimAC_3B-69"
3B-69_10,3B-69,0.000404775,"1,04a_acetonitrile_trim_3B-69,1,04a_acetonitrile_monA_3B-69,1,04a_acetonitrile_monB_3B-69,1,04a_acetonitrile_monC_3B-69,-1,04a_acetonitrile_dimAB_3B-69,-1,04a_acetonitrile_dimBC_3B-69,-1,04a_acetonitrile_dimAC_3B-69"
3B-69_11,3B-69,0.000533856,"1,04b_acetonitrile_trim_3B-69,1,04b_acetonitrile_monA_3B-69,1,04b_acetonitrile_monB_3B-69,1,04b_acetonitrile_monC_3B-69,-1,04b_acetonitrile_dimAB_3B-69,-1,04b_acetonitrile_dimBC_3B-69,-1,04b_acetonitrile_dimAC_3B-69"
3B-69_12,3B-69,-0.000264538,"1,04c_acetonitrile_trim_3B-69,1,04c_acetonitrile_monA_3B-69,1,04c_acetonitrile_monB_3B-69,1,04c_acetonitrile_monC_3B-69,-1,04c_acetonitrile_dimAB_3B-69,-1,04c_acetonitrile_dimBC_3B-69,-1,04c_acetonitrile_dimAC_3B-69"
3B-69_13,3B-69,-0.000194419,"1,05a_nitromethane_trim_3B-69,1,05a_nitromethane_monA_3B-69,1,05a_nitromethane_monB_3B-69,1,05a_nitromethane_monC_3B-69,-1,05a_nitromethane_dimAB_3B-69,-1,05a_nitromethane_dimBC_3B-69,-1,05a_nitromethane_dimAC_3B-69"
3B-69_14,3B-69,0.000406368,"1,05b_nitromethane_trim_3B-69,1,05b_nitromethane_monA_3B-69,1,05b_nitromethane_monB_3B-69,1,05b_nitromethane_monC_3B-69,-1,05b_nitromethane_dimAB_3B-69,-1,05b_nitromethane_dimBC_3B-69,-1,05b_nitromethane_dimAC_3B-69"
3B-69_15,3B-69,0.000350592,"1,05c_nitromethane_trim_3B-69,1,05c_nitromethane_monA_3B-69,1,05c_nitromethane_monB_3B-69,1,05c_nitromethane_monC_3B-69,-1,05c_nitromethane_dimAB_3B-69,-1,05c_nitromethane_dimBC_3B-69,-1,05c_nitromethane_dimAC_3B-69"
3B-69_16,3B-69,0.000863732,"1,06a_acetic_acid_trim_3B-69,1,06a_acetic_acid_monA_3B-69,1,06a_acetic_acid_monB_3B-69,1,06a_acetic_acid_monC_3B-69,-1,06a_acetic_acid_dimAB_3B-69,-1,06a_acetic_acid_dimBC_3B-69,-1,06a_acetic_acid_dimAC_3B-69"
3B-69_17,3B-69,-0.0014693,"1,06b_acetic_acid_trim_3B-69,1,06b_acetic_acid_monA_3B-69,1,06b_acetic_acid_monB_3B-69,1,06b_acetic_acid_monC_3B-69,-1,06b_acetic_acid_dimAB_3B-69,-1,06b_acetic_acid_dimBC_3B-69,-1,06b_acetic_acid_dimAC_3B-69"
3B-69_18,3B-69,-0.000328282,"1,06c_acetic_acid_trim_3B-69,1,06c_acetic_acid_monA_3B-69,1,06c_acetic_acid_monB_3B-69,1,06c_acetic_acid_monC_3B-69,-1,06c_acetic_acid_dimAB_3B-69,-1,06c_acetic_acid_dimBC_3B-69,-1,06c_acetic_acid_dimAC_3B-69"
3B-69_19,3B-69,-0.000347405,"1,07a_oxalic_acid_trim_3B-69,1,07a_oxalic_acid_monA_3B-69,1,07a_oxalic_acid_monB_3B-69,1,07a_oxalic_acid_monC_3B-69,-1,07a_oxalic_acid_dimAB_3B-69,-1,07a_oxalic_acid_dimBC_3B-69,-1,07a_oxalic_acid_dimAC_3B-69"
3B-69_20,3B-69,-0.001909134,"1,07b_oxalic_acid_trim_3B-69,1,07b_oxalic_acid_monA_3B-69,1,07b_oxalic_acid_monB_3B-69,1,07b_oxalic_acid_monC_3B-69,-1,07b_oxalic_acid_dimAB_3B-69,-1,07b_oxalic_acid_dimBC_3B-69,-1,07b_oxalic_acid_dimAC_3B-69"
3B-69_21,3B-69,-0.001238228,"1,07c_oxalic_acid_trim_3B-69,1,07c_oxalic_acid_monA_3B-69,1,07c_oxalic_acid_monB_3B-69,1,07c_oxalic_acid_monC_3B-69,-1,07c_oxalic_acid_dimAB_3B-69,-1,07c_oxalic_acid_dimBC_3B-69,-1,07c_oxalic_acid_dimAC_3B-69"
3B-69_22,3B-69,-0.000497204,"1,08a_vinylene_carbonate_trim_3B-69,1,08a_vinylene_carbonate_monA_3B-69,1,08a_vinylene_carbonate_monB_3B-69,1,08a_vinylene_carbonate_monC_3B-69,-1,08a_vinylene_carbonate_dimAB_3B-69,-1,08a_vinylene_carbonate_dimBC_3B-69,-1,08a_vinylene_carbonate_dimAC_3B-69"
3B-69_23,3B-69,-0.000234259,"1,08b_vinylene_carbonate_trim_3B-69,1,08b_vinylene_carbonate_monA_3B-69,1,08b_vinylene_carbonate_monB_3B-69,1,08b_vinylene_carbonate_monC_3B-69,-1,08b_vinylene_carbonate_dimAB_3B-69,-1,08b_vinylene_carbonate_dimBC_3B-69,-1,08b_vinylene_carbonate_dimAC_3B-69"
3B-69_24,3B-69,-0.000780865,"1,08c_vinylene_carbonate_trim_3B-69,1,08c_vinylene_carbonate_monA_3B-69,1,08c_vinylene_carbonate_monB_3B-69,1,08c_vinylene_carbonate_monC_3B-69,-1,08c_vinylene_carbonate_dimAB_3B-69,-1,08c_vinylene_carbonate_dimBC_3B-69,-1,08c_vinylene_carbonate_dimAC_3B-69"
3B-69_25,3B-69,-0.000141831,"1,09a_acetamide_trim_3B-69,1,09a_acetamide_monA_3B-69,1,09a_acetamide_monB_3B-69,1,09a_acetamide_monC_3B-69,-1,09a_acetamide_dimAB_3B-69,-1,09a_acetamide_dimBC_3B-69,-1,09a_acetamide_dimAC_3B-69"
3B-69_26,3B-69,0.000922695,"1,09b_acetamide_trim_3B-69,1,09b_acetamide_monA_3B-69,1,09b_acetamide_monB_3B-69,1,09b_acetamide_monC_3B-69,-1,09b_acetamide_dimAB_3B-69,-1,09b_acetamide_dimBC_3B-69,-1,09b_acetamide_dimAC_3B-69"
3B-69_27,3B-69,-0.001370497,"1,09c_acetamide_trim_3B-69,1,09c_acetamide_monA_3B-69,1,09c_acetamide_monB_3B-69,1,09c_acetamide_monC_3B-69,-1,09c_acetamide_dimAB_3B-69,-1,09c_acetamide_dimBC_3B-69,-1,09c_acetamide_dimAC_3B-69"
3B-69_28,3B-69,-0.001056558,"1,10a_imidazole_trim_3B-69,1,10a_imidazole_monA_3B-69,1,10a_imidazole_monB_3B-69,1,10a_imidazole_monC_3B-69,-1,10a_imidazole_dimAB_3B-69,-1,10a_imidazole_dimBC_3B-69,-1,10a_imidazole_dimAC_3B-69"
3B-69_29,3B-69,0.000430272,"1,10b_imidazole_trim_3B-69,1,10b_imidazole_monA_3B-69,1,10b_imidazole_monB_3B-69,1,10b_imidazole_monC_3B-69,-1,10b_imidazole_dimAB_3B-69,-1,10b_imidazole_dimBC_3B-69,-1,10b_imidazole_dimAC_3B-69"
3B-69_30,3B-69,-0.002607132,"1,10c_imidazole_trim_3B-69,1,10c_imidazole_monA_3B-69,1,10c_imidazole_monB_3B-69,1,10c_imidazole_monC_3B-69,-1,10c_imidazole_dimAB_3B-69,-1,10c_imidazole_dimBC_3B-69,-1,10c_imidazole_dimAC_3B-69"
3B-69_31,3B-69,0.000280474,"1,11a_isoxazole_trim_3B-69,1,11a_isoxazole_monA_3B-69,1,11a_isoxazole_monB_3B-69,1,11a_isoxazole_monC_3B-69,-1,11a_isoxazole_dimAB_3B-69,-1,11a_isoxazole_dimBC_3B-69,-1,11a_isoxazole_dimAC_3B-69"
3B-69_32,3B-69,0.000302784,"1,11b_isoxazole_trim_3B-69,1,11b_isoxazole_monA_3B-69,1,11b_isoxazole_monB_3B-69,1,11b_isoxazole_monC_3B-69,-1,11b_isoxazole_dimAB_3B-69,-1,11b_isoxazole_dimBC_3B-69,-1,11b_isoxazole_dimAC_3B-69"
3B-69_33,3B-69,-0.000205575,"1,11c_isoxazole_trim_3B-69,1,11c_isoxazole_monA_3B-69,1,11c_isoxazole_monB_3B-69,1,11c_isoxazole_monC_3B-69,-1,11c_isoxazole_dimAB_3B-69,-1,11c_isoxazole_dimBC_3B-69,-1,11c_isoxazole_dimAC_3B-69"
3B-69_34,3B-69,-0.002044591,"1,12a_pyrazole_trim_3B-69,1,12a_pyrazole_monA_3B-69,1,12a_pyrazole_monB_3B-69,1,12a_pyrazole_monC_3B-69,-1,12a_pyrazole_dimAB_3B-69,-1,12a_pyrazole_dimBC_3B-69,-1,12a_pyrazole_dimAC_3B-69"
3B-69_35,3B-69,0.000106771,"1,12b_pyrazole_trim_3B-69,1,12b_pyrazole_monA_3B-69,1,12b_pyrazole_monB_3B-69,1,12b_pyrazole_monC_3B-69,-1,12b_pyrazole_dimAB_3B-69,-1,12b_pyrazole_dimBC_3B-69,-1,12b_pyrazole_dimAC_3B-69"
3B-69_36,3B-69,-0.000466925,"1,12c_pyrazole_trim_3B-69,1,12c_pyrazole_monA_3B-69,1,12c_pyrazole_monB_3B-69,1,12c_pyrazole_monC_3B-69,-1,12c_pyrazole_dimAB_3B-69,-1,12c_pyrazole_dimBC_3B-69,-1,12c_pyrazole_dimAC_3B-69"
3B-69_37,3B-69,-0.00000797,"1,13a_triazine_trim_3B-69,1,13a_triazine_monA_3B-69,1,13a_triazine_monB_3B-69,1,13a_triazine_monC_3B-69,-1,13a_triazine_dimAB_3B-69,-1,13a_triazine_dimBC_3B-69,-1,13a_triazine_dimAC_3B-69"
3B-69_38,3B-69,0.000218323,"1,13b_triazine_trim_3B-69,1,13b_triazine_monA_3B-69,1,13b_triazine_monB_3B-69,1,13b_triazine_monC_3B-69,-1,13b_triazine_dimAB_3B-69,-1,13b_triazine_dimBC_3B-69,-1,13b_triazine_dimAC_3B-69"
3B-69_39,3B-69,0.0001992,"1,13c_triazine_trim_3B-69,1,13c_triazine_monA_3B-69,1,13c_triazine_monB_3B-69,1,13c_triazine_monC_3B-69,-1,13c_triazine_dimAB_3B-69,-1,13c_triazine_dimBC_3B-69,-1,13c_triazine_dimAC_3B-69"
3B-69_40,3B-69,0.002325064,"1,14a_cyanoacetamide_trim_3B-69,1,14a_cyanoacetamide_monA_3B-69,1,14a_cyanoacetamide_monB_3B-69,1,14a_cyanoacetamide_monC_3B-69,-1,14a_cyanoacetamide_dimAB_3B-69,-1,14a_cyanoacetamide_dimBC_3B-69,-1,14a_cyanoacetamide_dimAC_3B-69"
3B-69_41,3B-69,0.000562541,"1,14b_cyanoacetamide_trim_3B-69,1,14b_cyanoacetamide_monA_3B-69,1,14b_cyanoacetamide_monB_3B-69,1,14b_cyanoacetamide_monC_3B-69,-1,14b_cyanoacetamide_dimAB_3B-69,-1,14b_cyanoacetamide_dimBC_3B-69,-1,14b_cyanoacetamide_dimAC_3B-69"
3B-69_42,3B-69,-0.001956942,"1,14c_cyanoacetamide_trim_3B-69,1,14c_cyanoacetamide_monA_3B-69,1,14c_cyanoacetamide_monB_3B-69,1,14c_cyanoacetamide_monC_3B-69,-1,14c_cyanoacetamide_dimAB_3B-69,-1,14c_cyanoacetamide_dimBC_3B-69,-1,14c_cyanoacetamide_dimAC_3B-69"
3B-69_43,3B-69,-0.001445396,"1,15a_cyanoguanidine_trim_3B-69,1,15a_cyanoguanidine_monA_3B-69,1,15a_cyanoguanidine_monB_3B-69,1,15a_cyanoguanidine_monC_3B-69,-1,15a_cyanoguanidine_dimAB_3B-69,-1,15a_cyanoguanidine_dimBC_3B-69,-1,15a_cyanoguanidine_dimAC_3B-69"
3B-69_44,3B-69,0.000919508,"1,15b_cyanoguanidine_trim_3B-69,1,15b_cyanoguanidine_monA_3B-69,1,15b_cyanoguanidine_monB_3B-69,1,15b_cyanoguanidine_monC_3B-69,-1,15b_cyanoguanidine_dimAB_3B-69,-1,15b_cyanoguanidine_dimBC_3B-69,-1,15b_cyanoguanidine_dimAC_3B-69"
3B-69_45,3B-69,0.000219917,"1,15c_cyanoguanidine_trim_3B-69,1,15c_cyanoguanidine_monA_3B-69,1,15c_cyanoguanidine_monB_3B-69,1,15c_cyanoguanidine_monC_3B-69,-1,15c_cyanoguanidine_dimAB_3B-69,-1,15c_cyanoguanidine_dimBC_3B-69,-1,15c_cyanoguanidine_dimAC_3B-69"
3B-69_46,3B-69,-0.00021673,"1,16a_triazolidinedione_trim_3B-69,1,16a_triazolidinedione_monA_3B-69,1,16a_triazolidinedione_monB_3B-69,1,16a_triazolidinedione_monC_3B-69,-1,16a_triazolidinedione_dimAB_3B-69,-1,16a_triazolidinedione_dimBC_3B-69,-1,16a_triazolidinedione_dimAC_3B-69"
3B-69_47,3B-69,0.001243009,"1,16b_triazolidinedione_trim_3B-69,1,16b_triazolidinedione_monA_3B-69,1,16b_triazolidinedione_monB_3B-69,1,16b_triazolidinedione_monC_3B-69,-1,16b_triazolidinedione_dimAB_3B-69,-1,16b_triazolidinedione_dimBC_3B-69,-1,16b_triazolidinedione_dimAC_3B-69"
3B-69_48,3B-69,0.000815924,"1,16c_triazolidinedione_trim_3B-69,1,16c_triazolidinedione_monA_3B-69,1,16c_triazolidinedione_monB_3B-69,1,16c_triazolidinedione_monC_3B-69,-1,16c_triazolidinedione_dimAB_3B-69,-1,16c_triazolidinedione_dimBC_3B-69,-1,16c_triazolidinedione_dimAC_3B-69"
3B-69_49,3B-69,0.000858951,"1,17a_oxazolidinone_trim_3B-69,1,17a_oxazolidinone_monA_3B-69,1,17a_oxazolidinone_monB_3B-69,1,17a_oxazolidinone_monC_3B-69,-1,17a_oxazolidinone_dimAB_3B-69,-1,17a_oxazolidinone_dimBC_3B-69,-1,17a_oxazolidinone_dimAC_3B-69"
3B-69_50,3B-69,-0.000341031,"1,17b_oxazolidinone_trim_3B-69,1,17b_oxazolidinone_monA_3B-69,1,17b_oxazolidinone_monB_3B-69,1,17b_oxazolidinone_monC_3B-69,-1,17b_oxazolidinone_dimAB_3B-69,-1,17b_oxazolidinone_dimBC_3B-69,-1,17b_oxazolidinone_dimAC_3B-69"
3B-69_51,3B-69,0.000245415,"1,17c_oxazolidinone_trim_3B-69,1,17c_oxazolidinone_monA_3B-69,1,17c_oxazolidinone_monB_3B-69,1,17c_oxazolidinone_monC_3B-69,-1,17c_oxazolidinone_dimAB_3B-69,-1,17c_oxazolidinone_dimBC_3B-69,-1,17c_oxazolidinone_dimAC_3B-69"
3B-69_52,3B-69,0.000688436,"1,18a_succinic_anhydride_trim_3B-69,1,18a_succinic_anhydride_monA_3B-69,1,18a_succinic_anhydride_monB_3B-69,1,18a_succinic_anhydride_monC_3B-69,-1,18a_succinic_anhydride_dimAB_3B-69,-1,18a_succinic_anhydride_dimBC_3B-69,-1,18a_succinic_anhydride_dimAC_3B-69"
3B-69_53,3B-69,-0.00000159,"1,18b_succinic_anhydride_trim_3B-69,1,18b_succinic_anhydride_monA_3B-69,1,18b_succinic_anhydride_monB_3B-69,1,18b_succinic_anhydride_monC_3B-69,-1,18b_succinic_anhydride_dimAB_3B-69,-1,18b_succinic_anhydride_dimBC_3B-69,-1,18b_succinic_anhydride_dimAC_3B-69"
3B-69_54,3B-69,-0.000208762,"1,18c_succinic_anhydride_trim_3B-69,1,18c_succinic_anhydride_monA_3B-69,1,18c_succinic_anhydride_monB_3B-69,1,18c_succinic_anhydride_monC_3B-69,-1,18c_succinic_anhydride_dimAB_3B-69,-1,18c_succinic_anhydride_dimBC_3B-69,-1,18c_succinic_anhydride_dimAC_3B-69"
3B-69_55,3B-69,0.0000764929,"1,19a_benzene_trim_3B-69,1,19a_benzene_monA_3B-69,1,19a_benzene_monB_3B-69,1,19a_benzene_monC_3B-69,-1,19a_benzene_dimAB_3B-69,-1,19a_benzene_dimBC_3B-69,-1,19a_benzene_dimAC_3B-69"
3B-69_56,3B-69,0.00023904,"1,19b_benzene_trim_3B-69,1,19b_benzene_monA_3B-69,1,19b_benzene_monB_3B-69,1,19b_benzene_monC_3B-69,-1,19b_benzene_dimAB_3B-69,-1,19b_benzene_dimBC_3B-69,-1,19b_benzene_dimAC_3B-69"
3B-69_57,3B-69,-0.000043,"1,19c_benzene_trim_3B-69,1,19c_benzene_monA_3B-69,1,19c_benzene_monB_3B-69,1,19c_benzene_monC_3B-69,-1,19c_benzene_dimAB_3B-69,-1,19c_benzene_dimBC_3B-69,-1,19c_benzene_dimAC_3B-69"
3B-69_58,3B-69,0.002699561,"1,20a_maleic_acid_trim_3B-69,1,20a_maleic_acid_monA_3B-69,1,20a_maleic_acid_monB_3B-69,1,20a_maleic_acid_monC_3B-69,-1,20a_maleic_acid_dimAB_3B-69,-1,20a_maleic_acid_dimBC_3B-69,-1,20a_maleic_acid_dimAC_3B-69"
3B-69_59,3B-69,-0.002309128,"1,20b_maleic_acid_trim_3B-69,1,20b_maleic_acid_monA_3B-69,1,20b_maleic_acid_monB_3B-69,1,20b_maleic_acid_monC_3B-69,-1,20b_maleic_acid_dimAB_3B-69,-1,20b_maleic_acid_dimBC_3B-69,-1,20b_maleic_acid_dimAC_3B-69"
3B-69_60,3B-69,-0.000576884,"1,20c_maleic_acid_trim_3B-69,1,20c_maleic_acid_monA_3B-69,1,20c_maleic_acid_monB_3B-69,1,20c_maleic_acid_monC_3B-69,-1,20c_maleic_acid_dimAB_3B-69,-1,20c_maleic_acid_dimBC_3B-69,-1,20c_maleic_acid_dimAC_3B-69"
3B-69_61,3B-69,0.000529076,"1,21a_p-benzoquinone_trim_3B-69,1,21a_p-benzoquinone_monA_3B-69,1,21a_p-benzoquinone_monB_3B-69,1,21a_p-benzoquinone_monC_3B-69,-1,21a_p-benzoquinone_dimAB_3B-69,-1,21a_p-benzoquinone_dimBC_3B-69,-1,21a_p-benzoquinone_dimAC_3B-69"
3B-69_62,3B-69,0.00000637441,"1,21b_p-benzoquinone_trim_3B-69,1,21b_p-benzoquinone_monA_3B-69,1,21b_p-benzoquinone_monB_3B-69,1,21b_p-benzoquinone_monC_3B-69,-1,21b_p-benzoquinone_dimAB_3B-69,-1,21b_p-benzoquinone_dimBC_3B-69,-1,21b_p-benzoquinone_dimAC_3B-69"
3B-69_63,3B-69,0.000152986,"1,21c_p-benzoquinone_trim_3B-69,1,21c_p-benzoquinone_monA_3B-69,1,21c_p-benzoquinone_monB_3B-69,1,21c_p-benzoquinone_monC_3B-69,-1,21c_p-benzoquinone_dimAB_3B-69,-1,21c_p-benzoquinone_dimBC_3B-69,-1,21c_p-benzoquinone_dimAC_3B-69"
3B-69_64,3B-69,-0.00000637,"1,22a_uracil_trim_3B-69,1,22a_uracil_monA_3B-69,1,22a_uracil_monB_3B-69,1,22a_uracil_monC_3B-69,-1,22a_uracil_dimAB_3B-69,-1,22a_uracil_dimBC_3B-69,-1,22a_uracil_dimAC_3B-69"
3B-69_65,3B-69,-0.000379277,"1,22b_uracil_trim_3B-69,1,22b_uracil_monA_3B-69,1,22b_uracil_monB_3B-69,1,22b_uracil_monC_3B-69,-1,22b_uracil_dimAB_3B-69,-1,22b_uracil_dimBC_3B-69,-1,22b_uracil_dimAC_3B-69"
3B-69_66,3B-69,0.0000286848,"1,22c_uracil_trim_3B-69,1,22c_uracil_monA_3B-69,1,22c_uracil_monB_3B-69,1,22c_uracil_monC_3B-69,-1,22c_uracil_dimAB_3B-69,-1,22c_uracil_dimBC_3B-69,-1,22c_uracil_dimAC_3B-69"
3B-69_67,3B-69,0.000129082,"1,23a_cyclobutylfuran_trim_3B-69,1,23a_cyclobutylfuran_monA_3B-69,1,23a_cyclobutylfuran_monB_3B-69,1,23a_cyclobutylfuran_monC_3B-69,-1,23a_cyclobutylfuran_dimAB_3B-69,-1,23a_cyclobutylfuran_dimBC_3B-69,-1,23a_cyclobutylfuran_dimAC_3B-69"
3B-69_68,3B-69,0.000219917,"1,23b_cyclobutylfuran_trim_3B-69,1,23b_cyclobutylfuran_monA_3B-69,1,23b_cyclobutylfuran_monB_3B-69,1,23b_cyclobutylfuran_monC_3B-69,-1,23b_cyclobutylfuran_dimAB_3B-69,-1,23b_cyclobutylfuran_dimBC_3B-69,-1,23b_cyclobutylfuran_dimAC_3B-69"
3B-69_69,3B-69,0.000245415,"1,23c_cyclobutylfuran_trim_3B-69,1,23c_cyclobutylfuran_monA_3B-69,1,23c_cyclobutylfuran_monB_3B-69,1,23c_cyclobutylfuran_monC_3B-69,-1,23c_cyclobutylfuran_dimAB_3B-69,-1,23c_cyclobutylfuran_dimBC_3B-69,-1,23c_cyclobutylfuran_dimAC_3B-69"
3BHET_1,3BHET,-0.000870106,"1,3BHET_1.1_trim,1,3BHET_1.1_monA,1,3BHET_1.1_monB,1,3BHET_1.1_monC,-1,3BHET_1.1_dimAB,-1,3BHET_1.1_dimBC,-1,3BHET_1.1_dimAC"
3BHET_2,3BHET,-0.000914727,"1,3BHET_1.2_trim,1,3BHET_1.2_monA,1,3BHET_1.2_monB,1,3BHET_1.2_monC,-1,3BHET_1.2_dimAB,-1,3BHET_1.2_dimBC,-1,3BHET_1.2_dimAC"
3BHET_3,3BHET,-0.000645409,"1,3BHET_2.1_trim,1,3BHET_2.1_monA,1,3BHET_2.1_monB,1,3BHET_2.1_monC,-1,3BHET_2.1_dimAB,-1,3BHET_2.1_dimBC,-1,3BHET_2.1_dimAC"
3BHET_4,3BHET,-0.000890823,"1,3BHET_2.2_trim,1,3BHET_2.2_monA,1,3BHET_2.2_monB,1,3BHET_2.2_monC,-1,3BHET_2.2_dimAB,-1,3BHET_2.2_dimBC,-1,3BHET_2.2_dimAC"
3BHET_5,3BHET,-0.003858109,"1,3BHET_3.1_trim,1,3BHET_3.1_monA,1,3BHET_3.1_monB,1,3BHET_3.1_monC,-1,3BHET_3.1_dimAB,-1,3BHET_3.1_dimBC,-1,3BHET_3.1_dimAC"
3BHET_6,3BHET,-0.002538607,"1,3BHET_3.2_trim,1,3BHET_3.2_monA,1,3BHET_3.2_monB,1,3BHET_3.2_monC,-1,3BHET_3.2_dimAB,-1,3BHET_3.2_dimBC,-1,3BHET_3.2_dimAC"
3BHET_7,3BHET,0.005395934,"1,3BHET_4.1_trim,1,3BHET_4.1_monA,1,3BHET_4.1_monB,1,3BHET_4.1_monC,-1,3BHET_4.1_dimAB,-1,3BHET_4.1_dimBC,-1,3BHET_4.1_dimAC"
3BHET_8,3BHET,-0.007367219,"1,3BHET_4.2_trim,1,3BHET_4.2_monA,1,3BHET_4.2_monB,1,3BHET_4.2_monC,-1,3BHET_4.2_dimAB,-1,3BHET_4.2_dimBC,-1,3BHET_4.2_dimAC"
3BHET_9,3BHET,0.002132239,"1,3BHET_5.1_trim,1,3BHET_5.1_monA,1,3BHET_5.1_monB,1,3BHET_5.1_monC,-1,3BHET_5.1_dimAB,-1,3BHET_5.1_dimBC,-1,3BHET_5.1_dimAC"
3BHET_10,3BHET,0.001866107,"1,3BHET_5.2_trim,1,3BHET_5.2_monA,1,3BHET_5.2_monB,1,3BHET_5.2_monC,-1,3BHET_5.2_dimAB,-1,3BHET_5.2_dimBC,-1,3BHET_5.2_dimAC"
3BHET_11,3BHET,0.00055298,"1,3BHET_6.1_trim,1,3BHET_6.1_monA,1,3BHET_6.1_monB,1,3BHET_6.1_monC,-1,3BHET_6.1_dimAB,-1,3BHET_6.1_dimBC,-1,3BHET_6.1_dimAC"
3BHET_12,3BHET,-0.000184858,"1,3BHET_6.2_trim,1,3BHET_6.2_monA,1,3BHET_6.2_monB,1,3BHET_6.2_monC,-1,3BHET_6.2_dimAB,-1,3BHET_6.2_dimBC,-1,3BHET_6.2_dimAC"
3BHET_13,3BHET,-0.002484425,"1,3BHET_7.1_trim,1,3BHET_7.1_monA,1,3BHET_7.1_monB,1,3BHET_7.1_monC,-1,3BHET_7.1_dimAB,-1,3BHET_7.1_dimBC,-1,3BHET_7.1_dimAC"
3BHET_14,3BHET,-0.0000143,"1,3BHET_7.2_trim,1,3BHET_7.2_monA,1,3BHET_7.2_monB,1,3BHET_7.2_monC,-1,3BHET_7.2_dimAB,-1,3BHET_7.2_dimBC,-1,3BHET_7.2_dimAC"
3BHET_15,3BHET,0.006038156,"1,3BHET_8.1_trim,1,3BHET_8.1_monA,1,3BHET_8.1_monB,1,3BHET_8.1_monC,-1,3BHET_8.1_dimAB,-1,3BHET_8.1_dimBC,-1,3BHET_8.1_dimAC"
3BHET_16,3BHET,0.006616633,"1,3BHET_8.2_trim,1,3BHET_8.2_monA,1,3BHET_8.2_monB,1,3BHET_8.2_monC,-1,3BHET_8.2_dimAB,-1,3BHET_8.2_dimBC,-1,3BHET_8.2_dimAC"
3BHET_17,3BHET,-0.001066119,"1,3BHET_9.1_trim,1,3BHET_9.1_monA,1,3BHET_9.1_monB,1,3BHET_9.1_monC,-1,3BHET_9.1_dimAB,-1,3BHET_9.1_dimBC,-1,3BHET_9.1_dimAC"
3BHET_18,3BHET,-0.000812737,"1,3BHET_9.2_trim,1,3BHET_9.2_monA,1,3BHET_9.2_monB,1,3BHET_9.2_monC,-1,3BHET_9.2_dimAB,-1,3BHET_9.2_dimBC,-1,3BHET_9.2_dimAC"
3BHET_19,3BHET,-0.00031872,"1,3BHET_10.1_trim,1,3BHET_10.1_monA,1,3BHET_10.1_monB,1,3BHET_10.1_monC,-1,3BHET_10.1_dimAB,-1,3BHET_10.1_dimBC,-1,3BHET_10.1_dimAC"
3BHET_20,3BHET,0.0000892417,"1,3BHET_10.2_trim,1,3BHET_10.2_monA,1,3BHET_10.2_monB,1,3BHET_10.2_monC,-1,3BHET_10.2_dimAB,-1,3BHET_10.2_dimBC,-1,3BHET_10.2_dimAC"
3d4dIPSS_1,3d4dIPSS,0.239852952,"1,3d4dIPSS_Sc_GS+,-1,3d4dIPSS_Sc_GS"
3d4dIPSS_2,3d4dIPSS,0.249398625,"1,3d4dIPSS_Ti_GS+,-1,3d4dIPSS_Ti_GS"
3d4dIPSS_3,3d4dIPSS,0.238339031,"1,3d4dIPSS_V_GS+,-1,3d4dIPSS_V_GS"
3d4dIPSS_4,3d4dIPSS,0.244968413,"1,3d4dIPSS_Cr_GS+,-1,3d4dIPSS_Cr_GS"
3d4dIPSS_5,3d4dIPSS,0.270752884,"1,3d4dIPSS_Mn_GS+,-1,3d4dIPSS_Mn_GS"
3d4dIPSS_6,3d4dIPSS,0.287182915,"1,3d4dIPSS_Fe_GS+,-1,3d4dIPSS_Fe_GS"
3d4dIPSS_7,3d4dIPSS,0.272697078,"1,3d4dIPSS_Co_GS+,-1,3d4dIPSS_Co_GS"
3d4dIPSS_8,3d4dIPSS,0.259645482,"1,3d4dIPSS_Ni_GS+,-1,3d4dIPSS_Ni_GS"
3d4dIPSS_9,3d4dIPSS,0.275932089,"1,3d4dIPSS_Cu_GS+,-1,3d4dIPSS_Cu_GS"
3d4dIPSS_10,3d4dIPSS,0.338289713,"1,3d4dIPSS_Zn_GS+,-1,3d4dIPSS_Zn_GS"
3d4dIPSS_11,3d4dIPSS,0.225383051,"1,3d4dIPSS_Y_GS+,-1,3d4dIPSS_Y_GS"
3d4dIPSS_12,3d4dIPSS,0.244203484,"1,3d4dIPSS_Zr_GS+,-1,3d4dIPSS_Zr_GS"
3d4dIPSS_13,3d4dIPSS,0.250131682,"1,3d4dIPSS_Nb_GS+,-1,3d4dIPSS_Nb_GS"
3d4dIPSS_14,3d4dIPSS,0.259310826,"1,3d4dIPSS_Mo_GS+,-1,3d4dIPSS_Mo_GS"
3d4dIPSS_15,3d4dIPSS,0.26181278,"1,3d4dIPSS_Tc_GS+,-1,3d4dIPSS_Tc_GS"
3d4dIPSS_16,3d4dIPSS,0.272362422,"1,3d4dIPSS_Ru_GS+,-1,3d4dIPSS_Ru_GS"
3d4dIPSS_17,3d4dIPSS,0.275740857,"1,3d4dIPSS_Rh_GS+,-1,3d4dIPSS_Rh_GS"
3d4dIPSS_18,3d4dIPSS,0.310290136,"1,3d4dIPSS_Pd_GS+,-1,3d4dIPSS_Pd_GS"
3d4dIPSS_19,3d4dIPSS,0.280075453,"1,3d4dIPSS_Ag_GS+,-1,3d4dIPSS_Ag_GS"
3d4dIPSS_20,3d4dIPSS,0.331214123,"1,3d4dIPSS_Cd_GS+,-1,3d4dIPSS_Cd_GS"
3d4dIPSS_21,3d4dIPSS,0.048668588,"1,3d4dIPSS_Sc_ES,-1,3d4dIPSS_Sc_GS"
3d4dIPSS_22,3d4dIPSS,0.024892054,"1,3d4dIPSS_Ti_ES,-1,3d4dIPSS_Ti_GS"
3d4dIPSS_23,3d4dIPSS,0.003059715,"1,3d4dIPSS_V_ES,-1,3d4dIPSS_V_GS"
3d4dIPSS_24,3d4dIPSS,0.082271121,"1,3d4dIPSS_Mn_ES,-1,3d4dIPSS_Mn_GS"
3d4dIPSS_26,3d4dIPSS,0.029459763,"1,3d4dIPSS_Co_ES+,-1,3d4dIPSS_Co_GS+"
3d4dIPSS_27,3d4dIPSS,0.055200085,"1,3d4dIPSS_Ni_ES+,-1,3d4dIPSS_Ni_GS+"
3d4dIPSS_28,3d4dIPSS,0.190533403,"1,3d4dIPSS_Cu_ES,-1,3d4dIPSS_Cu_GS"
3d4dIPSS_29,3d4dIPSS,0.120729956,"1,3d4dIPSS_Cu_ES+,-1,3d4dIPSS_Cu_GS+"
3d4dIPSS_30,3d4dIPSS,0.141996375,"1,3d4dIPSS_Zn_ES,-1,3d4dIPSS_Zn_GS"
3d4dIPSS_31,3d4dIPSS,0.051154606,"1,3d4dIPSS_Y_ES,-1,3d4dIPSS_Y_GS"
3d4dIPSS_32,3d4dIPSS,0.022947861,"1,3d4dIPSS_Zr_ES,-1,3d4dIPSS_Zr_GS"
3d4dIPSS_35,3d4dIPSS,0.115886697,"1,3d4dIPSS_Pd_ES,-1,3d4dIPSS_Pd_GS"
A19Rel6_1,A19Rel6,0.00297366,"1,01_water-ammonia_0p9_dim_A21x12,-1,01_water-ammonia_1p0_dim_A21x12"
A19Rel6_2,A19Rel6,0.001290817,"1,01_water-ammonia_1p1_dim_A21x12,-1,01_water-ammonia_1p0_dim_A21x12"
A19Rel6_3,A19Rel6,0.003346563,"1,01_water-ammonia_1p2_dim_A21x12,-1,01_water-ammonia_1p0_dim_A21x12"
A19Rel6_4,A19Rel6,0.006503487,"1,01_water-ammonia_1p4_dim_A21x12,-1,01_water-ammonia_1p0_dim_A21x12"
A19Rel6_5,A19Rel6,0.00818633,"1,01_water-ammonia_1p6_dim_A21x12,-1,01_water-ammonia_1p0_dim_A21x12"
A19Rel6_6,A19Rel6,0.009523362,"1,01_water-ammonia_2p0_dim_A21x12,-1,01_water-ammonia_1p0_dim_A21x12"
A19Rel6_7,A19Rel6,0.004905105,"1,03_HCN-dimer_0p9_dim_A21x12,-1,03_HCN-dimer_1p0_dim_A21x12"
A19Rel6_8,A19Rel6,0.001364123,"1,03_HCN-dimer_1p1_dim_A21x12,-1,03_HCN-dimer_1p0_dim_A21x12"
A19Rel6_9,A19Rel6,0.00309318,"1,03_HCN-dimer_1p2_dim_A21x12,-1,03_HCN-dimer_1p0_dim_A21x12"
A19Rel6_10,A19Rel6,0.005134584,"1,03_HCN-dimer_1p4_dim_A21x12,-1,03_HCN-dimer_1p0_dim_A21x12"
A19Rel6_11,A19Rel6,0.006073215,"1,03_HCN-dimer_1p6_dim_A21x12,-1,03_HCN-dimer_1p0_dim_A21x12"
A19Rel6_12,A19Rel6,0.006850892,"1,03_HCN-dimer_2p0_dim_A21x12,-1,03_HCN-dimer_1p0_dim_A21x12"
A19Rel6_13,A19Rel6,0.002368092,"1,04_HF-dimer_0p9_dim_A21x12,-1,04_HF-dimer_1p0_dim_A21x12"
A19Rel6_14,A19Rel6,0.000964129,"1,04_HF-dimer_1p1_dim_A21x12,-1,04_HF-dimer_1p0_dim_A21x12"
A19Rel6_15,A19Rel6,0.002436616,"1,04_HF-dimer_1p2_dim_A21x12,-1,04_HF-dimer_1p0_dim_A21x12"
A19Rel6_16,A19Rel6,0.00459754,"1,04_HF-dimer_1p4_dim_A21x12,-1,04_HF-dimer_1p0_dim_A21x12"
A19Rel6_17,A19Rel6,0.005736965,"1,04_HF-dimer_1p6_dim_A21x12,-1,04_HF-dimer_1p0_dim_A21x12"
A19Rel6_18,A19Rel6,0.006680377,"1,04_HF-dimer_2p0_dim_A21x12,-1,04_HF-dimer_1p0_dim_A21x12"
A19Rel6_19,A19Rel6,0.001803957,"1,05_ammonia-dimer_0p9_dim_A21x12,-1,05_ammonia-dimer_1p0_dim_A21x12"
A19Rel6_20,A19Rel6,0.000710746,"1,05_ammonia-dimer_1p1_dim_A21x12,-1,05_ammonia-dimer_1p0_dim_A21x12"
A19Rel6_21,A19Rel6,0.001789614,"1,05_ammonia-dimer_1p2_dim_A21x12,-1,05_ammonia-dimer_1p0_dim_A21x12"
A19Rel6_22,A19Rel6,0.003333814,"1,05_ammonia-dimer_1p4_dim_A21x12,-1,05_ammonia-dimer_1p0_dim_A21x12"
A19Rel6_23,A19Rel6,0.004093962,"1,05_ammonia-dimer_1p6_dim_A21x12,-1,05_ammonia-dimer_1p0_dim_A21x12"
A19Rel6_24,A19Rel6,0.004662878,"1,05_ammonia-dimer_2p0_dim_A21x12,-1,05_ammonia-dimer_1p0_dim_A21x12"
A19Rel6_25,A19Rel6,0.001274881,"1,06_HF-methane_0p9_dim_A21x12,-1,06_HF-methane_1p0_dim_A21x12"
A19Rel6_26,A19Rel6,0.000505172,"1,06_HF-methane_1p1_dim_A21x12,-1,06_HF-methane_1p0_dim_A21x12"
A19Rel6_27,A19Rel6,0.001185639,"1,06_HF-methane_1p2_dim_A21x12,-1,06_HF-methane_1p0_dim_A21x12"
A19Rel6_28,A19Rel6,0.002044591,"1,06_HF-methane_1p4_dim_A21x12,-1,06_HF-methane_1p0_dim_A21x12"
A19Rel6_29,A19Rel6,0.002401557,"1,06_HF-methane_1p6_dim_A21x12,-1,06_HF-methane_1p0_dim_A21x12"
A19Rel6_30,A19Rel6,0.002623068,"1,06_HF-methane_2p0_dim_A21x12,-1,06_HF-methane_1p0_dim_A21x12"
A19Rel6_31,A19Rel6,0.000728276,"1,07_ammonia-methane_0p9_dim_A21x12,-1,07_ammonia-methane_1p0_dim_A21x12"
A19Rel6_32,A19Rel6,0.000231072,"1,07_ammonia-methane_1p1_dim_A21x12,-1,07_ammonia-methane_1p0_dim_A21x12"
A19Rel6_33,A19Rel6,0.00055298,"1,07_ammonia-methane_1p2_dim_A21x12,-1,07_ammonia-methane_1p0_dim_A21x12"
A19Rel6_34,A19Rel6,0.000946599,"1,07_ammonia-methane_1p4_dim_A21x12,-1,07_ammonia-methane_1p0_dim_A21x12"
A19Rel6_35,A19Rel6,0.001101179,"1,07_ammonia-methane_1p6_dim_A21x12,-1,07_ammonia-methane_1p0_dim_A21x12"
A19Rel6_36,A19Rel6,0.00119042,"1,07_ammonia-methane_2p0_dim_A21x12,-1,07_ammonia-methane_1p0_dim_A21x12"
A19Rel6_37,A19Rel6,0.00069481,"1,08_water-methane_0p9_dim_A21x12,-1,08_water-methane_1p0_dim_A21x12"
A19Rel6_38,A19Rel6,0.000213543,"1,08_water-methane_1p1_dim_A21x12,-1,08_water-methane_1p0_dim_A21x12"
A19Rel6_39,A19Rel6,0.00049561,"1,08_water-methane_1p2_dim_A21x12,-1,08_water-methane_1p0_dim_A21x12"
A19Rel6_40,A19Rel6,0.000827079,"1,08_water-methane_1p4_dim_A21x12,-1,08_water-methane_1p0_dim_A21x12"
A19Rel6_41,A19Rel6,0.000956161,"1,08_water-methane_1p6_dim_A21x12,-1,08_water-methane_1p0_dim_A21x12"
A19Rel6_42,A19Rel6,0.001034247,"1,08_water-methane_2p0_dim_A21x12,-1,08_water-methane_1p0_dim_A21x12"
A19Rel6_43,A19Rel6,0.00182308,"1,09_formaldehyde-dimer_0p9_dim_A21x12,-1,09_formaldehyde-dimer_1p0_dim_A21x12"
A19Rel6_44,A19Rel6,0.00083186,"1,09_formaldehyde-dimer_1p1_dim_A21x12,-1,09_formaldehyde-dimer_1p0_dim_A21x12"
A19Rel6_45,A19Rel6,0.002184827,"1,09_formaldehyde-dimer_1p2_dim_A21x12,-1,09_formaldehyde-dimer_1p0_dim_A21x12"
A19Rel6_46,A19Rel6,0.004326628,"1,09_formaldehyde-dimer_1p4_dim_A21x12,-1,09_formaldehyde-dimer_1p0_dim_A21x12"
A19Rel6_47,A19Rel6,0.005504299,"1,09_formaldehyde-dimer_1p6_dim_A21x12,-1,09_formaldehyde-dimer_1p0_dim_A21x12"
A19Rel6_48,A19Rel6,0.006495519,"1,09_formaldehyde-dimer_2p0_dim_A21x12,-1,09_formaldehyde-dimer_1p0_dim_A21x12"
A19Rel6_49,A19Rel6,0.001485236,"1,10_water-ethene_0p9_dim_A21x12,-1,10_water-ethene_1p0_dim_A21x12"
A19Rel6_50,A19Rel6,0.000591226,"1,10_water-ethene_1p1_dim_A21x12,-1,10_water-ethene_1p0_dim_A21x12"
A19Rel6_51,A19Rel6,0.001497985,"1,10_water-ethene_1p2_dim_A21x12,-1,10_water-ethene_1p0_dim_A21x12"
A19Rel6_52,A19Rel6,0.00279677,"1,10_water-ethene_1p4_dim_A21x12,-1,10_water-ethene_1p0_dim_A21x12"
A19Rel6_53,A19Rel6,0.003426243,"1,10_water-ethene_1p6_dim_A21x12,-1,10_water-ethene_1p0_dim_A21x12"
A19Rel6_54,A19Rel6,0.003875639,"1,10_water-ethene_2p0_dim_A21x12,-1,10_water-ethene_1p0_dim_A21x12"
A19Rel6_55,A19Rel6,0.001223886,"1,11_formaldehyde-ethene_0p9_dim_A21x12,-1,11_formaldehyde-ethene_1p0_dim_A21x12"
A19Rel6_56,A19Rel6,0.000423898,"1,11_formaldehyde-ethene_1p1_dim_A21x12,-1,11_formaldehyde-ethene_1p0_dim_A21x12"
A19Rel6_57,A19Rel6,0.001035841,"1,11_formaldehyde-ethene_1p2_dim_A21x12,-1,11_formaldehyde-ethene_1p0_dim_A21x12"
A19Rel6_58,A19Rel6,0.001851765,"1,11_formaldehyde-ethene_1p4_dim_A21x12,-1,11_formaldehyde-ethene_1p0_dim_A21x12"
A19Rel6_59,A19Rel6,0.002219887,"1,11_formaldehyde-ethene_1p6_dim_A21x12,-1,11_formaldehyde-ethene_1p0_dim_A21x12"
A19Rel6_60,A19Rel6,0.002471676,"1,11_formaldehyde-ethene_2p0_dim_A21x12,-1,11_formaldehyde-ethene_1p0_dim_A21x12"
A19Rel6_61,A19Rel6,0.001784834,"1,12_ethyne-dimer_0p9_dim_A21x12,-1,12_ethyne-dimer_1p0_dim_A21x12"
A19Rel6_62,A19Rel6,0.000482861,"1,12_ethyne-dimer_1p1_dim_A21x12,-1,12_ethyne-dimer_1p0_dim_A21x12"
A19Rel6_63,A19Rel6,0.001129863,"1,12_ethyne-dimer_1p2_dim_A21x12,-1,12_ethyne-dimer_1p0_dim_A21x12"
A19Rel6_64,A19Rel6,0.001875669,"1,12_ethyne-dimer_1p4_dim_A21x12,-1,12_ethyne-dimer_1p0_dim_A21x12"
A19Rel6_65,A19Rel6,0.002167298,"1,12_ethyne-dimer_1p6_dim_A21x12,-1,12_ethyne-dimer_1p0_dim_A21x12"
A19Rel6_66,A19Rel6,0.002344188,"1,12_ethyne-dimer_2p0_dim_A21x12,-1,12_ethyne-dimer_1p0_dim_A21x12"
A19Rel6_67,A19Rel6,0.001024686,"1,13_ammonia-ethene_0p9_dim_A21x12,-1,13_ammonia-ethene_1p0_dim_A21x12"
A19Rel6_68,A19Rel6,0.00035856,"1,13_ammonia-ethene_1p1_dim_A21x12,-1,13_ammonia-ethene_1p0_dim_A21x12"
A19Rel6_69,A19Rel6,0.000882855,"1,13_ammonia-ethene_1p2_dim_A21x12,-1,13_ammonia-ethene_1p0_dim_A21x12"
A19Rel6_70,A19Rel6,0.001582446,"1,13_ammonia-ethene_1p4_dim_A21x12,-1,13_ammonia-ethene_1p0_dim_A21x12"
A19Rel6_71,A19Rel6,0.001894792,"1,13_ammonia-ethene_1p6_dim_A21x12,-1,13_ammonia-ethene_1p0_dim_A21x12"
A19Rel6_72,A19Rel6,0.00210196,"1,13_ammonia-ethene_2p0_dim_A21x12,-1,13_ammonia-ethene_1p0_dim_A21x12"
A19Rel6_73,A19Rel6,0.000954567,"1,14_ethene-dimer_0p9_dim_A21x12,-1,14_ethene-dimer_1p0_dim_A21x12"
A19Rel6_74,A19Rel6,0.000291629,"1,14_ethene-dimer_1p1_dim_A21x12,-1,14_ethene-dimer_1p0_dim_A21x12"
A19Rel6_75,A19Rel6,0.000726682,"1,14_ethene-dimer_1p2_dim_A21x12,-1,14_ethene-dimer_1p0_dim_A21x12"
A19Rel6_76,A19Rel6,0.001290817,"1,14_ethene-dimer_1p4_dim_A21x12,-1,14_ethene-dimer_1p0_dim_A21x12"
A19Rel6_77,A19Rel6,0.001528264,"1,14_ethene-dimer_1p6_dim_A21x12,-1,14_ethene-dimer_1p0_dim_A21x12"
A19Rel6_78,A19Rel6,0.001674875,"1,14_ethene-dimer_2p0_dim_A21x12,-1,14_ethene-dimer_1p0_dim_A21x12"
A19Rel6_79,A19Rel6,0.000562541,"1,15_methane-ethene_0p9_dim_A21x12,-1,15_methane-ethene_1p0_dim_A21x12"
A19Rel6_80,A19Rel6,0.000156173,"1,15_methane-ethene_1p1_dim_A21x12,-1,15_methane-ethene_1p0_dim_A21x12"
A19Rel6_81,A19Rel6,0.00037609,"1,15_methane-ethene_1p2_dim_A21x12,-1,15_methane-ethene_1p0_dim_A21x12"
A19Rel6_82,A19Rel6,0.000634253,"1,15_methane-ethene_1p4_dim_A21x12,-1,15_methane-ethene_1p0_dim_A21x12"
A19Rel6_83,A19Rel6,0.000733057,"1,15_methane-ethene_1p6_dim_A21x12,-1,15_methane-ethene_1p0_dim_A21x12"
A19Rel6_84,A19Rel6,0.000788833,"1,15_methane-ethene_2p0_dim_A21x12,-1,15_methane-ethene_1p0_dim_A21x12"
A19Rel6_85,A19Rel6,0.000887636,"1,16_borane-methane_0p9_dim_A21x12,-1,16_borane-methane_1p0_dim_A21x12"
A19Rel6_86,A19Rel6,0.000363341,"1,16_borane-methane_1p1_dim_A21x12,-1,16_borane-methane_1p0_dim_A21x12"
A19Rel6_87,A19Rel6,0.000925882,"1,16_borane-methane_1p2_dim_A21x12,-1,16_borane-methane_1p0_dim_A21x12"
A19Rel6_88,A19Rel6,0.001721089,"1,16_borane-methane_1p4_dim_A21x12,-1,16_borane-methane_1p0_dim_A21x12"
A19Rel6_89,A19Rel6,0.002074869,"1,16_borane-methane_1p6_dim_A21x12,-1,16_borane-methane_1p0_dim_A21x12"
A19Rel6_90,A19Rel6,0.002290005,"1,16_borane-methane_2p0_dim_A21x12,-1,16_borane-methane_1p0_dim_A21x12"
A19Rel6_91,A19Rel6,0.000827079,"1,17_methane-ethane_0p9_dim_A21x12,-1,17_methane-ethane_1p0_dim_A21x12"
A19Rel6_92,A19Rel6,0.00025657,"1,17_methane-ethane_1p1_dim_A21x12,-1,17_methane-ethane_1p0_dim_A21x12"
A19Rel6_93,A19Rel6,0.000610349,"1,17_methane-ethane_1p2_dim_A21x12,-1,17_methane-ethane_1p0_dim_A21x12"
A19Rel6_94,A19Rel6,0.001032654,"1,17_methane-ethane_1p4_dim_A21x12,-1,17_methane-ethane_1p0_dim_A21x12"
A19Rel6_95,A19Rel6,0.001195201,"1,17_methane-ethane_1p6_dim_A21x12,-1,17_methane-ethane_1p0_dim_A21x12"
A19Rel6_96,A19Rel6,0.001286036,"1,17_methane-ethane_2p0_dim_A21x12,-1,17_methane-ethane_1p0_dim_A21x12"
A19Rel6_97,A19Rel6,0.001061339,"1,18_methane-ethane_0p9_dim_A21x12,-1,18_methane-ethane_1p0_dim_A21x12"
A19Rel6_98,A19Rel6,0.000243821,"1,18_methane-ethane_1p1_dim_A21x12,-1,18_methane-ethane_1p0_dim_A21x12"
A19Rel6_99,A19Rel6,0.00053545,"1,18_methane-ethane_1p2_dim_A21x12,-1,18_methane-ethane_1p0_dim_A21x12"
A19Rel6_100,A19Rel6,0.000819111,"1,18_methane-ethane_1p4_dim_A21x12,-1,18_methane-ethane_1p0_dim_A21x12"
A19Rel6_101,A19Rel6,0.000909946,"1,18_methane-ethane_1p6_dim_A21x12,-1,18_methane-ethane_1p0_dim_A21x12"
A19Rel6_102,A19Rel6,0.000952974,"1,18_methane-ethane_2p0_dim_A21x12,-1,18_methane-ethane_1p0_dim_A21x12"
A19Rel6_103,A19Rel6,0.000435053,"1,20_Ar-methane_0p9_dim_A21x12,-1,20_Ar-methane_1p0_dim_A21x12"
A19Rel6_104,A19Rel6,0.000146611,"1,20_Ar-methane_1p1_dim_A21x12,-1,20_Ar-methane_1p0_dim_A21x12"
A19Rel6_105,A19Rel6,0.000331469,"1,20_Ar-methane_1p2_dim_A21x12,-1,20_Ar-methane_1p0_dim_A21x12"
A19Rel6_106,A19Rel6,0.000548199,"1,20_Ar-methane_1p4_dim_A21x12,-1,20_Ar-methane_1p0_dim_A21x12"
A19Rel6_107,A19Rel6,0.00063266,"1,20_Ar-methane_1p6_dim_A21x12,-1,20_Ar-methane_1p0_dim_A21x12"
A19Rel6_108,A19Rel6,0.000678874,"1,20_Ar-methane_2p0_dim_A21x12,-1,20_Ar-methane_1p0_dim_A21x12"
A19Rel6_109,A19Rel6,0.000369716,"1,21_Ar-ethene_0p9_dim_A21x12,-1,21_Ar-ethene_1p0_dim_A21x12"
A19Rel6_110,A19Rel6,0.000121114,"1,21_Ar-ethene_1p1_dim_A21x12,-1,21_Ar-ethene_1p0_dim_A21x12"
A19Rel6_111,A19Rel6,0.000286848,"1,21_Ar-ethene_1p2_dim_A21x12,-1,21_Ar-ethene_1p0_dim_A21x12"
A19Rel6_112,A19Rel6,0.000490829,"1,21_Ar-ethene_1p4_dim_A21x12,-1,21_Ar-ethene_1p0_dim_A21x12"
A19Rel6_113,A19Rel6,0.000572103,"1,21_Ar-ethene_1p6_dim_A21x12,-1,21_Ar-ethene_1p0_dim_A21x12"
A19Rel6_114,A19Rel6,0.00061513,"1,21_Ar-ethene_2p0_dim_A21x12,-1,21_Ar-ethene_1p0_dim_A21x12"
A24_1,A24,-0.010446057,"1,3957_01waterammonia_dim_A24,-1,3957_01waterammonia_monA_A24,-1,3957_01waterammonia_monB_A24"
A24_2,A24,-0.008046094,"1,3958_02waterdimer_dim_A24,-1,3958_02waterdimer_monA_A24,-1,3958_02waterdimer_monB_A24"
A24_3,A24,-0.00761104,"1,3959_03HCNdimer_dim_A24,-1,3959_03HCNdimer_monA_A24,-1,3959_03HCNdimer_monB_A24"
A24_4,A24,-0.007333754,"1,3960_04HFdimer_dim_A24,-1,3960_04HFdimer_monA_A24,-1,3960_04HFdimer_monB_A24"
A24_5,A24,-0.005051717,"1,3961_05ammoniadimer_dim_A24,-1,3961_05ammoniadimer_monA_A24,-1,3961_05ammoniadimer_monB_A24"
A24_6,A24,-0.002651753,"1,3962_06HFmethane_dim_A24,-1,3962_06HFmethane_monA_A24,-1,3962_06HFmethane_monB_A24"
A24_7,A24,-0.001241416,"1,3963_07ammoniamethane_dim_A24,-1,3963_07ammoniamethane_monA_A24,-1,3963_07ammoniamethane_monB_A24"
A24_8,A24,-0.001085243,"1,3964_08watermethane_dim_A24,-1,3964_08watermethane_monA_A24,-1,3964_08watermethane_monB_A24"
A24_9,A24,-0.007209453,"1,3965_09formaldehydedimer_dim_A24,-1,3965_09formaldehydedimer_monA_A24,-1,3965_09formaldehydedimer_monB_A24"
A24_10,A24,-0.004121053,"1,3966_10waterethene_dim_A24,-1,3966_10waterethene_monA_A24,-1,3966_10waterethene_monB_A24"
A24_11,A24,-0.002603945,"1,3967_11formaldehydeethene_dim_A24,-1,3967_11formaldehydeethene_monA_A24,-1,3967_11formaldehydeethene_monB_A24"
A24_12,A24,-0.002446178,"1,3968_12ethynedimer_dim_A24,-1,3968_12ethynedimer_monA_A24,-1,3968_12ethynedimer_monB_A24"
A24_13,A24,-0.002223074,"1,3969_13ammoniaethene_dim_A24,-1,3969_13ammoniaethene_monA_A24,-1,3969_13ammoniaethene_monB_A24"
A24_14,A24,-0.001767304,"1,3970_14ethenedimer_dim_A24,-1,3970_14ethenedimer_monA_A24,-1,3970_14ethenedimer_monB_A24"
A24_15,A24,-0.000825486,"1,3971_15methaneethene_dim_A24,-1,3971_15methaneethene_monA_A24,-1,3971_15methaneethene_monB_A24"
A24_16,A24,-0.002423868,"1,3972_16boranemethane_dim_A24,-1,3972_16boranemethane_monA_A24,-1,3972_16boranemethane_monB_A24"
A24_17,A24,-0.001345,"1,3973_17methaneethane_dim_A24,-1,3973_17methaneethane_monA_A24,-1,3973_17methaneethane_monB_A24"
A24_18,A24,-0.000983252,"1,3974_18methaneethane_dim_A24,-1,3974_18methaneethane_monA_A24,-1,3974_18methaneethane_monB_A24"
A24_19,A24,-0.000863732,"1,3975_19methanedimer_dim_A24,-1,3975_19methanedimer_monA_A24,-1,3975_19methanedimer_monB_A24"
A24_20,A24,-0.000642221,"1,3976_20Armethane_dim_A24,-1,3976_20Armethane_monA_A24,-1,3976_20Armethane_monB_A24"
A24_21,A24,-0.000564135,"1,3977_21Arethene_dim_A24,-1,3977_21Arethene_monA_A24,-1,3977_21Arethene_monB_A24"
A24_22,A24,0.001274881,"1,3978_22etheneethyne_dim_A24,-1,3978_22etheneethyne_monA_A24,-1,3978_22etheneethyne_monB_A24"
A24_23,A24,0.00144699,"1,3979_23ethenedimer_dim_A24,-1,3979_23ethenedimer_monA_A24,-1,3979_23ethenedimer_monB_A24"
A24_24,A24,0.001746587,"1,3980_24ethynedimer_dim_A24,-1,3980_24ethynedimer_monA_A24,-1,3980_24ethynedimer_monB_A24"
ACONF_1,ACONF,0.000952974,"-1,ACONF_B_T,1,ACONF_B_G"
ACONF_2,ACONF,0.000978472,"-1,ACONF_P_TT,1,ACONF_P_TG"
ACONF_3,ACONF,0.001531452,"-1,ACONF_P_TT,1,ACONF_P_GG"
ACONF_4,ACONF,0.004482804,"-1,ACONF_P_TT,1,ACONF_P_GX"
ACONF_5,ACONF,0.000948194,"-1,ACONF_H_ttt,1,ACONF_H_gtt"
ACONF_6,ACONF,0.000962536,"-1,ACONF_H_ttt,1,ACONF_H_tgt"
ACONF_7,ACONF,0.001488425,"-1,ACONF_H_ttt,1,ACONF_H_tgg"
ACONF_8,ACONF,0.001877264,"-1,ACONF_H_ttt,1,ACONF_H_gtg"
ACONF_9,ACONF,0.002074871,"-1,ACONF_H_ttt,1,ACONF_H_g+t+g-"
ACONF_10,ACONF,0.001992003,"-1,ACONF_H_ttt,1,ACONF_H_ggg"
ACONF_11,ACONF,0.004194362,"-1,ACONF_H_ttt,1,ACONF_H_g+x-t+"
ACONF_12,ACONF,0.004366471,"-1,ACONF_H_ttt,1,ACONF_H_t+g+x-"
ACONF_13,ACONF,0.005231797,"-1,ACONF_H_ttt,1,ACONF_H_g+x-g-"
ACONF_14,ACONF,0.004913077,"-1,ACONF_H_ttt,1,ACONF_H_x+g-g-"
ACONF_15,ACONF,0.007848493,"-1,ACONF_H_ttt,1,ACONF_H_x+g-x+"
ADIM6_1,ADIM6,0.002135428,"2,ADIM6_AM2,-1,ADIM6_AD2"
ADIM6_2,ADIM6,0.003171269,"2,ADIM6_AM3,-1,ADIM6_AD3"
ADIM6_3,ADIM6,0.004605512,"2,ADIM6_AM4,-1,ADIM6_AD4"
ADIM6_4,ADIM6,0.006023818,"2,ADIM6_AM5,-1,ADIM6_AD5"
ADIM6_5,ADIM6,0.007330572,"2,ADIM6_AM6,-1,ADIM6_AD6"
ADIM6_6,ADIM6,0.008844495,"2,ADIM6_AM7,-1,ADIM6_AD7"
AE11_1,AE11,-677.584809,"1,AE11_Ca"
AE11_2,AE11,-1779.467327,"1,AE11_Zn"
AE11_3,AE11,-2753.903783,"1,AE11_Kr"
AE11_4,AE11,-3133.483366,"1,AE11_Sr"
AE11_5,AE11,-4940.462811,"1,AE11_Pd"
AE11_6,AE11,-5467.781832,"1,AE11_Cd"
AE11_7,AE11,-7235.136035,"1,AE11_Xe"
AE11_8,AE11,-7886.666073,"1,AE11_Ba"
AE11_9,AE11,-13396.1436,"1,AE11_Yb"
AE11_10,AE11,-18414.16106,"1,AE11_Hg"
AE11_11,AE11,-21872.29308,"1,AE11_Rn"
AE18_1,AE18,-0.5,"1,11_H_AE18"
AE18_2,AE18,-2.90372,"1,12_He_AE18"
AE18_3,AE18,-7.47806,"1,13_Li_AE18"
AE18_4,AE18,-14.66736,"1,14_Be_AE18"
AE18_5,AE18,-24.65391,"1,15_B_AE18"
AE18_6,AE18,-37.845,"1,16_C_AE18"
AE18_7,AE18,-54.5892,"1,17_N_AE18"
AE18_8,AE18,-75.0673,"1,18_O_AE18"
AE18_9,AE18,-99.7339,"1,19_F_AE18"
AE18_10,AE18,-128.9376,"1,20_Ne_AE18"
AE18_11,AE18,-162.2546,"1,21_Na_AE18"
AE18_12,AE18,-200.053,"1,22_Mg_AE18"
AE18_13,AE18,-242.346,"1,23_Al_AE18"
AE18_14,AE18,-289.359,"1,24_Si_AE18"
AE18_15,AE18,-341.259,"1,25_P_AE18"
AE18_16,AE18,-398.11,"1,26_S_AE18"
AE18_17,AE18,-460.148,"1,27_Cl_AE18"
AE18_18,AE18,-527.54,"1,28_Ar_AE18"
AHB21_1,AHB21,-0.028350191,"1,AHB21_1,-1,AHB21_1A,-1,AHB21_1B"
AHB21_2,AHB21,-0.051792086,"1,AHB21_2,-1,AHB21_2A,-1,AHB21_2B"
AHB21_3,AHB21,-0.104667821,"1,AHB21_3,-1,AHB21_3A,-1,AHB21_3B"
AHB21_4,AHB21,-0.014310552,"1,AHB21_4,-1,AHB21_4A,-1,AHB21_4B"
AHB21_5,AHB21,-0.024876137,"1,AHB21_5,-1,AHB21_5A,-1,AHB21_5B"
AHB21_6,AHB21,-0.040668739,"1,AHB21_6,-1,AHB21_6A,-1,AHB21_6B"
AHB21_7,AHB21,-0.022868198,"1,AHB21_7,-1,AHB21_7A,-1,AHB21_7B"
AHB21_8,AHB21,-0.066596654,"1,AHB21_8,-1,AHB21_8A,-1,AHB21_8B"
AHB21_9,AHB21,-0.027139053,"1,AHB21_9,-1,AHB21_9A,-1,AHB21_9B"
AHB21_10,AHB21,-0.059457315,"1,AHB21_10,-1,AHB21_10A,-1,AHB21_10B"
AHB21_11,AHB21,-0.012701013,"1,AHB21_11,-1,AHB21_11A,-1,AHB21_11B"
AHB21_12,AHB21,-0.022517605,"1,AHB21_12,-1,AHB21_12A,-1,AHB21_12B"
AHB21_13,AHB21,-0.041449605,"1,AHB21_13,-1,AHB21_13A,-1,AHB21_13B"
AHB21_14,AHB21,-0.017641181,"1,AHB21_14,-1,AHB21_14A,-1,AHB21_14B"
AHB21_15,AHB21,-0.013736855,"1,AHB21_15,-1,AHB21_15A,-1,AHB21_15B"
AHB21_16,AHB21,-0.02506737,"1,AHB21_16,-1,AHB21_16A,-1,AHB21_16B"
AHB21_17,AHB21,-0.041816133,"1,AHB21_17,-1,AHB21_17A,-1,AHB21_17B"
AHB21_18,AHB21,-0.020398114,"1,AHB21_18,-1,AHB21_18A,-1,AHB21_18B"
AHB21_19,AHB21,-0.032907895,"1,AHB21_19,-1,AHB21_19A,-1,AHB21_19B"
AHB21_20,AHB21,-0.033513464,"1,AHB21_20,-1,AHB21_20A,-1,AHB21_20B"
AHB21_21,AHB21,-0.050039123,"1,AHB21_21,-1,AHB21_21A,-1,AHB21_21B"
AL2X6_1,AL2X6,0.061353702,"-1,AL2X6_al2h6,2,AL2X6_alh3"
AL2X6_2,AL2X6,0.082229896,"-1,AL2X6_al2f6,2,AL2X6_alf3"
AL2X6_3,AL2X6,0.051792086,"-1,AL2X6_al2cl6,2,AL2X6_alcl3"
AL2X6_4,AL2X6,0.061194341,"-1,AL2X6_al2me4,2,AL2X6_alme2"
AL2X6_5,AL2X6,0.049720402,"-1,AL2X6_al2me5,1,AL2X6_alme2,1,AL2X6_alme3"
AL2X6_6,AL2X6,0.036812221,"-1,AL2X6_al2me6,2,AL2X6_alme3"
ALK8_1,ALK8,0.13779882,"-1,ALK8_li8,4,ALK8_li2"
ALK8_2,ALK8,0.08469998,"-1,ALK8_na8,4,ALK8_na2"
ALK8_3,ALK8,0.208969114,"-1,ALK8_li4_me4,4,ALK8_li_me"
ALK8_4,ALK8,0.054995227,"-1,ALK8_li3_me,1,ALK8_li_me,1,ALK8_li2"
ALK8_5,ALK8,0.075568637,"-1,ALK8_li2_ch4,1,ALK8_li_me,1,ALK8_li_h"
ALK8_6,ALK8,0.105623983,"-1,ALK8_li5_ch,1,ALK8_li4_c,1,ALK8_li_h"
ALK8_7,ALK8,0.090118229,"-1,ALK8_li2_ch2n_2,2,ALK8_li_ch2n"
ALK8_8,ALK8,0.040318147,"-1,ALK8_na+,-1,ALK8_li_na_h2,1,ALK8_li+,1,ALK8_na2_h2"
ALKBDE10_1,ALKBDE10,0.221032686,"-1,ALKBDE10_bef,1,ALKBDE10_be,1,ALKBDE10_f"
ALKBDE10_2,ALKBDE10,0.169878042,"-1,ALKBDE10_beo,1,ALKBDE10_be,1,ALKBDE10_o"
ALKBDE10_3,ALKBDE10,0.153304574,"-1,ALKBDE10_cao,1,ALKBDE10_ca,1,ALKBDE10_o"
ALKBDE10_4,ALKBDE10,0.226450935,"-1,ALKBDE10_hf,1,ALKBDE10_h,1,ALKBDE10_f"
ALKBDE10_5,ALKBDE10,0.18724831,"-1,ALKBDE10_kf,1,ALKBDE10_k,1,ALKBDE10_f"
ALKBDE10_6,ALKBDE10,0.221829488,"-1,ALKBDE10_lif,1,ALKBDE10_li,1,ALKBDE10_f"
ALKBDE10_7,ALKBDE10,0.131472218,"-1,ALKBDE10_lio,1,ALKBDE10_li,1,ALKBDE10_o"
ALKBDE10_8,ALKBDE10,0.099122084,"-1,ALKBDE10_mgo,1,ALKBDE10_mg,1,ALKBDE10_o"
ALKBDE10_9,ALKBDE10,0.09035727,"-1,ALKBDE10_mgs,1,ALKBDE10_mg,1,ALKBDE10_s"
ALKBDE10_10,ALKBDE10,0.103902892,"-1,ALKBDE10_nao,1,ALKBDE10_na,1,ALKBDE10_o"
AlkAtom19_1,AlkAtom19,-0.6699978247,"1,11_methane_Alk44,-1,133_c_W4-11,-4,189_h_W4-11"
AlkAtom19_2,AlkAtom19,-1.136333394,"1,12_ethane_Alk44,-2,133_c_W4-11,-6,189_h_W4-11"
AlkAtom19_3,AlkAtom19,-1.606174887,"1,13_propane_Alk44,-3,133_c_W4-11,-8,189_h_W4-11"
AlkAtom19_4,AlkAtom19,-2.076239483,"1,14_butane_Alk44,-4,133_c_W4-11,-10,189_h_W4-11"
AlkAtom19_5,AlkAtom19,-2.5462244,"1,15_pentane_Alk44,-5,133_c_W4-11,-12,189_h_W4-11"
AlkAtom19_6,AlkAtom19,-3.016257124,"1,16_hexane_Alk44,-6,133_c_W4-11,-14,189_h_W4-11"
AlkAtom19_7,AlkAtom19,-3.486289849,"1,17_heptane_Alk44,-7,133_c_W4-11,-16,189_h_W4-11"
AlkAtom19_8,AlkAtom19,-3.95633851,"1,18_octane_Alk44,-8,133_c_W4-11,-18,189_h_W4-11"
AlkAtom19_9,AlkAtom19,-2.078534269,"1,19_isobutane_Alk44,-4,133_c_W4-11,-10,189_h_W4-11"
AlkAtom19_10,AlkAtom19,-2.547674577,"1,20_isopentane_Alk44,-5,133_c_W4-11,-12,189_h_W4-11"
AlkAtom19_11,AlkAtom19,-3.017659494,"1,21_isohexane_Alk44,-6,133_c_W4-11,-14,189_h_W4-11"
AlkAtom19_12,AlkAtom19,-3.487740026,"1,22_isoheptane_Alk44,-7,133_c_W4-11,-16,189_h_W4-11"
AlkAtom19_13,AlkAtom19,-3.958920144,"1,23_isooctane_Alk44,-8,133_c_W4-11,-18,189_h_W4-11"
AlkAtom19_14,AlkAtom19,-2.552120725,"1,24_neopentane_Alk44,-5,133_c_W4-11,-12,189_h_W4-11"
AlkAtom19_15,AlkAtom19,-3.020225192,"1,25_neohexane_Alk44,-6,133_c_W4-11,-14,189_h_W4-11"
AlkAtom19_16,AlkAtom19,-3.490178236,"1,26_neoheptane_Alk44,-7,133_c_W4-11,-16,189_h_W4-11"
AlkAtom19_17,AlkAtom19,-3.016607717,"1,27_3methylpentane_Alk44,-6,133_c_W4-11,-14,189_h_W4-11"
AlkAtom19_18,AlkAtom19,-3.017978214,"1,28_diisopropyl_Alk44,-6,133_c_W4-11,-14,189_h_W4-11"
AlkAtom19_19,AlkAtom19,-3.958521743,"1,29_hexamethylethane_Alk44,-8,133_c_W4-11,-18,189_h_W4-11"
AlkIsod14_1,AlkIsod14,0.003505923018,"2,12_ethane_Alk44,-1,13_propane_Alk44,-1,11_methane_Alk44"
AlkIsod14_2,AlkIsod14,0.007234950228,"3,12_ethane_Alk44,-1,14_butane_Alk44,-2,11_methane_Alk44"
AlkIsod14_3,AlkIsod14,0.01086836136,"4,12_ethane_Alk44,-1,15_pentane_Alk44,-3,11_methane_Alk44"
AlkIsod14_4,AlkIsod14,0.01454958052,"5,12_ethane_Alk44,-1,16_hexane_Alk44,-4,11_methane_Alk44"
AlkIsod14_5,AlkIsod14,0.01824673571,"6,12_ethane_Alk44,-1,17_heptane_Alk44,-5,11_methane_Alk44"
AlkIsod14_6,AlkIsod14,0.0219598269,"7,12_ethane_Alk44,-1,18_octane_Alk44,-6,11_methane_Alk44"
AlkIsod14_7,AlkIsod14,0.009529736203,"3,12_ethane_Alk44,-1,19_isobutane_Alk44,-2,11_methane_Alk44"
AlkIsod14_8,AlkIsod14,0.0123185386,"4,12_ethane_Alk44,-1,20_isopentane_Alk44,-3,11_methane_Alk44"
AlkIsod14_9,AlkIsod14,0.01595194973,"5,12_ethane_Alk44,-1,21_isohexane_Alk44,-4,11_methane_Alk44"
AlkIsod14_10,AlkIsod14,0.01969691296,"6,12_ethane_Alk44,-1,22_isoheptane_Alk44,-5,11_methane_Alk44"
AlkIsod14_11,AlkIsod14,0.02454146113,"7,12_ethane_Alk44,-1,23_isooctane_Alk44,-6,11_methane_Alk44"
AlkIsod14_12,AlkIsod14,0.01676468643,"4,12_ethane_Alk44,-1,24_neopentane_Alk44,-3,11_methane_Alk44"
AlkIsod14_13,AlkIsod14,0.01853358395,"5,12_ethane_Alk44,-1,25_neohexane_Alk44,-4,11_methane_Alk44"
AlkIsod14_14,AlkIsod14,0.02213512305,"6,12_ethane_Alk44,-1,26_neoheptane_Alk44,-5,11_methane_Alk44"
AlkIsomer11_1,AlkIsomer11,-0.002296379577,"1,19_isobutane_Alk44,-1,14_butane_Alk44"
AlkIsomer11_2,AlkIsomer11,-0.001448583647,"1,20_isopentane_Alk44,-1,15_pentane_Alk44"
AlkIsomer11_3,AlkIsomer11,-0.005888357069,"1,24_neopentane_Alk44,-1,15_pentane_Alk44"
AlkIsomer11_4,AlkIsomer11,-0.001400775606,"1,21_isohexane_Alk44,-1,16_hexane_Alk44"
AlkIsomer11_5,AlkIsomer11,-0.003974441821,"1,25_neohexane_Alk44,-1,16_hexane_Alk44"
AlkIsomer11_6,AlkIsomer11,-0.001721089482,"1,28_diisopropyl_Alk44,-1,16_hexane_Alk44"
AlkIsomer11_7,AlkIsomer11,-0.00036015391,"1,27_3methylpentane_Alk44,-1,16_hexane_Alk44"
AlkIsomer11_8,AlkIsomer11,-0.001446990046,"1,22_isoheptane_Alk44,-1,17_heptane_Alk44"
AlkIsomer11_9,AlkIsomer11,-0.003883606543,"1,26_neoheptane_Alk44,-1,17_heptane_Alk44"
AlkIsomer11_10,AlkIsomer11,-0.002178453075,"1,29_hexamethylethane_Alk44,-1,18_octane_Alk44"
AlkIsomer11_11,AlkIsomer11,-0.002583227824,"1,23_isooctane_Alk44,-1,18_octane_Alk44"
Amino20x4_1,Amino20x4,0.001862921,"-1,Amino20x4_ALA_xag,1,Amino20x4_ALA_xac"
Amino20x4_2,Amino20x4,0.004858894,"-1,Amino20x4_ALA_xag,1,Amino20x4_ALA_xak"
Amino20x4_3,Amino20x4,0.005289167,"-1,Amino20x4_ALA_xag,1,Amino20x4_ALA_xai"
Amino20x4_4,Amino20x4,0.008038132,"-1,Amino20x4_ALA_xag,1,Amino20x4_ALA_xab"
Amino20x4_5,Amino20x4,0.002511518,"-1,Amino20x4_ARG_xci,1,Amino20x4_ARG_xak"
Amino20x4_6,Amino20x4,0.004030221,"-1,Amino20x4_ARG_xci,1,Amino20x4_ARG_xbv"
Amino20x4_7,Amino20x4,0.004462087,"-1,Amino20x4_ARG_xci,1,Amino20x4_ARG_xbx"
Amino20x4_8,Amino20x4,0.010293079,"-1,Amino20x4_ARG_xci,1,Amino20x4_ARG_xby"
Amino20x4_9,Amino20x4,0.000618318,"-1,Amino20x4_ASN_xaf,1,Amino20x4_ASN_xaj"
Amino20x4_10,Amino20x4,0.006548113,"-1,Amino20x4_ASN_xaf,1,Amino20x4_ASN_xae"
Amino20x4_11,Amino20x4,0.007585549,"-1,Amino20x4_ASN_xaf,1,Amino20x4_ASN_xab"
Amino20x4_12,Amino20x4,0.010409412,"-1,Amino20x4_ASN_xaf,1,Amino20x4_ASN_xah"
Amino20x4_13,Amino20x4,0.000250196,"-1,Amino20x4_ASP_xaz,1,Amino20x4_ASP_xad"
Amino20x4_14,Amino20x4,0.003145772,"-1,Amino20x4_ASP_xaz,1,Amino20x4_ASP_xay"
Amino20x4_15,Amino20x4,0.004616667,"-1,Amino20x4_ASP_xaz,1,Amino20x4_ASP_xau"
Amino20x4_16,Amino20x4,0.004960885,"-1,Amino20x4_ASP_xaz,1,Amino20x4_ASP_xbc"
Amino20x4_17,Amino20x4,0.000441428,"-1,Amino20x4_CYS_xai,1,Amino20x4_CYS_xah"
Amino20x4_18,Amino20x4,0.001560137,"-1,Amino20x4_CYS_xai,1,Amino20x4_CYS_xag"
Amino20x4_19,Amino20x4,0.001580854,"-1,Amino20x4_CYS_xai,1,Amino20x4_CYS_xao"
Amino20x4_20,Amino20x4,0.003781619,"-1,Amino20x4_CYS_xai,1,Amino20x4_CYS_xal"
Amino20x4_21,Amino20x4,0.000675688,"-1,Amino20x4_GLN_xai,1,Amino20x4_GLN_xan"
Amino20x4_22,Amino20x4,0.005214268,"-1,Amino20x4_GLN_xai,1,Amino20x4_GLN_xat"
Amino20x4_23,Amino20x4,0.006446123,"-1,Amino20x4_GLN_xai,1,Amino20x4_GLN_xap"
Amino20x4_24,Amino20x4,0.006616638,"-1,Amino20x4_GLN_xai,1,Amino20x4_GLN_xal"
Amino20x4_25,Amino20x4,0.00212746,"-1,Amino20x4_GLU_xbi,1,Amino20x4_GLU_xav"
Amino20x4_26,Amino20x4,0.002462116,"-1,Amino20x4_GLU_xbi,1,Amino20x4_GLU_xal"
Amino20x4_27,Amino20x4,0.004683598,"-1,Amino20x4_GLU_xbi,1,Amino20x4_GLU_xar"
Amino20x4_28,Amino20x4,0.008312231,"-1,Amino20x4_GLU_xbi,1,Amino20x4_GLU_xad"
Amino20x4_29,Amino20x4,0.00173862,"-1,Amino20x4_GLY_xac,1,Amino20x4_GLY_xae"
Amino20x4_30,Amino20x4,0.004186394,"-1,Amino20x4_GLY_xac,1,Amino20x4_GLY_xad"
Amino20x4_31,Amino20x4,0.004371252,"-1,Amino20x4_GLY_xac,1,Amino20x4_GLY_xab"
Amino20x4_32,Amino20x4,0.00651146,"-1,Amino20x4_GLY_xac,1,Amino20x4_GLY_xag"
Amino20x4_33,Amino20x4,0.004412686,"-1,Amino20x4_HIS_xaq,1,Amino20x4_HIS_xam"
Amino20x4_34,Amino20x4,0.004768059,"-1,Amino20x4_HIS_xaq,1,Amino20x4_HIS_xah"
Amino20x4_35,Amino20x4,0.011661984,"-1,Amino20x4_HIS_xaq,1,Amino20x4_HIS_xau"
Amino20x4_36,Amino20x4,0.011744851,"-1,Amino20x4_HIS_xaq,1,Amino20x4_HIS_xav"
Amino20x4_37,Amino20x4,0.000298004,"-1,Amino20x4_ILE_xae,1,Amino20x4_ILE_xaj"
Amino20x4_38,Amino20x4,0.000948194,"-1,Amino20x4_ILE_xae,1,Amino20x4_ILE_xaq"
Amino20x4_39,Amino20x4,0.001534639,"-1,Amino20x4_ILE_xae,1,Amino20x4_ILE_xag"
Amino20x4_40,Amino20x4,0.001585635,"-1,Amino20x4_ILE_xae,1,Amino20x4_ILE_xak"
Amino20x4_41,Amino20x4,0.000538638,"-1,Amino20x4_LEU_xap,1,Amino20x4_LEU_xad"
Amino20x4_42,Amino20x4,0.00242865,"-1,Amino20x4_LEU_xap,1,Amino20x4_LEU_xae"
Amino20x4_43,Amino20x4,0.002686814,"-1,Amino20x4_LEU_xap,1,Amino20x4_LEU_xbb"
Amino20x4_44,Amino20x4,0.003110712,"-1,Amino20x4_LEU_xap,1,Amino20x4_LEU_xaq"
Amino20x4_45,Amino20x4,0.0000924,"-1,Amino20x4_LYS_xap,1,Amino20x4_LYS_xao"
Amino20x4_46,Amino20x4,0.000317127,"-1,Amino20x4_LYS_xap,1,Amino20x4_LYS_xan"
Amino20x4_47,Amino20x4,0.000726683,"-1,Amino20x4_LYS_xap,1,Amino20x4_LYS_xas"
Amino20x4_48,Amino20x4,0.000860545,"-1,Amino20x4_LYS_xap,1,Amino20x4_LYS_xat"
Amino20x4_49,Amino20x4,0.002890795,"-1,Amino20x4_MET_xbf,1,Amino20x4_MET_xag"
Amino20x4_50,Amino20x4,0.003918669,"-1,Amino20x4_MET_xbf,1,Amino20x4_MET_xbm"
Amino20x4_51,Amino20x4,0.003929824,"-1,Amino20x4_MET_xbf,1,Amino20x4_MET_xav"
Amino20x4_52,Amino20x4,0.004615073,"-1,Amino20x4_MET_xbf,1,Amino20x4_MET_xbo"
Amino20x4_53,Amino20x4,0.001389622,"-1,Amino20x4_PHE_xaw,1,Amino20x4_PHE_xab"
Amino20x4_54,Amino20x4,0.002739403,"-1,Amino20x4_PHE_xaw,1,Amino20x4_PHE_xar"
Amino20x4_55,Amino20x4,0.002932229,"-1,Amino20x4_PHE_xaw,1,Amino20x4_PHE_xan"
Amino20x4_56,Amino20x4,0.003010315,"-1,Amino20x4_PHE_xaw,1,Amino20x4_PHE_xal"
Amino20x4_57,Amino20x4,0.002224669,"-1,Amino20x4_PRO_xae,1,Amino20x4_PRO_xad"
Amino20x4_58,Amino20x4,0.005117058,"-1,Amino20x4_PRO_xae,1,Amino20x4_PRO_xac"
Amino20x4_59,Amino20x4,0.006672414,"-1,Amino20x4_PRO_xae,1,Amino20x4_PRO_xaf"
Amino20x4_60,Amino20x4,0.009583926,"-1,Amino20x4_PRO_xae,1,Amino20x4_PRO_xab"
Amino20x4_61,Amino20x4,0.004822242,"-1,Amino20x4_SER_xad,1,Amino20x4_SER_xah"
Amino20x4_62,Amino20x4,0.004944949,"-1,Amino20x4_SER_xad,1,Amino20x4_SER_xaf"
Amino20x4_63,Amino20x4,0.005598326,"-1,Amino20x4_SER_xad,1,Amino20x4_SER_xak"
Amino20x4_64,Amino20x4,0.00666604,"-1,Amino20x4_SER_xad,1,Amino20x4_SER_xar"
Amino20x4_65,Amino20x4,0.002133834,"-1,Amino20x4_THR_xaq,1,Amino20x4_THR_xab"
Amino20x4_66,Amino20x4,0.004908296,"-1,Amino20x4_THR_xaq,1,Amino20x4_THR_xag"
Amino20x4_67,Amino20x4,0.005587171,"-1,Amino20x4_THR_xaq,1,Amino20x4_THR_xah"
Amino20x4_68,Amino20x4,0.006731378,"-1,Amino20x4_THR_xaq,1,Amino20x4_THR_xal"
Amino20x4_69,Amino20x4,0.002060528,"-1,Amino20x4_TRP_xao,1,Amino20x4_TRP_xag"
Amino20x4_70,Amino20x4,0.004506708,"-1,Amino20x4_TRP_xao,1,Amino20x4_TRP_xah"
Amino20x4_71,Amino20x4,0.005169647,"-1,Amino20x4_TRP_xao,1,Amino20x4_TRP_xaf"
Amino20x4_72,Amino20x4,0.006465246,"-1,Amino20x4_TRP_xao,1,Amino20x4_TRP_xac"
Amino20x4_73,Amino20x4,0.000148205,"-1,Amino20x4_TYR_xag,1,Amino20x4_TYR_xar"
Amino20x4_74,Amino20x4,0.001439023,"-1,Amino20x4_TYR_xag,1,Amino20x4_TYR_xab"
Amino20x4_75,Amino20x4,0.00272028,"-1,Amino20x4_TYR_xag,1,Amino20x4_TYR_xah"
Amino20x4_76,Amino20x4,0.002823864,"-1,Amino20x4_TYR_xag,1,Amino20x4_TYR_xan"
Amino20x4_77,Amino20x4,0.001352969,"-1,Amino20x4_VAL_xad,1,Amino20x4_VAL_xaj"
Amino20x4_78,Amino20x4,0.001370498,"-1,Amino20x4_VAL_xad,1,Amino20x4_VAL_xah"
Amino20x4_79,Amino20x4,0.002159332,"-1,Amino20x4_VAL_xad,1,Amino20x4_VAL_xaf"
Amino20x4_80,Amino20x4,0.002364906,"-1,Amino20x4_VAL_xad,1,Amino20x4_VAL_xak"
BDE99_1,BDE99MR,-0.028127064,"1,W4-17_foof,-1,W4-17_f,-1,W4-17_fo2"
BDE99_2,BDE99MR,-0.073656255,"1,W4-17_foof,-2,W4-17_of"
BDE99_3,BDE99MR,-0.099870998,"1,W4-17_oclo,-1,W4-17_o,-1,W4-17_clo"
BDE99_4,BDE99MR,-0.097114068,"1,W4-17_cloo,-1,W4-17_clo,-1,W4-17_o"
BDE99_5,BDE99MR,-0.008860424,"1,W4-17_cloo,-1,W4-17_cl,-1,W4-17_o2"
BDE99_6,BDE99MR,-0.130117552,"1,W4-17_fo2,-1,W4-17_of,-1,W4-17_o"
BDE99_7,BDE99MR,-0.022151059,"1,W4-17_fo2,-1,W4-17_f,-1,W4-17_o2"
BDE99_8,BDE99MR,-0.057385585,"1,W4-17_cl2o,-1,W4-17_clo,-1,W4-17_cl"
BDE99_9,BDE99MR,-0.064859576,"1,W4-17_f2o,-1,W4-17_of,-1,W4-17_f"
BDE99_12,BDE99MR,-0.168252433,"1,W4-17_hof,-1,W4-17_h,-1,W4-17_of"
BDE99_55,BDE99MR,-0.092046415,"1,W4-17_t-hooo,-1,W4-17_hoo,-1,W4-17_o"
BDE99_56,BDE99MR,-0.008398279,"1,W4-17_t-hooo,-1,W4-17_oh,-1,W4-17_o2"
BDE99_57,BDE99MR,-0.13684255,"1,W4-17_t-hooo,-1,W4-17_h,-1,W4-17_o3"
BDE99_58,BDE99MR,-0.042389796,"1,W4-17_o3,-1,W4-17_o2,-1,W4-17_o"
BDE99_97,BDE99MR,-0.105145819,"1,W4-17_s4-c2v,-1,W4-17_s3,-1,W4-17_s"
BDE99_98,BDE99MR,-0.041194595,"1,W4-17_s4-c2v,-2,W4-17_s2"
BDE99_10,BDE99nonMR,-0.160603146,"1,W4-17_hocl,-1,W4-17_h,-1,W4-17_clo"
BDE99_11,BDE99nonMR,-0.094054353,"1,W4-17_hocl,-1,W4-17_oh,-1,W4-17_cl"
BDE99_13,BDE99nonMR,-0.081990791,"1,W4-17_hof,-1,W4-17_oh,-1,W4-17_f"
BDE99_14,BDE99nonMR,-0.119743207,"1,W4-17_no2,-1,W4-17_no,-1,W4-17_o"
BDE99_15,BDE99nonMR,-0.188204322,"1,W4-17_n2o,-1,W4-17_no,-1,W4-17_n"
BDE99_16,BDE99nonMR,-0.067504954,"1,W4-17_n2o,-1,W4-17_n2,-1,W4-17_o"
BDE99_17,BDE99nonMR,-0.135089588,"1,W4-17_t-hono,-1,W4-17_h,-1,W4-17_no2"
BDE99_18,BDE99nonMR,-0.083982792,"1,W4-17_t-hono,-1,W4-17_oh,-1,W4-17_no"
BDE99_19,BDE99nonMR,-0.18621232,"1,W4-17_hnc,-1,W4-17_h,-1,W4-17_cn"
BDE99_20,BDE99nonMR,-0.342799591,"1,W4-17_hnc,-1,W4-17_nh,-1,W4-17_c"
BDE99_21,BDE99nonMR,-0.098149908,"1,W4-17_honc,-1,W4-17_oh,-1,W4-17_cn"
BDE99_22,BDE99nonMR,-0.146467902,"1,W4-17_hnco,-1,W4-17_nh,-1,W4-17_co"
BDE99_23,BDE99nonMR,-0.203996912,"1,W4-17_hcno,-1,W4-17_ch,-1,W4-17_no"
BDE99_24,BDE99nonMR,-0.084683977,"1,W4-17_hno,-1,W4-17_h,-1,W4-17_no"
BDE99_25,BDE99nonMR,-0.195678312,"1,W4-17_hno,-1,W4-17_nh,-1,W4-17_o"
BDE99_26,BDE99nonMR,-0.156842247,"1,W4-17_methanol,-1,W4-17_ch3,-1,W4-17_oh"
BDE99_27,BDE99nonMR,-0.20884146,"1,W4-17_t-hcoh,-1,W4-17_ch,-1,W4-17_oh"
BDE99_28,BDE99nonMR,-0.068604539,"1,W4-17_t-hcoh,-1,W4-17_hco,-1,W4-17_h"
BDE99_29,BDE99nonMR,-0.18369443,"1,W4-17_formic,-1,W4-17_hco,-1,W4-17_oh"
BDE99_30,BDE99nonMR,-0.276537646,"1,W4-17_ketene,-1,W4-17_ch2c,-1,W4-17_o"
BDE99_31,BDE99nonMR,-0.132252978,"1,W4-17_ketene,-1,W4-17_ch2-trip,-1,W4-17_co"
BDE99_32,BDE99nonMR,-0.121528041,"1,W4-17_glyoxal,-2,W4-17_hco"
BDE99_33,BDE99nonMR,-0.144332476,"1,W4-17_acetaldehyde,-1,W4-17_ch3,-1,W4-17_hco"
BDE99_34,BDE99nonMR,-0.257924382,"1,W4-17_f2co,-1,W4-17_cf2,-1,W4-17_o"
BDE99_35,BDE99nonMR,-0.198116523,"1,W4-17_hcof,-1,W4-17_hco,-1,W4-17_f"
BDE99_36,BDE99nonMR,-0.151774595,"1,W4-17_h2co,-1,W4-17_hco,-1,W4-17_h"
BDE99_37,BDE99nonMR,-0.293079228,"1,W4-17_h2co,-1,W4-17_ch2-trip,-1,W4-17_o"
BDE99_38,BDE99nonMR,-0.031378011,"1,W4-17_hco,-1,W4-17_h,-1,W4-17_co"
BDE99_39,BDE99nonMR,-0.311070988,"1,W4-17_hco,-1,W4-17_ch,-1,W4-17_o"
BDE99_40,BDE99nonMR,-0.173001365,"1,W4-17_cs2,-1,W4-17_cs,-1,W4-17_s"
BDE99_41,BDE99nonMR,-0.207821555,"1,W4-17_co2,-1,W4-17_co,-1,W4-17_o"
BDE99_42,BDE99nonMR,-0.173606933,"1,W4-17_ch2nh2,-1,W4-17_ch2-trip,-1,W4-17_nh2"
BDE99_43,BDE99nonMR,-0.068253947,"1,W4-17_ch2nh2,-1,W4-17_ch2nh,-1,W4-17_h"
BDE99_44,BDE99nonMR,-0.133320691,"1,W4-17_ch3nh,-1,W4-17_ch3,-1,W4-17_nh"
BDE99_45,BDE99nonMR,-0.056078832,"1,W4-17_ch3nh,-1,W4-17_ch2nh,-1,W4-17_h"
BDE99_46,BDE99nonMR,-0.159407945,"1,W4-17_ch3nh2,-1,W4-17_ch2nh2,-1,W4-17_h"
BDE99_47,BDE99nonMR,-0.17158306,"1,W4-17_ch3nh2,-1,W4-17_ch3nh,-1,W4-17_h"
BDE99_48,BDE99nonMR,-0.164443726,"1,W4-17_ch2nh,-1,W4-17_hcnh,-1,W4-17_h"
BDE99_49,BDE99nonMR,-0.26920708,"1,W4-17_hcnh,-1,W4-17_nh,-1,W4-17_ch"
BDE99_50,BDE99nonMR,-0.036381919,"1,W4-17_hcnh,-1,W4-17_hcn,-1,W4-17_h"
BDE99_51,BDE99nonMR,-0.210466933,"1,W4-17_hcn,-1,W4-17_cn,-1,W4-17_h"
BDE99_52,BDE99nonMR,-0.365253434,"1,W4-17_hcn,-1,W4-17_ch,-1,W4-17_n"
BDE99_53,BDE99nonMR,-0.222052415,"1,W4-17_nccn,-2,W4-17_cn"
BDE99_54,BDE99nonMR,-0.15327258,"1,W4-17_h2s,-1,W4-17_hs,-1,W4-17_h"
BDE99_59,BDE99nonMR,-0.149097344,"1,W4-17_hooh,-1,W4-17_hoo,-1,W4-17_h"
BDE99_60,BDE99nonMR,-0.087122187,"1,W4-17_hooh,-2,W4-17_oh"
BDE99_61,BDE99nonMR,-0.123344746,"1,W4-17_ssh,-1,W4-17_hs,-1,W4-17_s"
BDE99_62,BDE99nonMR,-0.097018452,"1,W4-17_ssh,-1,W4-17_s2,-1,W4-17_h"
BDE99_63,BDE99nonMR,-0.108890782,"1,W4-17_hoo,-1,W4-17_oh,-1,W4-17_o"
BDE99_64,BDE99nonMR,-0.087185931,"1,W4-17_hoo,-1,W4-17_o2,-1,W4-17_h"
BDE99_65,BDE99nonMR,-0.200427245,"1,W4-17_h2o,-1,W4-17_oh,-1,W4-17_h"
BDE99_66,BDE99nonMR,-0.032190748,"1,W4-17_hnnn,-1,W4-17_n2,-1,W4-17_nh"
BDE99_67,BDE99nonMR,-0.11649226,"1,W4-17_n2h4,-2,W4-17_nh2"
BDE99_68,BDE99nonMR,-0.207710003,"1,W4-17_t-n2h2,-2,W4-17_nh"
BDE99_69,BDE99nonMR,-0.225924866,"1,W4-17_n2h,-1,W4-17_nh,-1,W4-17_n"
BDE99_70,BDE99nonMR,-0.104333082,"1,W4-17_nh2cl,-1,W4-17_nh2,-1,W4-17_cl"
BDE99_71,BDE99nonMR,-0.183949406,"1,W4-17_nh3,-1,W4-17_nh2,-1,W4-17_h"
BDE99_72,BDE99nonMR,-0.158563336,"1,W4-17_nh2,-1,W4-17_nh,-1,W4-17_h"
BDE99_73,BDE99nonMR,-0.244490322,"1,W4-17_allene,-1,W4-17_ch2c,-1,W4-17_ch2-trip"
BDE99_74,BDE99nonMR,-0.209670132,"1,W4-17_propyne,-1,W4-17_cch,-1,W4-17_ch3"
BDE99_75,BDE99nonMR,-0.171519316,"1,W4-17_propene,-1,W4-17_ch2ch,-1,W4-17_ch3"
BDE99_76,BDE99nonMR,-0.203678191,"1,W4-17_c2h3f,-1,W4-17_ch2ch,-1,W4-17_f"
BDE99_77,BDE99nonMR,-0.155121158,"1,W4-17_c2h6,-2,W4-17_ch3"
BDE99_78,BDE99nonMR,-0.291007546,"1,W4-17_c2h4,-2,W4-17_ch2-trip"
BDE99_79,BDE99nonMR,-0.137288758,"1,W4-17_ch2ch,-1,W4-17_ch2c,-1,W4-17_h"
BDE99_80,BDE99nonMR,-0.064636472,"1,W4-17_ch2ch,-1,W4-17_c2h2,-1,W4-17_h"
BDE99_81,BDE99nonMR,-0.269621416,"1,W4-17_ch2c,-1,W4-17_ch2-trip,-1,W4-17_c"
BDE99_82,BDE99nonMR,-0.210849397,"1,W4-17_hccf,-1,W4-17_cch,-1,W4-17_f"
BDE99_83,BDE99nonMR,-0.289286457,"1,W4-17_hccf,-1,W4-17_ch,-1,W4-17_cf"
BDE99_84,BDE99nonMR,-0.222084287,"1,W4-17_c2h2,-1,W4-17_cch,-1,W4-17_h"
BDE99_85,BDE99nonMR,-0.377811013,"1,W4-17_c2h2,-2,W4-17_ch"
BDE99_86,BDE99nonMR,-0.183407582,"1,W4-17_ch3f,-1,W4-17_ch3,-1,W4-17_f"
BDE99_87,BDE99nonMR,-0.179359834,"1,W4-17_ch4,-1,W4-17_ch3,-1,W4-17_h"
BDE99_88,BDE99nonMR,-0.186658529,"1,W4-17_ch3,-1,W4-17_ch2-trip,-1,W4-17_h"
BDE99_89,BDE99nonMR,-0.169750418,"1,W4-17_ch2-trip,-1,W4-17_ch,-1,W4-17_h"
BDE99_90,BDE99nonMR,-0.200889389,"1,W4-17_cf2,-1,W4-17_cf,-1,W4-17_f"
BDE99_91,BDE99nonMR,-0.165893903,"1,W4-17_clcn,-1,W4-17_cn,-1,W4-17_cl"
BDE99_92,BDE99nonMR,-0.070835581,"1,W4-17_b2h6,-2,W4-17_bh3"
BDE99_93,BDE99nonMR,-0.166579151,"1,W4-17_s2o,-1,W4-17_s2,-1,W4-17_o"
BDE99_94,BDE99nonMR,-0.131185265,"1,W4-17_s2o,-1,W4-17_s,-1,W4-17_so"
BDE99_95,BDE99nonMR,-0.13755967,"1,W4-17_so3,-1,W4-17_so2,-1,W4-17_o"
BDE99_96,BDE99nonMR,-0.21379756,"1,W4-17_so2,-1,W4-17_so,-1,W4-17_o"
BDE99_99,BDE99nonMR,-0.08826958,"1,W4-17_p4,-2,W4-17_p2"
BH28_BHDIV_1,BH28,0.090763677,"1,BH28_BHDIV_1_ts,-1,BH28_BHDIV_1_min"
BH28_BHDIV_2,BH28,0.079832424,"1,BH28_BHDIV_2_ts,-1,BH28_BHDIV_2_min"
BH28_BHDIV_3,BH28,0.104475352,"1,BH28_BHDIV_3_ts,-1,BH28_BHDIV_3_min"
BH28_BHPERI_4,BH28,0.055798903,"1,BH28_BHPERI_1_ts,-1,BH28_BHPERI_1_min"
BH28_BHPERI_5,BH28,0.049400121,"1,BH28_BHPERI_2_ts,-1,BH28_BHPERI_2_min"
BH28_BHPERI_6,BH28,0.063530765,"1,BH28_BHPERI_3_ts,-1,BH28_BHPERI_3_min"
BH28_BHPERI_7,BH28,0.045400882,"1,BH28_BHPERI_4_ts,-1,BH28_BHPERI_4_min"
BH28_BHPERI_8,BH28,0.059150646,"1,BH28_BHPERI_5_ts,-1,BH28_BHPERI_5_min"
BH28_BHPERI_9,BH28,0.035764621,"1,BH28_BHPERI_6_ts,-1,BH28_BHPERI_6_min,-1,BH28_CADBH_c2h4"
BH28_CADBH_10,BH28,0.043915451,"1,BH28_CADBH_1_ts,-1,BH28_CADBH_1_min,-1,BH28_CADBH_c2h4"
BH28_CADBH_11,BH28,0.032031998,"1,BH28_CADBH_2_ts,-1,BH28_CADBH_2_min,-1,BH28_CADBH_c2h4"
BH28_CADBH_12,BH28,0.022129121,"1,BH28_CADBH_3_ts,-1,BH28_CADBH_3_min,-1,BH28_CADBH_c2h4"
BH28_CADBH_13,BH28,0.01854885,"1,BH28_CADBH_4_ts,-1,BH28_CADBH_4_min,-1,BH28_CADBH_c2h4"
BH28_CADBH_14,BH28,0.010626549,"1,BH28_CADBH_5_ts,-1,BH28_CADBH_5_min,-1,BH28_CADBH_c2h4"
BH28_CADBH_15,BH28,0.007884214,"1,BH28_CADBH_6_ts,-1,BH28_CADBH_6_min,-1,BH28_CADBH_c2h4"
BH28_CADBH_16,BH28,0.021138834,"1,BH28_CADBH_7_ts,-1,BH28_CADBH_7_min,-1,BH28_CADBH_c2h4"
BH28_CADBH_17,BH28,0.009902877,"1,BH28_CADBH_8_ts,-1,BH28_CADBH_8_min,-1,BH28_CADBH_c2h4"
BH28_CADBH_18,BH28,0.00114264,"1,BH28_CADBH_9_ts,-1,BH28_CADBH_9_min,-1,BH28_CADBH_c2h4"
BH28_CRBH_19,BH28,0.073547906,"1,BH28_CRBH_1_ts,-1,BH28_CRBH_1_min"
BH28_CRBH_20,BH28,0.079489632,"1,BH28_CRBH_2_ts,-1,BH28_CRBH_2_min"
BH28_CRBH_21,BH28,0.068444115,"1,BH28_CRBH_3_ts,-1,BH28_CRBH_3_min"
BH28_CRBH_22,BH28,0.071529242,"1,BH28_CRBH_4_ts,-1,BH28_CRBH_4_min"
BH28_CRBH_23,BH28,0.081089327,"1,BH28_CRBH_5_ts,-1,BH28_CRBH_5_min"
BH28_CRBH_24,BH28,0.068063235,"1,BH28_CRBH_6_ts,-1,BH28_CRBH_6_min"
BH28_PXBH_25,BH28,0.077204353,"1,BH28_PXBH_1_ts,-1,BH28_PXBH_1_min"
BH28_PXBH_26,BH28,0.042506195,"1,BH28_PXBH_2_ts,-1,BH28_PXBH_2_min"
BH28_PXBH_27,BH28,0.023043233,"1,BH28_PXBH_3_ts,-1,BH28_PXBH_3_min"
BH28_PXBH_28,BH28,0.022928969,"1,BH28_PXBH_4_ts,-1,BH28_PXBH_4_min"
BH76_3,BH46,0.067090671,"-1,BH76_H,-1,BH76_HF,1,BH76_hfhts"
BH76_7,BH46,0.048604881,"-1,BH76_H,-1,BH76_ch3f,1,BH76_hfch3ts"
BH76_8,BH46,0.09067599,"-1,BH76_HF,-1,BH76_CH3,1,BH76_hfch3ts"
BH76_9,BH46,0.002390404,"-1,BH76_H,-1,BH76_f2,1,BH76_hf2ts"
BH76_10,BH46,0.167009557,"-1,BH76_HF,-1,BH76_F,1,BH76_hf2ts"
BH76_13,BH46,-0.000956162,"-1,BH76_f-,-1,BH76_ch3f,1,BH76_fch3fts"
BH76_15,BH46,0.021354275,"-1,BH76_fch3fcomp,1,BH76_fch3fts"
BH76_17,BH46,0.003984007,"-1,BH76_cl-,-1,BH76_ch3cl,1,BH76_clch3clts"
BH76_21,BH46,-0.019601312,"-1,BH76_f-,-1,BH76_ch3cl,1,BH76_fch3clts"
BH76_22,BH46,0.031553332,"-1,BH76_cl-,-1,BH76_ch3f,1,BH76_fch3clts"
BH76_27,BH46,0.017529629,"-1,BH76_hoch3fcomp2,1,BH76_hoch3fts"
BH76_28,BH46,0.076014846,"-1,BH76_hoch3fcomp1,1,BH76_hoch3fts"
BH76_31,BH46,0.005099528,"-1,BH76_H,-1,BH76_co,1,BH76_hcots"
BH76_32,BH46,0.03633414,"-1,BH76_hco,1,BH76_hcots"
BH76_35,BH46,0.010199057,"-1,BH76_CH3,-1,BH76_c2h4,1,BH76_c3h7ts"
BH76_36,BH46,0.052588887,"-1,BH76_c3h7,1,BH76_c3h7ts"
BH76_39,BH46,0.009720976,"-1,BH76_H,-1,BH76_HCl,1,BH76_RKT01"
BH76_40,BH46,0.012748821,"-1,BH76_H2,-1,BH76_Cl,1,BH76_RKT01"
BH76_41,BH46,0.008286734,"-1,BH76_OH,-1,BH76_H2,1,BH76_RKT02"
BH76_42,BH46,0.034421817,"-1,BH76_H2O,-1,BH76_H,1,BH76_RKT02"
BH76_43,BH46,0.018963871,"-1,BH76_CH3,-1,BH76_H2,1,BH76_RKT03"
BH76_44,BH46,0.02390404,"-1,BH76_CH4,-1,BH76_H,1,BH76_RKT03"
BH76_47,BH46,0.015457946,"-1,BH76_H,-1,BH76_H2,1,BH76_RKT06"
BH76_49,BH46,0.005418249,"-1,BH76_OH,-1,BH76_NH3,1,BH76_RKT07"
BH76_50,BH46,0.021832356,"-1,BH76_H2O,-1,BH76_NH2,1,BH76_RKT07"
BH76_51,BH46,0.002868485,"-1,BH76_HCl,-1,BH76_CH3,1,BH76_RKT08"
BH76_52,BH46,0.010836498,"-1,BH76_Cl,-1,BH76_CH4,1,BH76_RKT08"
BH76_53,BH46,0.005577609,"-1,BH76_OH,-1,BH76_C2H6,1,BH76_RKT09"
BH76_54,BH46,0.032509494,"-1,BH76_H2O,-1,BH76_C2H5,1,BH76_RKT09"
BH76_55,BH46,0.002549764,"-1,BH76_F,-1,BH76_H2,1,BH76_RKT10"
BH76_56,BH46,0.053863769,"-1,BH76_HF,-1,BH76_H,1,BH76_RKT10"
BH76_57,BH46,0.022947878,"-1,BH76_O,-1,BH76_CH4,1,BH76_RKT11"
BH76_58,BH46,0.014183064,"-1,BH76_OH,-1,BH76_CH3,1,BH76_RKT11"
BH76_59,BH46,0.004621448,"-1,BH76_H,-1,BH76_PH3,1,BH76_RKT12"
BH76_60,BH46,0.039361985,"-1,BH76_H2,-1,BH76_PH2,1,BH76_RKT12"
BH76_65,BH46,0.016573467,"-1,BH76_O,-1,BH76_HCl,1,BH76_RKT17"
BH76_66,BH46,0.015776666,"-1,BH76_OH,-1,BH76_Cl,1,BH76_RKT17"
BH76_67,BH46,0.014183064,"-1,BH76_NH2,-1,BH76_CH3,1,BH76_RKT18"
BH76_68,BH46,0.035059258,"-1,BH76_NH,-1,BH76_CH4,1,BH76_RKT18"
BH76_69,BH46,0.015617306,"-1,BH76_NH2,-1,BH76_C2H5,1,BH76_RKT19"
BH76_70,BH46,0.030915891,"-1,BH76_NH,-1,BH76_C2H6,1,BH76_RKT19"
BH76_71,BH46,0.01800771,"-1,BH76_C2H6,-1,BH76_NH2,1,BH76_RKT20"
BH76_72,BH46,0.028366127,"-1,BH76_C2H5,-1,BH76_NH3,1,BH76_RKT20"
BH76_73,BH46,0.022151077,"-1,BH76_NH2,-1,BH76_CH4,1,BH76_RKT21"
BH76_74,BH46,0.026931885,"-1,BH76_NH3,-1,BH76_CH3,1,BH76_RKT21"
BH76_75,BH46,0.063266025,"-1,BH76_C5H8,1,BH76_RKT22"
BH76RC_1,BH76RC,-0.103440747,"-1,BH76_H,-1,BH76_n2o,1,BH76_OH,1,BH76_n2"
BH76RC_2,BH76RC,-0.041943622,"-1,BH76_H,-1,BH76_ch3f,1,BH76_HF,1,BH76_CH3"
BH76RC_3,BH76RC,-0.164587281,"-1,BH76_H,-1,BH76_f2,1,BH76_HF,1,BH76_F"
BH76RC_4,BH76RC,-0.083887243,"-1,BH76_CH3,-1,BH76_clf,1,BH76_ch3f,1,BH76_Cl"
BH76RC_5,BH76RC,-0.051250261,"-1,BH76_f-,-1,BH76_ch3cl,1,BH76_cl-,1,BH76_ch3f"
BH76RC_6,BH76RC,-0.041624901,"-1,BH76_fch3clcomp1,1,BH76_fch3clcomp2"
BH76RC_7,BH76RC,-0.032382006,"-1,BH76_oh-,-1,BH76_ch3f,1,BH76_CH3OH,1,BH76_f-"
BH76RC_8,BH76RC,-0.058501153,"-1,BH76_hoch3fcomp2,1,BH76_hoch3fcomp1"
BH76RC_9,BH76RC,0.005880394,"-1,BH76_H,-1,BH76_n2,1,BH76_hn2"
BH76RC_10,BH76RC,-0.031154932,"-1,BH76_H,-1,BH76_co,1,BH76_hco"
BH76RC_11,BH76RC,-0.063775978,"-1,BH76_H,-1,BH76_c2h4,1,BH76_C2H5"
BH76RC_12,BH76RC,-0.042326086,"-1,BH76_CH3,-1,BH76_c2h4,1,BH76_c3h7"
BH76RC_13,BH76RC,-0.023999656,"-1,BH76_hnc,1,BH76_hcn"
BH76RC_14,BH76RC,-0.003027845,"-1,BH76_H,-1,BH76_HCl,1,BH76_H2,1,BH76_Cl"
BH76RC_15,BH76RC,-0.026119147,"-1,BH76_OH,-1,BH76_H2,1,BH76_H2O,1,BH76_H"
BH76RC_16,BH76RC,-0.004956104,"-1,BH76_CH3,-1,BH76_H2,1,BH76_CH4,1,BH76_H"
BH76RC_17,BH76RC,-0.021163043,"-1,BH76_OH,-1,BH76_CH4,1,BH76_H2O,1,BH76_CH3"
BH76RC_18,BH76RC,-0.016445979,"-1,BH76_OH,-1,BH76_NH3,1,BH76_H2O,1,BH76_NH2"
BH76RC_19,BH76RC,-0.007983949,"-1,BH76_HCl,-1,BH76_CH3,1,BH76_Cl,1,BH76_CH4"
BH76RC_20,BH76RC,-0.026836268,"-1,BH76_OH,-1,BH76_C2H6,1,BH76_H2O,1,BH76_C2H5"
BH76RC_21,BH76RC,-0.051345877,"-1,BH76_F,-1,BH76_H2,1,BH76_HF,1,BH76_H"
BH76RC_22,BH76RC,0.008669198,"-1,BH76_O,-1,BH76_CH4,1,BH76_OH,1,BH76_CH3"
BH76RC_23,BH76RC,-0.034644921,"-1,BH76_H,-1,BH76_PH3,1,BH76_H2,1,BH76_PH2"
BH76RC_24,BH76RC,-0.003697158,"-1,BH76_H,-1,BH76_OH,1,BH76_H2,1,BH76_O"
BH76RC_25,BH76RC,-0.021131171,"-1,BH76_H,-1,BH76_H2S,1,BH76_H2,1,BH76_HS"
BH76RC_26,BH76RC,0.000669313,"-1,BH76_O,-1,BH76_HCl,1,BH76_OH,1,BH76_Cl"
BH76RC_27,BH76RC,-0.020908067,"-1,BH76_NH2,-1,BH76_CH3,1,BH76_NH,1,BH76_CH4"
BH76RC_28,BH76RC,-0.015234841,"-1,BH76_NH2,-1,BH76_C2H5,1,BH76_NH,1,BH76_C2H6"
BH76RC_29,BH76RC,-0.010390289,"-1,BH76_C2H6,-1,BH76_NH2,1,BH76_C2H5,1,BH76_NH3"
BH76RC_30,BH76RC,-0.004717064,"-1,BH76_NH2,-1,BH76_CH4,1,BH76_NH3,1,BH76_CH3"
BH9_1,BH876,0.018708881,"1,BH9_01_1TS,-1,BH9_01_1R"
BH9_2,BH876,0.01435834895,"1,BH9_01_1TS,-1,BH9_01_1P"
BH9_3,BH876,0.061369591,"1,BH9_01_2TS,-1,BH9_01_2R"
BH9_4,BH876,0.01045402543,"1,BH9_01_2TS,-1,BH9_01_2P"
BH9_5,BH876,0.027250585,"1,BH9_01_3TS,-1,BH9_01_3R"
BH9_6,BH876,0.02419086982,"1,BH9_01_3TS,-1,BH9_01_3P"
BH9_7,BH876,0.01721089553,"1,BH9_01_4TS,-1,BH9_01_4R"
BH9_8,BH876,0.032732574,"1,BH9_01_4TS,-1,BH9_01_4P"
BH9_9,BH876,0.01364122831,"1,BH9_01_5TS,-1,BH9_01_5R"
BH9_10,BH876,0.01727463958,"1,BH9_01_5TS,-1,BH9_01_5P"
BH9_11,BH876,0.01102772195,"1,BH9_01_6TS,-1,BH9_01_6R"
BH9_12,BH876,0.042469478,"1,BH9_01_6TS,-1,BH9_01_6P"
BH9_13,BH876,0.01265319541,"1,BH9_01_7TS,-1,BH9_01_7R"
BH9_14,BH876,0.039154787,"1,BH9_01_7TS,-1,BH9_01_7P"
BH9_15,BH876,0.021784532,"1,BH9_01_8TS,-1,BH9_01_8R"
BH9_16,BH876,0.032589149,"1,BH9_01_8TS,-1,BH9_01_8P"
BH9_17,BH876,-0.001258945,"1,BH9_01_9TS,-1,BH9_01_9R1,-1,BH9_01_9R2"
BH9_18,BH876,0.025162967,"1,BH9_01_9TS,-1,BH9_01_9P"
BH9_19,BH876,0.01217511498,"1,BH9_01_10TS,-1,BH9_01_10R"
BH9_20,BH876,0.05024625333,"1,BH9_01_10TS,-1,BH9_01_10P"
BH9_21,BH876,0.01733838364,"1,BH9_01_11TS,-1,BH9_01_11R"
BH9_22,BH876,0.01322689193,"1,BH9_01_11TS,-1,BH9_01_11P"
BH9_23,BH876,0.005370437,"1,BH9_01_12TS,-1,BH9_01_12R"
BH9_24,BH876,0.058214261,"1,BH9_01_12TS,-1,BH9_01_12P"
BH9_25,BH876,0.023633109,"1,BH9_01_13TS,-1,BH9_01_13R"
BH9_26,BH876,0.03289193367,"1,BH9_01_13TS,-1,BH9_01_13P"
BH9_27,BH876,0.01268506744,"1,BH9_01_14TS,-1,BH9_01_14R"
BH9_28,BH876,0.038166754,"1,BH9_01_14TS,-1,BH9_01_14P"
BH9_29,BH876,0.014900173,"1,BH9_01_15TS,-1,BH9_01_15R"
BH9_30,BH876,0.018677009,"1,BH9_01_15TS,-1,BH9_01_15P"
BH9_31,BH876,0.0271549685,"1,BH9_01_16TS,-1,BH9_01_16R"
BH9_32,BH876,0.024222742,"1,BH9_01_16TS,-1,BH9_01_16P"
BH9_33,BH876,0.02702748038,"1,BH9_01_17TS,-1,BH9_01_17R"
BH9_34,BH876,0.006167238,"1,BH9_01_17TS,-1,BH9_01_17P"
BH9_35,BH876,0.01236634716,"1,BH9_01_18TS,-1,BH9_01_18R"
BH9_36,BH876,0.031840157,"1,BH9_01_18TS,-1,BH9_01_18P"
BH9_37,BH876,0.006772806,"1,BH9_01_19TS,-1,BH9_01_19R"
BH9_38,BH876,0.057560884,"1,BH9_01_19TS,-1,BH9_01_19P"
BH9_39,BH876,0.009211016,"1,BH9_01_20TS,-1,BH9_01_20R"
BH9_40,BH876,0.049210412,"1,BH9_01_20TS,-1,BH9_01_20P"
BH9_41,BH876,0.00863732,"1,BH9_01_21TS,-1,BH9_01_21R"
BH9_42,BH876,0.041385829,"1,BH9_01_21TS,-1,BH9_01_21P"
BH9_43,BH876,0.026103192,"1,BH9_01_22TS,-1,BH9_01_22R"
BH9_44,BH876,0.01475674931,"1,BH9_01_22TS,-1,BH9_01_22P"
BH9_45,BH876,0.020653075,"1,BH9_01_23TS,-1,BH9_01_23R"
BH9_46,BH876,0.015346382,"1,BH9_01_23TS,-1,BH9_01_23P"
BH9_47,BH876,0.01133050622,"1,BH9_01_24TS,-1,BH9_01_24R"
BH9_48,BH876,0.03974442,"1,BH9_01_24TS,-1,BH9_01_24P"
BH9_49,BH876,0.01075681,"1,BH9_01_25TS,-1,BH9_01_25R"
BH9_50,BH876,0.03354531,"1,BH9_01_25TS,-1,BH9_01_25P"
BH9_51,BH876,0.02989596297,"1,BH9_01_26TS,-1,BH9_01_26R"
BH9_52,BH876,0.003824643,"1,BH9_01_26TS,-1,BH9_01_26P"
BH9_53,BH876,0.01558542206,"1,BH9_01_27TS,-1,BH9_01_27R"
BH9_54,BH876,0.03000751507,"1,BH9_01_27TS,-1,BH9_01_27P"
BH9_55,BH876,0.035792288,"1,BH9_01_28TS,-1,BH9_01_28R"
BH9_56,BH876,0.01536231786,"1,BH9_01_28TS,-1,BH9_01_28P"
BH9_57,BH876,0.01262132339,"1,BH9_01_29TS,-1,BH9_01_29R"
BH9_58,BH876,0.028812314,"1,BH9_01_29TS,-1,BH9_01_29P"
BH9_59,BH876,0.02277256454,"1,BH9_01_30TS,-1,BH9_01_30R"
BH9_60,BH876,0.009609417,"1,BH9_01_30TS,-1,BH9_01_30P"
BH9_61,BH876,0.038533283,"1,BH9_01_31TS,-1,BH9_01_31R"
BH9_62,BH876,0.01217511498,"1,BH9_01_31TS,-1,BH9_01_31P"
BH9_63,BH876,0.01827860849,"1,BH9_01_32TS,-1,BH9_01_32R"
BH9_64,BH876,0.01681249517,"1,BH9_01_32TS,-1,BH9_01_32P"
BH9_65,BH876,0.031983581,"1,BH9_01_33TS,-1,BH9_01_33R"
BH9_66,BH876,0.004828612,"1,BH9_01_33TS,-1,BH9_01_33P"
BH9_67,BH876,0.02074869072,"1,BH9_01_34TS,-1,BH9_01_34R"
BH9_68,BH876,0.01287629962,"1,BH9_01_34TS,-1,BH9_01_34P"
BH9_69,BH876,0.01542606192,"1,BH9_01_35TS,-1,BH9_01_35R"
BH9_70,BH876,0.04430212,"1,BH9_01_35TS,-1,BH9_01_35P"
BH9_71,BH876,0.01246196324,"1,BH9_01_36TS,-1,BH9_01_36R"
BH9_72,BH876,0.02946569058,"1,BH9_01_36TS,-1,BH9_01_36P"
BH9_73,BH876,0.009800649,"1,BH9_01_37TS,-1,BH9_01_37R"
BH9_74,BH876,0.050851822,"1,BH9_01_37TS,-1,BH9_01_37P"
BH9_75,BH876,0.01002375304,"1,BH9_01_38TS,-1,BH9_01_38R"
BH9_76,BH876,0.04929009247,"1,BH9_01_38TS,-1,BH9_01_38P"
BH9_77,BH876,0.008446088,"1,BH9_01_39TS,-1,BH9_01_39R"
BH9_78,BH876,0.04374435946,"1,BH9_01_39TS,-1,BH9_01_39P"
BH9_79,BH876,0.009099464,"1,BH9_01_40TS,-1,BH9_01_40R"
BH9_80,BH876,0.03958506,"1,BH9_01_40TS,-1,BH9_01_40P"
BH9_81,BH876,0.0120794989,"1,BH9_01_41TS,-1,BH9_01_41R"
BH9_82,BH876,0.03322659,"1,BH9_01_41TS,-1,BH9_01_41P"
BH9_83,BH876,0.021210835,"1,BH9_01_42TS,-1,BH9_01_42R"
BH9_84,BH876,0.021545491,"1,BH9_01_42TS,-1,BH9_01_42P"
BH9_85,BH876,0.008685128,"1,BH9_01_43TS,-1,BH9_01_43R"
BH9_86,BH876,0.040732453,"1,BH9_01_43TS,-1,BH9_01_43P"
BH9_87,BH876,0.009720969,"1,BH9_01_44TS,-1,BH9_01_44R"
BH9_88,BH876,0.035393888,"1,BH9_01_44TS,-1,BH9_01_44P"
BH9_89,BH876,0.01700372734,"1,BH9_01_45TS,-1,BH9_01_45R"
BH9_90,BH876,0.050644654,"1,BH9_01_45TS,-1,BH9_01_45P"
BH9_91,BH876,0.00001593601438,"1,BH9_01_46TS,-1,BH9_01_46R1,-1,BH9_01_46R2"
BH9_92,BH876,0.03142582035,"1,BH9_01_46TS,-1,BH9_01_46P"
BH9_93,BH876,0.011904203,"1,BH9_01_47TS,-1,BH9_01_47R"
BH9_94,BH876,0.033959647,"1,BH9_01_47TS,-1,BH9_01_47P"
BH9_95,BH876,0.000589633,"1,BH9_01_48TS,-1,BH9_01_48R1,-1,BH9_01_48R2"
BH9_96,BH876,0.035792288,"1,BH9_01_48TS,-1,BH9_01_48P"
BH9_97,BH876,0.01290817164,"1,BH9_02_1TS,-1,BH9_02_1R1,-1,BH9_02_1R2"
BH9_98,BH876,0.069751935,"1,BH9_02_1TS,-1,BH9_02_1P"
BH9_99,BH876,0.01410337272,"1,BH9_02_2TS,-1,BH9_02_2R1,-1,BH9_02_2R2"
BH9_100,BH876,0.069305727,"1,BH9_02_2TS,-1,BH9_02_2P"
BH9_101,BH876,0.01824673646,"1,BH9_02_3TS,-1,BH9_02_3R1,-1,BH9_02_3R2"
BH9_102,BH876,0.076221957,"1,BH9_02_3TS,-1,BH9_02_3P"
BH9_103,BH876,0.016175055,"1,BH9_02_4TS,-1,BH9_02_4R1,-1,BH9_02_4R2"
BH9_104,BH876,0.074994884,"1,BH9_02_4TS,-1,BH9_02_4P"
BH9_105,BH876,0.04234199,"1,BH9_02_5TS,-1,BH9_02_5R"
BH9_106,BH876,0.1493523267,"1,BH9_02_5TS,-1,BH9_02_5P"
BH9_107,BH876,0.04266071,"1,BH9_02_6TS,-1,BH9_02_6R"
BH9_108,BH876,0.098882969,"1,BH9_02_6TS,-1,BH9_02_6P"
BH9_109,BH876,0.03038997942,"1,BH9_02_7TS,-1,BH9_02_7R"
BH9_110,BH876,0.062787897,"1,BH9_02_7TS,-1,BH9_02_7P"
BH9_111,BH876,0.01944193754,"1,BH9_02_8TS,-1,BH9_02_8R"
BH9_112,BH876,0.05859672486,"1,BH9_02_8TS,-1,BH9_02_8P"
BH9_113,BH876,0.028413914,"1,BH9_02_9TS,-1,BH9_02_9R"
BH9_114,BH876,0.076253829,"1,BH9_02_9TS,-1,BH9_02_9P"
BH9_115,BH876,0.031473628,"1,BH9_02_10TS,-1,BH9_02_10R"
BH9_116,BH876,0.081146185,"1,BH9_02_10TS,-1,BH9_02_10P"
BH9_117,BH876,0.036780321,"1,BH9_02_11TS,-1,BH9_02_11R"
BH9_118,BH876,0.072827586,"1,BH9_02_11TS,-1,BH9_02_11P"
BH9_119,BH876,0.03905917124,"1,BH9_02_12TS,-1,BH9_02_12R"
BH9_120,BH876,0.071504897,"1,BH9_02_12TS,-1,BH9_02_12P"
BH9_121,BH876,0.0396806758,"1,BH9_02_13TS,-1,BH9_02_13R"
BH9_122,BH876,0.0970822,"1,BH9_02_13TS,-1,BH9_02_13P"
BH9_123,BH876,0.03501142359,"1,BH9_02_14TS,-1,BH9_02_14R"
BH9_124,BH876,0.096381015,"1,BH9_02_14TS,-1,BH9_02_14P"
BH9_125,BH876,0.04030218036,"1,BH9_02_15TS,-1,BH9_02_15R"
BH9_126,BH876,0.096699735,"1,BH9_02_15TS,-1,BH9_02_15P"
BH9_127,BH876,0.03733808168,"1,BH9_02_16TS,-1,BH9_02_16R"
BH9_128,BH876,0.084970829,"1,BH9_02_16TS,-1,BH9_02_16P"
BH9_129,BH876,0.02433429395,"1,BH9_02_17TS,-1,BH9_02_17R"
BH9_130,BH876,0.094755541,"1,BH9_02_17TS,-1,BH9_02_17P"
BH9_131,BH876,0.031648925,"1,BH9_02_18TS,-1,BH9_02_18R"
BH9_132,BH876,0.1121895412,"1,BH9_02_18TS,-1,BH9_02_18P"
BH9_133,BH876,0.03512297569,"1,BH9_02_19TS,-1,BH9_02_19R"
BH9_134,BH876,0.094548373,"1,BH9_02_19TS,-1,BH9_02_19P"
BH9_135,BH876,0.030437787,"1,BH9_02_20TS,-1,BH9_02_20R"
BH9_136,BH876,0.090659986,"1,BH9_02_20TS,-1,BH9_02_20P"
BH9_137,BH876,0.01976065783,"1,BH9_02_21TS,-1,BH9_02_21R"
BH9_138,BH876,0.099026393,"1,BH9_02_21TS,-1,BH9_02_21P"
BH9_139,BH876,0.01407150069,"1,BH9_02_22TS,-1,BH9_02_22R"
BH9_140,BH876,0.109719459,"1,BH9_02_22TS,-1,BH9_02_22P"
BH9_141,BH876,0.039537252,"1,BH9_02_23TS,-1,BH9_02_23R"
BH9_142,BH876,0.090867154,"1,BH9_02_23TS,-1,BH9_02_23P"
BH9_143,BH876,0.04242167,"1,BH9_02_24TS,-1,BH9_02_24R"
BH9_144,BH876,0.1178468263,"1,BH9_02_24TS,-1,BH9_02_24P"
BH9_145,BH876,0.037529314,"1,BH9_02_25TS,-1,BH9_02_25R"
BH9_146,BH876,0.08688315,"1,BH9_02_25TS,-1,BH9_02_25P"
BH9_147,BH876,0.04434992801,"1,BH9_02_26TS,-1,BH9_02_26R"
BH9_148,BH876,0.076158213,"1,BH9_02_26TS,-1,BH9_02_26P"
BH9_149,BH876,0.04717060255,"1,BH9_02_27TS,-1,BH9_02_27R"
BH9_150,BH876,0.080030664,"1,BH9_02_27TS,-1,BH9_02_27P"
BH9_151,BH876,0.034565215,"1,BH9_02_28TS,-1,BH9_02_28R"
BH9_152,BH876,0.061066807,"1,BH9_02_28TS,-1,BH9_02_28P"
BH9_153,BH876,0.002629442,"1,BH9_02_29TS,-1,BH9_02_29R1,-1,BH9_02_29R2"
BH9_154,BH876,0.056684403,"1,BH9_02_29TS,-1,BH9_02_29P"
BH9_155,BH876,0.01271693947,"1,BH9_02_30TS,-1,BH9_02_30R1,-1,BH9_02_30R2"
BH9_156,BH876,0.087679951,"1,BH9_02_30TS,-1,BH9_02_30P"
BH9_157,BH876,0.02409525374,"1,BH9_02_31TS,-1,BH9_02_31R1,-1,BH9_02_31R2"
BH9_158,BH876,0.058453301,"1,BH9_02_31TS,-1,BH9_02_31P"
BH9_159,BH876,0.0105337055,"1,BH9_02_32TS,-1,BH9_02_32R1,-1,BH9_02_32R2"
BH9_160,BH876,0.087313423,"1,BH9_02_32TS,-1,BH9_02_32P"
BH9_161,BH876,0.018517649,"1,BH9_02_33TS,-1,BH9_02_33R"
BH9_162,BH876,0.084859277,"1,BH9_02_33TS,-1,BH9_02_33P"
BH9_163,BH876,0.029131034,"1,BH9_02_34TS,-1,BH9_02_34R"
BH9_164,BH876,0.048572972,"1,BH9_02_34TS,-1,BH9_02_34P"
BH9_165,BH876,0.026342232,"1,BH9_02_35TS,-1,BH9_02_35R"
BH9_166,BH876,0.047505259,"1,BH9_02_35TS,-1,BH9_02_35P"
BH9_167,BH876,0.02468488627,"1,BH9_02_36TS,-1,BH9_02_36R"
BH9_168,BH876,0.053624688,"1,BH9_02_36TS,-1,BH9_02_36P"
BH9_169,BH876,0.027091224,"1,BH9_02_37TS,-1,BH9_02_37R"
BH9_170,BH876,0.054867697,"1,BH9_02_37TS,-1,BH9_02_37P"
BH9_171,BH876,0.03622256068,"1,BH9_02_38TS,-1,BH9_02_38R"
BH9_172,BH876,0.05751307588,"1,BH9_02_38TS,-1,BH9_02_38P"
BH9_173,BH876,0.059632566,"1,BH9_02_39TS,-1,BH9_02_39R"
BH9_174,BH876,0.062660409,"1,BH9_02_39TS,-1,BH9_02_39P"
BH9_175,BH876,0.0227247565,"1,BH9_02_40TS,-1,BH9_02_40R1,-1,BH9_02_40R2"
BH9_176,BH876,0.044254312,"1,BH9_02_40TS,-1,BH9_02_40P"
BH9_177,BH876,0.04471645634,"1,BH9_02_41TS,-1,BH9_02_41R1,-1,BH9_02_41R2"
BH9_178,BH876,0.050644654,"1,BH9_02_41TS,-1,BH9_02_41P"
BH9_179,BH876,0.01367310034,"1,BH9_02_42TS,-1,BH9_02_42R1,-1,BH9_02_42R2"
BH9_180,BH876,0.076078533,"1,BH9_02_42TS,-1,BH9_02_42P"
BH9_181,BH876,0.026055384,"1,BH9_02_43TS,-1,BH9_02_43R1,-1,BH9_02_43R2"
BH9_182,BH876,0.077704006,"1,BH9_02_43TS,-1,BH9_02_43P"
BH9_183,BH876,0.026517528,"1,BH9_02_44TS,-1,BH9_02_44R1,-1,BH9_02_44R2"
BH9_184,BH876,0.084747724,"1,BH9_02_44TS,-1,BH9_02_44P"
BH9_185,BH876,0.02705935241,"1,BH9_02_45TS,-1,BH9_02_45R1,-1,BH9_02_45R2"
BH9_186,BH876,0.094755541,"1,BH9_02_45TS,-1,BH9_02_45P"
BH9_187,BH876,0.042198566,"1,BH9_02_46TS,-1,BH9_02_46R"
BH9_188,BH876,0.08184737,"1,BH9_02_46TS,-1,BH9_02_46P"
BH9_189,BH876,-0.002135426,"1,BH9_02_47TS,-1,BH9_02_47R1,-1,BH9_02_47R2"
BH9_190,BH876,0.1410496632,"1,BH9_02_47TS,-1,BH9_02_47P"
BH9_191,BH876,0.003155331,"1,BH9_02_48TS,-1,BH9_02_48R1,-1,BH9_02_48R2"
BH9_192,BH876,0.1377509083,"1,BH9_02_48TS,-1,BH9_02_48P"
BH9_193,BH876,0.02223074006,"1,BH9_02_49TS,-1,BH9_02_49R1,-1,BH9_02_49R2"
BH9_194,BH876,0.075217988,"1,BH9_02_49TS,-1,BH9_02_49P"
BH9_195,BH876,0.029386011,"1,BH9_02_50TS,-1,BH9_02_50R"
BH9_196,BH876,0.056540979,"1,BH9_02_50TS,-1,BH9_02_50P"
BH9_197,BH876,-0.003107523,"1,BH9_02_51TS,-1,BH9_02_51R1,-1,BH9_02_51R2,-1,BH9_02_51R3"
BH9_198,BH876,0.038660771,"1,BH9_02_51TS,-1,BH9_02_51P1,-1,BH9_02_51P2,-1,BH9_02_51P3"
BH9_199,BH876,0.019744722,"1,BH9_02_52TS,-1,BH9_02_52R1,-1,BH9_02_52R2"
BH9_200,BH876,0.057544948,"1,BH9_02_52TS,-1,BH9_02_52P"
BH9_201,BH876,0.01665313502,"1,BH9_02_53TS,-1,BH9_02_53R1,-1,BH9_02_53R2"
BH9_202,BH876,0.057194356,"1,BH9_02_53TS,-1,BH9_02_53P"
BH9_203,BH876,-0.000191232,"1,BH9_02_54TS,-1,BH9_02_54R1,-1,BH9_02_54R2"
BH9_204,BH876,0.042039206,"1,BH9_02_54TS,-1,BH9_02_54P"
BH9_205,BH876,0.020159058,"1,BH9_02_55TS,-1,BH9_02_55R1,-1,BH9_02_55R2"
BH9_206,BH876,0.084110284,"1,BH9_02_55TS,-1,BH9_02_55P"
BH9_207,BH876,0.01848577668,"1,BH9_02_56TS,-1,BH9_02_56R1,-1,BH9_02_56R2"
BH9_208,BH876,0.146324484,"1,BH9_02_56TS,-1,BH9_02_56P"
BH9_209,BH876,0.01290817164,"1,BH9_02_57TS,-1,BH9_02_57R1,-1,BH9_02_57R2"
BH9_210,BH876,0.1353923781,"1,BH9_02_57TS,-1,BH9_02_57P"
BH9_211,BH876,0.02458927,"1,BH9_02_58TS,-1,BH9_02_58R1,-1,BH9_02_58R2"
BH9_212,BH876,0.1088270422,"1,BH9_02_58TS,-1,BH9_02_58P"
BH9_213,BH876,0.024382102,"1,BH9_02_59TS,-1,BH9_02_59R1,-1,BH9_02_59R2"
BH9_214,BH876,0.1083489617,"1,BH9_02_59TS,-1,BH9_02_59P"
BH9_215,BH876,0.009450057,"1,BH9_02_60TS,-1,BH9_02_60R1,-1,BH9_02_60R2"
BH9_216,BH876,0.138547709,"1,BH9_02_60TS,-1,BH9_02_60P"
BH9_217,BH876,0.000653377,"1,BH9_02_61TS,-1,BH9_02_61R1,-1,BH9_02_61R2"
BH9_218,BH876,0.090197841,"1,BH9_02_61TS,-1,BH9_02_61P"
BH9_219,BH876,0.006167238,"1,BH9_02_62TS,-1,BH9_02_62R1,-1,BH9_02_62R2"
BH9_220,BH876,0.093098196,"1,BH9_02_62TS,-1,BH9_02_62P"
BH9_221,BH876,0.026884056,"1,BH9_02_63TS,-1,BH9_02_63R"
BH9_222,BH876,0.06613446,"1,BH9_02_63TS,-1,BH9_02_63P"
BH9_223,BH876,0.008573576,"1,BH9_02_64TS,-1,BH9_02_64R"
BH9_224,BH876,0.081130249,"1,BH9_02_64TS,-1,BH9_02_64P"
BH9_225,BH876,0.01287629962,"1,BH9_02_65TS,-1,BH9_02_65R"
BH9_226,BH876,0.090628114,"1,BH9_02_65TS,-1,BH9_02_65P"
BH9_227,BH876,0.01082055376,"1,BH9_02_66TS,-1,BH9_02_66R"
BH9_228,BH876,0.088875152,"1,BH9_02_66TS,-1,BH9_02_66P"
BH9_229,BH876,0.011043658,"1,BH9_02_67TS,-1,BH9_02_67R1,-1,BH9_02_67R2"
BH9_230,BH876,0.054325873,"1,BH9_02_67TS,-1,BH9_02_67P"
BH9_231,BH876,0.01386433251,"1,BH9_02_68TS,-1,BH9_02_68R1,-1,BH9_02_68R2"
BH9_232,BH876,0.056015091,"1,BH9_02_68TS,-1,BH9_02_68P"
BH9_233,BH876,0.021274579,"1,BH9_02_69TS,-1,BH9_02_69R1,-1,BH9_02_69R2"
BH9_234,BH876,0.061226167,"1,BH9_02_69TS,-1,BH9_02_69P"
BH9_235,BH876,0.053066928,"1,BH9_02_70TS,-1,BH9_02_70R"
BH9_236,BH876,0.06661254,"1,BH9_02_70TS,-1,BH9_02_70P"
BH9_237,BH876,0.055425458,"1,BH9_02_71TS,-1,BH9_02_71R"
BH9_238,BH876,0.063999034,"1,BH9_02_71TS,-1,BH9_02_71P"
BH9_239,BH876,0.042039206,"1,BH9_02_72TS,-1,BH9_02_72R"
BH9_240,BH876,0.081974858,"1,BH9_02_72TS,-1,BH9_02_72P"
BH9_241,BH876,0.01603163046,"1,BH9_02_73TS,-1,BH9_02_73R1,-1,BH9_02_73R2"
BH9_242,BH876,0.072556673,"1,BH9_02_73TS,-1,BH9_02_73P"
BH9_243,BH876,0.044397736,"1,BH9_02_74TS,-1,BH9_02_74R"
BH9_244,BH876,0.041800166,"1,BH9_02_74TS,-1,BH9_02_74P"
BH9_245,BH876,0.015601358,"1,BH9_02_75TS,-1,BH9_02_75R1,-1,BH9_02_75R2"
BH9_246,BH876,0.066660348,"1,BH9_02_75TS,-1,BH9_02_75P"
BH9_247,BH876,0.032429789,"1,BH9_02_76TS,-1,BH9_02_76R"
BH9_248,BH876,0.059552886,"1,BH9_02_76TS,-1,BH9_02_76P"
BH9_249,BH876,0.01113927405,"1,BH9_02_77TS,-1,BH9_02_77R1,-1,BH9_02_77R2"
BH9_250,BH876,0.073751875,"1,BH9_02_77TS,-1,BH9_02_77P"
BH9_251,BH876,0.0304855955,"1,BH9_02_78TS,-1,BH9_02_78R"
BH9_252,BH876,0.060987127,"1,BH9_02_78TS,-1,BH9_02_78P"
BH9_253,BH876,0.003091587,"1,BH9_02_79TS,-1,BH9_02_79R1,-1,BH9_02_79R2"
BH9_254,BH876,0.067329661,"1,BH9_02_79TS,-1,BH9_02_79P"
BH9_255,BH876,0.0452264088,"1,BH9_02_80TS,-1,BH9_02_80R"
BH9_256,BH876,0.065736059,"1,BH9_02_80TS,-1,BH9_02_80P"
BH9_257,BH876,0.01775272002,"1,BH9_02_81TS,-1,BH9_02_81R1,-1,BH9_02_81R2"
BH9_258,BH876,0.068620478,"1,BH9_02_81TS,-1,BH9_02_81P"
BH9_259,BH876,0.01690811125,"1,BH9_02_82TS,-1,BH9_02_82R1,-1,BH9_02_82R2"
BH9_260,BH876,0.060477175,"1,BH9_02_82TS,-1,BH9_02_82P"
BH9_261,BH876,0.028127065,"1,BH9_02_83TS,-1,BH9_02_83R"
BH9_262,BH876,0.071680193,"1,BH9_02_83TS,-1,BH9_02_83P"
BH9_263,BH876,0.04251728636,"1,BH9_02_84TS,-1,BH9_02_84R"
BH9_264,BH876,0.080492809,"1,BH9_02_84TS,-1,BH9_02_84P"
BH9_265,BH876,0.04885982,"1,BH9_02_85TS,-1,BH9_02_85R"
BH9_266,BH876,0.081958922,"1,BH9_02_85TS,-1,BH9_02_85P"
BH9_267,BH876,0.044206504,"1,BH9_02_86TS,-1,BH9_02_86R"
BH9_268,BH876,0.083982796,"1,BH9_02_86TS,-1,BH9_02_86P"
BH9_269,BH876,0.048971372,"1,BH9_02_87TS,-1,BH9_02_87R"
BH9_270,BH876,0.085496717,"1,BH9_02_87TS,-1,BH9_02_87P"
BH9_271,BH876,0.039696612,"1,BH9_02_88TS,-1,BH9_02_88R"
BH9_272,BH876,0.08184737,"1,BH9_02_88TS,-1,BH9_02_88P"
BH9_273,BH876,0.045608873,"1,BH9_02_89TS,-1,BH9_02_89R"
BH9_274,BH876,0.084269644,"1,BH9_02_89TS,-1,BH9_02_89P"
BH9_275,BH876,0.043712487,"1,BH9_02_90TS,-1,BH9_02_90R"
BH9_276,BH876,0.083138187,"1,BH9_02_90TS,-1,BH9_02_90P"
BH9_277,BH876,0.04940164457,"1,BH9_02_91TS,-1,BH9_02_91R"
BH9_278,BH876,0.086930958,"1,BH9_02_91TS,-1,BH9_02_91P"
BH9_279,BH876,0.03770461001,"1,BH9_02_92TS,-1,BH9_02_92R"
BH9_280,BH876,0.085225805,"1,BH9_02_92TS,-1,BH9_02_92P"
BH9_281,BH876,0.045720425,"1,BH9_02_93TS,-1,BH9_02_93R"
BH9_282,BH876,0.087568399,"1,BH9_02_93TS,-1,BH9_02_93P"
BH9_283,BH876,0.040796197,"1,BH9_02_94TS,-1,BH9_02_94R"
BH9_284,BH876,0.086787534,"1,BH9_02_94TS,-1,BH9_02_94P"
BH9_285,BH876,0.044652712,"1,BH9_02_95TS,-1,BH9_02_95R"
BH9_286,BH876,0.089050448,"1,BH9_02_95TS,-1,BH9_02_95P"
BH9_287,BH876,0.01815112037,"1,BH9_02_96TS,-1,BH9_02_96R"
BH9_288,BH876,0.02420680584,"1,BH9_02_96TS,-1,BH9_02_96P"
BH9_289,BH876,0.069353535,"1,BH9_02_97TS,-1,BH9_02_97R"
BH9_290,BH876,0.034676767,"1,BH9_02_97TS,-1,BH9_02_97P"
BH9_291,BH876,0.052716336,"1,BH9_02_98TS,-1,BH9_02_98R"
BH9_292,BH876,0.072381377,"1,BH9_02_98TS,-1,BH9_02_98P"
BH9_293,BH876,0.070564672,"1,BH9_02_99TS,-1,BH9_02_99R"
BH9_294,BH876,0.086612238,"1,BH9_02_99TS,-1,BH9_02_99P"
BH9_295,BH876,0.057481204,"1,BH9_02_100TS,-1,BH9_02_100R"
BH9_296,BH876,0.031537372,"1,BH9_02_100TS,-1,BH9_02_100P"
BH9_297,BH876,0.06661254,"1,BH9_02_101TS,-1,BH9_02_101R"
BH9_298,BH876,0.073002882,"1,BH9_02_101TS,-1,BH9_02_101P"
BH9_299,BH876,0.06172018368,"1,BH9_02_102TS,-1,BH9_02_102R"
BH9_300,BH876,0.058246133,"1,BH9_02_102TS,-1,BH9_02_102P"
BH9_301,BH876,0.0577521161,"1,BH9_02_103TS,-1,BH9_02_103R"
BH9_302,BH876,0.058453301,"1,BH9_02_103TS,-1,BH9_02_103P"
BH9_303,BH876,0.02087617883,"1,BH9_02_104TS,-1,BH9_02_104R"
BH9_304,BH876,0.064524922,"1,BH9_02_104TS,-1,BH9_02_104P"
BH9_305,BH876,0.076891269,"1,BH9_02_105TS,-1,BH9_02_105R"
BH9_306,BH876,0.067313725,"1,BH9_02_105TS,-1,BH9_02_105P"
BH9_307,BH876,0.01837422458,"1,BH9_02_106TS,-1,BH9_02_106R1,-1,BH9_02_106R2"
BH9_308,BH876,0.047473387,"1,BH9_02_106TS,-1,BH9_02_106P"
BH9_310,BH876,0.05797522,"1,BH9_02_107TS,-1,BH9_02_107P"
BH9_312,BH876,0.055791986,"1,BH9_02_108TS,-1,BH9_02_108P"
BH9_313,BH876,0.069241982,"1,BH9_02_109TS,-1,BH9_02_109R"
BH9_314,BH876,0.080604361,"1,BH9_02_109TS,-1,BH9_02_109P"
BH9_316,BH876,0.091424914,"1,BH9_02_110TS,-1,BH9_02_110P"
BH9_317,BH876,0.058899509,"1,BH9_02_111TS,-1,BH9_02_111R"
BH9_318,BH876,0.081544586,"1,BH9_02_111TS,-1,BH9_02_111P"
BH9_319,BH876,0.02046184246,"1,BH9_02_112TS,-1,BH9_02_112R1,-1,BH9_02_112R2"
BH9_320,BH876,0.049592877,"1,BH9_02_112TS,-1,BH9_02_112P"
BH9_322,BH876,0.058564853,"1,BH9_02_113TS,-1,BH9_02_113P"
BH9_324,BH876,0.060461239,"1,BH9_02_114TS,-1,BH9_02_114P"
BH9_325,BH876,0.01885230501,"1,BH9_02_115TS,-1,BH9_02_115R1,-1,BH9_02_115R2"
BH9_326,BH876,0.047983339,"1,BH9_02_115TS,-1,BH9_02_115P"
BH9_328,BH876,0.057066867,"1,BH9_02_116TS,-1,BH9_02_116P"
BH9_330,BH876,0.064078714,"1,BH9_02_117TS,-1,BH9_02_117P"
BH9_331,BH876,0.035887904,"1,BH9_02_118TS,-1,BH9_02_118R"
BH9_332,BH876,0.066309756,"1,BH9_02_118TS,-1,BH9_02_118P"
BH9_333,BH876,0.030135003,"1,BH9_02_119TS,-1,BH9_02_119R"
BH9_334,BH876,0.075823556,"1,BH9_02_119TS,-1,BH9_02_119P"
BH9_335,BH876,0.02675656814,"1,BH9_02_120TS,-1,BH9_02_120R"
BH9_336,BH876,0.068716094,"1,BH9_02_120TS,-1,BH9_02_120P"
BH9_338,BH876,0.086580366,"1,BH9_02_121TS,-1,BH9_02_121P"
BH9_339,BH876,0.03074057173,"1,BH9_02_122TS,-1,BH9_02_122R"
BH9_340,BH876,0.05969631,"1,BH9_02_122TS,-1,BH9_02_122P"
BH9_342,BH876,0.06685158,"1,BH9_02_123TS,-1,BH9_02_123P"
BH9_343,BH876,0.03454927917,"1,BH9_02_124TS,-1,BH9_02_124R"
BH9_344,BH876,0.073337538,"1,BH9_02_124TS,-1,BH9_02_124P"
BH9_346,BH876,0.07540922,"1,BH9_02_125TS,-1,BH9_02_125P"
BH9_347,BH876,0.032270429,"1,BH9_02_126TS,-1,BH9_02_126R"
BH9_348,BH876,0.041736422,"1,BH9_02_126TS,-1,BH9_02_126P"
BH9_349,BH876,0.03338595012,"1,BH9_02_127TS,-1,BH9_02_127R"
BH9_350,BH876,0.051250222,"1,BH9_02_127TS,-1,BH9_02_127P"
BH9_351,BH876,0.052174511,"1,BH9_02_128TS,-1,BH9_02_128R"
BH9_352,BH876,0.06605478,"1,BH9_02_128TS,-1,BH9_02_128P"
BH9_353,BH876,0.054851761,"1,BH9_02_129TS,-1,BH9_02_129R"
BH9_354,BH876,0.063983098,"1,BH9_02_129TS,-1,BH9_02_129P"
BH9_355,BH876,0.05641349089,"1,BH9_02_130TS,-1,BH9_02_130R"
BH9_356,BH876,0.069034814,"1,BH9_02_130TS,-1,BH9_02_130P"
BH9_357,BH876,0.05161675057,"1,BH9_02_131TS,-1,BH9_02_131R"
BH9_358,BH876,0.06913043,"1,BH9_02_131TS,-1,BH9_02_131P"
BH9_359,BH876,0.05246135933,"1,BH9_02_132TS,-1,BH9_02_132R"
BH9_360,BH876,0.065497019,"1,BH9_02_132TS,-1,BH9_02_132P"
BH9_361,BH876,0.05392747265,"1,BH9_02_133TS,-1,BH9_02_133R"
BH9_362,BH876,0.071441152,"1,BH9_02_133TS,-1,BH9_02_133P"
BH9_363,BH876,0.05112273412,"1,BH9_02_134TS,-1,BH9_02_134R"
BH9_364,BH876,0.079058567,"1,BH9_02_134TS,-1,BH9_02_134P"
BH9_365,BH876,0.045178601,"1,BH9_02_135TS,-1,BH9_02_135R"
BH9_366,BH876,0.070787776,"1,BH9_02_135TS,-1,BH9_02_135P"
BH9_367,BH876,0.047473387,"1,BH9_02_136TS,-1,BH9_02_136R"
BH9_368,BH876,0.073034754,"1,BH9_02_136TS,-1,BH9_02_136P"
BH9_369,BH876,0.04140176535,"1,BH9_02_137TS,-1,BH9_02_137R"
BH9_370,BH876,0.065895419,"1,BH9_02_137TS,-1,BH9_02_137P"
BH9_371,BH876,0.05089963,"1,BH9_02_138TS,-1,BH9_02_138R"
BH9_372,BH876,0.044764264,"1,BH9_02_138TS,-1,BH9_02_138P"
BH9_373,BH876,0.054772081,"1,BH9_02_139TS,-1,BH9_02_139R"
BH9_374,BH876,0.081209929,"1,BH9_02_139TS,-1,BH9_02_139P"
BH9_375,BH876,0.087393103,"1,BH9_02_140TS,-1,BH9_02_140R"
BH9_376,BH876,0.2301001116,"1,BH9_02_140TS,-1,BH9_02_140P"
BH9_377,BH876,0.0758873,"1,BH9_03_1TS,-1,BH9_03_1R1,-1,BH9_03_1R2"
BH9_378,BH876,0.018262672,"1,BH9_03_1TS,-1,BH9_03_1P1,-1,BH9_03_1P2"
BH9_379,BH876,0.071839553,"1,BH9_03_2TS,-1,BH9_03_2R1,-1,BH9_03_2R2"
BH9_380,BH876,0.02181640368,"1,BH9_03_2TS,-1,BH9_03_2P1,-1,BH9_03_2P2"
BH9_381,BH876,0.02452552613,"1,BH9_03_3TS,-1,BH9_03_3R1,-1,BH9_03_3R2"
BH9_382,BH876,0.006501894,"1,BH9_03_3TS,-1,BH9_03_3P1,-1,BH9_03_3P2"
BH9_383,BH876,0.025354199,"1,BH9_03_4TS,-1,BH9_03_4R1,-1,BH9_03_4R2"
BH9_384,BH876,0.022278548,"1,BH9_03_4TS,-1,BH9_03_4P1,-1,BH9_03_4P2"
BH9_385,BH876,0.006740934,"1,BH9_03_5TS,-1,BH9_03_5R1,-1,BH9_03_5R2"
BH9_386,BH876,0.007410247,"1,BH9_03_5TS,-1,BH9_03_5P1,-1,BH9_03_5P2"
BH9_387,BH876,-0.002151362,"1,BH9_03_6TS,-1,BH9_03_6R1,-1,BH9_03_6R2"
BH9_388,BH876,0.002868483,"1,BH9_03_6TS,-1,BH9_03_6P1,-1,BH9_03_6P2"
BH9_389,BH876,0.067536829,"1,BH9_03_7TS,-1,BH9_03_7R1,-1,BH9_03_7R2"
BH9_390,BH876,0.028302362,"1,BH9_03_7TS,-1,BH9_03_7P1,-1,BH9_03_7P2"
BH9_391,BH876,0.067504957,"1,BH9_03_8TS,-1,BH9_03_8R1,-1,BH9_03_8R2"
BH9_392,BH876,0.02776053704,"1,BH9_03_8TS,-1,BH9_03_8P1,-1,BH9_03_8P2"
BH9_393,BH876,0.01459738917,"1,BH9_03_9TS,-1,BH9_03_9R1,-1,BH9_03_9R2"
BH9_394,BH876,0.01611131053,"1,BH9_03_9TS,-1,BH9_03_9P1,-1,BH9_03_9P2"
BH9_395,BH876,0.065879483,"1,BH9_03_10TS,-1,BH9_03_10R1,-1,BH9_03_10R2"
BH9_396,BH876,0.01262132339,"1,BH9_03_10TS,-1,BH9_03_10P1,-1,BH9_03_10P2"
BH9_397,BH876,0.000796801,"1,BH9_03_11TS,-1,BH9_03_11R1,-1,BH9_03_11R2"
BH9_398,BH876,0.008302663,"1,BH9_03_11TS,-1,BH9_03_11P1,-1,BH9_03_11P2"
BH9_399,BH876,0.070070655,"1,BH9_03_12TS,-1,BH9_03_12R1,-1,BH9_03_12R2"
BH9_400,BH876,0.03207919694,"1,BH9_03_12TS,-1,BH9_03_12P1,-1,BH9_03_12P2"
BH9_401,BH876,0.005147333,"1,BH9_03_13TS,-1,BH9_03_13R1,-1,BH9_03_13R2"
BH9_402,BH876,0.01848577668,"1,BH9_03_13TS,-1,BH9_03_13P1,-1,BH9_03_13P2"
BH9_403,BH876,0.005545733,"1,BH9_03_14TS,-1,BH9_03_14R1,-1,BH9_03_14R2"
BH9_404,BH876,0.018469841,"1,BH9_03_14TS,-1,BH9_03_14P1,-1,BH9_03_14P2"
BH9_405,BH876,0.066835644,"1,BH9_03_15TS,-1,BH9_03_15R1,-1,BH9_03_15R2"
BH9_406,BH876,0.02670876,"1,BH9_03_15TS,-1,BH9_03_15P1,-1,BH9_03_15P2"
BH9_407,BH876,0.01956942565,"1,BH9_03_16TS,-1,BH9_03_16R1,-1,BH9_03_16R2"
BH9_408,BH876,0.01944193754,"1,BH9_03_16TS,-1,BH9_03_16P1,-1,BH9_03_16P2"
BH9_409,BH876,0.014693005,"1,BH9_03_17TS,-1,BH9_03_17R1,-1,BH9_03_17R2"
BH9_410,BH876,0.023473749,"1,BH9_03_17TS,-1,BH9_03_17P1,-1,BH9_03_17P2"
BH9_411,BH876,0.004701124,"1,BH9_03_18TS,-1,BH9_03_18R1,-1,BH9_03_18R2"
BH9_412,BH876,0.01768897596,"1,BH9_03_18TS,-1,BH9_03_18P1,-1,BH9_03_18P2"
BH9_413,BH876,0.018214864,"1,BH9_03_19TS,-1,BH9_03_19R1,-1,BH9_03_19R2"
BH9_414,BH876,0.01811924835,"1,BH9_03_19TS,-1,BH9_03_19P1,-1,BH9_03_19P2"
BH9_415,BH876,0.003840579,"1,BH9_03_20TS,-1,BH9_03_20R1,-1,BH9_03_20R2"
BH9_416,BH876,0.01681249517,"1,BH9_03_20TS,-1,BH9_03_20P1,-1,BH9_03_20P2"
BH9_417,BH876,0.020653075,"1,BH9_03_21TS,-1,BH9_03_21R1,-1,BH9_03_21R2"
BH9_418,BH876,0.037194658,"1,BH9_03_21TS,-1,BH9_03_21P1,-1,BH9_03_21P2"
BH9_419,BH876,0.01668500705,"1,BH9_03_22TS,-1,BH9_03_22R1,-1,BH9_03_22R2"
BH9_420,BH876,0.02916290631,"1,BH9_03_22TS,-1,BH9_03_22P1,-1,BH9_03_22P2"
BH9_421,BH876,0.02973660283,"1,BH9_03_23TS,-1,BH9_03_23R1,-1,BH9_03_23R2"
BH9_422,BH876,0.01721089553,"1,BH9_03_23TS,-1,BH9_03_23P1,-1,BH9_03_23P2"
BH9_423,BH876,0.066516924,"1,BH9_03_24TS,-1,BH9_03_24R1,-1,BH9_03_24R2"
BH9_424,BH876,0.01344999613,"1,BH9_03_24TS,-1,BH9_03_24P1,-1,BH9_03_24P2"
BH9_425,BH876,0.041847974,"1,BH9_03_25TS,-1,BH9_03_25R"
BH9_426,BH876,0.054867697,"1,BH9_03_25TS,-1,BH9_03_25P"
BH9_427,BH876,0.009306632,"1,BH9_03_26TS,-1,BH9_03_26R1,-1,BH9_03_26R2"
BH9_428,BH876,0.04151331745,"1,BH9_03_26TS,-1,BH9_03_26P1,-1,BH9_03_26P2"
BH9_429,BH876,0.085895117,"1,BH9_03_27TS,-1,BH9_03_27R1,-1,BH9_03_27R2"
BH9_430,BH876,0.01643003082,"1,BH9_03_27TS,-1,BH9_03_27P1,-1,BH9_03_27P2"
BH9_431,BH876,0.089401041,"1,BH9_03_28TS,-1,BH9_03_28R1,-1,BH9_03_28R2"
BH9_432,BH876,0.018517649,"1,BH9_03_28TS,-1,BH9_03_28P1,-1,BH9_03_28P2"
BH9_433,BH876,0.04266071,"1,BH9_03_29TS,-1,BH9_03_29R1,-1,BH9_03_29R2"
BH9_434,BH876,0.002167298,"1,BH9_03_29TS,-1,BH9_03_29P1,-1,BH9_03_29P2"
BH9_435,BH876,0.02344187715,"1,BH9_03_30TS,-1,BH9_03_30R1,-1,BH9_03_30R2"
BH9_436,BH876,0.054517105,"1,BH9_03_30TS,-1,BH9_03_30P1,-1,BH9_03_30P2"
BH9_437,BH876,0.082182026,"1,BH9_03_31TS,-1,BH9_03_31R1,-1,BH9_03_31R2"
BH9_438,BH876,0.01976065783,"1,BH9_03_31TS,-1,BH9_03_31P1,-1,BH9_03_31P2"
BH9_439,BH876,0.082915083,"1,BH9_03_32TS,-1,BH9_03_32R1,-1,BH9_03_32R2"
BH9_440,BH876,0.020318418,"1,BH9_03_32TS,-1,BH9_03_32P1,-1,BH9_03_32P2"
BH9_441,BH876,0.009912201,"1,BH9_03_33TS,-1,BH9_03_33R1,-1,BH9_03_33R2"
BH9_442,BH876,0.040349988,"1,BH9_03_33TS,-1,BH9_03_33P1,-1,BH9_03_33P2"
BH9_443,BH876,0.02038216239,"1,BH9_03_34TS,-1,BH9_03_34R1,-1,BH9_03_34R2"
BH9_444,BH876,0.036015392,"1,BH9_03_34TS,-1,BH9_03_34P1,-1,BH9_03_34P2"
BH9_445,BH876,0.026884056,"1,BH9_03_35TS,-1,BH9_03_35R1,-1,BH9_03_35R2"
BH9_446,BH876,0.014151181,"1,BH9_03_35TS,-1,BH9_03_35P1,-1,BH9_03_35P2"
BH9_447,BH876,0.02653346394,"1,BH9_03_36TS,-1,BH9_03_36R1,-1,BH9_03_36R2"
BH9_448,BH876,0.01376871642,"1,BH9_03_36TS,-1,BH9_03_36P1,-1,BH9_03_36P2"
BH9_449,BH876,0.0127488115,"1,BH9_03_37TS,-1,BH9_03_37R1,-1,BH9_03_37R2"
BH9_450,BH876,0.075042692,"1,BH9_03_37TS,-1,BH9_03_37P1,-1,BH9_03_37P2"
BH9_451,BH876,0.01700372734,"1,BH9_03_38TS,-1,BH9_03_38R1,-1,BH9_03_38R2"
BH9_452,BH876,0.05002314913,"1,BH9_03_38TS,-1,BH9_03_38P1,-1,BH9_03_38P2"
BH9_453,BH876,0.017529616,"1,BH9_03_39TS,-1,BH9_03_39R1,-1,BH9_03_39R2"
BH9_454,BH876,0.039154787,"1,BH9_03_39TS,-1,BH9_03_39P1,-1,BH9_03_39P2"
BH9_455,BH876,0.01599975843,"1,BH9_03_40TS,-1,BH9_03_40R1,-1,BH9_03_40R2"
BH9_456,BH876,0.03338595012,"1,BH9_03_40TS,-1,BH9_03_40P1,-1,BH9_03_40P2"
BH9_457,BH876,0.01268506744,"1,BH9_03_41TS,-1,BH9_03_41R1,-1,BH9_03_41R2"
BH9_458,BH876,0.05641349089,"1,BH9_03_41TS,-1,BH9_03_41P1,-1,BH9_03_41P2"
BH9_459,BH876,0.033991519,"1,BH9_03_42TS,-1,BH9_03_42R1,-1,BH9_03_42R2"
BH9_460,BH876,0.01639815879,"1,BH9_03_42TS,-1,BH9_03_42P1,-1,BH9_03_42P2"
BH9_461,BH876,0.074150275,"1,BH9_03_43TS,-1,BH9_03_43R1,-1,BH9_03_43R2"
BH9_462,BH876,-0.005083589,"1,BH9_03_43TS,-1,BH9_03_43P1,-1,BH9_03_43P2"
BH9_463,BH876,0.02616693561,"1,BH9_04_1TS,-1,BH9_04_1R"
BH9_464,BH876,0.019696914,"1,BH9_04_1TS,-1,BH9_04_1P"
BH9_465,BH876,0.018947921,"1,BH9_04_2TS,-1,BH9_04_2R1,-1,BH9_04_2R2"
BH9_466,BH876,0.03102742,"1,BH9_04_2TS,-1,BH9_04_2P1,-1,BH9_04_2P2"
BH9_467,BH876,0.007649287,"1,BH9_04_3TS,-1,BH9_04_3R1,-1,BH9_04_3R2"
BH9_468,BH876,0.007298695,"1,BH9_04_3TS,-1,BH9_04_3P1,-1,BH9_04_3P2"
BH9_469,BH876,0.02619880763,"1,BH9_04_4TS,-1,BH9_04_4R"
BH9_470,BH876,0.02019093,"1,BH9_04_4TS,-1,BH9_04_4P"
BH9_471,BH876,0.02219886803,"1,BH9_04_5TS,-1,BH9_04_5R1,-1,BH9_04_5R2"
BH9_472,BH876,0.000270912,"1,BH9_04_5TS,-1,BH9_04_5P1,-1,BH9_04_5P2"
BH9_473,BH876,0.010262793,"1,BH9_04_6TS,-1,BH9_04_6R1,-1,BH9_04_6R2"
BH9_474,BH876,0.003888388,"1,BH9_04_6TS,-1,BH9_04_6P1,-1,BH9_04_6P2"
BH9_475,BH876,0.006374406,"1,BH9_04_7TS,-1,BH9_04_7R1,-1,BH9_04_7R2"
BH9_476,BH876,0.007346503,"1,BH9_04_7TS,-1,BH9_04_7P1,-1,BH9_04_7P2"
BH9_477,BH876,0.019696914,"1,BH9_04_8TS,-1,BH9_04_8R"
BH9_478,BH876,0.03364092635,"1,BH9_04_8TS,-1,BH9_04_8P"
BH9_479,BH876,0.02780834509,"1,BH9_04_9TS,-1,BH9_04_9R1,-1,BH9_04_9R2"
BH9_480,BH876,0.02733026466,"1,BH9_04_9TS,-1,BH9_04_9P1,-1,BH9_04_9P2"
BH9_481,BH876,0.02595976742,"1,BH9_04_10TS,-1,BH9_04_10R1,-1,BH9_04_10R2"
BH9_482,BH876,0.02842984965,"1,BH9_04_10TS,-1,BH9_04_10P1,-1,BH9_04_10P2"
BH9_483,BH876,0.054341809,"1,BH9_04_11TS,-1,BH9_04_11R1,-1,BH9_04_11R2"
BH9_484,BH876,0.01993595398,"1,BH9_04_11TS,-1,BH9_04_11P1,-1,BH9_04_11P2"
BH9_485,BH876,0.02066901065,"1,BH9_04_12TS,-1,BH9_04_12R1,-1,BH9_04_12R2"
BH9_486,BH876,0.025083287,"1,BH9_04_12TS,-1,BH9_04_12P1,-1,BH9_04_12P2"
BH9_487,BH876,0.04862078,"1,BH9_04_13TS,-1,BH9_04_13R1,-1,BH9_04_13R2"
BH9_488,BH876,0.031521436,"1,BH9_04_13TS,-1,BH9_04_13P1,-1,BH9_04_13P2"
BH9_489,BH876,0.044413672,"1,BH9_04_14TS,-1,BH9_04_14R1,-1,BH9_04_14R2"
BH9_490,BH876,0.03010313116,"1,BH9_04_14TS,-1,BH9_04_14P1,-1,BH9_04_14P2"
BH9_491,BH876,0.038214562,"1,BH9_04_15TS,-1,BH9_04_15R1,-1,BH9_04_15R2"
BH9_492,BH876,0.025991639,"1,BH9_04_15TS,-1,BH9_04_15P1,-1,BH9_04_15P2"
BH9_493,BH876,0.02313909287,"1,BH9_04_16TS,-1,BH9_04_16R1,-1,BH9_04_16R2"
BH9_494,BH876,0.02149768339,"1,BH9_04_16TS,-1,BH9_04_16P1,-1,BH9_04_16P2"
BH9_495,BH876,0.01446990105,"1,BH9_04_17TS,-1,BH9_04_17R1,-1,BH9_04_17R2"
BH9_496,BH876,0.01493204547,"1,BH9_04_17TS,-1,BH9_04_17P1,-1,BH9_04_17P2"
BH9_497,BH876,0.02046184246,"1,BH9_04_18TS,-1,BH9_04_18R"
BH9_498,BH876,0.005147333,"1,BH9_04_18TS,-1,BH9_04_18P"
BH9_499,BH876,0.016493775,"1,BH9_04_19TS,-1,BH9_04_19R"
BH9_500,BH876,0.01548980597,"1,BH9_04_19TS,-1,BH9_04_19P"
BH9_501,BH876,0.019426002,"1,BH9_04_20TS,-1,BH9_04_20R"
BH9_502,BH876,0.03067682767,"1,BH9_04_20TS,-1,BH9_04_20P"
BH9_503,BH876,0.01882043298,"1,BH9_04_21TS,-1,BH9_04_21R"
BH9_504,BH876,0.03327439802,"1,BH9_04_21TS,-1,BH9_04_21P"
BH9_505,BH876,0.021465811,"1,BH9_04_22TS,-1,BH9_04_22R1,-1,BH9_04_22R2"
BH9_506,BH876,0.009625353,"1,BH9_04_22TS,-1,BH9_04_22P1,-1,BH9_04_22P2"
BH9_507,BH876,0.01799176023,"1,BH9_04_23TS,-1,BH9_04_23R1,-1,BH9_04_23R2"
BH9_508,BH876,0.01093210586,"1,BH9_04_23TS,-1,BH9_04_23P1,-1,BH9_04_23P2"
BH9_509,BH876,0.029497563,"1,BH9_04_24TS,-1,BH9_04_24R1,-1,BH9_04_24R2"
BH9_510,BH876,0.02517890271,"1,BH9_04_24TS,-1,BH9_04_24P1,-1,BH9_04_24P2"
BH9_511,BH876,0.022501652,"1,BH9_04_25TS,-1,BH9_04_25R1,-1,BH9_04_25R2"
BH9_512,BH876,0.020286546,"1,BH9_04_25TS,-1,BH9_04_25P1,-1,BH9_04_25P2"
BH9_513,BH876,0.023633109,"1,BH9_04_26TS,-1,BH9_04_26R1,-1,BH9_04_26R2"
BH9_514,BH876,0.032684765,"1,BH9_04_26TS,-1,BH9_04_26P1,-1,BH9_04_26P2"
BH9_515,BH876,0.02103553898,"1,BH9_04_27TS,-1,BH9_04_27R1,-1,BH9_04_27R2"
BH9_516,BH876,0.03010313116,"1,BH9_04_27TS,-1,BH9_04_27P1,-1,BH9_04_27P2"
BH9_517,BH876,0.016095375,"1,BH9_04_28TS,-1,BH9_04_28R"
BH9_518,BH876,0.01388026852,"1,BH9_04_28TS,-1,BH9_04_28P"
BH9_519,BH876,0.01807144,"1,BH9_04_29TS,-1,BH9_04_29R1,-1,BH9_04_29R2"
BH9_520,BH876,0.008222983,"1,BH9_04_29TS,-1,BH9_04_29P1,-1,BH9_04_29P2"
BH9_521,BH876,0.005545733,"1,BH9_04_30TS,-1,BH9_04_30R1,-1,BH9_04_30R2"
BH9_522,BH876,0.056668467,"1,BH9_04_30TS,-1,BH9_04_30P1,-1,BH9_04_30P2"
BH9_523,BH876,0.01614318256,"1,BH9_04_31TS,-1,BH9_04_31R"
BH9_524,BH876,0.01905947319,"1,BH9_04_31TS,-1,BH9_04_31P"
BH9_525,BH876,0.039600996,"1,BH9_04_32TS,-1,BH9_04_32R1,-1,BH9_04_32R2"
BH9_526,BH876,0.023059413,"1,BH9_04_32TS,-1,BH9_04_32P1,-1,BH9_04_32P2"
BH9_527,BH876,0.04014282021,"1,BH9_04_33TS,-1,BH9_04_33R1,-1,BH9_04_33R2"
BH9_528,BH876,0.02371278939,"1,BH9_04_33TS,-1,BH9_04_33P1,-1,BH9_04_33P2"
BH9_529,BH876,0.040923685,"1,BH9_04_34TS,-1,BH9_04_34R1,-1,BH9_04_34R2"
BH9_530,BH876,0.023234709,"1,BH9_04_34TS,-1,BH9_04_34P1,-1,BH9_04_34P2"
BH9_531,BH876,0.019489746,"1,BH9_04_35TS,-1,BH9_04_35R1,-1,BH9_04_35R2"
BH9_532,BH876,0.011378314,"1,BH9_04_35TS,-1,BH9_04_35P1,-1,BH9_04_35P2"
BH9_533,BH876,0.033943711,"1,BH9_04_36TS,-1,BH9_04_36R"
BH9_534,BH876,0.031824221,"1,BH9_04_36TS,-1,BH9_04_36P"
BH9_535,BH876,0.03437398301,"1,BH9_04_37TS,-1,BH9_04_37R"
BH9_536,BH876,0.031728605,"1,BH9_04_37TS,-1,BH9_04_37P"
BH9_537,BH876,0.0106452576,"1,BH9_04_38TS,-1,BH9_04_38R1,-1,BH9_04_38R2"
BH9_538,BH876,0.028557338,"1,BH9_04_38TS,-1,BH9_04_38P1,-1,BH9_04_38P2"
BH9_539,BH876,0.021099283,"1,BH9_04_39TS,-1,BH9_04_39R1,-1,BH9_04_39R2"
BH9_540,BH876,0.005227013,"1,BH9_04_39TS,-1,BH9_04_39P1,-1,BH9_04_39P2"
BH9_541,BH876,0.037752418,"1,BH9_04_40TS,-1,BH9_04_40R1,-1,BH9_04_40R2"
BH9_542,BH876,0.024254614,"1,BH9_04_40TS,-1,BH9_04_40P1,-1,BH9_04_40P2"
BH9_543,BH876,0.0293700745,"1,BH9_04_41TS,-1,BH9_04_41R"
BH9_544,BH876,0.02973660283,"1,BH9_04_41TS,-1,BH9_04_41P"
BH9_545,BH876,0.01936225747,"1,BH9_04_42TS,-1,BH9_04_42R"
BH9_546,BH876,0.02565698315,"1,BH9_04_42TS,-1,BH9_04_42P"
BH9_547,BH876,0.02180046767,"1,BH9_04_43TS,-1,BH9_04_43R"
BH9_548,BH876,0.02989596297,"1,BH9_04_43TS,-1,BH9_04_43P"
BH9_549,BH876,0.036142881,"1,BH9_04_44TS,-1,BH9_04_44R1,-1,BH9_04_44R2"
BH9_550,BH876,0.02522671076,"1,BH9_04_44TS,-1,BH9_04_44P1,-1,BH9_04_44P2"
BH9_551,BH876,0.01168109854,"1,BH9_04_45TS,-1,BH9_04_45R1,-1,BH9_04_45R2"
BH9_552,BH876,0.0356648,"1,BH9_04_45TS,-1,BH9_04_45P1,-1,BH9_04_45P2"
BH9_553,BH876,0.018262672,"1,BH9_04_46TS,-1,BH9_04_46R1,-1,BH9_04_46R2"
BH9_554,BH876,0.01007156109,"1,BH9_04_46TS,-1,BH9_04_46P1,-1,BH9_04_46P2"
BH9_555,BH876,0.008924168,"1,BH9_04_47TS,-1,BH9_04_47R1,-1,BH9_04_47R2"
BH9_556,BH876,0.01805550429,"1,BH9_04_47TS,-1,BH9_04_47P1,-1,BH9_04_47P2"
BH9_557,BH876,0.009450057,"1,BH9_04_48TS,-1,BH9_04_48R1,-1,BH9_04_48R2"
BH9_558,BH876,0.01850171269,"1,BH9_04_48TS,-1,BH9_04_48P1,-1,BH9_04_48P2"
BH9_559,BH876,0.02004750609,"1,BH9_04_49TS,-1,BH9_04_49R1,-1,BH9_04_49R2"
BH9_560,BH876,0.02911509827,"1,BH9_04_49TS,-1,BH9_04_49P1,-1,BH9_04_49P2"
BH9_561,BH876,0.020286546,"1,BH9_04_50TS,-1,BH9_04_50R1,-1,BH9_04_50R2"
BH9_562,BH876,0.029720667,"1,BH9_04_50TS,-1,BH9_04_50P1,-1,BH9_04_50P2"
BH9_563,BH876,0.01910728124,"1,BH9_04_51TS,-1,BH9_04_51R1,-1,BH9_04_51R2"
BH9_564,BH876,-0.000541824,"1,BH9_04_51TS,-1,BH9_04_51P1,-1,BH9_04_51P2"
BH9_565,BH876,0.007681159,"1,BH9_04_52TS,-1,BH9_04_52R1,-1,BH9_04_52R2"
BH9_566,BH876,0.015808526,"1,BH9_04_52TS,-1,BH9_04_52P1,-1,BH9_04_52P2"
BH9_567,BH876,0.01968097775,"1,BH9_04_53TS,-1,BH9_04_53R1,-1,BH9_04_53R2"
BH9_568,BH876,0.011697035,"1,BH9_04_53TS,-1,BH9_04_53P1,-1,BH9_04_53P2"
BH9_569,BH876,0.03177641267,"1,BH9_04_54TS,-1,BH9_04_54R1,-1,BH9_04_54R2"
BH9_570,BH876,0.00431866,"1,BH9_04_54TS,-1,BH9_04_54P1,-1,BH9_04_54P2"
BH9_571,BH876,0.01105959398,"1,BH9_04_55TS,-1,BH9_04_55R1,-1,BH9_04_55R2"
BH9_572,BH876,0.0206212026,"1,BH9_04_55TS,-1,BH9_04_55P1,-1,BH9_04_55P2"
BH9_573,BH876,0.02057339456,"1,BH9_04_56TS,-1,BH9_04_56R"
BH9_574,BH876,0.02908322624,"1,BH9_04_56TS,-1,BH9_04_56P"
BH9_575,BH876,0.02291598867,"1,BH9_04_57TS,-1,BH9_04_57R1,-1,BH9_04_57R2"
BH9_576,BH876,0.02019093,"1,BH9_04_57TS,-1,BH9_04_57P1,-1,BH9_04_57P2"
BH9_577,BH876,0.01979253,"1,BH9_04_58TS,-1,BH9_04_58R1,-1,BH9_04_58R2"
BH9_578,BH876,0.00431866,"1,BH9_04_58TS,-1,BH9_04_58P1,-1,BH9_04_58P2"
BH9_579,BH876,0.007999879,"1,BH9_04_59TS,-1,BH9_04_59R1,-1,BH9_04_59R2"
BH9_580,BH876,0.016987791,"1,BH9_04_59TS,-1,BH9_04_59P1,-1,BH9_04_59P2"
BH9_581,BH876,0.0106452576,"1,BH9_04_60TS,-1,BH9_04_60R1,-1,BH9_04_60R2"
BH9_582,BH876,0.01947380957,"1,BH9_04_60TS,-1,BH9_04_60P1,-1,BH9_04_60P2"
BH9_583,BH876,0.01897979312,"1,BH9_04_61TS,-1,BH9_04_61R"
BH9_584,BH876,0.030278427,"1,BH9_04_61TS,-1,BH9_04_61P"
BH9_585,BH876,0.03993565203,"1,BH9_04_62TS,-1,BH9_04_62R1,-1,BH9_04_62R2"
BH9_586,BH876,0.05497925,"1,BH9_04_62TS,-1,BH9_04_62P1,-1,BH9_04_62P2"
BH9_587,BH876,0.01980846587,"1,BH9_04_63TS,-1,BH9_04_63R1,-1,BH9_04_63R2"
BH9_588,BH876,0.032971614,"1,BH9_04_63TS,-1,BH9_04_63P1,-1,BH9_04_63P2"
BH9_589,BH876,0.022900053,"1,BH9_04_64TS,-1,BH9_04_64R"
BH9_590,BH876,0.02806332132,"1,BH9_04_64TS,-1,BH9_04_64P"
BH9_591,BH876,0.005513861,"1,BH9_04_65TS,-1,BH9_04_65R1,-1,BH9_04_65R2"
BH9_592,BH876,0.005322629,"1,BH9_04_65TS,-1,BH9_04_65P1,-1,BH9_04_65P2"
BH9_593,BH876,0.02057339456,"1,BH9_04_66TS,-1,BH9_04_66R1,-1,BH9_04_66R2"
BH9_594,BH876,0.008541704,"1,BH9_04_66TS,-1,BH9_04_66P1,-1,BH9_04_66P2"
BH9_595,BH876,0.005657285,"1,BH9_04_67TS,-1,BH9_04_67R1,-1,BH9_04_67R2"
BH9_596,BH876,0.008334536,"1,BH9_04_67TS,-1,BH9_04_67P1,-1,BH9_04_67P2"
BH9_597,BH876,0.005768837,"1,BH9_04_68TS,-1,BH9_04_68R1,-1,BH9_04_68R2"
BH9_598,BH876,0.004382404,"1,BH9_04_68TS,-1,BH9_04_68P1,-1,BH9_04_68P2"
BH9_599,BH876,0.019075409,"1,BH9_04_69TS,-1,BH9_04_69R"
BH9_600,BH876,0.03058121159,"1,BH9_04_69TS,-1,BH9_04_69P"
BH9_601,BH876,0.008222983,"1,BH9_04_70TS,-1,BH9_04_70R1,-1,BH9_04_70R2"
BH9_602,BH876,0.03077244376,"1,BH9_04_70TS,-1,BH9_04_70P1,-1,BH9_04_70P2"
BH9_603,BH876,0.02689999227,"1,BH9_04_71TS,-1,BH9_04_71R1,-1,BH9_04_71R2"
BH9_604,BH876,0.01287629962,"1,BH9_04_71TS,-1,BH9_04_71P1,-1,BH9_04_71P2"
BH9_605,BH876,0.018437969,"1,BH9_04_72TS,-1,BH9_04_72R"
BH9_606,BH876,0.03104335601,"1,BH9_04_72TS,-1,BH9_04_72P"
BH9_607,BH876,0.04780804313,"1,BH9_04_73TS,-1,BH9_04_73R1,-1,BH9_04_73R2"
BH9_608,BH876,0.020286546,"1,BH9_04_73TS,-1,BH9_04_73P1,-1,BH9_04_73P2"
BH9_609,BH876,0.022900053,"1,BH9_04_74TS,-1,BH9_04_74R1,-1,BH9_04_74R2"
BH9_610,BH876,0.01133050622,"1,BH9_04_74TS,-1,BH9_04_74P1,-1,BH9_04_74P2"
BH9_611,BH876,0.003760899,"1,BH9_04_75TS,-1,BH9_04_75R1,-1,BH9_04_75R2"
BH9_612,BH876,0.00839828,"1,BH9_04_75TS,-1,BH9_04_75P1,-1,BH9_04_75P2"
BH9_613,BH876,0.02207137991,"1,BH9_04_76TS,-1,BH9_04_76R"
BH9_614,BH876,0.02929039442,"1,BH9_04_76TS,-1,BH9_04_76P"
BH9_615,BH876,0.020605267,"1,BH9_04_77TS,-1,BH9_04_77R1,-1,BH9_04_77R2"
BH9_616,BH876,0.008605448,"1,BH9_04_77TS,-1,BH9_04_77P1,-1,BH9_04_77P2"
BH9_617,BH876,0.02157736347,"1,BH9_04_78TS,-1,BH9_04_78R"
BH9_618,BH876,0.04729809067,"1,BH9_04_78TS,-1,BH9_04_78P"
BH9_619,BH876,0.02964098674,"1,BH9_04_79TS,-1,BH9_04_79R1,-1,BH9_04_79R2"
BH9_620,BH876,0.01877262494,"1,BH9_04_79TS,-1,BH9_04_79P1,-1,BH9_04_79P2"
BH9_621,BH876,0.003601539,"1,BH9_04_80TS,-1,BH9_04_80R1,-1,BH9_04_80R2"
BH9_622,BH876,0.02564104713,"1,BH9_04_80TS,-1,BH9_04_80P1,-1,BH9_04_80P2"
BH9_623,BH876,-0.000175296,"1,BH9_04_81TS,-1,BH9_04_81R1,-1,BH9_04_81R2"
BH9_624,BH876,0.02304347679,"1,BH9_04_81TS,-1,BH9_04_81P1,-1,BH9_04_81P2"
BH9_625,BH876,0.02611912756,"1,BH9_04_82TS,-1,BH9_04_82R1,-1,BH9_04_82R2"
BH9_626,BH876,0.040604965,"1,BH9_04_82TS,-1,BH9_04_82P1,-1,BH9_04_82P2"
BH9_627,BH876,0.02522671076,"1,BH9_04_83TS,-1,BH9_04_83R1,-1,BH9_04_83R2"
BH9_628,BH876,0.039887844,"1,BH9_04_83TS,-1,BH9_04_83P1,-1,BH9_04_83P2"
BH9_629,BH876,0.01890011305,"1,BH9_04_84TS,-1,BH9_04_84R"
BH9_630,BH876,0.02922665,"1,BH9_04_84TS,-1,BH9_04_84P"
BH9_631,BH876,0.0248283104,"1,BH9_04_85TS,-1,BH9_04_85R1,-1,BH9_04_85R2"
BH9_632,BH876,0.04337783113,"1,BH9_04_85TS,-1,BH9_04_85P1,-1,BH9_04_85P2"
BH9_633,BH876,0.024413974,"1,BH9_04_86TS,-1,BH9_04_86R1,-1,BH9_04_86R2"
BH9_634,BH876,0.032350109,"1,BH9_04_86TS,-1,BH9_04_86P1,-1,BH9_04_86P2"
BH9_635,BH876,0.00611943,"1,BH9_04_87TS,-1,BH9_04_87R1,-1,BH9_04_87R2"
BH9_636,BH876,0.02890793008,"1,BH9_04_87TS,-1,BH9_04_87P1,-1,BH9_04_87P2"
BH9_637,BH876,0.03155330847,"1,BH9_04_88TS,-1,BH9_04_88R"
BH9_638,BH876,0.042214502,"1,BH9_04_88TS,-1,BH9_04_88P"
BH9_639,BH876,0.021465811,"1,BH9_04_89TS,-1,BH9_04_89R1,-1,BH9_04_89R2"
BH9_640,BH876,0.0353620159,"1,BH9_04_89TS,-1,BH9_04_89P1,-1,BH9_04_89P2"
BH9_641,BH876,0.000446208,"1,BH9_04_90TS,-1,BH9_04_90R1,-1,BH9_04_90R2"
BH9_642,BH876,0.045608873,"1,BH9_04_90TS,-1,BH9_04_90P1,-1,BH9_04_90P2"
BH9_643,BH876,0.001354561,"1,BH9_05_1TS,-1,BH9_05_1R"
BH9_644,BH876,0.01035840934,"1,BH9_05_1TS,-1,BH9_05_1P"
BH9_645,BH876,0.035075168,"1,BH9_05_2TS,-1,BH9_05_2R"
BH9_646,BH876,0.03794365023,"1,BH9_05_2TS,-1,BH9_05_2P"
BH9_647,BH876,0.02350562121,"1,BH9_05_3TS,-1,BH9_05_3R"
BH9_648,BH876,0.029593179,"1,BH9_05_3TS,-1,BH9_05_3P"
BH9_649,BH876,0.008748872,"1,BH9_05_4TS,-1,BH9_05_4R"
BH9_650,BH876,0.040238436,"1,BH9_05_4TS,-1,BH9_05_4P"
BH9_651,BH876,0.002406338,"1,BH9_05_5TS,-1,BH9_05_5R1,-1,BH9_05_5R2"
BH9_652,BH876,0.02401557367,"1,BH9_05_5TS,-1,BH9_05_5P1,-1,BH9_05_5P2"
BH9_653,BH876,0.01593601438,"1,BH9_05_6TS,-1,BH9_05_6R"
BH9_654,BH876,0.01902760117,"1,BH9_05_6TS,-1,BH9_05_6P"
BH9_655,BH876,0.02678844017,"1,BH9_05_7TS,-1,BH9_05_7R1,-1,BH9_05_7R2"
BH9_656,BH876,-0.000796801,"1,BH9_05_7TS,-1,BH9_05_7P1,-1,BH9_05_7P2"
BH9_657,BH876,0.001657345,"1,BH9_05_8TS,-1,BH9_05_8R"
BH9_658,BH876,0.0128603636,"1,BH9_05_8TS,-1,BH9_05_8P"
BH9_659,BH876,-0.00392026,"1,BH9_05_9TS,-1,BH9_05_9R"
BH9_660,BH876,0.01367310034,"1,BH9_05_9TS,-1,BH9_05_9P"
BH9_663,BH876,0.023888086,"1,BH9_05_11TS,-1,BH9_05_11R1,-1,BH9_05_11R2"
BH9_664,BH876,-0.006709062,"1,BH9_05_11TS,-1,BH9_05_11P1,-1,BH9_05_11P2"
BH9_667,BH876,0.027186841,"1,BH9_05_13TS,-1,BH9_05_13R1,-1,BH9_05_13R2"
BH9_668,BH876,0.01650971089,"1,BH9_05_13TS,-1,BH9_05_13P1,-1,BH9_05_13P2"
BH9_669,BH876,0.0120794989,"1,BH9_05_14TS,-1,BH9_05_14R1,-1,BH9_05_14R2"
BH9_670,BH876,0.02674063212,"1,BH9_05_14TS,-1,BH9_05_14P1,-1,BH9_05_14P2"
BH9_673,BH876,0.02559323909,"1,BH9_05_16TS,-1,BH9_05_16R1,-1,BH9_05_16R2"
BH9_674,BH876,0.03010313116,"1,BH9_05_16TS,-1,BH9_05_16P1,-1,BH9_05_16P2"
BH9_675,BH876,0.02234229216,"1,BH9_05_17TS,-1,BH9_05_17R1,-1,BH9_05_17R2"
BH9_676,BH876,0.005466053,"1,BH9_05_17TS,-1,BH9_05_17P1,-1,BH9_05_17P2"
BH9_677,BH876,0.032875998,"1,BH9_05_18TS,-1,BH9_05_18R1,-1,BH9_05_18R2"
BH9_678,BH876,-0.153400074,"1,BH9_05_18TS,-1,BH9_05_18P1,-1,BH9_05_18P2"
BH9_679,BH876,0.01998376203,"1,BH9_05_19TS,-1,BH9_05_19R1,-1,BH9_05_19R2"
BH9_680,BH876,0.023394069,"1,BH9_05_19TS,-1,BH9_05_19P1,-1,BH9_05_19P2"
BH9_681,BH876,0.008573576,"1,BH9_05_20TS,-1,BH9_05_20R1,-1,BH9_05_20R2"
BH9_682,BH876,0.02565698315,"1,BH9_05_20TS,-1,BH9_05_20P1,-1,BH9_05_20P2"
BH9_683,BH876,0.005736965,"1,BH9_05_21TS,-1,BH9_05_21R1,-1,BH9_05_21R2"
BH9_684,BH876,0.03118678,"1,BH9_05_21TS,-1,BH9_05_21P1,-1,BH9_05_21P2"
BH9_685,BH876,0.034692703,"1,BH9_05_22TS,-1,BH9_05_22R1,-1,BH9_05_22R2"
BH9_686,BH876,0.022007636,"1,BH9_05_22TS,-1,BH9_05_22P1,-1,BH9_05_22P2"
BH9_687,BH876,0.01996782601,"1,BH9_05_23TS,-1,BH9_05_23R1,-1,BH9_05_23R2"
BH9_688,BH876,0.034660831,"1,BH9_05_23TS,-1,BH9_05_23P1,-1,BH9_05_23P2"
BH9_689,BH876,0.0226132044,"1,BH9_05_24TS,-1,BH9_05_24R1,-1,BH9_05_24R2"
BH9_690,BH876,0.008493896,"1,BH9_05_24TS,-1,BH9_05_24P1,-1,BH9_05_24P2"
BH9_691,BH876,0.015139214,"1,BH9_05_25TS,-1,BH9_05_25R1,-1,BH9_05_25R2"
BH9_692,BH876,0.037991458,"1,BH9_05_25TS,-1,BH9_05_25P1,-1,BH9_05_25P2"
BH9_693,BH876,0.00715527,"1,BH9_05_26TS,-1,BH9_05_26R1,-1,BH9_05_26R2"
BH9_694,BH876,0.027935833,"1,BH9_05_26TS,-1,BH9_05_26P1,-1,BH9_05_26P2"
BH9_695,BH876,0.002454146,"1,BH9_05_27TS,-1,BH9_05_27R1,-1,BH9_05_27R2"
BH9_696,BH876,0.0298162829,"1,BH9_05_27TS,-1,BH9_05_27P1,-1,BH9_05_27P2"
BH9_701,BH876,0.01386433251,"1,BH9_05_30TS,-1,BH9_05_30R1,-1,BH9_05_30R2"
BH9_702,BH876,0.030613084,"1,BH9_05_30TS,-1,BH9_05_30P1,-1,BH9_05_30P2"
BH9_703,BH876,0.02433429395,"1,BH9_05_31TS,-1,BH9_05_31R1,-1,BH9_05_31R2"
BH9_704,BH876,0.02909916225,"1,BH9_05_31TS,-1,BH9_05_31P1,-1,BH9_05_31P2"
BH9_705,BH876,0.007266823,"1,BH9_05_32TS,-1,BH9_05_32R1,-1,BH9_05_32R2"
BH9_706,BH876,0.03129833224,"1,BH9_05_32TS,-1,BH9_05_32P1,-1,BH9_05_32P2"
BH9_707,BH876,0.003139395,"1,BH9_05_33TS,-1,BH9_05_33R1,-1,BH9_05_33R2"
BH9_708,BH876,0.0304855955,"1,BH9_05_33TS,-1,BH9_05_33P1,-1,BH9_05_33P2"
BH9_709,BH876,0.001816706,"1,BH9_05_34TS,-1,BH9_05_34R1,-1,BH9_05_34R2"
BH9_710,BH876,0.033417822,"1,BH9_05_34TS,-1,BH9_05_34P1,-1,BH9_05_34P2"
BH9_711,BH876,0.001179265,"1,BH9_05_35TS,-1,BH9_05_35R1,-1,BH9_05_35R2"
BH9_712,BH876,0.033258462,"1,BH9_05_35TS,-1,BH9_05_35P1,-1,BH9_05_35P2"
BH9_713,BH876,0.016175055,"1,BH9_05_36TS,-1,BH9_05_36R1,-1,BH9_05_36R2"
BH9_714,BH876,0.01623879865,"1,BH9_05_36TS,-1,BH9_05_36P1,-1,BH9_05_36P2"
BH9_717,BH876,0.01316314787,"1,BH9_05_38TS,-1,BH9_05_38R1,-1,BH9_05_38R2"
BH9_718,BH876,0.02752149683,"1,BH9_05_38TS,-1,BH9_05_38P1,-1,BH9_05_38P2"
BH9_719,BH876,0.008509832,"1,BH9_05_39TS,-1,BH9_05_39R1,-1,BH9_05_39R2"
BH9_720,BH876,0.03002345109,"1,BH9_05_39TS,-1,BH9_05_39P1,-1,BH9_05_39P2"
BH9_721,BH876,-0.001848578,"1,BH9_05_40TS,-1,BH9_05_40R1,-1,BH9_05_40R2"
BH9_722,BH876,0.01257351534,"1,BH9_05_40TS,-1,BH9_05_40P1,-1,BH9_05_40P2"
BH9_723,BH876,0.02468488627,"1,BH9_05_41TS,-1,BH9_05_41R1,-1,BH9_05_41R2"
BH9_724,BH876,0.03115490811,"1,BH9_05_41TS,-1,BH9_05_41P1,-1,BH9_05_41P2"
BH9_725,BH876,0.01172890658,"1,BH9_05_42TS,-1,BH9_05_42R1,-1,BH9_05_42R2"
BH9_726,BH876,0.028971674,"1,BH9_05_42TS,-1,BH9_05_42P1,-1,BH9_05_42P2"
BH9_727,BH876,0.0250514146,"1,BH9_06_1TS,-1,BH9_06_1R1,-1,BH9_06_1R2"
BH9_728,BH876,0.01701966335,"1,BH9_06_1TS,-1,BH9_06_1P1,-1,BH9_06_1P2"
BH9_729,BH876,0.003569667,"1,BH9_06_2TS,-1,BH9_06_2R1,-1,BH9_06_2R2"
BH9_730,BH876,0.045178601,"1,BH9_06_2TS,-1,BH9_06_2P"
BH9_731,BH876,0.007665223,"1,BH9_06_3TS,-1,BH9_06_3R1,-1,BH9_06_3R2"
BH9_732,BH876,0.041226469,"1,BH9_06_3TS,-1,BH9_06_3P"
BH9_733,BH876,0.007362439,"1,BH9_06_4TS,-1,BH9_06_4R1,-1,BH9_06_4R2"
BH9_734,BH876,0.04707498647,"1,BH9_06_4TS,-1,BH9_06_4P"
BH9_735,BH876,0.02350562121,"1,BH9_06_5TS,-1,BH9_06_5R1,-1,BH9_06_5R2"
BH9_736,BH876,-0.001689218,"1,BH9_06_5TS,-1,BH9_06_5P"
BH9_737,BH876,0.00643815,"1,BH9_06_6TS,-1,BH9_06_6R1,-1,BH9_06_6R2"
BH9_738,BH876,0.03112303608,"1,BH9_06_6TS,-1,BH9_06_6P"
BH9_739,BH876,0.00619911,"1,BH9_06_7TS,-1,BH9_06_7R1,-1,BH9_06_7R2"
BH9_740,BH876,0.03046965949,"1,BH9_06_7TS,-1,BH9_06_7P1,-1,BH9_06_7P2"
BH9_741,BH876,0.005354501,"1,BH9_06_8TS,-1,BH9_06_8R1,-1,BH9_06_8R2"
BH9_742,BH876,0.034469599,"1,BH9_06_8TS,-1,BH9_06_8P"
BH9_743,BH876,0.009211016,"1,BH9_06_9TS,-1,BH9_06_9R1,-1,BH9_06_9R2"
BH9_744,BH876,0.03364092635,"1,BH9_06_9TS,-1,BH9_06_9P"
BH9_745,BH876,0.005561669,"1,BH9_06_10TS,-1,BH9_06_10R1,-1,BH9_06_10R2"
BH9_746,BH876,0.084253708,"1,BH9_06_10TS,-1,BH9_06_10P"
BH9_747,BH876,0.002087618,"1,BH9_06_11TS,-1,BH9_06_11R1,-1,BH9_06_11R2"
BH9_748,BH876,0.0800466,"1,BH9_06_11TS,-1,BH9_06_11P"
BH9_749,BH876,0.032381981,"1,BH9_06_12TS,-1,BH9_06_12R"
BH9_750,BH876,0.02353749323,"1,BH9_06_12TS,-1,BH9_06_12P"
BH9_751,BH876,0.01882043298,"1,BH9_06_13TS,-1,BH9_06_13R"
BH9_752,BH876,0.02669282408,"1,BH9_06_13TS,-1,BH9_06_13P"
BH9_753,BH876,0.02170485158,"1,BH9_06_14TS,-1,BH9_06_14R"
BH9_754,BH876,0.017226832,"1,BH9_06_14TS,-1,BH9_06_14P"
BH9_755,BH876,0.00211949,"1,BH9_06_15TS,-1,BH9_06_15R1,-1,BH9_06_15R2"
BH9_756,BH876,0.0431228549,"1,BH9_06_15TS,-1,BH9_06_15P"
BH9_757,BH876,0.03005532311,"1,BH9_06_16TS,-1,BH9_06_16R"
BH9_758,BH876,0.085432973,"1,BH9_06_16TS,-1,BH9_06_16P"
BH9_759,BH876,0.03344969418,"1,BH9_06_17TS,-1,BH9_06_17R"
BH9_760,BH876,0.087217807,"1,BH9_06_17TS,-1,BH9_06_17P"
BH9_761,BH876,0.012111371,"1,BH9_06_18TS,-1,BH9_06_18R1,-1,BH9_06_18R2"
BH9_762,BH876,0.02455739815,"1,BH9_06_18TS,-1,BH9_06_18P1,-1,BH9_06_18P2"
BH9_763,BH876,0.00699591,"1,BH9_06_19TS,-1,BH9_06_19R1,-1,BH9_06_19R2"
BH9_764,BH876,0.02191202,"1,BH9_06_19TS,-1,BH9_06_19P"
BH9_765,BH876,0.006374406,"1,BH9_06_20TS,-1,BH9_06_20R1,-1,BH9_06_20R2"
BH9_766,BH876,0.02259726839,"1,BH9_06_20TS,-1,BH9_06_20P"
BH9_767,BH876,-0.002693186,"1,BH9_06_21TS,-1,BH9_06_21R1,-1,BH9_06_21R2"
BH9_768,BH876,0.004047748,"1,BH9_06_21TS,-1,BH9_06_21P1,-1,BH9_06_21P2"
BH9_769,BH876,0.004748932,"1,BH9_06_22TS,-1,BH9_06_22R1,-1,BH9_06_22R2"
BH9_770,BH876,0.02030248232,"1,BH9_06_22TS,-1,BH9_06_22P"
BH9_771,BH876,0.001705154,"1,BH9_06_23TS,-1,BH9_06_23R1,-1,BH9_06_23R2"
BH9_772,BH876,0.04226231013,"1,BH9_06_23TS,-1,BH9_06_23P"
BH9_773,BH876,0.01249383527,"1,BH9_06_24TS,-1,BH9_06_24R1,-1,BH9_06_24R2"
BH9_774,BH876,0.098612057,"1,BH9_06_24TS,-1,BH9_06_24P"
BH9_775,BH876,0.01292410766,"1,BH9_06_25TS,-1,BH9_06_25R1,-1,BH9_06_25R2"
BH9_776,BH876,0.089879121,"1,BH9_06_25TS,-1,BH9_06_25P"
BH9_777,BH876,0.01383246048,"1,BH9_06_26TS,-1,BH9_06_26R1,-1,BH9_06_26R2"
BH9_778,BH876,0.088253648,"1,BH9_06_26TS,-1,BH9_06_26P"
BH9_779,BH876,0.03411900678,"1,BH9_06_27TS,-1,BH9_06_27R"
BH9_780,BH876,0.024716758,"1,BH9_06_27TS,-1,BH9_06_27P"
BH9_781,BH876,0.031999517,"1,BH9_06_28TS,-1,BH9_06_28R"
BH9_782,BH876,0.02446178207,"1,BH9_06_28TS,-1,BH9_06_28P"
BH9_783,BH876,0.029609115,"1,BH9_06_29TS,-1,BH9_06_29R"
BH9_784,BH876,0.03265289346,"1,BH9_06_29TS,-1,BH9_06_29P"
BH9_785,BH876,0.022119188,"1,BH9_06_30TS,-1,BH9_06_30R"
BH9_786,BH876,0.024876118,"1,BH9_06_30TS,-1,BH9_06_30P"
BH9_787,BH876,0.003521859,"1,BH9_06_31TS,-1,BH9_06_31R1,-1,BH9_06_31R2"
BH9_788,BH876,0.02124270716,"1,BH9_06_31TS,-1,BH9_06_31P"
BH9_789,BH876,0.0041593,"1,BH9_06_32TS,-1,BH9_06_32R1,-1,BH9_06_32R2"
BH9_790,BH876,0.02170485158,"1,BH9_06_32TS,-1,BH9_06_32P"
BH9_791,BH876,0.00227885,"1,BH9_06_33TS,-1,BH9_06_33R1,-1,BH9_06_33R2"
BH9_792,BH876,0.0282704895,"1,BH9_06_33TS,-1,BH9_06_33P1,-1,BH9_06_33P2"
BH9_793,BH876,0.002246978,"1,BH9_06_34TS,-1,BH9_06_34R1,-1,BH9_06_34R2"
BH9_794,BH876,0.021784532,"1,BH9_06_34TS,-1,BH9_06_34P"
BH9_795,BH876,0.009226952,"1,BH9_06_35TS,-1,BH9_06_35R1,-1,BH9_06_35R2"
BH9_796,BH876,0.02125864318,"1,BH9_06_35TS,-1,BH9_06_35P"
BH9_797,BH876,0.059425398,"1,BH9_07_1TS,-1,BH9_07_1R"
BH9_798,BH876,0.060875575,"1,BH9_07_1TS,-1,BH9_07_1P"
BH9_799,BH876,0.001338625,"1,BH9_07_2TS,-1,BH9_07_2R"
BH9_800,BH876,0.001195201,"1,BH9_07_2TS,-1,BH9_07_2P"
BH9_801,BH876,0.059568822,"1,BH9_07_3TS,-1,BH9_07_3R"
BH9_802,BH876,0.059186357,"1,BH9_07_3TS,-1,BH9_07_3P"
BH9_803,BH876,0.020286546,"1,BH9_07_4TS,-1,BH9_07_4R1,-1,BH9_07_4R2"
BH9_804,BH876,0.000127488,"1,BH9_07_4TS,-1,BH9_07_4P1,-1,BH9_07_4P2"
BH9_805,BH876,0.01902760117,"1,BH9_07_5TS,-1,BH9_07_5R"
BH9_806,BH876,0.1133369342,"1,BH9_07_5TS,-1,BH9_07_5P"
BH9_807,BH876,0.04876420399,"1,BH9_07_6TS,-1,BH9_07_6R"
BH9_808,BH876,0.005003909,"1,BH9_07_6TS,-1,BH9_07_6P"
BH9_809,BH876,0.004908292,"1,BH9_07_7TS,-1,BH9_07_7R"
BH9_810,BH876,0.052190447,"1,BH9_07_7TS,-1,BH9_07_7P"
BH9_811,BH876,-0.050405613,"1,BH9_07_8TS,-1,BH9_07_8R1,-1,BH9_07_8R2"
BH9_812,BH876,-0.04862078,"1,BH9_07_8TS,-1,BH9_07_8P1,-1,BH9_07_8P2"
BH9_813,BH876,0.007537735,"1,BH9_07_9TS,-1,BH9_07_9R1,-1,BH9_07_9R2"
BH9_814,BH876,0.008987912,"1,BH9_07_9TS,-1,BH9_07_9P1,-1,BH9_07_9P2"
BH9_815,BH876,0.0276011769,"1,BH9_07_10TS,-1,BH9_07_10R1,-1,BH9_07_10R2"
BH9_816,BH876,-0.000748993,"1,BH9_07_10TS,-1,BH9_07_10P1,-1,BH9_07_10P2"
BH9_817,BH876,-0.005115461,"1,BH9_08_1TS,-1,BH9_08_1R1,-1,BH9_08_1R2"
BH9_818,BH876,0.02401557367,"1,BH9_08_1TS,-1,BH9_08_1P1,-1,BH9_08_1P2"
BH9_819,BH876,0.022756629,"1,BH9_08_2TS,-1,BH9_08_2R1,-1,BH9_08_2R2"
BH9_820,BH876,-0.0000796801,"1,BH9_08_2TS,-1,BH9_08_2P1,-1,BH9_08_2P2"
BH9_821,BH876,0.0217207876,"1,BH9_08_3TS,-1,BH9_08_3R1,-1,BH9_08_3R2"
BH9_822,BH876,0.044684584,"1,BH9_08_3TS,-1,BH9_08_3P1,-1,BH9_08_3P2"
BH9_823,BH876,0.03783209813,"1,BH9_08_4TS,-1,BH9_08_4R1,-1,BH9_08_4R2"
BH9_824,BH876,0.047744299,"1,BH9_08_4TS,-1,BH9_08_4P"
BH9_825,BH876,-0.006374406,"1,BH9_08_5TS,-1,BH9_08_5R1,-1,BH9_08_5R2"
BH9_826,BH876,0.007266823,"1,BH9_08_5TS,-1,BH9_08_5P1,-1,BH9_08_5P2"
BH9_827,BH876,0.03343375816,"1,BH9_08_6TS,-1,BH9_08_6R1,-1,BH9_08_6R2"
BH9_828,BH876,0.01690811125,"1,BH9_08_6TS,-1,BH9_08_6P1,-1,BH9_08_6P2"
BH9_829,BH876,0.01450177308,"1,BH9_08_7TS,-1,BH9_08_7R1,-1,BH9_08_7R2"
BH9_830,BH876,0.01890011305,"1,BH9_08_7TS,-1,BH9_08_7P1,-1,BH9_08_7P2"
BH9_831,BH876,0.02850952972,"1,BH9_08_8TS,-1,BH9_08_8R1,-1,BH9_08_8R2"
BH9_832,BH876,0.02517890271,"1,BH9_08_8TS,-1,BH9_08_8P1,-1,BH9_08_8P2"
BH9_833,BH876,0.004908292,"1,BH9_08_9TS,-1,BH9_08_9R1,-1,BH9_08_9R2"
BH9_834,BH876,-0.009083528,"1,BH9_08_9TS,-1,BH9_08_9P1,-1,BH9_08_9P2"
BH9_835,BH876,0.005003909,"1,BH9_08_10TS,-1,BH9_08_10R1,-1,BH9_08_10R2"
BH9_836,BH876,0.009705033,"1,BH9_08_10TS,-1,BH9_08_10P1,-1,BH9_08_10P2"
BH9_837,BH876,-0.004764868,"1,BH9_08_11TS,-1,BH9_08_11R1,-1,BH9_08_11R2"
BH9_838,BH876,0.03145769238,"1,BH9_08_11TS,-1,BH9_08_11P1,-1,BH9_08_11P2"
BH9_839,BH876,0.023521557,"1,BH9_08_12TS,-1,BH9_08_12R1,-1,BH9_08_12R2"
BH9_840,BH876,0.01051776949,"1,BH9_08_12TS,-1,BH9_08_12P1,-1,BH9_08_12P2"
BH9_841,BH876,0.019856274,"1,BH9_08_13TS,-1,BH9_08_13R1,-1,BH9_08_13R2"
BH9_842,BH876,0.03018281123,"1,BH9_08_13TS,-1,BH9_08_13P1,-1,BH9_08_13P2"
BH9_843,BH876,0.05160081455,"1,BH9_08_14TS,-1,BH9_08_14R1,-1,BH9_08_14R2"
BH9_844,BH876,-0.003713091,"1,BH9_08_14TS,-1,BH9_08_14P1,-1,BH9_08_14P2"
BH9_845,BH876,0.02892386609,"1,BH9_08_15TS,-1,BH9_08_15R1,-1,BH9_08_15R2"
BH9_846,BH876,0.004573636,"1,BH9_08_15TS,-1,BH9_08_15P1,-1,BH9_08_15P2"
BH9_847,BH876,-0.001497985,"1,BH9_09_1TS,-1,BH9_09_1R1,-1,BH9_09_1R2"
BH9_848,BH876,0.007665223,"1,BH9_09_1TS,-1,BH9_09_1P"
BH9_849,BH876,-0.006932166,"1,BH9_09_2TS,-1,BH9_09_2R1,-1,BH9_09_2R2"
BH9_850,BH876,0.01011936913,"1,BH9_09_2TS,-1,BH9_09_2P"
BH9_851,BH876,0.03204732491,"1,BH9_09_3TS,-1,BH9_09_3R1,-1,BH9_09_3R2"
BH9_852,BH876,0.046628778,"1,BH9_09_3TS,-1,BH9_09_3P"
BH9_853,BH876,0.02710716045,"1,BH9_09_4TS,-1,BH9_09_4R1,-1,BH9_09_4R2"
BH9_854,BH876,0.039218531,"1,BH9_09_4TS,-1,BH9_09_4P"
BH9_855,BH876,0.029880027,"1,BH9_09_5TS,-1,BH9_09_5R1,-1,BH9_09_5R2"
BH9_856,BH876,0.041433637,"1,BH9_09_5TS,-1,BH9_09_5P"
BH9_857,BH876,0.01150580238,"1,BH9_09_6TS,-1,BH9_09_6R1,-1,BH9_09_6R2"
BH9_858,BH876,0.05145739,"1,BH9_09_6TS,-1,BH9_09_6P"
BH9_859,BH876,0.004334596,"1,BH9_09_7TS,-1,BH9_09_7R1,-1,BH9_09_7R2"
BH9_860,BH876,0.027202777,"1,BH9_09_7TS,-1,BH9_09_7P"
BH9_861,BH876,0.003027843,"1,BH9_09_8TS,-1,BH9_09_8R1,-1,BH9_09_8R2"
BH9_862,BH876,0.0246052062,"1,BH9_09_8TS,-1,BH9_09_8P"
BH9_863,BH876,0.01163329049,"1,BH9_09_9TS,-1,BH9_09_9R1,-1,BH9_09_9R2"
BH9_864,BH876,0.05258884744,"1,BH9_09_9TS,-1,BH9_09_9P"
BH9_865,BH876,0.000350592,"1,BH9_09_10TS,-1,BH9_09_10R"
BH9_866,BH876,0.01168109854,"1,BH9_09_10TS,-1,BH9_09_10P"
BH9_867,BH876,0.049752237,"1,BH9_09_11TS,-1,BH9_09_11R1,-1,BH9_09_11R2"
BH9_868,BH876,0.022501652,"1,BH9_09_11TS,-1,BH9_09_11P"
BH9_869,BH876,0.0219438918,"1,BH9_09_12TS,-1,BH9_09_12R1,-1,BH9_09_12R2"
BH9_870,BH876,0.000541824,"1,BH9_09_12TS,-1,BH9_09_12P"
BH9_871,BH876,0.01144205832,"1,BH9_09_13TS,-1,BH9_09_13R1,-1,BH9_09_13R2"
BH9_872,BH876,0.015139214,"1,BH9_09_13TS,-1,BH9_09_13P"
BH9_873,BH876,0.007792711,"1,BH9_09_14TS,-1,BH9_09_14R1,-1,BH9_09_14R2"
BH9_874,BH876,0.02181640368,"1,BH9_09_14TS,-1,BH9_09_14P"
BH9_875,BH876,0.00863732,"1,BH9_09_15TS,-1,BH9_09_15R1,-1,BH9_09_15R2"
BH9_876,BH876,0.01314721186,"1,BH9_09_15TS,-1,BH9_09_15P"
BH9_877,BH876,0.006087557,"1,BH9_09_16TS,-1,BH9_09_16R1,-1,BH9_09_16R2"
BH9_878,BH876,0.020286546,"1,BH9_09_16TS,-1,BH9_09_16P"
BH9_879,BH876,0.0158563343,"1,BH9_09_17TS,-1,BH9_09_17R1,-1,BH9_09_17R2"
BH9_880,BH876,0.048333932,"1,BH9_09_17TS,-1,BH9_09_17P"
BH9_881,BH876,0.01102772195,"1,BH9_09_18TS,-1,BH9_09_18R1,-1,BH9_09_18R2"
BH9_882,BH876,0.038421731,"1,BH9_09_18TS,-1,BH9_09_18P"
BH9_883,BH876,0.03196764484,"1,BH9_09_19TS,-1,BH9_09_19R"
BH9_884,BH876,0.01537825387,"1,BH9_09_19TS,-1,BH9_09_19P"
BH9_885,BH876,0.002326658,"1,BH9_09_20TS,-1,BH9_09_20R"
BH9_886,BH876,0.017577424,"1,BH9_09_20TS,-1,BH9_09_20P"
BH9_887,BH876,0.00196013,"1,BH9_09_21TS,-1,BH9_09_21R1,-1,BH9_09_21R2"
BH9_888,BH876,0.019011665,"1,BH9_09_21TS,-1,BH9_09_21P"
BH9_889,BH876,0.01945787355,"1,BH9_09_22TS,-1,BH9_09_22R"
BH9_890,BH876,0.005593541,"1,BH9_09_22TS,-1,BH9_09_22P"
BH9_891,BH876,0.01011936913,"1,BH9_09_23TS,-1,BH9_09_23R"
BH9_892,BH876,0.02132238724,"1,BH9_09_23TS,-1,BH9_09_23P"
BH9_893,BH876,0.0120794989,"1,BH9_09_24TS,-1,BH9_09_24R"
BH9_894,BH876,0.035776352,"1,BH9_09_24TS,-1,BH9_09_24P"
BH9_895,BH876,0.005991941,"1,BH9_09_25TS,-1,BH9_09_25R"
BH9_896,BH876,0.01384839649,"1,BH9_09_25TS,-1,BH9_09_25P"
BH9_897,BH876,0.010214985,"1,BH9_09_26TS,-1,BH9_09_26R1,-1,BH9_09_26R2"
BH9_898,BH876,0.008812616,"1,BH9_09_26TS,-1,BH9_09_26P"
BHDIV10_1,BHDIV7,0.040875908,"-1,BHDIV10_ed1,1,BHDIV10_ts1"
BHDIV10_3,BHDIV7,0.058214304,"-1,BHDIV10_ed3,1,BHDIV10_ts3"
BHDIV10_4,BHDIV7,0.153256766,"-1,BHDIV10_ed4,1,BHDIV10_ts4"
BHDIV10_5,BHDIV7,0.025402026,"-1,BHDIV10_ed5,1,BHDIV10_ts5"
BHDIV10_6,BHDIV7,0.02173674,"-1,BHDIV10_ed6,1,BHDIV10_ts6"
BHDIV10_7,BHDIV7,0.043808137,"-1,BHDIV10_ed7,1,BHDIV10_ts7"
BHDIV10_10,BHDIV7,0.10347262,"-1,BHDIV10_ed10,1,BHDIV10_ts10"
BHPERI_3,BHPERI11,0.044780234,"-1,BHPERI_ortho-xylylene,1,BHPERI_TS3"
BHPERI_8,BHPERI11,0.028684848,"-1,BHPERI_1-3-Cyclopentadiene,-1,BHPERI_Ethylene,1,BHPERI_TS8"
BHPERI_9,BHPERI11,0.023107238,"-2,BHPERI_1-3-Cyclopentadiene,1,BHPERI_TS11"
BHPERI_10,BHPERI11,0.04207111,"-1,BHPERI_Cis-triscyclopropacyclohexane,1,BHPERI_TS9"
BHPERI_20,BHPERI11,0.028844208,"-1,BHPERI_02r,-1,BHPERI_00r,1,BHPERI_02ts"
BHPERI_21,BHPERI11,0.026453804,"-1,BHPERI_03r,-1,BHPERI_00r,1,BHPERI_03ts"
BHPERI_22,BHPERI11,0.0364935,"-1,BHPERI_04r,-1,BHPERI_00r,1,BHPERI_04ts"
BHPERI_23,BHPERI11,0.044302153,"-1,BHPERI_05r,-1,BHPERI_00r,1,BHPERI_06ts"
BHPERI_24,BHPERI11,0.033943736,"-1,BHPERI_07r,-1,BHPERI_00r,1,BHPERI_07ts"
BHPERI_25,BHPERI11,0.034421817,"-1,BHPERI_07r,-1,BHPERI_00r,1,BHPERI_08ts"
BHPERI_26,BHPERI11,0.049879763,"-1,BHPERI_09r,-1,BHPERI_00r,1,BHPERI_09ts"
BHROT27_1,BHROT27,0.004350535,"-1,BHROT27_ethane_st,1,BHROT27_ethane_ecl"
BHROT27_2,BHROT27,0.011171155,"-1,BHROT27_tmethane_60,1,BHROT27_tmethane_0"
BHROT27_3,BHROT27,0.005513865,"-1,BHROT27_tmethane_60,1,BHROT27_tmethane_120"
BHROT27_4,BHROT27,0.005928202,"-1,BHROT27_tmethane_180,1,BHROT27_tmethane_120"
BHROT27_5,BHROT27,0.001609539,"-1,BHROT27_methanol_st,1,BHROT27_methanol_ecl"
BHROT27_6,BHROT27,0.003633414,"-1,BHROT27_methylamine_st,1,BHROT27_methylamine_ecl"
BHROT27_7,BHROT27,0.001609539,"-1,BHROT27_h2o2,1,BHROT27_h2o2_trans"
BHROT27_8,BHROT27,0.011426131,"-1,BHROT27_h2o2,1,BHROT27_h2o2_cis"
BHROT27_9,BHROT27,0.009226959,"-1,BHROT27_h2s2,1,BHROT27_h2s2_trans"
BHROT27_10,BHROT27,0.012796629,"-1,BHROT27_h2s2,1,BHROT27_h2s2_cis"
BHROT27_11,BHROT27,0.002581636,"-1,BHROT27_n2h4_st1,1,BHROT27_n2h4_ecl1"
BHROT27_12,BHROT27,0.013402198,"-1,BHROT27_n2h4_st1,1,BHROT27_n2h4_ecl2"
BHROT27_13,BHROT27,0.011011794,"-1,BHROT27_nh2oh_st1,1,BHROT27_nh2oh_ecl"
BHROT27_14,BHROT27,0.004270855,"-1,BHROT27_nh2oh_st2,1,BHROT27_nh2oh_ecl"
BHROT27_15,BHROT27,0.02747371,"-1,BHROT27_acetamide_RC,1,BHROT27_acetamide_TS1"
BHROT27_16,BHROT27,0.02313911,"-1,BHROT27_acetamide_RC,1,BHROT27_acetamide_TS2"
BHROT27_17,BHROT27,0.003346566,"-1,BHROT27_biphenyl,1,BHROT27_biphenyl_TS"
BHROT27_18,BHROT27,0.006199114,"-1,BHROT27_bifuran_anti,1,BHROT27_bifuran_TS"
BHROT27_19,BHROT27,0.00333063,"-1,BHROT27_bifuran_syn,1,BHROT27_bifuran_TS"
BHROT27_20,BHROT27,0.002836613,"-1,BHROT27_bithiophene_anti,1,BHROT27_bithiophene_TS"
BHROT27_21,BHROT27,0.002215108,"-1,BHROT27_bithiophene_syn,1,BHROT27_bithiophene_TS"
BHROT27_22,BHROT27,0.010039697,"-1,BHROT27_butadiene_strans,1,BHROT27_butadiene_TS"
BHROT27_23,BHROT27,0.005338569,"-1,BHROT27_butadiene_scis,1,BHROT27_butadiene_TS"
BHROT27_24,BHROT27,0.016509723,"-1,BHROT27_ethylthiourea_180,1,BHROT27_ethylthiourea_TS1"
BHROT27_25,BHROT27,0.016318491,"-1,BHROT27_ethylthiourea_0,1,BHROT27_ethylthiourea_TS1"
BHROT27_26,BHROT27,0.027409965,"-1,BHROT27_ethylthiourea_180,1,BHROT27_ethylthiourea_TS2"
BHROT27_27,BHROT27,0.027218733,"-1,BHROT27_ethylthiourea_0,1,BHROT27_ethylthiourea_TS2"
BSR36_1,BSR36,0.015202969,"5,BSR36_c2h6,-1,BSR36_h1,-4,BSR36_ch4"
BSR36_2,BSR36,0.015139225,"5,BSR36_c2h6,-1,BSR36_h2,-4,BSR36_ch4"
BSR36_3,BSR36,0.017673053,"5,BSR36_c2h6,-1,BSR36_h3,-4,BSR36_ch4"
BSR36_4,BSR36,0.014103383,"5,BSR36_c2h6,-1,BSR36_h4,-4,BSR36_ch4"
BSR36_5,BSR36,0.013768727,"5,BSR36_c2h6,-1,BSR36_h5,-4,BSR36_ch4"
BSR36_6,BSR36,0.017226845,"6,BSR36_c2h6,-1,BSR36_h6,-5,BSR36_ch4"
BSR36_7,BSR36,0.020302498,"6,BSR36_c2h6,-1,BSR36_h7,-5,BSR36_ch4"
BSR36_8,BSR36,0.018645151,"6,BSR36_c2h6,-1,BSR36_h8,-5,BSR36_ch4"
BSR36_9,BSR36,0.021035555,"6,BSR36_c2h6,-1,BSR36_h9,-5,BSR36_ch4"
BSR36_10,BSR36,0.017641181,"6,BSR36_c2h6,-1,BSR36_h10,-5,BSR36_ch4"
BSR36_11,BSR36,0.019904097,"6,BSR36_c2h6,-1,BSR36_h11,-5,BSR36_ch4"
BSR36_12,BSR36,0.019680993,"6,BSR36_c2h6,-1,BSR36_h12,-5,BSR36_ch4"
BSR36_13,BSR36,0.017513693,"6,BSR36_c2h6,-1,BSR36_h13,-5,BSR36_ch4"
BSR36_14,BSR36,0.015665114,"6,BSR36_c2h6,-1,BSR36_h14,-5,BSR36_ch4"
BSR36_15,BSR36,0.02274071,"7,BSR36_c2h6,-1,BSR36_h15,-6,BSR36_ch4"
BSR36_16,BSR36,0.00356967,"5,BSR36_c2h6,-1,BSR36_r1,-5,BSR36_ch4"
BSR36_17,BSR36,0.016828444,"6,BSR36_c2h6,-1,BSR36_r2,-6,BSR36_ch4"
BSR36_18,BSR36,0.009736912,"6,BSR36_c2h6,-1,BSR36_r3,-6,BSR36_ch4"
BSR36_19,BSR36,0.023378151,"7,BSR36_c2h6,-1,BSR36_r4,-7,BSR36_ch4"
BSR36_20,BSR36,0.016270683,"7,BSR36_c2h6,-1,BSR36_r5,-7,BSR36_ch4"
BSR36_21,BSR36,0.015585434,"7,BSR36_c2h6,-1,BSR36_r6,-7,BSR36_ch4"
BSR36_22,BSR36,0.013896215,"7,BSR36_c2h6,-1,BSR36_r7,-7,BSR36_ch4"
BSR36_23,BSR36,0.016095387,"7,BSR36_c2h6,-1,BSR36_r8,-7,BSR36_ch4"
BSR36_24,BSR36,0.015091417,"7,BSR36_c2h6,-1,BSR36_r9,-7,BSR36_ch4"
BSR36_25,BSR36,0.029561329,"11,BSR36_c2h6,-1,BSR36_r10,-12,BSR36_ch4"
BSR36_26,BSR36,0.014230872,"11,BSR36_c2h6,-1,BSR36_r11,-12,BSR36_ch4"
BSR36_27,BSR36,0.023202854,"11,BSR36_c2h6,-1,BSR36_r12,-12,BSR36_ch4"
BSR36_28,BSR36,0.040668739,"11,BSR36_c2h6,-1,BSR36_r13,-12,BSR36_ch4"
BSR36_29,BSR36,0.036429756,"11,BSR36_c2h6,-1,BSR36_r14,-12,BSR36_ch4"
BSR36_30,BSR36,0.043425672,"13,BSR36_c2h6,-1,BSR36_r15,-14,BSR36_ch4"
BSR36_31,BSR36,0.039776322,"12,BSR36_c2h6,-1,BSR36_r16,-12,BSR36_ch4"
BSR36_32,BSR36,0.042740423,"12,BSR36_c2h6,-1,BSR36_c1,-14,BSR36_ch4"
BSR36_33,BSR36,0.061098725,"14,BSR36_c2h6,-1,BSR36_c2,-16,BSR36_ch4"
BSR36_34,BSR36,0.049545106,"14,BSR36_c2h6,-1,BSR36_c3,-16,BSR36_ch4"
BSR36_35,BSR36,0.079393284,"16,BSR36_c2h6,-1,BSR36_c4,-18,BSR36_ch4"
BSR36_36,BSR36,0.072445176,"18,BSR36_c2h6,-1,BSR36_c5,-22,BSR36_ch4"
BUT14DIOL_1,BUT14DIOL,0.00023904,"-1,BUT14DIOL_B1,1,BUT14DIOL_B2"
BUT14DIOL_2,BUT14DIOL,0.000478081,"-1,BUT14DIOL_B1,1,BUT14DIOL_B3"
BUT14DIOL_3,BUT14DIOL,0.002087619,"-1,BUT14DIOL_B1,1,BUT14DIOL_B4"
BUT14DIOL_4,BUT14DIOL,0.002294788,"-1,BUT14DIOL_B1,1,BUT14DIOL_B5"
BUT14DIOL_5,BUT14DIOL,0.002740997,"-1,BUT14DIOL_B1,1,BUT14DIOL_B6"
BUT14DIOL_6,BUT14DIOL,0.003298757,"-1,BUT14DIOL_B1,1,BUT14DIOL_B7"
BUT14DIOL_7,BUT14DIOL,0.002820677,"-1,BUT14DIOL_B1,1,BUT14DIOL_B8"
BUT14DIOL_8,BUT14DIOL,0.003585606,"-1,BUT14DIOL_B1,1,BUT14DIOL_B9"
BUT14DIOL_9,BUT14DIOL,0.003235013,"-1,BUT14DIOL_B1,1,BUT14DIOL_B10"
BUT14DIOL_10,BUT14DIOL,0.003346566,"-1,BUT14DIOL_B1,1,BUT14DIOL_B11"
BUT14DIOL_11,BUT14DIOL,0.003187205,"-1,BUT14DIOL_B1,1,BUT14DIOL_B12"
BUT14DIOL_12,BUT14DIOL,0.003426246,"-1,BUT14DIOL_B1,1,BUT14DIOL_B13"
BUT14DIOL_13,BUT14DIOL,0.003537798,"-1,BUT14DIOL_B1,1,BUT14DIOL_B14"
BUT14DIOL_14,BUT14DIOL,0.003856518,"-1,BUT14DIOL_B1,1,BUT14DIOL_B15"
BUT14DIOL_15,BUT14DIOL,0.003553734,"-1,BUT14DIOL_B1,1,BUT14DIOL_B16"
BUT14DIOL_16,BUT14DIOL,0.003585606,"-1,BUT14DIOL_B1,1,BUT14DIOL_B17"
BUT14DIOL_17,BUT14DIOL,0.004111495,"-1,BUT14DIOL_B1,1,BUT14DIOL_B18"
BUT14DIOL_18,BUT14DIOL,0.004127431,"-1,BUT14DIOL_B1,1,BUT14DIOL_B19"
BUT14DIOL_19,BUT14DIOL,0.004191175,"-1,BUT14DIOL_B1,1,BUT14DIOL_B20"
BUT14DIOL_20,BUT14DIOL,0.003952135,"-1,BUT14DIOL_B1,1,BUT14DIOL_B21"
BUT14DIOL_21,BUT14DIOL,0.004366471,"-1,BUT14DIOL_B1,1,BUT14DIOL_B22"
BUT14DIOL_22,BUT14DIOL,0.004063687,"-1,BUT14DIOL_B1,1,BUT14DIOL_B23"
BUT14DIOL_23,BUT14DIOL,0.004031815,"-1,BUT14DIOL_B1,1,BUT14DIOL_B24"
BUT14DIOL_24,BUT14DIOL,0.004334599,"-1,BUT14DIOL_B1,1,BUT14DIOL_B25"
BUT14DIOL_25,BUT14DIOL,0.004286791,"-1,BUT14DIOL_B1,1,BUT14DIOL_B26"
BUT14DIOL_26,BUT14DIOL,0.003968071,"-1,BUT14DIOL_B1,1,BUT14DIOL_B27"
BUT14DIOL_27,BUT14DIOL,0.004334599,"-1,BUT14DIOL_B1,1,BUT14DIOL_B28"
BUT14DIOL_28,BUT14DIOL,0.004509895,"-1,BUT14DIOL_B1,1,BUT14DIOL_B29"
BUT14DIOL_29,BUT14DIOL,0.004541768,"-1,BUT14DIOL_B1,1,BUT14DIOL_B30"
BUT14DIOL_30,BUT14DIOL,0.004541768,"-1,BUT14DIOL_B1,1,BUT14DIOL_B31"
BUT14DIOL_31,BUT14DIOL,0.004015879,"-1,BUT14DIOL_B1,1,BUT14DIOL_B32"
BUT14DIOL_32,BUT14DIOL,0.004191175,"-1,BUT14DIOL_B1,1,BUT14DIOL_B33"
BUT14DIOL_33,BUT14DIOL,0.004940168,"-1,BUT14DIOL_B1,1,BUT14DIOL_B34"
BUT14DIOL_34,BUT14DIOL,0.004334599,"-1,BUT14DIOL_B1,1,BUT14DIOL_B35"
BUT14DIOL_35,BUT14DIOL,0.004509895,"-1,BUT14DIOL_B1,1,BUT14DIOL_B36"
BUT14DIOL_36,BUT14DIOL,0.004446151,"-1,BUT14DIOL_B1,1,BUT14DIOL_B37"
BUT14DIOL_37,BUT14DIOL,0.004446151,"-1,BUT14DIOL_B1,1,BUT14DIOL_B38"
BUT14DIOL_38,BUT14DIOL,0.004876424,"-1,BUT14DIOL_B1,1,BUT14DIOL_B39"
BUT14DIOL_39,BUT14DIOL,0.004940168,"-1,BUT14DIOL_B1,1,BUT14DIOL_B40"
BUT14DIOL_40,BUT14DIOL,0.005258889,"-1,BUT14DIOL_B1,1,BUT14DIOL_B41"
BUT14DIOL_41,BUT14DIOL,0.005019848,"-1,BUT14DIOL_B1,1,BUT14DIOL_B42"
BUT14DIOL_42,BUT14DIOL,0.005242953,"-1,BUT14DIOL_B1,1,BUT14DIOL_B43"
BUT14DIOL_43,BUT14DIOL,0.005721033,"-1,BUT14DIOL_B1,1,BUT14DIOL_B44"
BUT14DIOL_44,BUT14DIOL,0.005067656,"-1,BUT14DIOL_B1,1,BUT14DIOL_B45"
BUT14DIOL_45,BUT14DIOL,0.005067656,"-1,BUT14DIOL_B1,1,BUT14DIOL_B46"
BUT14DIOL_46,BUT14DIOL,0.005370441,"-1,BUT14DIOL_B1,1,BUT14DIOL_B47"
BUT14DIOL_47,BUT14DIOL,0.005497929,"-1,BUT14DIOL_B1,1,BUT14DIOL_B48"
BUT14DIOL_48,BUT14DIOL,0.005306697,"-1,BUT14DIOL_B1,1,BUT14DIOL_B49"
BUT14DIOL_49,BUT14DIOL,0.005306697,"-1,BUT14DIOL_B1,1,BUT14DIOL_B50"
BUT14DIOL_50,BUT14DIOL,0.005370441,"-1,BUT14DIOL_B1,1,BUT14DIOL_B51"
BUT14DIOL_51,BUT14DIOL,0.005752906,"-1,BUT14DIOL_B1,1,BUT14DIOL_B52"
BUT14DIOL_52,BUT14DIOL,0.005450121,"-1,BUT14DIOL_B1,1,BUT14DIOL_B53"
BUT14DIOL_53,BUT14DIOL,0.005019848,"-1,BUT14DIOL_B1,1,BUT14DIOL_B54"
BUT14DIOL_54,BUT14DIOL,0.005274825,"-1,BUT14DIOL_B1,1,BUT14DIOL_B55"
BUT14DIOL_55,BUT14DIOL,0.005497929,"-1,BUT14DIOL_B1,1,BUT14DIOL_B56"
BUT14DIOL_56,BUT14DIOL,0.005290761,"-1,BUT14DIOL_B1,1,BUT14DIOL_B57"
BUT14DIOL_57,BUT14DIOL,0.005689161,"-1,BUT14DIOL_B1,1,BUT14DIOL_B58"
BUT14DIOL_58,BUT14DIOL,0.005609481,"-1,BUT14DIOL_B1,1,BUT14DIOL_B59"
BUT14DIOL_59,BUT14DIOL,0.005577609,"-1,BUT14DIOL_B1,1,BUT14DIOL_B60"
BUT14DIOL_60,BUT14DIOL,0.00581665,"-1,BUT14DIOL_B1,1,BUT14DIOL_B61"
BUT14DIOL_61,BUT14DIOL,0.006023818,"-1,BUT14DIOL_B1,1,BUT14DIOL_B62"
BUT14DIOL_62,BUT14DIOL,0.006613451,"-1,BUT14DIOL_B1,1,BUT14DIOL_B63"
BUT14DIOL_63,BUT14DIOL,0.006868427,"-1,BUT14DIOL_B1,1,BUT14DIOL_B64"
BUT14DIOL_64,BUT14DIOL,0.007489932,"-1,BUT14DIOL_B1,1,BUT14DIOL_B65"
Bauza30_1,Bauza30,-0.06997503624,"1,11_Cl-_ClF_dim_Bauza30,-1,11_Cl-_ClF_monA_Bauza30,-1,11_Cl-_ClF_monB_Bauza30"
Bauza30_2,Bauza30,-0.06790335445,"1,12_Br-_ClF_dim_Bauza30,-1,12_Br-_ClF_monA_Bauza30,-1,12_Br-_ClF_monB_Bauza30"
Bauza30_3,Bauza30,-0.07397497568,"1,13_Cl-_BrF_dim_Bauza30,-1,13_Cl-_BrF_monA_Bauza30,-1,13_Cl-_BrF_monB_Bauza30"
Bauza30_4,Bauza30,-0.06959257191,"1,14_Br-_BrF_dim_Bauza30,-1,14_Br-_BrF_monA_Bauza30,-1,14_Br-_BrF_monB_Bauza30"
Bauza30_5,Bauza30,-0.0192825766,"1,15_H3N_ClF_dim_Bauza30,-1,15_H3N_ClF_monA_Bauza30,-1,15_H3N_ClF_monB_Bauza30"
Bauza30_6,Bauza30,-0.02554542999,"1,16_H3N_BrF_dim_Bauza30,-1,16_H3N_BrF_monA_Bauza30,-1,16_H3N_BrF_monB_Bauza30"
Bauza30_7,Bauza30,-0.05023031524,"1,17_Cl-_SF2_dim_Bauza30,-1,17_Cl-_SF2_monA_Bauza30,-1,17_Cl-_SF2_monB_Bauza30"
Bauza30_8,Bauza30,-0.04111491539,"1,18_Br-_SF2_dim_Bauza30,-1,18_Br-_SF2_monA_Bauza30,-1,18_Br-_SF2_monB_Bauza30"
Bauza30_9,Bauza30,-0.06527391219,"1,19_Cl-_SeF2_dim_Bauza30,-1,19_Cl-_SeF2_monA_Bauza30,-1,19_Cl-_SeF2_monB_Bauza30"
Bauza30_10,Bauza30,-0.0565728487,"1,20_Br-_SeF2_dim_Bauza30,-1,20_Br-_SeF2_monA_Bauza30,-1,20_Br-_SeF2_monB_Bauza30"
Bauza30_11,Bauza30,-0.01271693895,"1,21_H3N_SF2_dim_Bauza30,-1,21_H3N_SF2_monA_Bauza30,-1,21_H3N_SF2_monB_Bauza30"
Bauza30_12,Bauza30,-0.02108334615,"1,22_H3N_SeF2_dim_Bauza30,-1,22_H3N_SeF2_monA_Bauza30,-1,22_H3N_SeF2_monB_Bauza30"
Bauza30_13,Bauza30,-0.01520295709,"1,23_Cl-_S_CF2_dim_Bauza30,-1,23_Cl-_S_CF2_monA_Bauza30,-1,23_Cl-_S_CF2_monB_Bauza30"
Bauza30_14,Bauza30,-0.0124300907,"1,24_Br-_S_CF2_dim_Bauza30,-1,24_Br-_S_CF2_monA_Bauza30,-1,24_Br-_S_CF2_monB_Bauza30"
Bauza30_15,Bauza30,-0.02168891467,"1,25_Cl-_Se_CF2_dim_Bauza30,-1,25_Cl-_Se_CF2_monA_Bauza30,-1,25_Cl-_Se_CF2_monB_Bauza30"
Bauza30_16,Bauza30,-0.01788020739,"1,26_Br-_Se_CF2_dim_Bauza30,-1,26_Br-_Se_CF2_monA_Bauza30,-1,26_Br-_Se_CF2_monB_Bauza30"
Bauza30_17,Bauza30,-0.002661314291,"1,27_H3N_S_CF2_dim_Bauza30,-1,27_H3N_S_CF2_monA_Bauza30,-1,27_H3N_S_CF2_monB_Bauza30"
Bauza30_18,Bauza30,-0.004350531745,"1,28_H3N_Se_CF2_dim_Bauza30,-1,28_H3N_Se_CF2_monA_Bauza30,-1,28_H3N_Se_CF2_monB_Bauza30"
Bauza30_19,Bauza30,-0.01341812355,"1,29_Cl-_S_PF3_dim_Bauza30,-1,29_Cl-_S_PF3_monA_Bauza30,-1,29_Cl-_S_PF3_monB_Bauza30"
Bauza30_20,Bauza30,-0.01077274527,"1,30_Br-_S_PF3_dim_Bauza30,-1,30_Br-_S_PF3_monA_Bauza30,-1,30_Br-_S_PF3_monB_Bauza30"
Bauza30_21,Bauza30,-0.02462114119,"1,31_Cl-_Se_PF3_dim_Bauza30,-1,31_Cl-_Se_PF3_monA_Bauza30,-1,31_Cl-_Se_PF3_monB_Bauza30"
Bauza30_22,Bauza30,-0.01988814512,"1,32_Br-_Se_PF3_dim_Bauza30,-1,32_Br-_Se_PF3_monA_Bauza30,-1,32_Br-_Se_PF3_monB_Bauza30"
Bauza30_23,Bauza30,-0.002262913948,"1,33_H3N_S_PF3_dim_Bauza30,-1,33_H3N_S_PF3_monA_Bauza30,-1,33_H3N_S_PF3_monB_Bauza30"
Bauza30_24,Bauza30,-0.004525827896,"1,34_H3N_Se_PF3_dim_Bauza30,-1,34_H3N_Se_PF3_monA_Bauza30,-1,34_H3N_Se_PF3_monB_Bauza30"
Bauza30_25,Bauza30,-0.03405526132,"1,35_Cl-_PF3_dim_Bauza30,-1,35_Cl-_PF3_monA_Bauza30,-1,35_Cl-_PF3_monB_Bauza30"
Bauza30_26,Bauza30,-0.02506734958,"1,36_Br-_PF3_dim_Bauza30,-1,36_Br-_PF3_monA_Bauza30,-1,36_Br-_PF3_monB_Bauza30"
Bauza30_27,Bauza30,-0.05458084698,"1,37_Cl-_AsF3_dim_Bauza30,-1,37_Cl-_AsF3_monA_Bauza30,-1,37_Cl-_AsF3_monB_Bauza30"
Bauza30_28,Bauza30,-0.04369654961,"1,38_Br-_AsF3_dim_Bauza30,-1,38_Br-_AsF3_monA_Bauza30,-1,38_Br-_AsF3_monB_Bauza30"
Bauza30_29,Bauza30,-0.007728966653,"1,39_H3N_PF3_dim_Bauza30,-1,39_H3N_PF3_monA_Bauza30,-1,39_H3N_PF3_monB_Bauza30"
Bauza30_30,Bauza30,-0.01483642877,"1,40_H3N_AsF3_dim_Bauza30,-1,40_H3N_AsF3_monA_Bauza30,-1,40_H3N_AsF3_monB_Bauza30"
BzDC215_1,BzDC215,0.000440471419,"1,11_Benzene_Ne_2p800_BzDC215,-1,11_Benzene_Ne_monA_BzDC215,-1,11_Benzene_Ne_monB_BzDC215"
BzDC215_2,BzDC215,-0.00005832581,"1,11_Benzene_Ne_2p900_BzDC215,-1,11_Benzene_Ne_monA_BzDC215,-1,11_Benzene_Ne_monB_BzDC215"
BzDC215_3,BzDC215,-0.000366050235,"1,11_Benzene_Ne_3p000_BzDC215,-1,11_Benzene_Ne_monA_BzDC215,-1,11_Benzene_Ne_monB_BzDC215"
BzDC215_4,BzDC215,-0.000542621267,"1,11_Benzene_Ne_3p100_BzDC215,-1,11_Benzene_Ne_monA_BzDC215,-1,11_Benzene_Ne_monB_BzDC215"
BzDC215_5,BzDC215,-0.000595688193,"1,11_Benzene_Ne_3p150_BzDC215,-1,11_Benzene_Ne_monA_BzDC215,-1,11_Benzene_Ne_monB_BzDC215"
BzDC215_6,BzDC215,-0.000631066143,"1,11_Benzene_Ne_3p200_BzDC215,-1,11_Benzene_Ne_monA_BzDC215,-1,11_Benzene_Ne_monB_BzDC215"
BzDC215_7,BzDC215,-0.000651942321,"1,11_Benzene_Ne_3p250_BzDC215,-1,11_Benzene_Ne_monA_BzDC215,-1,11_Benzene_Ne_monB_BzDC215"
BzDC215_8,BzDC215,-0.000661344569,"1,11_Benzene_Ne_3p300_BzDC215,-1,11_Benzene_Ne_monA_BzDC215,-1,11_Benzene_Ne_monB_BzDC215"
BzDC215_9,BzDC215,-0.00066166329,"1,11_Benzene_Ne_3p350_BzDC215,-1,11_Benzene_Ne_monA_BzDC215,-1,11_Benzene_Ne_monB_BzDC215"
BzDC215_10,BzDC215,-0.000654810804,"1,11_Benzene_Ne_3p400_BzDC215,-1,11_Benzene_Ne_monA_BzDC215,-1,11_Benzene_Ne_monB_BzDC215"
BzDC215_11,BzDC215,-0.000625807259,"1,11_Benzene_Ne_3p500_BzDC215,-1,11_Benzene_Ne_monA_BzDC215,-1,11_Benzene_Ne_monB_BzDC215"
BzDC215_12,BzDC215,-0.000584214263,"1,11_Benzene_Ne_3p600_BzDC215,-1,11_Benzene_Ne_monA_BzDC215,-1,11_Benzene_Ne_monB_BzDC215"
BzDC215_13,BzDC215,-0.000536724942,"1,11_Benzene_Ne_3p700_BzDC215,-1,11_Benzene_Ne_monA_BzDC215,-1,11_Benzene_Ne_monB_BzDC215"
BzDC215_14,BzDC215,-0.00048748266,"1,11_Benzene_Ne_3p800_BzDC215,-1,11_Benzene_Ne_monA_BzDC215,-1,11_Benzene_Ne_monB_BzDC215"
BzDC215_15,BzDC215,-0.000439196538,"1,11_Benzene_Ne_3p900_BzDC215,-1,11_Benzene_Ne_monA_BzDC215,-1,11_Benzene_Ne_monB_BzDC215"
BzDC215_16,BzDC215,-0.000393460179,"1,11_Benzene_Ne_4p000_BzDC215,-1,11_Benzene_Ne_monA_BzDC215,-1,11_Benzene_Ne_monB_BzDC215"
BzDC215_17,BzDC215,-0.000294656894,"1,11_Benzene_Ne_4p250_BzDC215,-1,11_Benzene_Ne_monA_BzDC215,-1,11_Benzene_Ne_monB_BzDC215"
BzDC215_18,BzDC215,-0.000218164028,"1,11_Benzene_Ne_4p500_BzDC215,-1,11_Benzene_Ne_monA_BzDC215,-1,11_Benzene_Ne_monB_BzDC215"
BzDC215_19,BzDC215,-0.00016206926,"1,11_Benzene_Ne_4p750_BzDC215,-1,11_Benzene_Ne_monA_BzDC215,-1,11_Benzene_Ne_monB_BzDC215"
BzDC215_20,BzDC215,-0.000121432425,"1,11_Benzene_Ne_5p000_BzDC215,-1,11_Benzene_Ne_monA_BzDC215,-1,11_Benzene_Ne_monB_BzDC215"
BzDC215_21,BzDC215,-0.00006979974,"1,11_Benzene_Ne_5p500_BzDC215,-1,11_Benzene_Ne_monA_BzDC215,-1,11_Benzene_Ne_monB_BzDC215"
BzDC215_22,BzDC215,-0.000041274276,"1,11_Benzene_Ne_6p000_BzDC215,-1,11_Benzene_Ne_monA_BzDC215,-1,11_Benzene_Ne_monB_BzDC215"
BzDC215_23,BzDC215,-0.000024860181,"1,11_Benzene_Ne_6p500_BzDC215,-1,11_Benzene_Ne_monA_BzDC215,-1,11_Benzene_Ne_monB_BzDC215"
BzDC215_24,BzDC215,-0.000015457933,"1,11_Benzene_Ne_7p000_BzDC215,-1,11_Benzene_Ne_monA_BzDC215,-1,11_Benzene_Ne_monB_BzDC215"
BzDC215_25,BzDC215,-0.003728230409,"1,12_Benzene_HF_2p800_BzDC215,-1,12_Benzene_HF_monA_BzDC215,-1,12_Benzene_HF_monB_BzDC215"
BzDC215_26,BzDC215,-0.005244064034,"1,12_Benzene_HF_2p900_BzDC215,-1,12_Benzene_HF_monA_BzDC215,-1,12_Benzene_HF_monB_BzDC215"
BzDC215_27,BzDC215,-0.006131381278,"1,12_Benzene_HF_3p000_BzDC215,-1,12_Benzene_HF_monA_BzDC215,-1,12_Benzene_HF_monB_BzDC215"
BzDC215_28,BzDC215,-0.006567868694,"1,12_Benzene_HF_3p100_BzDC215,-1,12_Benzene_HF_monA_BzDC215,-1,12_Benzene_HF_monB_BzDC215"
BzDC215_29,BzDC215,-0.006661253734,"1,12_Benzene_HF_3p150_BzDC215,-1,12_Benzene_HF_monA_BzDC215,-1,12_Benzene_HF_monB_BzDC215"
BzDC215_30,BzDC215,-0.006690097919,"1,12_Benzene_HF_3p200_BzDC215,-1,12_Benzene_HF_monA_BzDC215,-1,12_Benzene_HF_monB_BzDC215"
BzDC215_31,BzDC215,-0.006666034538,"1,12_Benzene_HF_3p250_BzDC215,-1,12_Benzene_HF_monA_BzDC215,-1,12_Benzene_HF_monB_BzDC215"
BzDC215_32,BzDC215,-0.00659894392,"1,12_Benzene_HF_3p300_BzDC215,-1,12_Benzene_HF_monA_BzDC215,-1,12_Benzene_HF_monB_BzDC215"
BzDC215_33,BzDC215,-0.006368827882,"1,12_Benzene_HF_3p400_BzDC215,-1,12_Benzene_HF_monA_BzDC215,-1,12_Benzene_HF_monB_BzDC215"
BzDC215_34,BzDC215,-0.006053772891,"1,12_Benzene_HF_3p500_BzDC215,-1,12_Benzene_HF_monA_BzDC215,-1,12_Benzene_HF_monB_BzDC215"
BzDC215_35,BzDC215,-0.00569218474,"1,12_Benzene_HF_3p600_BzDC215,-1,12_Benzene_HF_monA_BzDC215,-1,12_Benzene_HF_monB_BzDC215"
BzDC215_36,BzDC215,-0.005310517211,"1,12_Benzene_HF_3p700_BzDC215,-1,12_Benzene_HF_monA_BzDC215,-1,12_Benzene_HF_monB_BzDC215"
BzDC215_37,BzDC215,-0.004926937361,"1,12_Benzene_HF_3p800_BzDC215,-1,12_Benzene_HF_monA_BzDC215,-1,12_Benzene_HF_monB_BzDC215"
BzDC215_38,BzDC215,-0.0045533972,"1,12_Benzene_HF_3p900_BzDC215,-1,12_Benzene_HF_monA_BzDC215,-1,12_Benzene_HF_monB_BzDC215"
BzDC215_39,BzDC215,-0.004197067933,"1,12_Benzene_HF_4p000_BzDC215,-1,12_Benzene_HF_monA_BzDC215,-1,12_Benzene_HF_monB_BzDC215"
BzDC215_40,BzDC215,-0.003404569971,"1,12_Benzene_HF_4p250_BzDC215,-1,12_Benzene_HF_monA_BzDC215,-1,12_Benzene_HF_monB_BzDC215"
BzDC215_41,BzDC215,-0.002759958216,"1,12_Benzene_HF_4p500_BzDC215,-1,12_Benzene_HF_monA_BzDC215,-1,12_Benzene_HF_monB_BzDC215"
BzDC215_42,BzDC215,-0.002248252815,"1,12_Benzene_HF_4p750_BzDC215,-1,12_Benzene_HF_monA_BzDC215,-1,12_Benzene_HF_monB_BzDC215"
BzDC215_43,BzDC215,-0.001844593588,"1,12_Benzene_HF_5p000_BzDC215,-1,12_Benzene_HF_monA_BzDC215,-1,12_Benzene_HF_monB_BzDC215"
BzDC215_44,BzDC215,-0.001270578374,"1,12_Benzene_HF_5p500_BzDC215,-1,12_Benzene_HF_monA_BzDC215,-1,12_Benzene_HF_monB_BzDC215"
BzDC215_45,BzDC215,-0.000899906695,"1,12_Benzene_HF_6p000_BzDC215,-1,12_Benzene_HF_monA_BzDC215,-1,12_Benzene_HF_monB_BzDC215"
BzDC215_46,BzDC215,-0.000653854643,"1,12_Benzene_HF_6p500_BzDC215,-1,12_Benzene_HF_monA_BzDC215,-1,12_Benzene_HF_monB_BzDC215"
BzDC215_47,BzDC215,-0.000485570338,"1,12_Benzene_HF_7p000_BzDC215,-1,12_Benzene_HF_monA_BzDC215,-1,12_Benzene_HF_monB_BzDC215"
BzDC215_48,BzDC215,0.000656245045,"1,13_Benzene_H2O_2p800_BzDC215,-1,13_Benzene_H2O_monA_BzDC215,-1,13_Benzene_H2O_monB_BzDC215"
BzDC215_49,BzDC215,-0.001720292681,"1,13_Benzene_H2O_2p900_BzDC215,-1,13_Benzene_H2O_monA_BzDC215,-1,13_Benzene_H2O_monB_BzDC215"
BzDC215_50,BzDC215,-0.003242500711,"1,13_Benzene_H2O_3p000_BzDC215,-1,13_Benzene_H2O_monA_BzDC215,-1,13_Benzene_H2O_monB_BzDC215"
BzDC215_51,BzDC215,-0.004152287734,"1,13_Benzene_H2O_3p100_BzDC215,-1,13_Benzene_H2O_monA_BzDC215,-1,13_Benzene_H2O_monB_BzDC215"
BzDC215_52,BzDC215,-0.004631324307,"1,13_Benzene_H2O_3p200_BzDC215,-1,13_Benzene_H2O_monA_BzDC215,-1,13_Benzene_H2O_monB_BzDC215"
BzDC215_53,BzDC215,-0.004752438011,"1,13_Benzene_H2O_3p250_BzDC215,-1,13_Benzene_H2O_monA_BzDC215,-1,13_Benzene_H2O_monB_BzDC215"
BzDC215_54,BzDC215,-0.004813154223,"1,13_Benzene_H2O_3p300_BzDC215,-1,13_Benzene_H2O_monA_BzDC215,-1,13_Benzene_H2O_monB_BzDC215"
BzDC215_55,BzDC215,-0.004824468793,"1,13_Benzene_H2O_3p350_BzDC215,-1,13_Benzene_H2O_monA_BzDC215,-1,13_Benzene_H2O_monB_BzDC215"
BzDC215_56,BzDC215,-0.004795943328,"1,13_Benzene_H2O_3p400_BzDC215,-1,13_Benzene_H2O_monA_BzDC215,-1,13_Benzene_H2O_monB_BzDC215"
BzDC215_57,BzDC215,-0.004649969443,"1,13_Benzene_H2O_3p500_BzDC215,-1,13_Benzene_H2O_monA_BzDC215,-1,13_Benzene_H2O_monB_BzDC215"
BzDC215_58,BzDC215,-0.00442559037,"1,13_Benzene_H2O_3p600_BzDC215,-1,13_Benzene_H2O_monA_BzDC215,-1,13_Benzene_H2O_monB_BzDC215"
BzDC215_59,BzDC215,-0.004157387259,"1,13_Benzene_H2O_3p700_BzDC215,-1,13_Benzene_H2O_monA_BzDC215,-1,13_Benzene_H2O_monB_BzDC215"
BzDC215_60,BzDC215,-0.003870220291,"1,13_Benzene_H2O_3p800_BzDC215,-1,13_Benzene_H2O_monA_BzDC215,-1,13_Benzene_H2O_monB_BzDC215"
BzDC215_61,BzDC215,-0.003579547401,"1,13_Benzene_H2O_3p900_BzDC215,-1,13_Benzene_H2O_monA_BzDC215,-1,13_Benzene_H2O_monB_BzDC215"
BzDC215_62,BzDC215,-0.003296045717,"1,13_Benzene_H2O_4p000_BzDC215,-1,13_Benzene_H2O_monA_BzDC215,-1,13_Benzene_H2O_monB_BzDC215"
BzDC215_63,BzDC215,-0.002653983725,"1,13_Benzene_H2O_4p250_BzDC215,-1,13_Benzene_H2O_monA_BzDC215,-1,13_Benzene_H2O_monB_BzDC215"
BzDC215_64,BzDC215,-0.002129370153,"1,13_Benzene_H2O_4p500_BzDC215,-1,13_Benzene_H2O_monA_BzDC215,-1,13_Benzene_H2O_monB_BzDC215"
BzDC215_65,BzDC215,-0.001716627398,"1,13_Benzene_H2O_4p750_BzDC215,-1,13_Benzene_H2O_monA_BzDC215,-1,13_Benzene_H2O_monB_BzDC215"
BzDC215_66,BzDC215,-0.001395516721,"1,13_Benzene_H2O_5p000_BzDC215,-1,13_Benzene_H2O_monA_BzDC215,-1,13_Benzene_H2O_monB_BzDC215"
BzDC215_67,BzDC215,-0.000949308337,"1,13_Benzene_H2O_5p500_BzDC215,-1,13_Benzene_H2O_monA_BzDC215,-1,13_Benzene_H2O_monB_BzDC215"
BzDC215_68,BzDC215,-0.000670268737,"1,13_Benzene_H2O_6p000_BzDC215,-1,13_Benzene_H2O_monA_BzDC215,-1,13_Benzene_H2O_monB_BzDC215"
BzDC215_69,BzDC215,-0.000490191782,"1,13_Benzene_H2O_6p500_BzDC215,-1,13_Benzene_H2O_monA_BzDC215,-1,13_Benzene_H2O_monB_BzDC215"
BzDC215_70,BzDC215,-0.000368759357,"1,13_Benzene_H2O_7p000_BzDC215,-1,13_Benzene_H2O_monA_BzDC215,-1,13_Benzene_H2O_monB_BzDC215"
BzDC215_71,BzDC215,0.001169703407,"1,14_Benzene_NH3_3p000_BzDC215,-1,14_Benzene_NH3_monA_BzDC215,-1,14_Benzene_NH3_monB_BzDC215"
BzDC215_72,BzDC215,-0.000717120617,"1,14_Benzene_NH3_3p100_BzDC215,-1,14_Benzene_NH3_monA_BzDC215,-1,14_Benzene_NH3_monB_BzDC215"
BzDC215_73,BzDC215,-0.00196379497,"1,14_Benzene_NH3_3p200_BzDC215,-1,14_Benzene_NH3_monA_BzDC215,-1,14_Benzene_NH3_monB_BzDC215"
BzDC215_74,BzDC215,-0.002740675639,"1,14_Benzene_NH3_3p300_BzDC215,-1,14_Benzene_NH3_monA_BzDC215,-1,14_Benzene_NH3_monB_BzDC215"
BzDC215_75,BzDC215,-0.003179872177,"1,14_Benzene_NH3_3p400_BzDC215,-1,14_Benzene_NH3_monA_BzDC215,-1,14_Benzene_NH3_monB_BzDC215"
BzDC215_76,BzDC215,-0.00338018787,"1,14_Benzene_NH3_3p500_BzDC215,-1,14_Benzene_NH3_monA_BzDC215,-1,14_Benzene_NH3_monB_BzDC215"
BzDC215_77,BzDC215,-0.00341492838,"1,14_Benzene_NH3_3p550_BzDC215,-1,14_Benzene_NH3_monA_BzDC215,-1,14_Benzene_NH3_monB_BzDC215"
BzDC215_78,BzDC215,-0.003416043901,"1,14_Benzene_NH3_3p600_BzDC215,-1,14_Benzene_NH3_monA_BzDC215,-1,14_Benzene_NH3_monB_BzDC215"
BzDC215_79,BzDC215,-0.003390068198,"1,14_Benzene_NH3_3p650_BzDC215,-1,14_Benzene_NH3_monA_BzDC215,-1,14_Benzene_NH3_monB_BzDC215"
BzDC215_80,BzDC215,-0.003342100797,"1,14_Benzene_NH3_3p700_BzDC215,-1,14_Benzene_NH3_monA_BzDC215,-1,14_Benzene_NH3_monB_BzDC215"
BzDC215_81,BzDC215,-0.003200588995,"1,14_Benzene_NH3_3p800_BzDC215,-1,14_Benzene_NH3_monA_BzDC215,-1,14_Benzene_NH3_monB_BzDC215"
BzDC215_82,BzDC215,-0.003015571876,"1,14_Benzene_NH3_3p900_BzDC215,-1,14_Benzene_NH3_monA_BzDC215,-1,14_Benzene_NH3_monB_BzDC215"
BzDC215_83,BzDC215,-0.002809200498,"1,14_Benzene_NH3_4p000_BzDC215,-1,14_Benzene_NH3_monA_BzDC215,-1,14_Benzene_NH3_monB_BzDC215"
BzDC215_84,BzDC215,-0.002281081004,"1,14_Benzene_NH3_4p250_BzDC215,-1,14_Benzene_NH3_monA_BzDC215,-1,14_Benzene_NH3_monB_BzDC215"
BzDC215_85,BzDC215,-0.001810968599,"1,14_Benzene_NH3_4p500_BzDC215,-1,14_Benzene_NH3_monA_BzDC215,-1,14_Benzene_NH3_monB_BzDC215"
BzDC215_86,BzDC215,-0.00142898235,"1,14_Benzene_NH3_4p750_BzDC215,-1,14_Benzene_NH3_monA_BzDC215,-1,14_Benzene_NH3_monB_BzDC215"
BzDC215_87,BzDC215,-0.001130978894,"1,14_Benzene_NH3_5p000_BzDC215,-1,14_Benzene_NH3_monA_BzDC215,-1,14_Benzene_NH3_monB_BzDC215"
BzDC215_88,BzDC215,-0.000723176303,"1,14_Benzene_NH3_5p500_BzDC215,-1,14_Benzene_NH3_monA_BzDC215,-1,14_Benzene_NH3_monB_BzDC215"
BzDC215_89,BzDC215,-0.000478877212,"1,14_Benzene_NH3_6p000_BzDC215,-1,14_Benzene_NH3_monA_BzDC215,-1,14_Benzene_NH3_monB_BzDC215"
BzDC215_90,BzDC215,-0.000328919323,"1,14_Benzene_NH3_6p500_BzDC215,-1,14_Benzene_NH3_monA_BzDC215,-1,14_Benzene_NH3_monB_BzDC215"
BzDC215_91,BzDC215,-0.000233303241,"1,14_Benzene_NH3_7p000_BzDC215,-1,14_Benzene_NH3_monA_BzDC215,-1,14_Benzene_NH3_monB_BzDC215"
BzDC215_92,BzDC215,0.00638890726,"1,15_Benzene_CH4_3p000_BzDC215,-1,15_Benzene_CH4_monA_BzDC215,-1,15_Benzene_CH4_monB_BzDC215"
BzDC215_93,BzDC215,0.00341540646,"1,15_Benzene_CH4_3p100_BzDC215,-1,15_Benzene_CH4_monA_BzDC215,-1,15_Benzene_CH4_monB_BzDC215"
BzDC215_94,BzDC215,0.001316314733,"1,15_Benzene_CH4_3p200_BzDC215,-1,15_Benzene_CH4_monA_BzDC215,-1,15_Benzene_CH4_monB_BzDC215"
BzDC215_95,BzDC215,-0.000125735148,"1,15_Benzene_CH4_3p300_BzDC215,-1,15_Benzene_CH4_monA_BzDC215,-1,15_Benzene_CH4_monB_BzDC215"
BzDC215_96,BzDC215,-0.001079186849,"1,15_Benzene_CH4_3p400_BzDC215,-1,15_Benzene_CH4_monA_BzDC215,-1,15_Benzene_CH4_monB_BzDC215"
BzDC215_97,BzDC215,-0.001675353122,"1,15_Benzene_CH4_3p500_BzDC215,-1,15_Benzene_CH4_monA_BzDC215,-1,15_Benzene_CH4_monB_BzDC215"
BzDC215_98,BzDC215,-0.002014630854,"1,15_Benzene_CH4_3p600_BzDC215,-1,15_Benzene_CH4_monA_BzDC215,-1,15_Benzene_CH4_monB_BzDC215"
BzDC215_99,BzDC215,-0.00217287547,"1,15_Benzene_CH4_3p700_BzDC215,-1,15_Benzene_CH4_monA_BzDC215,-1,15_Benzene_CH4_monB_BzDC215"
BzDC215_100,BzDC215,-0.002202357096,"1,15_Benzene_CH4_3p750_BzDC215,-1,15_Benzene_CH4_monA_BzDC215,-1,15_Benzene_CH4_monB_BzDC215"
BzDC215_101,BzDC215,-0.00220729726,"1,15_Benzene_CH4_3p800_BzDC215,-1,15_Benzene_CH4_monA_BzDC215,-1,15_Benzene_CH4_monB_BzDC215"
BzDC215_102,BzDC215,-0.002191042526,"1,15_Benzene_CH4_3p850_BzDC215,-1,15_Benzene_CH4_monA_BzDC215,-1,15_Benzene_CH4_monB_BzDC215"
BzDC215_103,BzDC215,-0.002158373698,"1,15_Benzene_CH4_3p900_BzDC215,-1,15_Benzene_CH4_monA_BzDC215,-1,15_Benzene_CH4_monB_BzDC215"
BzDC215_104,BzDC215,-0.00205654257,"1,15_Benzene_CH4_4p000_BzDC215,-1,15_Benzene_CH4_monA_BzDC215,-1,15_Benzene_CH4_monB_BzDC215"
BzDC215_105,BzDC215,-0.001701328825,"1,15_Benzene_CH4_4p250_BzDC215,-1,15_Benzene_CH4_monA_BzDC215,-1,15_Benzene_CH4_monB_BzDC215"
BzDC215_106,BzDC215,-0.001333844348,"1,15_Benzene_CH4_4p500_BzDC215,-1,15_Benzene_CH4_monA_BzDC215,-1,15_Benzene_CH4_monB_BzDC215"
BzDC215_107,BzDC215,-0.001019904878,"1,15_Benzene_CH4_4p750_BzDC215,-1,15_Benzene_CH4_monA_BzDC215,-1,15_Benzene_CH4_monB_BzDC215"
BzDC215_108,BzDC215,-0.000774012186,"1,15_Benzene_CH4_5p000_BzDC215,-1,15_Benzene_CH4_monA_BzDC215,-1,15_Benzene_CH4_monB_BzDC215"
BzDC215_109,BzDC215,-0.000448598786,"1,15_Benzene_CH4_5p500_BzDC215,-1,15_Benzene_CH4_monA_BzDC215,-1,15_Benzene_CH4_monB_BzDC215"
BzDC215_110,BzDC215,-0.00026676887,"1,15_Benzene_CH4_6p000_BzDC215,-1,15_Benzene_CH4_monA_BzDC215,-1,15_Benzene_CH4_monB_BzDC215"
BzDC215_111,BzDC215,-0.000165256462,"1,15_Benzene_CH4_6p500_BzDC215,-1,15_Benzene_CH4_monA_BzDC215,-1,15_Benzene_CH4_monB_BzDC215"
BzDC215_112,BzDC215,-0.000106452572,"1,15_Benzene_CH4_7p000_BzDC215,-1,15_Benzene_CH4_monA_BzDC215,-1,15_Benzene_CH4_monB_BzDC215"
BzDC215_113,BzDC215,0.000849389531,"1,16_Benzene_Ar_3p000_BzDC215,-1,16_Benzene_Ar_monA_BzDC215,-1,16_Benzene_Ar_monB_BzDC215"
BzDC215_114,BzDC215,-0.000297844096,"1,16_Benzene_Ar_3p100_BzDC215,-1,16_Benzene_Ar_monA_BzDC215,-1,16_Benzene_Ar_monB_BzDC215"
BzDC215_115,BzDC215,-0.001021179759,"1,16_Benzene_Ar_3p200_BzDC215,-1,16_Benzene_Ar_monA_BzDC215,-1,16_Benzene_Ar_monB_BzDC215"
BzDC215_116,BzDC215,-0.001446033885,"1,16_Benzene_Ar_3p300_BzDC215,-1,16_Benzene_Ar_monA_BzDC215,-1,16_Benzene_Ar_monB_BzDC215"
BzDC215_117,BzDC215,-0.001664516633,"1,16_Benzene_Ar_3p400_BzDC215,-1,16_Benzene_Ar_monA_BzDC215,-1,16_Benzene_Ar_monB_BzDC215"
BzDC215_118,BzDC215,-0.001718061639,"1,16_Benzene_Ar_3p450_BzDC215,-1,16_Benzene_Ar_monA_BzDC215,-1,16_Benzene_Ar_monB_BzDC215"
BzDC215_119,BzDC215,-0.001743559261,"1,16_Benzene_Ar_3p500_BzDC215,-1,16_Benzene_Ar_monA_BzDC215,-1,16_Benzene_Ar_monB_BzDC215"
BzDC215_120,BzDC215,-0.001747543264,"1,16_Benzene_Ar_3p525_BzDC215,-1,16_Benzene_Ar_monA_BzDC215,-1,16_Benzene_Ar_monB_BzDC215"
BzDC215_121,BzDC215,-0.001746427743,"1,16_Benzene_Ar_3p550_BzDC215,-1,16_Benzene_Ar_monA_BzDC215,-1,16_Benzene_Ar_monB_BzDC215"
BzDC215_122,BzDC215,-0.00173144789,"1,16_Benzene_Ar_3p600_BzDC215,-1,16_Benzene_Ar_monA_BzDC215,-1,16_Benzene_Ar_monB_BzDC215"
BzDC215_123,BzDC215,-0.001661966871,"1,16_Benzene_Ar_3p700_BzDC215,-1,16_Benzene_Ar_monA_BzDC215,-1,16_Benzene_Ar_monB_BzDC215"
BzDC215_124,BzDC215,-0.001559179582,"1,16_Benzene_Ar_3p800_BzDC215,-1,16_Benzene_Ar_monA_BzDC215,-1,16_Benzene_Ar_monB_BzDC215"
BzDC215_125,BzDC215,-0.001439340759,"1,16_Benzene_Ar_3p900_BzDC215,-1,16_Benzene_Ar_monA_BzDC215,-1,16_Benzene_Ar_monB_BzDC215"
BzDC215_126,BzDC215,-0.00131328689,"1,16_Benzene_Ar_4p000_BzDC215,-1,16_Benzene_Ar_monA_BzDC215,-1,16_Benzene_Ar_monB_BzDC215"
BzDC215_127,BzDC215,-0.00101114007,"1,16_Benzene_Ar_4p250_BzDC215,-1,16_Benzene_Ar_monA_BzDC215,-1,16_Benzene_Ar_monB_BzDC215"
BzDC215_128,BzDC215,-0.000759829134,"1,16_Benzene_Ar_4p500_BzDC215,-1,16_Benzene_Ar_monA_BzDC215,-1,16_Benzene_Ar_monB_BzDC215"
BzDC215_129,BzDC215,-0.000566365928,"1,16_Benzene_Ar_4p750_BzDC215,-1,16_Benzene_Ar_monA_BzDC215,-1,16_Benzene_Ar_monB_BzDC215"
BzDC215_130,BzDC215,-0.000422145003,"1,16_Benzene_Ar_5p000_BzDC215,-1,16_Benzene_Ar_monA_BzDC215,-1,16_Benzene_Ar_monB_BzDC215"
BzDC215_131,BzDC215,-0.000238721485,"1,16_Benzene_Ar_5p500_BzDC215,-1,16_Benzene_Ar_monA_BzDC215,-1,16_Benzene_Ar_monB_BzDC215"
BzDC215_132,BzDC215,-0.000140396281,"1,16_Benzene_Ar_6p000_BzDC215,-1,16_Benzene_Ar_monA_BzDC215,-1,16_Benzene_Ar_monB_BzDC215"
BzDC215_133,BzDC215,-0.000054819887,"1,16_Benzene_Ar_7p000_BzDC215,-1,16_Benzene_Ar_monA_BzDC215,-1,16_Benzene_Ar_monB_BzDC215"
BzDC215_134,BzDC215,0.000451307908,"1,17_Benzene_HCl_3p100_BzDC215,-1,17_Benzene_HCl_monA_BzDC215,-1,17_Benzene_HCl_monB_BzDC215"
BzDC215_135,BzDC215,-0.002307056706,"1,17_Benzene_HCl_3p200_BzDC215,-1,17_Benzene_HCl_monA_BzDC215,-1,17_Benzene_HCl_monB_BzDC215"
BzDC215_136,BzDC215,-0.004118344025,"1,17_Benzene_HCl_3p300_BzDC215,-1,17_Benzene_HCl_monA_BzDC215,-1,17_Benzene_HCl_monB_BzDC215"
BzDC215_137,BzDC215,-0.005230996503,"1,17_Benzene_HCl_3p400_BzDC215,-1,17_Benzene_HCl_monA_BzDC215,-1,17_Benzene_HCl_monB_BzDC215"
BzDC215_138,BzDC215,-0.005837202465,"1,17_Benzene_HCl_3p500_BzDC215,-1,17_Benzene_HCl_monA_BzDC215,-1,17_Benzene_HCl_monB_BzDC215"
BzDC215_139,BzDC215,-0.005997837483,"1,17_Benzene_HCl_3p550_BzDC215,-1,17_Benzene_HCl_monA_BzDC215,-1,17_Benzene_HCl_monB_BzDC215"
BzDC215_140,BzDC215,-0.006084210677,"1,17_Benzene_HCl_3p600_BzDC215,-1,17_Benzene_HCl_monA_BzDC215,-1,17_Benzene_HCl_monB_BzDC215"
BzDC215_141,BzDC215,-0.006109230219,"1,17_Benzene_HCl_3p650_BzDC215,-1,17_Benzene_HCl_monA_BzDC215,-1,17_Benzene_HCl_monB_BzDC215"
BzDC215_142,BzDC215,-0.006083732597,"1,17_Benzene_HCl_3p700_BzDC215,-1,17_Benzene_HCl_monA_BzDC215,-1,17_Benzene_HCl_monB_BzDC215"
BzDC215_143,BzDC215,-0.005918157414,"1,17_Benzene_HCl_3p800_BzDC215,-1,17_Benzene_HCl_monA_BzDC215,-1,17_Benzene_HCl_monB_BzDC215"
BzDC215_144,BzDC215,-0.005648520062,"1,17_Benzene_HCl_3p900_BzDC215,-1,17_Benzene_HCl_monA_BzDC215,-1,17_Benzene_HCl_monB_BzDC215"
BzDC215_145,BzDC215,-0.005318166498,"1,17_Benzene_HCl_4p000_BzDC215,-1,17_Benzene_HCl_monA_BzDC215,-1,17_Benzene_HCl_monB_BzDC215"
BzDC215_146,BzDC215,-0.004406307793,"1,17_Benzene_HCl_4p250_BzDC215,-1,17_Benzene_HCl_monA_BzDC215,-1,17_Benzene_HCl_monB_BzDC215"
BzDC215_147,BzDC215,-0.003549587695,"1,17_Benzene_HCl_4p500_BzDC215,-1,17_Benzene_HCl_monA_BzDC215,-1,17_Benzene_HCl_monB_BzDC215"
BzDC215_148,BzDC215,-0.002832945159,"1,17_Benzene_HCl_4p750_BzDC215,-1,17_Benzene_HCl_monA_BzDC215,-1,17_Benzene_HCl_monB_BzDC215"
BzDC215_149,BzDC215,-0.002261957787,"1,17_Benzene_HCl_5p000_BzDC215,-1,17_Benzene_HCl_monA_BzDC215,-1,17_Benzene_HCl_monB_BzDC215"
BzDC215_150,BzDC215,-0.001471850227,"1,17_Benzene_HCl_5p500_BzDC215,-1,17_Benzene_HCl_monA_BzDC215,-1,17_Benzene_HCl_monB_BzDC215"
BzDC215_151,BzDC215,-0.000991060693,"1,17_Benzene_HCl_6p000_BzDC215,-1,17_Benzene_HCl_monA_BzDC215,-1,17_Benzene_HCl_monB_BzDC215"
BzDC215_152,BzDC215,-0.000689551314,"1,17_Benzene_HCl_6p500_BzDC215,-1,17_Benzene_HCl_monA_BzDC215,-1,17_Benzene_HCl_monB_BzDC215"
BzDC215_153,BzDC215,-0.000494335146,"1,17_Benzene_HCl_7p000_BzDC215,-1,17_Benzene_HCl_monA_BzDC215,-1,17_Benzene_HCl_monB_BzDC215"
BzDC215_154,BzDC215,0.002560758044,"1,18_Benzene_H2S_3p200_BzDC215,-1,18_Benzene_H2S_monA_BzDC215,-1,18_Benzene_H2S_monB_BzDC215"
BzDC215_155,BzDC215,-0.000258960223,"1,18_Benzene_H2S_3p300_BzDC215,-1,18_Benzene_H2S_monA_BzDC215,-1,18_Benzene_H2S_monB_BzDC215"
BzDC215_156,BzDC215,-0.002115027741,"1,18_Benzene_H2S_3p400_BzDC215,-1,18_Benzene_H2S_monA_BzDC215,-1,18_Benzene_H2S_monB_BzDC215"
BzDC215_157,BzDC215,-0.003273894658,"1,18_Benzene_H2S_3p500_BzDC215,-1,18_Benzene_H2S_monA_BzDC215,-1,18_Benzene_H2S_monB_BzDC215"
BzDC215_158,BzDC215,-0.003936354748,"1,18_Benzene_H2S_3p600_BzDC215,-1,18_Benzene_H2S_monA_BzDC215,-1,18_Benzene_H2S_monB_BzDC215"
BzDC215_159,BzDC215,-0.004129977315,"1,18_Benzene_H2S_3p650_BzDC215,-1,18_Benzene_H2S_monA_BzDC215,-1,18_Benzene_H2S_monB_BzDC215"
BzDC215_160,BzDC215,-0.00425204718,"1,18_Benzene_H2S_3p700_BzDC215,-1,18_Benzene_H2S_monA_BzDC215,-1,18_Benzene_H2S_monB_BzDC215"
BzDC215_161,BzDC215,-0.004315313155,"1,18_Benzene_H2S_3p750_BzDC215,-1,18_Benzene_H2S_monA_BzDC215,-1,18_Benzene_H2S_monB_BzDC215"
BzDC215_162,BzDC215,-0.004328858766,"1,18_Benzene_H2S_3p800_BzDC215,-1,18_Benzene_H2S_monA_BzDC215,-1,18_Benzene_H2S_monB_BzDC215"
BzDC215_163,BzDC215,-0.004305273466,"1,18_Benzene_H2S_3p850_BzDC215,-1,18_Benzene_H2S_monA_BzDC215,-1,18_Benzene_H2S_monB_BzDC215"
BzDC215_164,BzDC215,-0.004250612939,"1,18_Benzene_H2S_3p900_BzDC215,-1,18_Benzene_H2S_monA_BzDC215,-1,18_Benzene_H2S_monB_BzDC215"
BzDC215_165,BzDC215,-0.004073245106,"1,18_Benzene_H2S_4p000_BzDC215,-1,18_Benzene_H2S_monA_BzDC215,-1,18_Benzene_H2S_monB_BzDC215"
BzDC215_166,BzDC215,-0.003837392103,"1,18_Benzene_H2S_4p100_BzDC215,-1,18_Benzene_H2S_monA_BzDC215,-1,18_Benzene_H2S_monB_BzDC215"
BzDC215_167,BzDC215,-0.003571579394,"1,18_Benzene_H2S_4p200_BzDC215,-1,18_Benzene_H2S_monA_BzDC215,-1,18_Benzene_H2S_monB_BzDC215"
BzDC215_168,BzDC215,-0.003295408277,"1,18_Benzene_H2S_4p300_BzDC215,-1,18_Benzene_H2S_monA_BzDC215,-1,18_Benzene_H2S_monB_BzDC215"
BzDC215_169,BzDC215,-0.002758045894,"1,18_Benzene_H2S_4p500_BzDC215,-1,18_Benzene_H2S_monA_BzDC215,-1,18_Benzene_H2S_monB_BzDC215"
BzDC215_170,BzDC215,-0.002174947152,"1,18_Benzene_H2S_4p750_BzDC215,-1,18_Benzene_H2S_monA_BzDC215,-1,18_Benzene_H2S_monB_BzDC215"
BzDC215_171,BzDC215,-0.001706906429,"1,18_Benzene_H2S_5p000_BzDC215,-1,18_Benzene_H2S_monA_BzDC215,-1,18_Benzene_H2S_monB_BzDC215"
BzDC215_172,BzDC215,-0.001345158918,"1,18_Benzene_H2S_5p250_BzDC215,-1,18_Benzene_H2S_monA_BzDC215,-1,18_Benzene_H2S_monB_BzDC215"
BzDC215_173,BzDC215,-0.0010689878,"1,18_Benzene_H2S_5p500_BzDC215,-1,18_Benzene_H2S_monA_BzDC215,-1,18_Benzene_H2S_monB_BzDC215"
BzDC215_174,BzDC215,-0.00069656316,"1,18_Benzene_H2S_6p000_BzDC215,-1,18_Benzene_H2S_monA_BzDC215,-1,18_Benzene_H2S_monB_BzDC215"
BzDC215_175,BzDC215,-0.000473937048,"1,18_Benzene_H2S_6p500_BzDC215,-1,18_Benzene_H2S_monA_BzDC215,-1,18_Benzene_H2S_monB_BzDC215"
BzDC215_176,BzDC215,-0.000334815648,"1,18_Benzene_H2S_7p000_BzDC215,-1,18_Benzene_H2S_monA_BzDC215,-1,18_Benzene_H2S_monB_BzDC215"
BzDC215_177,BzDC215,0.003251902959,"1,19_Benzene_PH3_3p400_BzDC215,-1,19_Benzene_PH3_monA_BzDC215,-1,19_Benzene_PH3_monB_BzDC215"
BzDC215_178,BzDC215,0.000715048936,"1,19_Benzene_PH3_3p500_BzDC215,-1,19_Benzene_PH3_monA_BzDC215,-1,19_Benzene_PH3_monB_BzDC215"
BzDC215_179,BzDC215,-0.000876321394,"1,19_Benzene_PH3_3p600_BzDC215,-1,19_Benzene_PH3_monA_BzDC215,-1,19_Benzene_PH3_monB_BzDC215"
BzDC215_180,BzDC215,-0.001921405174,"1,19_Benzene_PH3_3p700_BzDC215,-1,19_Benzene_PH3_monA_BzDC215,-1,19_Benzene_PH3_monB_BzDC215"
BzDC215_181,BzDC215,-0.00256697309,"1,19_Benzene_PH3_3p800_BzDC215,-1,19_Benzene_PH3_monA_BzDC215,-1,19_Benzene_PH3_monB_BzDC215"
BzDC215_182,BzDC215,-0.002922824276,"1,19_Benzene_PH3_3p900_BzDC215,-1,19_Benzene_PH3_monA_BzDC215,-1,19_Benzene_PH3_monB_BzDC215"
BzDC215_183,BzDC215,-0.003073260245,"1,19_Benzene_PH3_4p000_BzDC215,-1,19_Benzene_PH3_monA_BzDC215,-1,19_Benzene_PH3_monB_BzDC215"
BzDC215_184,BzDC215,-0.003091905382,"1,19_Benzene_PH3_4p050_BzDC215,-1,19_Benzene_PH3_monA_BzDC215,-1,19_Benzene_PH3_monB_BzDC215"
BzDC215_185,BzDC215,-0.003081546973,"1,19_Benzene_PH3_4p100_BzDC215,-1,19_Benzene_PH3_monA_BzDC215,-1,19_Benzene_PH3_monB_BzDC215"
BzDC215_186,BzDC215,-0.002995014418,"1,19_Benzene_PH3_4p200_BzDC215,-1,19_Benzene_PH3_monA_BzDC215,-1,19_Benzene_PH3_monB_BzDC215"
BzDC215_187,BzDC215,-0.002848562452,"1,19_Benzene_PH3_4p300_BzDC215,-1,19_Benzene_PH3_monA_BzDC215,-1,19_Benzene_PH3_monB_BzDC215"
BzDC215_188,BzDC215,-0.002666891896,"1,19_Benzene_PH3_4p400_BzDC215,-1,19_Benzene_PH3_monA_BzDC215,-1,19_Benzene_PH3_monB_BzDC215"
BzDC215_189,BzDC215,-0.002468169805,"1,19_Benzene_PH3_4p500_BzDC215,-1,19_Benzene_PH3_monA_BzDC215,-1,19_Benzene_PH3_monB_BzDC215"
BzDC215_190,BzDC215,-0.001968097694,"1,19_Benzene_PH3_4p750_BzDC215,-1,19_Benzene_PH3_monA_BzDC215,-1,19_Benzene_PH3_monB_BzDC215"
BzDC215_191,BzDC215,-0.001530335397,"1,19_Benzene_PH3_5p000_BzDC215,-1,19_Benzene_PH3_monA_BzDC215,-1,19_Benzene_PH3_monB_BzDC215"
BzDC215_192,BzDC215,-0.001180061816,"1,19_Benzene_PH3_5p250_BzDC215,-1,19_Benzene_PH3_monA_BzDC215,-1,19_Benzene_PH3_monB_BzDC215"
BzDC215_193,BzDC215,-0.000909627663,"1,19_Benzene_PH3_5p500_BzDC215,-1,19_Benzene_PH3_monA_BzDC215,-1,19_Benzene_PH3_monB_BzDC215"
BzDC215_194,BzDC215,-0.000550589274,"1,19_Benzene_PH3_6p000_BzDC215,-1,19_Benzene_PH3_monA_BzDC215,-1,19_Benzene_PH3_monB_BzDC215"
BzDC215_195,BzDC215,-0.000346130218,"1,19_Benzene_PH3_6p500_BzDC215,-1,19_Benzene_PH3_monA_BzDC215,-1,19_Benzene_PH3_monB_BzDC215"
BzDC215_196,BzDC215,-0.000227406916,"1,19_Benzene_PH3_7p000_BzDC215,-1,19_Benzene_PH3_monA_BzDC215,-1,19_Benzene_PH3_monB_BzDC215"
BzDC215_197,BzDC215,0.001820370847,"1,20_Benzene_SiH4_3p600_BzDC215,-1,20_Benzene_SiH4_monA_BzDC215,-1,20_Benzene_SiH4_monB_BzDC215"
BzDC215_198,BzDC215,0.000238880846,"1,20_Benzene_SiH4_3p700_BzDC215,-1,20_Benzene_SiH4_monA_BzDC215,-1,20_Benzene_SiH4_monB_BzDC215"
BzDC215_199,BzDC215,-0.000830903755,"1,20_Benzene_SiH4_3p800_BzDC215,-1,20_Benzene_SiH4_monA_BzDC215,-1,20_Benzene_SiH4_monB_BzDC215"
BzDC215_200,BzDC215,-0.001520136349,"1,20_Benzene_SiH4_3p900_BzDC215,-1,20_Benzene_SiH4_monA_BzDC215,-1,20_Benzene_SiH4_monB_BzDC215"
BzDC215_201,BzDC215,-0.001931126142,"1,20_Benzene_SiH4_4p000_BzDC215,-1,20_Benzene_SiH4_monA_BzDC215,-1,20_Benzene_SiH4_monB_BzDC215"
BzDC215_202,BzDC215,-0.002141959604,"1,20_Benzene_SiH4_4p100_BzDC215,-1,20_Benzene_SiH4_monA_BzDC215,-1,20_Benzene_SiH4_monB_BzDC215"
BzDC215_203,BzDC215,-0.002191520606,"1,20_Benzene_SiH4_4p150_BzDC215,-1,20_Benzene_SiH4_monA_BzDC215,-1,20_Benzene_SiH4_monB_BzDC215"
BzDC215_204,BzDC215,-0.002212396784,"1,20_Benzene_SiH4_4p200_BzDC215,-1,20_Benzene_SiH4_monA_BzDC215,-1,20_Benzene_SiH4_monB_BzDC215"
BzDC215_205,BzDC215,-0.002209528302,"1,20_Benzene_SiH4_4p250_BzDC215,-1,20_Benzene_SiH4_monA_BzDC215,-1,20_Benzene_SiH4_monB_BzDC215"
BzDC215_206,BzDC215,-0.002187536603,"1,20_Benzene_SiH4_4p300_BzDC215,-1,20_Benzene_SiH4_monA_BzDC215,-1,20_Benzene_SiH4_monB_BzDC215"
BzDC215_207,BzDC215,-0.002100525968,"1,20_Benzene_SiH4_4p400_BzDC215,-1,20_Benzene_SiH4_monA_BzDC215,-1,20_Benzene_SiH4_monB_BzDC215"
BzDC215_208,BzDC215,-0.00197510954,"1,20_Benzene_SiH4_4p500_BzDC215,-1,20_Benzene_SiH4_monA_BzDC215,-1,20_Benzene_SiH4_monB_BzDC215"
BzDC215_209,BzDC215,-0.001597266655,"1,20_Benzene_SiH4_4p750_BzDC215,-1,20_Benzene_SiH4_monA_BzDC215,-1,20_Benzene_SiH4_monB_BzDC215"
BzDC215_210,BzDC215,-0.001230260259,"1,20_Benzene_SiH4_5p000_BzDC215,-1,20_Benzene_SiH4_monA_BzDC215,-1,20_Benzene_SiH4_monB_BzDC215"
BzDC215_211,BzDC215,-0.000926041757,"1,20_Benzene_SiH4_5p250_BzDC215,-1,20_Benzene_SiH4_monA_BzDC215,-1,20_Benzene_SiH4_monB_BzDC215"
BzDC215_212,BzDC215,-0.000690985555,"1,20_Benzene_SiH4_5p500_BzDC215,-1,20_Benzene_SiH4_monA_BzDC215,-1,20_Benzene_SiH4_monB_BzDC215"
BzDC215_213,BzDC215,-0.000385492172,"1,20_Benzene_SiH4_6p000_BzDC215,-1,20_Benzene_SiH4_monA_BzDC215,-1,20_Benzene_SiH4_monB_BzDC215"
BzDC215_214,BzDC215,-0.00022087315,"1,20_Benzene_SiH4_6p500_BzDC215,-1,20_Benzene_SiH4_monA_BzDC215,-1,20_Benzene_SiH4_monB_BzDC215"
BzDC215_215,BzDC215,-0.000131631473,"1,20_Benzene_SiH4_7p000_BzDC215,-1,20_Benzene_SiH4_monA_BzDC215,-1,20_Benzene_SiH4_monB_BzDC215"
C20C24_2,C20C246,0.013131276,"1,14_C20CageD2h_C20C24,-1,11_C20BowlC5v_C20C24"
C20C24_3,C20C246,0.012605387,"1,15_C20CageD3h_C20C24,-1,11_C20BowlC5v_C20C24"
C20C24_4,C20C246,0.073114434,"1,16_C20RingC10h_C20C24,-1,11_C20BowlC5v_C20C24"
C20C24_5,C20C246,0.048397676,"1,17_C24CageOh_C20C24,-1,19_C24CoronaD6h_C20C24"
C20C24_6,C20C246,-0.009306632,"1,18_C24CageD3d_C20C24,-1,19_C24CoronaD6h_C20C24"
C20C24_8,C20C246,0.134882426,"1,20_C24RingC12h_C20C24,-1,19_C24CoronaD6h_C20C24"
C60ISO_1,C60ISO7,0.059600739,"-1,C60ISO_1,1,C60ISO_2"
C60ISO_2,C60ISO7,0.090628182,"-1,C60ISO_1,1,C60ISO_3"
C60ISO_3,C60ISO7,0.090660054,"-1,C60ISO_1,1,C60ISO_4"
C60ISO_5,C60ISO7,0.160125193,"-1,C60ISO_1,1,C60ISO_6"
C60ISO_6,C60ISO7,0.178037287,"-1,C60ISO_1,1,C60ISO_7"
C60ISO_8,C60ISO7,0.229415036,"-1,C60ISO_1,1,C60ISO_9"
C60ISO_9,C60ISO7,0.262753204,"-1,C60ISO_1,1,C60ISO_10"
CARBHB12_2,CARBHB8,0.009636515,"-1,CARBHB12_2O,1,CARBHB12_2O_A,1,CARBHB12_2O_B"
CARBHB12_3,CARBHB8,0.003858112,"-1,CARBHB12_3O,1,CARBHB12_3O_A,1,CARBHB12_3O_B"
CARBHB12_4,CARBHB8,0.015883438,"-1,CARBHB12_4O,1,CARBHB12_4O_A,1,CARBHB12_4O_B"
CARBHB12_6,CARBHB8,0.004814274,"-1,CARBHB12_2N,1,CARBHB12_2N_A,1,CARBHB12_2N_B"
CARBHB12_7,CARBHB8,0.001920291,"-1,CARBHB12_3N,1,CARBHB12_3N_A,1,CARBHB12_3N_B"
CARBHB12_8,CARBHB8,0.006656478,"-1,CARBHB12_4N,1,CARBHB12_4N_A,1,CARBHB12_4N_B"
CARBHB12_11,CARBHB8,0.005164866,"-1,CARBHB12_3CL,1,CARBHB12_3CL_A,1,CARBHB12_3CL_B"
CARBHB12_12,CARBHB8,0.025969349,"-1,CARBHB12_4CL,1,CARBHB12_4CL_A,1,CARBHB12_4CL_B"
CHB6_1,CHB6,-0.054867739,"1,CHB6_22,-1,CHB6_22A,-1,CHB6_22B"
CHB6_2,CHB6,-0.037975551,"1,CHB6_23,-1,CHB6_23A,-1,CHB6_23B"
CHB6_3,CHB6,-0.028413935,"1,CHB6_24,-1,CHB6_24A,-1,CHB6_24B"
CHB6_4,CHB6,-0.062293927,"1,CHB6_25,-1,CHB6_25A,-1,CHB6_25B"
CHB6_5,CHB6,-0.040844036,"1,CHB6_26,-1,CHB6_26A,-1,CHB6_26B"
CHB6_6,CHB6,-0.031712693,"1,CHB6_27,-1,CHB6_27A,-1,CHB6_27B"
CR20_1,CR20,-0.049974915,"1,1prod1_CR20,1,1prod2_CR20,-1,1react_CR20"
CR20_2,CR20,-0.025761092,"1,2prod1_CR20,1,2prod2_CR20,-1,2react_CR20"
CR20_3,CR20,-0.029076993,"1,3prod1_CR20,1,3prod2_CR20,-1,3react_CR20"
CR20_4,CR20,-0.038062594,"1,4prod1_CR20,1,4prod2_CR20,-1,4react_CR20"
CR20_5,CR20,-0.028345173,"1,5prod1_CR20,1,5prod2_CR20,-1,5react_CR20"
CR20_6,CR20,-0.045808364,"1,6prod1_CR20,1,6prod2_CR20,-1,6react_CR20"
CR20_7,CR20,-0.049066425,"1,7prod1_CR20,1,7prod2_CR20,-1,7react_CR20"
CR20_8,CR20,-0.034529243,"1,8prod1_CR20,1,8prod2_CR20,-1,8react_CR20"
CR20_9,CR20,-0.030353453,"1,9prod1_CR20,1,9prod2_CR20,-1,9react_CR20"
CR20_10,CR20,-0.056897645,"1,10prod1_CR20,1,10prod2_CR20,-1,10react_CR20"
CR20_11,CR20,-0.028292164,"1,11prod1_CR20,1,11prod2_CR20,-1,11react_CR20"
CR20_12,CR20,-0.01220637,"1,12prod1_CR20,1,12prod2_CR20,-1,12react_CR20"
CR20_13,CR20,-0.015313062,"1,13prod1_CR20,1,13prod2_CR20,-1,13react_CR20"
CR20_14,CR20,-0.019667759,"1,14prod1_CR20,1,14prod2_CR20,-1,14react_CR20"
CR20_15,CR20,-0.017813996,"1,15prod1_CR20,1,15prod2_CR20,-1,15react_CR20"
CR20_16,CR20,-0.040648815,"1,16prod1_CR20,1,16prod2_CR20,-1,16react_CR20"
CR20_17,CR20,-0.039812323,"1,17prod1_CR20,1,17prod2_CR20,-1,17react_CR20"
CR20_18,CR20,-0.031235147,"1,18prod1_CR20,1,18prod2_CR20,-1,18react_CR20"
CR20_19,CR20,-0.02196635,"1,19prod1_CR20,1,19prod2_CR20,-1,19react_CR20"
CR20_20,CR20,-0.050701217,"1,20prod1_CR20,1,20prod2_CR20,-1,20react_CR20"
CRBH20_3,CRBH14,0.077145977,"1,3ts_CRBH20,-1,3react_CRBH20"
CRBH20_4,CRBH14,0.079534368,"1,4ts_CRBH20,-1,4react_CRBH20"
CRBH20_5,CRBH14,0.075945197,"1,5ts_CRBH20,-1,5react_CRBH20"
CRBH20_6,CRBH14,0.069716377,"1,6ts_CRBH20,-1,6react_CRBH20"
CRBH20_7,CRBH14,0.053723535,"1,7ts_CRBH20,-1,7react_CRBH20"
CRBH20_8,CRBH14,0.080604678,"1,8ts_CRBH20,-1,8react_CRBH20"
CRBH20_9,CRBH14,0.072003137,"1,9ts_CRBH20,-1,9react_CRBH20"
CRBH20_13,CRBH14,0.078957365,"1,13ts_CRBH20,-1,13react_CRBH20"
CRBH20_14,CRBH14,0.083531886,"1,14ts_CRBH20,-1,14react_CRBH20"
CRBH20_15,CRBH14,0.07774991,"1,15ts_CRBH20,-1,15react_CRBH20"
CRBH20_16,CRBH14,0.065981629,"1,16ts_CRBH20,-1,16react_CRBH20"
CRBH20_17,CRBH14,0.054888308,"1,17ts_CRBH20,-1,17react_CRBH20"
CRBH20_18,CRBH14,0.07273496,"1,18ts_CRBH20,-1,18react_CRBH20"
CRBH20_19,CRBH14,0.073171482,"1,19ts_CRBH20,-1,19react_CRBH20"
CT20_1,CT20,-0.00291629051,"1,11_ClF-A_dim_CT20,-1,11_ClF-A_monA_CT20,-1,11_ClF-A_monB_CT20"
CT20_2,CT20,-0.001848577591,"1,12_ClF-B_dim_CT20,-1,12_ClF-B_monA_CT20,-1,12_ClF-B_monB_CT20"
CT20_3,CT20,-0.001689217454,"1,13_ClF-C_dim_CT20,-1,13_ClF-C_monA_CT20,-1,13_ClF-C_monB_CT20"
CT20_4,CT20,-0.00111552096,"1,14_ClF-D_dim_CT20,-1,14_ClF-D_monA_CT20,-1,14_ClF-D_monB_CT20"
CT20_5,CT20,-0.0008127367,"1,15_ClF-E_dim_CT20,-1,15_ClF-E_monA_CT20,-1,15_ClF-E_monB_CT20"
CT20_6,CT20,-0.00291629051,"1,16_HF-A_dim_CT20,-1,16_HF-A_monA_CT20,-1,16_HF-A_monB_CT20"
CT20_7,CT20,-0.001944193674,"1,17_HF-B_dim_CT20,-1,17_HF-B_monA_CT20,-1,17_HF-B_monB_CT20"
CT20_8,CT20,-0.002103553811,"1,18_HF-C_dim_CT20,-1,18_HF-C_monA_CT20,-1,18_HF-C_monB_CT20"
CT20_9,CT20,-0.001322689139,"1,19_HF-D_dim_CT20,-1,19_HF-D_monA_CT20,-1,19_HF-D_monB_CT20"
CT20_10,CT20,-0.000589632508,"1,20_HF-E_dim_CT20,-1,20_HF-E_monA_CT20,-1,20_HF-E_monB_CT20"
CT20_11,CT20,-0.002310721989,"1,21_HNC-A_dim_CT20,-1,21_HNC-A_monA_CT20,-1,21_HNC-A_monB_CT20"
CT20_12,CT20,-0.001976065701,"1,22_HNC-B_dim_CT20,-1,22_HNC-B_monA_CT20,-1,22_HNC-B_monB_CT20"
CT20_13,CT20,-0.002023873742,"1,23_HNC-C_dim_CT20,-1,23_HNC-C_monA_CT20,-1,23_HNC-C_monB_CT20"
CT20_14,CT20,-0.001482049276,"1,24_HNC-D_dim_CT20,-1,24_HNC-D_monA_CT20,-1,24_HNC-D_monB_CT20"
CT20_15,CT20,-0.000509952439,"1,25_HNC-E_dim_CT20,-1,25_HNC-E_monA_CT20,-1,25_HNC-E_monB_CT20"
CT20_16,CT20,-0.001067712919,"1,26_HCN-A_dim_CT20,-1,26_HCN-A_monA_CT20,-1,26_HCN-A_monB_CT20"
CT20_17,CT20,-0.00124300907,"1,27_HCN-B_dim_CT20,-1,27_HCN-B_monA_CT20,-1,27_HCN-B_monB_CT20"
CT20_18,CT20,-0.001147392988,"1,28_HCN-C_dim_CT20,-1,28_HCN-C_monA_CT20,-1,28_HCN-C_monB_CT20"
CT20_19,CT20,-0.00167328144,"1,29_HCN-D_dim_CT20,-1,29_HCN-D_monA_CT20,-1,29_HCN-D_monB_CT20"
CT20_20,CT20,-0.000637440549,"1,30_HCN-E_dim_CT20,-1,30_HCN-E_monA_CT20,-1,30_HCN-E_monB_CT20"
CUAGAU_1,CUAGAU83,0.073738346,"-1,CUAGAU_Cu02N0,2,CUAGAU_Cu01N0"
CUAGAU_2,CUAGAU83,0.103294625,"-1,CUAGAU_Cu01N0_H,1,CUAGAU_Cu01N0,1,CUAGAU_H"
CUAGAU_3,CUAGAU83,0.158217504,"-1,CUAGAU_Cu01N0_F,1,CUAGAU_Cu01N0,1,CUAGAU_F"
CUAGAU_4,CUAGAU83,0.103713593,"-1,CUAGAU_Cu03N0_LIN,3,CUAGAU_Cu01N0"
CUAGAU_5,CUAGAU83,-0.009788613,"-1,CUAGAU_Cu03N0_LIN,1,CUAGAU_Cu03N0_D3H"
CUAGAU_8,CUAGAU83,0.207731889,"-1,CUAGAU_Cu04N0,4,CUAGAU_Cu01N0"
CUAGAU_9,CUAGAU83,0.659645872,"-1,CUAGAU_Cu04N0,1,CUAGAU_Cu04C2"
CUAGAU_10,CUAGAU83,0.027004384,"-1,CUAGAU_Cu04C2_H_A,1,CUAGAU_Cu04C2,1,CUAGAU_H"
CUAGAU_11,CUAGAU83,-0.024681017,"-1,CUAGAU_Cu04C2_H_A,1,CUAGAU_Cu04C2_H_E"
CUAGAU_12,CUAGAU83,-0.024414401,"-1,CUAGAU_Cu04C2_H_A,1,CUAGAU_Cu04C2_H_F"
CUAGAU_13,CUAGAU83,0.105046672,"-1,CUAGAU_Cu04C2_NH3_A,1,CUAGAU_Cu04C2,1,CUAGAU_NH3"
CUAGAU_14,CUAGAU83,0.056408311,"-1,CUAGAU_Cu04C2_NH3_A,1,CUAGAU_Cu04C2_NH3_F"
CUAGAU_15,CUAGAU83,0.062273861,"-1,CUAGAU_Ag02N0,2,CUAGAU_Ag01N0"
CUAGAU_16,CUAGAU83,0.088897365,"-1,CUAGAU_Ag01N0_H,1,CUAGAU_Ag01N0,1,CUAGAU_H"
CUAGAU_17,CUAGAU83,0.129956217,"-1,CUAGAU_Ag01N0_F,1,CUAGAU_Ag01N0,1,CUAGAU_F"
CUAGAU_18,CUAGAU83,0.088745013,"-1,CUAGAU_Ag03N0_LIN,3,CUAGAU_Ag01N0"
CUAGAU_19,CUAGAU83,-0.003732623,"-1,CUAGAU_Ag03N0_LIN,1,CUAGAU_Ag03N0_D3H"
CUAGAU_22,CUAGAU83,0.173300348,"-1,CUAGAU_Ag04N0,4,CUAGAU_Ag01N0"
CUAGAU_23,CUAGAU83,0.631727377,"-1,CUAGAU_Ag04N0,1,CUAGAU_Ag04C2"
CUAGAU_24,CUAGAU83,0.018586938,"-1,CUAGAU_Ag04C2_H_A,1,CUAGAU_Ag04C2,1,CUAGAU_H"
CUAGAU_25,CUAGAU83,-0.016035043,"-1,CUAGAU_Ag04C2_H_A,1,CUAGAU_Ag04C2_H_E"
CUAGAU_26,CUAGAU83,-0.016949155,"-1,CUAGAU_Ag04C2_H_A,1,CUAGAU_Ag04C2_H_F"
CUAGAU_27,CUAGAU83,0.081965351,"-1,CUAGAU_Ag04C2_NH3_A,1,CUAGAU_Ag04C2,1,CUAGAU_NH3"
CUAGAU_28,CUAGAU83,0.043763099,"-1,CUAGAU_Ag04C2_NH3_A,1,CUAGAU_Ag04C2_NH3_F"
CUAGAU_29,CUAGAU83,0.083298431,"-1,CUAGAU_Au02N0,2,CUAGAU_Au01N0"
CUAGAU_30,CUAGAU83,0.117539532,"-1,CUAGAU_Au01N0_H,1,CUAGAU_Au01N0,1,CUAGAU_H"
CUAGAU_31,CUAGAU83,0.111216926,"-1,CUAGAU_Au01N0_F,1,CUAGAU_Au01N0,1,CUAGAU_F"
CUAGAU_32,CUAGAU83,0.120777011,"-1,CUAGAU_Au03N0_LIN,3,CUAGAU_Au01N0"
CUAGAU_33,CUAGAU83,-0.00529423,"-1,CUAGAU_Au03N0_LIN,1,CUAGAU_Au03N0_D3H"
CUAGAU_36,CUAGAU83,0.229594395,"-1,CUAGAU_Au04N0,4,CUAGAU_Au01N0"
CUAGAU_37,CUAGAU83,0.734184066,"-1,CUAGAU_Au04N0,1,CUAGAU_Au04C2"
CUAGAU_38,CUAGAU83,0.052142456,"-1,CUAGAU_Au04C2_H_A,1,CUAGAU_Au04C2,1,CUAGAU_H"
CUAGAU_39,CUAGAU83,0.000609408,"-1,CUAGAU_Au04C2_H_A,1,CUAGAU_Au04C2_H_E"
CUAGAU_40,CUAGAU83,0.017139595,"-1,CUAGAU_Au04C2_H_A,1,CUAGAU_Au04C2_H_F"
CUAGAU_41,CUAGAU83,0.113464118,"-1,CUAGAU_Au04C2_NH3_A,1,CUAGAU_Au04C2,1,CUAGAU_NH3"
CUAGAU_42,CUAGAU83,0.073395554,"-1,CUAGAU_Au04C2_NH3_A,1,CUAGAU_Au04C2_NH3_F"
CUAGAU2_10,CUAGAU83,0.068862257,"1,CUAGAU2_A003_O,1,CUAGAU2_M001_Cu,-1,CUAGAU2_M013_CuO"
CUAGAU2_11,CUAGAU83,0.033363262,"1,CUAGAU2_A003_O,1,CUAGAU2_M002_Ag,-1,CUAGAU2_M014_AgO"
CUAGAU2_12,CUAGAU83,0.079568147,"1,CUAGAU2_A003_O,1,CUAGAU2_M003_Au,-1,CUAGAU2_M015_AuO"
CUAGAU2_19,CUAGAU83,0.267695626,"5,CUAGAU2_M001_Cu,-1,CUAGAU2_M022_Cu5-i0"
CUAGAU2_20,CUAGAU83,0.215283267,"5,CUAGAU2_M002_Ag,-1,CUAGAU2_M023_Ag5-i0"
CUAGAU2_21,CUAGAU83,0.27776997,"5,CUAGAU2_M003_Au,-1,CUAGAU2_M024_Au5-i0"
CUAGAU2_31,CUAGAU83,0.21919723,"1,CUAGAU2_M034_Cu5-c1-i0,-1,CUAGAU2_M022_Cu5-i0"
CUAGAU2_32,CUAGAU83,0.212333229,"1,CUAGAU2_M035_Ag5-c1-i0,-1,CUAGAU2_M023_Ag5-i0"
CUAGAU2_33,CUAGAU83,0.252638235,"1,CUAGAU2_M036_Au5-c1-i0,-1,CUAGAU2_M024_Au5-i0"
CUAGAU2_34,CUAGAU83,0.427963259,"1,CUAGAU2_M037_Cu5-c2-i0,-1,CUAGAU2_M034_Cu5-c1-i0"
CUAGAU2_35,CUAGAU83,0.401684155,"1,CUAGAU2_M038_Ag5-c2-i0,-1,CUAGAU2_M035_Ag5-c1-i0"
CUAGAU2_36,CUAGAU83,0.452646962,"1,CUAGAU2_M039_Au5-c2-i0,-1,CUAGAU2_M036_Au5-c1-i0"
CUAGAU2_46,CUAGAU83,-0.011427902,"-1,CUAGAU2_M049_Cu5-i1,1,CUAGAU2_M022_Cu5-i0"
CUAGAU2_47,CUAGAU83,-0.007736801,"-1,CUAGAU2_M050_Ag5-i1,1,CUAGAU2_M023_Ag5-i0"
CUAGAU2_48,CUAGAU83,-0.006489701,"-1,CUAGAU2_M051_Au5-i1,1,CUAGAU2_M024_Au5-i0"
CUAGAU2_58,CUAGAU83,-0.015040002,"-1,CUAGAU2_M061_Cu6-c1-i1,1,CUAGAU2_M040_Cu6-c1-i0"
CUAGAU2_59,CUAGAU83,0.003273,"-1,CUAGAU2_M062_Ag6-c1-i1,1,CUAGAU2_M041_Ag6-c1-i0"
CUAGAU2_60,CUAGAU83,0.006916201,"-1,CUAGAU2_M063_Au6-c1-i1,1,CUAGAU2_M042_Au6-c1-i0"
CUAGAU2_61,CUAGAU83,-0.025193603,"-1,CUAGAU2_M064_Cu5-c2-i1,1,CUAGAU2_M037_Cu5-c2-i0"
CUAGAU2_62,CUAGAU83,-0.023509603,"-1,CUAGAU2_M065_Ag5-c2-i1,1,CUAGAU2_M038_Ag5-c2-i0"
CUAGAU2_63,CUAGAU83,-0.019559503,"-1,CUAGAU2_M066_Au5-c2-i1,1,CUAGAU2_M039_Au5-c2-i0"
CUAGAU2_75,CUAGAU83,-0.045592706,"1,CUAGAU2_M084_Au4-c2-O-i1,-1,CUAGAU2_M081_Au4-c2-O-i0"
CUAGAU2_78,CUAGAU83,-0.050872307,"1,CUAGAU2_M087_Au4-c2-O-i2,-1,CUAGAU2_M081_Au4-c2-O-i0"
CUAGAU2_82,CUAGAU83,0.031734904,"1,CUAGAU2_M097_Cu4-c2-CO-i1,-1,CUAGAU2_M094_Cu4-c2-CO-i0"
CUAGAU2_83,CUAGAU83,0.025113403,"1,CUAGAU2_M098_Ag4-c2-CO-i1,-1,CUAGAU2_M095_Ag4-c2-CO-i0"
CUAGAU2_84,CUAGAU83,0.053842207,"1,CUAGAU2_M099_Au4-c2-CO-i1,-1,CUAGAU2_M096_Au4-c2-CO-i0"
CUAGAU2_85,CUAGAU83,0.045305006,"1,CUAGAU2_M100_Cu4-c2-CO-i2,-1,CUAGAU2_M094_Cu4-c2-CO-i0"
CUAGAU2_86,CUAGAU83,0.031991304,"1,CUAGAU2_M101_Ag4-c2-CO-i2,-1,CUAGAU2_M095_Ag4-c2-CO-i0"
CUAGAU2_87,CUAGAU83,0.061964709,"1,CUAGAU2_M102_Au4-c2-CO-i2,-1,CUAGAU2_M096_Au4-c2-CO-i0"
CUAGAU2_91,CUAGAU83,0.100020596,"1,CUAGAU2_A001_H,1,CUAGAU2_M037_Cu5-c2-i0,-1,CUAGAU2_M103_Cu5-c2-H"
CUAGAU2_92,CUAGAU83,0.084783994,"1,CUAGAU2_A001_H,1,CUAGAU2_M038_Ag5-c2-i0,-1,CUAGAU2_M104_Ag5-c2-H"
CUAGAU2_93,CUAGAU83,0.097090096,"1,CUAGAU2_A001_H,1,CUAGAU2_M039_Au5-c2-i0,-1,CUAGAU2_M105_Au5-c2-H"
CUAGAU2_97,CUAGAU83,0.136438735,"1,CUAGAU2_A003_O,1,CUAGAU2_M031_Cu4-c2,-1,CUAGAU2_M085_Cu4-c2-O-i2"
CUAGAU2_98,CUAGAU83,0.054558157,"1,CUAGAU2_A003_O,1,CUAGAU2_M032_Ag4-c2,-1,CUAGAU2_M086_Ag4-c2-O-i2"
CUAGAU2_99,CUAGAU83,0.047174625,"1,CUAGAU2_A003_O,1,CUAGAU2_M033_Au4-c2,-1,CUAGAU2_M087_Au4-c2-O-i2"
CUAGAU2_100,CUAGAU83,0.141872989,"1,CUAGAU2_A003_O,1,CUAGAU2_M037_Cu5-c2-i0,-1,CUAGAU2_M109_Cu5-c2-O"
CUAGAU2_101,CUAGAU83,0.090422082,"1,CUAGAU2_A003_O,1,CUAGAU2_M038_Ag5-c2-i0,-1,CUAGAU2_M110_Ag5-c2-O"
CUAGAU2_102,CUAGAU83,0.061328278,"1,CUAGAU2_A003_O,1,CUAGAU2_M039_Au5-c2-i0,-1,CUAGAU2_M111_Au5-c2-O"
CUAGAU2_109,CUAGAU83,0.09862201,"1,CUAGAU2_A004_NH3,1,CUAGAU2_M037_Cu5-c2-i0,-1,CUAGAU2_M115_Cu5-c2-NH3"
CUAGAU2_110,CUAGAU83,0.075585107,"1,CUAGAU2_A004_NH3,1,CUAGAU2_M038_Ag5-c2-i0,-1,CUAGAU2_M116_Ag5-c2-NH3"
CUAGAU2_111,CUAGAU83,0.103946011,"1,CUAGAU2_A004_NH3,1,CUAGAU2_M039_Au5-c2-i0,-1,CUAGAU2_M117_Au5-c2-NH3"
CUAGAU2_115,CUAGAU83,0.060913354,"1,CUAGAU2_A005_CO,1,CUAGAU2_M031_Cu4-c2,-1,CUAGAU2_M094_Cu4-c2-CO-i0"
CUAGAU2_116,CUAGAU83,0.043866285,"1,CUAGAU2_A005_CO,1,CUAGAU2_M032_Ag4-c2,-1,CUAGAU2_M095_Ag4-c2-CO-i0"
CUAGAU2_117,CUAGAU83,0.075441458,"1,CUAGAU2_A005_CO,1,CUAGAU2_M033_Au4-c2,-1,CUAGAU2_M096_Au4-c2-CO-i0"
CUAGAU2_118,CUAGAU83,0.060712908,"1,CUAGAU2_A005_CO,1,CUAGAU2_M037_Cu5-c2-i0,-1,CUAGAU2_M121_Cu5-c2-CO"
CUAGAU2_119,CUAGAU83,0.043262406,"1,CUAGAU2_A005_CO,1,CUAGAU2_M038_Ag5-c2-i0,-1,CUAGAU2_M122_Ag5-c2-CO"
CUAGAU2_120,CUAGAU83,0.07226371,"1,CUAGAU2_A005_CO,1,CUAGAU2_M039_Au5-c2-i0,-1,CUAGAU2_M123_Au5-c2-CO"
DAPD_1,DAPD,0.08982519845,"-1,DAPD_PdH,1,DAPD_Pd,1,DAPD_H"
DAPD_2,DAPD,0.1386506441,"-1,DAPD_PdB,1,DAPD_Pd,1,DAPD_B"
DAPD_3,DAPD,0.1339878093,"-1,DAPD_PdC,1,DAPD_Pd,1,DAPD_C"
DAPD_4,DAPD,0.07397828003,"-1,DAPD_PdN,1,DAPD_Pd,1,DAPD_N"
DAPD_5,DAPD,0.08875529396,"-1,DAPD_PdO,1,DAPD_Pd,1,DAPD_O"
DAPD_6,DAPD,0.1237127696,"-1,DAPD_PdF,1,DAPD_Pd,1,DAPD_F"
DAPD_7,DAPD,0.1042014705,"-1,DAPD_PdAl,1,DAPD_Pd,1,DAPD_Al"
DAPD_8,DAPD,0.1194683971,"-1,DAPD_PdSi,1,DAPD_Pd,1,DAPD_Si"
DAPD_9,DAPD,0.07953221452,"-1,DAPD_PdP,1,DAPD_Pd,1,DAPD_P"
DAPD_10,DAPD,0.1031009025,"-1,DAPD_PdS,1,DAPD_Pd,1,DAPD_S"
DAPD_11,DAPD,0.107944947,"-1,DAPD_PdCl,1,DAPD_Pd,1,DAPD_Cl"
DAPD_12,DAPD,0.02906657926,"-1,DAPD_Pd2,2,DAPD_Pd"
DARC_1,DARC,-0.07234956,"-1,DARC_ethene,-1,DARC_butadiene,1,DARC_P1"
DARC_2,DARC,-0.096891041,"-1,DARC_ethine,-1,DARC_butadiene,1,DARC_P2"
DARC_3,DARC,-0.047648719,"-1,DARC_ethene,-1,DARC_cpdiene,1,DARC_P3"
DARC_4,DARC,-0.053545049,"-1,DARC_ethine,-1,DARC_cpdiene,1,DARC_P4"
DARC_5,DARC,-0.059919459,"-1,DARC_ethene,-1,DARC_chdiene,1,DARC_P5"
DARC_6,DARC,-0.078086529,"-1,DARC_ethine,-1,DARC_chdiene,1,DARC_P6"
DARC_7,DARC,-0.022310437,"-1,DARC_furane,-1,DARC_malein,1,DARC_P7"
DARC_8,DARC,-0.025338282,"-1,DARC_furane,-1,DARC_malein,1,DARC_P7X"
DARC_9,DARC,-0.026772524,"-1,DARC_furane,-1,DARC_maleinNH,1,DARC_P8"
DARC_10,DARC,-0.03011909,"-1,DARC_furane,-1,DARC_maleinNH,1,DARC_P8X"
DARC_11,DARC,-0.050517204,"-1,DARC_cpdiene,-1,DARC_malein,1,DARC_P9"
DARC_12,DARC,-0.051314005,"-1,DARC_cpdiene,-1,DARC_malein,1,DARC_P9X"
DARC_13,DARC,-0.05450121,"-1,DARC_cpdiene,-1,DARC_maleinNH,1,DARC_P10"
DARC_14,DARC,-0.055138651,"-1,DARC_cpdiene,-1,DARC_maleinNH,1,DARC_P10X"
DBH24_1,DBH22,0.027394008,"-1,57_h_lower_BH76,-1,67_n2o_BH76,1,68_n2ohts_BH76"
DBH24_2,DBH22,0.028047384,"-1,57_h_lower_BH76,-1,46_hcl_lower_BH76,1,45_hclhts_BH76"
DBH24_3,DBH22,0.010995849,"-1,22_ch3_lower_BH76,-1,29_clf_BH76,1,21_ch3fclts_BH76"
DBH24_4,DBH22,0.021561427,"-1,27_clch3clcomp_BH76,1,28_clch3clts_BH76"
DBH24_5,DBH22,0.005577605,"-1,35_fch3clcomp1_BH76,1,37_fch3clts_BH76"
DBH24_6,DBH22,-0.003824643,"-1,73_oh-_BH76,-1,20_ch3f_BH76,1,63_hoch3fts_BH76"
DBH24_7,DBH22,0.022820372,"-1,57_h_lower_BH76,-1,66_n2_BH76,1,59_hn2ts_BH76"
DBH24_8,DBH22,0.002916291,"-1,57_h_lower_BH76,-1,11_c2h4_BH76,1,13_c2h5ts_BH76"
DBH24_9,DBH22,0.07671597,"-1,48_hcn_BH76,1,49_hcnts_BH76"
DBH24_10,DBH22,0.009768776,"-1,75_OH_upper_BH76,-1,25_CH4_BH76,1,81_RKT04_BH76"
DBH24_11,DBH22,0.016971855,"-1,65_H_upper_BH76,-1,75_OH_upper_BH76,1,89_RKT14_BH76"
DBH24_12,DBH22,0.006007877,"-1,65_H_upper_BH76,-1,44_H2S_BH76,1,90_RKT16_BH76"
DBH24_13,DBH22,0.130898417,"-1,74_oh_lower_BH76,-1,66_n2_BH76,1,68_n2ohts_BH76"
DBH24_15,DBH22,0.094548369,"-1,20_ch3f_BH76,-1,30_cl_lower_BH76,1,21_ch3fclts_BH76"
DBH24_17,DBH22,0.047059049,"-1,36_fch3clcomp2_BH76,1,37_fch3clts_BH76"
DBH24_18,DBH22,0.028318296,"-1,23_ch3oh_lower_BH76,-1,33_f-_BH76,1,63_hoch3fts_BH76"
DBH24_19,DBH22,0.017051535,"-1,58_hn2_BH76,1,59_hn2ts_BH76"
DBH24_20,DBH22,0.066740025,"-1,12_c2h5_lower_BH76,1,13_c2h5ts_BH76"
DBH24_21,DBH22,0.052461357,"-1,60_hnc_BH76,1,49_hcnts_BH76"
DBH24_22,DBH22,0.030852123,"-1,43_H2O_BH76,-1,24_CH3_upper_BH76,1,81_RKT04_BH76"
DBH24_23,DBH22,0.020557458,"-1,42_H2_BH76,-1,72_O_BH76,1,89_RKT14_BH76"
DBH24_24,DBH22,0.027234647,"-1,42_H2_BH76,-1,64_HS_BH76,1,90_RKT16_BH76"
DC13_1,DC13,-0.001593603,"1,DC13_ISO_E36,-1,DC13_ISO_P36"
DC13_2,DC13,-0.01227074,"-1,DC13_c20cage,1,DC13_c20bowl"
DC13_3,DC13,-0.02422276,"1,DC13_heptatriyne,-1,DC13_heptahexaene"
DC13_4,DC13,-0.02995973,"-2,DC13_tmethen,1,DC13_omcb"
DC13_5,DC13,-0.0364935,"1,DC13_ISO_E35,-1,DC13_ISO_P35"
DC13_6,DC13,-0.040955588,"-1,DC13_carbooxo2,1,DC13_carbooxo1"
DC13_7,DC13,-0.061991143,"-1,DC13_ethen,-1,DC13_ch2n2,1,DC13_13dip"
DC13_8,DC13,-0.146611443,"1,DC13_be4,-4,DC13_be"
DC13_9,DC13,-0.16892188,"-4,DC13_s2,1,DC13_s8"
DC13_10,DC13,0.175168802,"-1,DC13_ISO_C8H8_1,1,DC13_ISO_C8H8_41"
DC13_11,DC13,-0.104062252,"-1,DC13_o3,-1,DC13_c2h2,1,DC13_o3_c2h2_add"
DC13_12,DC13,-0.093544475,"-1,DC13_o3,-1,DC13_c2h4,1,DC13_o3_c2h4_add"
DC13_13,DC13,0.243183763,"-1,DC13_C6Cl6,-6,DC13_HCL,1,DC13_C6H6,6,DC13_CL2"
DIE60_1,DIE60,0.01119786815,"1,1prod_DIE60,-1,1react_DIE60"
DIE60_2,DIE60,0.00712245355,"1,2prod_DIE60,-1,2react_DIE60"
DIE60_3,DIE60,0.008379357117,"1,3prod_DIE60,-1,3react_DIE60"
DIE60_4,DIE60,0.009674348672,"1,4prod_DIE60,-1,4react_DIE60"
DIE60_5,DIE60,0.01085507627,"1,5prod_DIE60,-1,5react_DIE60"
DIE60_6,DIE60,0.0113502201,"1,6prod_DIE60,-1,6react_DIE60"
DIE60_7,DIE60,0.01173109996,"1,7prod_DIE60,-1,7react_DIE60"
DIE60_8,DIE60,0.005941725956,"1,8prod_DIE60,-1,8react_DIE60"
DIE60_9,DIE60,0.006741573681,"1,9prod_DIE60,-1,9react_DIE60"
DIE60_10,DIE60,0.006284517838,"1,10prod_DIE60,-1,10react_DIE60"
DIE60_11,DIE60,0.007350981471,"1,11prod_DIE60,-1,11react_DIE60"
DIE60_12,DIE60,0.00773186134,"1,12prod_DIE60,-1,12react_DIE60"
DIE60_13,DIE60,0.007617597379,"1,13prod_DIE60,-1,13react_DIE60"
DIE60_14,DIE60,0.008798324973,"1,14prod_DIE60,-1,14react_DIE60"
DIE60_15,DIE60,0.009560084711,"1,15prod_DIE60,-1,15react_DIE60"
DIE60_16,DIE60,0.0104741964,"1,16prod_DIE60,-1,16react_DIE60"
DIE60_17,DIE60,0.01131213211,"1,17prod_DIE60,-1,17react_DIE60"
DIE60_18,DIE60,0.01157874802,"1,18prod_DIE60,-1,18react_DIE60"
DIE60_19,DIE60,0.01165492399,"1,19prod_DIE60,-1,19react_DIE60"
DIE60_20,DIE60,-0.005294230179,"1,20prod_DIE60,-1,20react_DIE60"
DIE60_21,DIE60,0.007084365563,"1,21prod_DIE60,-1,21react_DIE60"
DIE60_22,DIE60,-0.009407732764,"1,22prod_DIE60,-1,22react_DIE60"
DIE60_23,DIE60,-0.009788612633,"1,23prod_DIE60,-1,23react_DIE60"
DIE60_24,DIE60,-0.008684061013,"1,24prod_DIE60,-1,24react_DIE60"
DIE60_25,DIE60,-0.007579509393,"1,25prod_DIE60,-1,25react_DIE60"
DIE60_26,DIE60,-0.003999238624,"1,26prod_DIE60,-1,26react_DIE60"
DIE60_27,DIE60,0.004799086349,"1,27prod_DIE60,-1,27react_DIE60"
DIE60_28,DIE60,0.006398781799,"1,28prod_DIE60,-1,28react_DIE60"
DIE60_29,DIE60,0.00712245355,"1,29prod_DIE60,-1,29react_DIE60"
DIE60_30,DIE60,-0.009483908737,"1,30prod_DIE60,-1,30react_DIE60"
DIE60_31,DIE60,-0.007998477248,"1,31prod_DIE60,-1,31react_DIE60"
DIE60_32,DIE60,-0.008493621078,"1,32prod_DIE60,-1,32react_DIE60"
DIE60_33,DIE60,-0.007160541537,"1,33prod_DIE60,-1,33react_DIE60"
DIE60_34,DIE60,-0.006589221733,"1,34prod_DIE60,-1,34react_DIE60"
DIE60_35,DIE60,-0.003961150637,"1,35prod_DIE60,-1,35react_DIE60"
DIE60_36,DIE60,-0.002932774991,"1,36prod_DIE60,-1,36react_DIE60"
DIE60_37,DIE60,0.001028375646,"1,37prod_DIE60,-1,37react_DIE60"
DIE60_38,DIE60,0.001066463633,"1,38prod_DIE60,-1,38react_DIE60"
DIE60_39,DIE60,0.001028375646,"1,39prod_DIE60,-1,39react_DIE60"
DIE60_40,DIE60,0.002666159083,"1,40prod_DIE60,-1,40react_DIE60"
DIE60_41,DIE60,0.008531709065,"1,41prod_DIE60,-1,41react_DIE60"
DIE60_42,DIE60,0.00994096458,"1,42prod_DIE60,-1,42react_DIE60"
DIE60_43,DIE60,0.004608646415,"1,43prod_DIE60,-1,43react_DIE60"
DIE60_44,DIE60,0.005941725956,"1,44prod_DIE60,-1,44react_DIE60"
DIE60_45,DIE60,0.001942487332,"1,45prod_DIE60,-1,45react_DIE60"
DIE60_46,DIE60,0.005903637969,"1,46prod_DIE60,-1,46react_DIE60"
DIE60_47,DIE60,0.006094077904,"1,47prod_DIE60,-1,47react_DIE60"
DIE60_48,DIE60,0.006970101602,"1,48prod_DIE60,-1,48react_DIE60"
DIE60_49,DIE60,0.006665397707,"1,49prod_DIE60,-1,49react_DIE60"
DIE60_50,DIE60,0.01066463633,"1,50prod_DIE60,-1,50react_DIE60"
DIE60_51,DIE60,0.002589983109,"1,51prod_DIE60,-1,51react_DIE60"
DIE60_52,DIE60,0.006665397707,"1,52prod_DIE60,-1,52react_DIE60"
DIE60_53,DIE60,0.006893925628,"1,53prod_DIE60,-1,53react_DIE60"
DIE60_54,DIE60,0.006741573681,"1,54prod_DIE60,-1,54react_DIE60"
DIE60_55,DIE60,0.00723671751,"1,55prod_DIE60,-1,55react_DIE60"
DIE60_56,DIE60,0.00933155679,"1,56prod_DIE60,-1,56react_DIE60"
DIE60_57,DIE60,0.009179204842,"1,57prod_DIE60,-1,57react_DIE60"
DIE60_58,DIE60,0.0110455162,"1,58prod_DIE60,-1,58react_DIE60"
DIE60_59,DIE60,0.01169301198,"1,59prod_DIE60,-1,59react_DIE60"
DIE60_60,DIE60,0.01371167528,"1,60prod_DIE60,-1,60react_DIE60"
DIPCS10_1,DIPCS9,0.843334518,"-1,DIPCS10_c4h4,1,DIPCS10_c4h4_2+"
DIPCS10_2,DIPCS9,1.063092322,"-1,DIPCS10_c2h6,1,DIPCS10_c2h6_2+"
DIPCS10_3,DIPCS9,1.045084612,"-1,DIPCS10_c2h4,1,DIPCS10_c2h4_2+"
DIPCS10_4,DIPCS9,0.999029496,"-1,DIPCS10_n2h2,1,DIPCS10_n2h2_2+"
DIPCS10_5,DIPCS9,1.237432451,"-1,DIPCS10_nh3,1,DIPCS10_nh3_2+"
DIPCS10_6,DIPCS9,1.191377335,"-1,DIPCS10_ch2o,1,DIPCS10_ch2o_2+"
DIPCS10_8,DIPCS9,1.035204276,"-1,DIPCS10_ph3,1,DIPCS10_ph3_2+"
DIPCS10_9,DIPCS9,0.832019939,"-1,DIPCS10_mg,1,DIPCS10_mg_2+"
DIPCS10_10,DIPCS9,1.011618957,"-1,DIPCS10_be,1,DIPCS10_be_2+"
DS14_1,DS14,-0.009067591805,"1,11_ch3oh_ch3sch3_cs_dim_DS14,-1,11_ch3oh_ch3sch3_cs_monA_DS14,-1,11_ch3oh_ch3sch3_cs_monB_DS14"
DS14_2,DS14,-0.001784833536,"1,12_ch3sch3_benzene_c2v_dim_DS14,-1,12_ch3sch3_benzene_c2v_monA_DS14,-1,12_ch3sch3_benzene_c2v_monB_DS14"
DS14_3,DS14,-0.005577604801,"1,13_ch3sh_benzene_cs_dim_DS14,-1,13_ch3sh_benzene_cs_monA_DS14,-1,13_ch3sh_benzene_cs_monB_DS14"
DS14_4,DS14,-0.005019844321,"1,14_ch3sh_dimer_dim_DS14,-1,14_ch3sh_dimer_monA_DS14,-1,14_ch3sh_dimer_monB_DS14"
DS14_5,DS14,-0.004956100266,"1,15_ch3sh_h2co_dim_DS14,-1,15_ch3sh_h2co_monA_DS14,-1,15_ch3sh_h2co_monB_DS14"
DS14_6,DS14,-0.003760899237,"1,16_ch3sh_h2o_cs_dim_DS14,-1,16_ch3sh_h2o_cs_monA_DS14,-1,16_ch3sh_h2o_cs_monB_DS14"
DS14_7,DS14,-0.004701124047,"1,17_ch3sh_nh3_cs_dim_DS14,-1,17_ch3sh_nh3_cs_monA_DS14,-1,17_ch3sh_nh3_cs_monB_DS14"
DS14_8,DS14,-0.01008749668,"1,18_formamide_ch3sh_dim_DS14,-1,18_formamide_ch3sh_monA_DS14,-1,18_formamide_ch3sh_monB_DS14"
DS14_9,DS14,-0.008525767339,"1,19_h2o_ch3sch3_cs_dim_DS14,-1,19_h2o_ch3sch3_cs_monA_DS14,-1,19_h2o_ch3sch3_cs_monB_DS14"
DS14_10,DS14,-0.007904262804,"1,20_h2o_dimer_cs_dim_DS14,-1,20_h2o_dimer_cs_monA_DS14,-1,20_h2o_dimer_cs_monB_DS14"
DS14_11,DS14,-0.004621443978,"1,21_h2o_h2s_cs_dim_DS14,-1,21_h2o_h2s_cs_monA_DS14,-1,21_h2o_h2s_cs_monB_DS14"
DS14_12,DS14,-0.001354561166,"1,22_h2s_ch4_dim_DS14,-1,22_h2s_ch4_monA_DS14,-1,22_h2s_ch4_monB_DS14"
DS14_13,DS14,-0.002661314291,"1,23_h2s_dimer_cs_dim_DS14,-1,23_h2s_dimer_cs_monA_DS14,-1,23_h2s_dimer_cs_monB_DS14"
DS14_14,DS14,-0.004238979649,"1,24_h2s_h2o_cs_dim_DS14,-1,24_h2s_h2o_cs_monA_DS14,-1,24_h2s_h2o_cs_monB_DS14"
Dip146_1,Dip146,-0.000115904,"1,Dip146_AlF2+,-1,Dip146_AlF2-"
Dip146_2,Dip146,-0.000031563,"1,Dip146_AlH22+,-1,Dip146_AlH22-"
Dip146_3,Dip146,0.0000182485,"1,Dip146_BeH2+,-1,Dip146_BeH2-"
Dip146_4,Dip146,0.0000644796,"1,Dip146_BF2+,-1,Dip146_BF2-"
Dip146_5,Dip146,0.000110978,"1,Dip146_BH2+,-1,Dip146_BH2-"
Dip146_6,Dip146,0.0000393771,"1,Dip146_BH22+,-1,Dip146_BH22-"
Dip146_7,Dip146,-0.000053809,"1,Dip146_BH2Cl2+,-1,Dip146_BH2Cl2-"
Dip146_8,Dip146,-0.0000650698,"1,Dip146_BH2F2+,-1,Dip146_BH2F2-"
Dip146_9,Dip146,0.0000525972,"1,Dip146_BHCl22+,-1,Dip146_BHCl22-"
Dip146_10,Dip146,0.0000753704,"1,Dip146_BHF22+,-1,Dip146_BHF22-"
Dip146_11,Dip146,-0.000160262,"1,Dip146_BN2+,-1,Dip146_BN2-"
Dip146_12,Dip146,-0.000182335,"1,Dip146_BO2+,-1,Dip146_BO2-"
Dip146_13,Dip146,-0.0000616467,"1,Dip146_BS2+,-1,Dip146_BS2-"
Dip146_14,Dip146,0.0000598132,"1,Dip146_C2H2+,-1,Dip146_C2H2-"
Dip146_15,Dip146,-0.0000476768,"1,Dip146_C2H30+,-1,Dip146_C2H30-"
Dip146_16,Dip146,-0.0000254997,"1,Dip146_C2H31+,-1,Dip146_C2H31-"
Dip146_17,Dip146,0.0000118311,"1,Dip146_C2H50+,-1,Dip146_C2H50-"
Dip146_18,Dip146,-0.0000216741,"1,Dip146_C2H51+,-1,Dip146_C2H51-"
Dip146_19,Dip146,0.0000534549,"1,Dip146_CF2+,-1,Dip146_CF2-"
Dip146_20,Dip146,-0.000042509,"1,Dip146_CF22+,-1,Dip146_CF22-"
Dip146_21,Dip146,0.000112749,"1,Dip146_CH2+,-1,Dip146_CH2-"
Dip146_22,Dip146,-0.0000490876,"1,Dip146_CH2BH2+,-1,Dip146_CH2BH2-"
Dip146_23,Dip146,-0.0000728186,"1,Dip146_CH2BOH0+,-1,Dip146_CH2BOH0-"
Dip146_24,Dip146,0.000161869,"1,Dip146_CH2BOH2+,-1,Dip146_CH2BOH2-"
Dip146_25,Dip146,0.000033533,"1,Dip146_CH2F0+,-1,Dip146_CH2F0-"
Dip146_26,Dip146,0.000103281,"1,Dip146_CH2F1+,-1,Dip146_CH2F1-"
Dip146_27,Dip146,-0.000107038,"1,Dip146_CH2NH0+,-1,Dip146_CH2NH0-"
Dip146_28,Dip146,0.000122472,"1,Dip146_CH2NH2+,-1,Dip146_CH2NH2-"
Dip146_29,Dip146,0.000062003,"1,Dip146_CH2PH0+,-1,Dip146_CH2PH0-"
Dip146_30,Dip146,0.0000299403,"1,Dip146_CH2PH2+,-1,Dip146_CH2PH2-"
Dip146_31,Dip146,-0.0000449065,"1,Dip146_CH3BH21+,-1,Dip146_CH3BH21-"
Dip146_32,Dip146,-0.000289418,"1,Dip146_CH3BO2+,-1,Dip146_CH3BO2-"
Dip146_33,Dip146,-0.000149364,"1,Dip146_CH3Cl2+,-1,Dip146_CH3Cl2-"
Dip146_34,Dip146,-0.000142297,"1,Dip146_CH3F2+,-1,Dip146_CH3F2-"
Dip146_35,Dip146,-0.000458801,"1,Dip146_CH3Li2+,-1,Dip146_CH3Li2-"
Dip146_36,Dip146,-0.0000253932,"1,Dip146_CH3NH20+,-1,Dip146_CH3NH20-"
Dip146_37,Dip146,0.000106176,"1,Dip146_CH3NH21+,-1,Dip146_CH3NH21-"
Dip146_38,Dip146,-0.000160278,"1,Dip146_CH3O2+,-1,Dip146_CH3O2-"
Dip146_39,Dip146,0.000107325,"1,Dip146_CH3OH0+,-1,Dip146_CH3OH0-"
Dip146_40,Dip146,0.00008155,"1,Dip146_CH3OH1+,-1,Dip146_CH3OH1-"
Dip146_41,Dip146,-0.0000934357,"1,Dip146_CH3SH0+,-1,Dip146_CH3SH0-"
Dip146_42,Dip146,0.0000809854,"1,Dip146_CH3SH1+,-1,Dip146_CH3SH1-"
Dip146_43,Dip146,0.0000194938,"1,Dip146_CH3SH2+,-1,Dip146_CH3SH2-"
Dip146_44,Dip146,0.000224238,"1,Dip146_ClCN2+,-1,Dip146_ClCN2-"
Dip146_45,Dip146,0.000069264,"1,Dip146_ClF2+,-1,Dip146_ClF2-"
Dip146_46,Dip146,0.000146578,"1,Dip146_ClO22+,-1,Dip146_ClO22-"
Dip146_47,Dip146,0.00011267,"1,Dip146_CN2+,-1,Dip146_CN2-"
Dip146_48,Dip146,0.000154959,"1,Dip146_CS2+,-1,Dip146_CS2-"
Dip146_49,Dip146,-0.000057657,"1,Dip146_CSO2+,-1,Dip146_CSO2-"
Dip146_50,Dip146,-0.000171201,"1,Dip146_FCN2+,-1,Dip146_FCN2-"
Dip146_51,Dip146,-0.0000560914,"1,Dip146_FCO0+,-1,Dip146_FCO0-"
Dip146_52,Dip146,0.0000221873,"1,Dip146_FCO1+,-1,Dip146_FCO1-"
Dip146_53,Dip146,-0.000234004,"1,Dip146_FH-BH22+,-1,Dip146_FH-BH22-"
Dip146_54,Dip146,-0.000364026,"1,Dip146_FH-NH22+,-1,Dip146_FH-NH22-"
Dip146_55,Dip146,0.000133724,"1,Dip146_FH-OH0+,-1,Dip146_FH-OH0-"
Dip146_56,Dip146,-0.000229983,"1,Dip146_FH-OH2+,-1,Dip146_FH-OH2-"
Dip146_57,Dip146,0.000105466,"1,Dip146_FNO0+,-1,Dip146_FNO0-"
Dip146_58,Dip146,0.0000821038,"1,Dip146_FNO1+,-1,Dip146_FNO1-"
Dip146_59,Dip146,-0.000196248,"1,Dip146_H2CN2+,-1,Dip146_H2CN2-"
Dip146_60,Dip146,-0.000146374,"1,Dip146_H2O2+,-1,Dip146_H2O2-"
Dip146_61,Dip146,0.0000141892,"1,Dip146_H2O-Al0+,-1,Dip146_H2O-Al0-"
Dip146_62,Dip146,0.0000501876,"1,Dip146_H2O-Al1+,-1,Dip146_H2O-Al1-"
Dip146_63,Dip146,0.000338792,"1,Dip146_H2O-Al2+,-1,Dip146_H2O-Al2-"
Dip146_64,Dip146,0.0000837895,"1,Dip146_H2O-Cl0+,-1,Dip146_H2O-Cl0-"
Dip146_65,Dip146,0.000110664,"1,Dip146_H2O-Cl1+,-1,Dip146_H2O-Cl1-"
Dip146_66,Dip146,0.0001083,"1,Dip146_H2O-Cl2+,-1,Dip146_H2O-Cl2-"
Dip146_67,Dip146,0.000090393,"1,Dip146_H2O-F0+,-1,Dip146_H2O-F0-"
Dip146_68,Dip146,0.000118155,"1,Dip146_H2O-F1+,-1,Dip146_H2O-F1-"
Dip146_69,Dip146,0.0000866108,"1,Dip146_H2O-F2+,-1,Dip146_H2O-F2-"
Dip146_70,Dip146,-0.000214268,"1,Dip146_H2O-H2O0+,-1,Dip146_H2O-H2O0-"
Dip146_71,Dip146,0.0000155903,"1,Dip146_H2O-H2O2+,-1,Dip146_H2O-H2O2-"
Dip146_72,Dip146,0.000020357,"1,Dip146_H2O-Li1+,-1,Dip146_H2O-Li1-"
Dip146_73,Dip146,0.000283813,"1,Dip146_H2O-Li2+,-1,Dip146_H2O-Li2-"
Dip146_74,Dip146,-0.000254448,"1,Dip146_H2O-NH30+,-1,Dip146_H2O-NH30-"
Dip146_75,Dip146,-0.000105411,"1,Dip146_H2O-NH31+,-1,Dip146_H2O-NH31-"
Dip146_76,Dip146,-0.0000710927,"1,Dip146_H2S-H2S0+,-1,Dip146_H2S-H2S0-"
Dip146_77,Dip146,-0.0000129927,"1,Dip146_H2S-H2S1+,-1,Dip146_H2S-H2S1-"
Dip146_78,Dip146,0.00015127,"1,Dip146_H2S-HCl0+,-1,Dip146_H2S-HCl0-"
Dip146_79,Dip146,0.0000727162,"1,Dip146_H2S-HCl2+,-1,Dip146_H2S-HCl2-"
Dip146_80,Dip146,0.0000663288,"1,Dip146_HBH2BH2+,-1,Dip146_HBH2BH2-"
Dip146_81,Dip146,-0.000215,"1,Dip146_HBO2+,-1,Dip146_HBO2-"
Dip146_82,Dip146,0.000108224,"1,Dip146_HBS2+,-1,Dip146_HBS2-"
Dip146_83,Dip146,-0.0000394164,"1,Dip146_HCCCl2+,-1,Dip146_HCCCl2-"
Dip146_84,Dip146,-0.0000586407,"1,Dip146_HCCF2+,-1,Dip146_HCCF2-"
Dip146_85,Dip146,-0.000188284,"1,Dip146_HCHO2+,-1,Dip146_HCHO2-"
Dip146_86,Dip146,-0.000138402,"1,Dip146_HCHS2+,-1,Dip146_HCHS2-"
Dip146_87,Dip146,0.0000869931,"1,Dip146_HCl2+,-1,Dip146_HCl2-"
Dip146_88,Dip146,0.000118051,"1,Dip146_HCl-HCl0+,-1,Dip146_HCl-HCl0-"
Dip146_89,Dip146,0.0000749565,"1,Dip146_HCl-HCl1+,-1,Dip146_HCl-HCl1-"
Dip146_90,Dip146,0.000236585,"1,Dip146_HCN2+,-1,Dip146_HCN2-"
Dip146_91,Dip146,0.000195783,"1,Dip146_HCNO0+,-1,Dip146_HCNO0-"
Dip146_92,Dip146,0.000125591,"1,Dip146_HCNO1+,-1,Dip146_HCNO1-"
Dip146_93,Dip146,0.000122333,"1,Dip146_HCO0+,-1,Dip146_HCO0-"
Dip146_94,Dip146,-0.0000524462,"1,Dip146_HCO1+,-1,Dip146_HCO1-"
Dip146_95,Dip146,-0.0000995062,"1,Dip146_HCOF0+,-1,Dip146_HCOF0-"
Dip146_96,Dip146,0.000133596,"1,Dip146_HCOF1+,-1,Dip146_HCOF1-"
Dip146_97,Dip146,-0.000305002,"1,Dip146_HCONH20+,-1,Dip146_HCONH20-"
Dip146_98,Dip146,-0.0000433505,"1,Dip146_HCONH21+,-1,Dip146_HCONH21-"
Dip146_99,Dip146,-0.000108416,"1,Dip146_HCOOH0+,-1,Dip146_HCOOH0-"
Dip146_100,Dip146,0.0000278724,"1,Dip146_HCP2+,-1,Dip146_HCP2-"
Dip146_101,Dip146,0.000142108,"1,Dip146_HF2+,-1,Dip146_HF2-"
Dip146_102,Dip146,0.000242973,"1,Dip146_HF-HF0+,-1,Dip146_HF-HF0-"
Dip146_103,Dip146,0.0001118,"1,Dip146_HF-HF1+,-1,Dip146_HF-HF1-"
Dip146_104,Dip146,-0.0000644462,"1,Dip146_HN30+,-1,Dip146_HN30-"
Dip146_105,Dip146,0.000113588,"1,Dip146_HN31+,-1,Dip146_HN31-"
Dip146_106,Dip146,0.000242511,"1,Dip146_HNC2+,-1,Dip146_HNC2-"
Dip146_107,Dip146,0.000148985,"1,Dip146_HNCO0+,-1,Dip146_HNCO0-"
Dip146_108,Dip146,-0.000064567,"1,Dip146_HNCO1+,-1,Dip146_HNCO1-"
Dip146_109,Dip146,-0.000109337,"1,Dip146_HNO0+,-1,Dip146_HNO0-"
Dip146_110,Dip146,0.0000705095,"1,Dip146_HNO2+,-1,Dip146_HNO2-"
Dip146_111,Dip146,0.000142845,"1,Dip146_HNO20+,-1,Dip146_HNO20-"
Dip146_112,Dip146,0.0000525936,"1,Dip146_HNO21+,-1,Dip146_HNO21-"
Dip146_113,Dip146,-0.000110476,"1,Dip146_HNS1+,-1,Dip146_HNS1-"
Dip146_114,Dip146,-0.000131792,"1,Dip146_HO20+,-1,Dip146_HO20-"
Dip146_115,Dip146,-0.000108041,"1,Dip146_HO21+,-1,Dip146_HO21-"
Dip146_116,Dip146,-0.000117574,"1,Dip146_HOCl0+,-1,Dip146_HOCl0-"
Dip146_117,Dip146,0.0000235727,"1,Dip146_HOCl2+,-1,Dip146_HOCl2-"
Dip146_118,Dip146,0.000105534,"1,Dip146_HOCN0+,-1,Dip146_HOCN0-"
Dip146_119,Dip146,-0.000279775,"1,Dip146_HOCN1+,-1,Dip146_HOCN1-"
Dip146_120,Dip146,-0.000132412,"1,Dip146_HOF0+,-1,Dip146_HOF0-"
Dip146_121,Dip146,0.0000721959,"1,Dip146_HOF2+,-1,Dip146_HOF2-"
Dip146_122,Dip146,0.000123797,"1,Dip146_HOOH2+,-1,Dip146_HOOH2-"
Dip146_123,Dip146,-0.0000409786,"1,Dip146_HPO0+,-1,Dip146_HPO0-"
Dip146_124,Dip146,-0.000202753,"1,Dip146_HPO1+,-1,Dip146_HPO1-"
Dip146_125,Dip146,-0.000482228,"1,Dip146_LiBH42+,-1,Dip146_LiBH42-"
Dip146_126,Dip146,-0.000558393,"1,Dip146_LiCl2+,-1,Dip146_LiCl2-"
Dip146_127,Dip146,0.000512275,"1,Dip146_LiCN0+,-1,Dip146_LiCN0-"
Dip146_128,Dip146,-0.000199198,"1,Dip146_LiCN1+,-1,Dip146_LiCN1-"
Dip146_129,Dip146,0.000494802,"1,Dip146_LiF2+,-1,Dip146_LiF2-"
Dip146_130,Dip146,-0.00045866,"1,Dip146_LiH2+,-1,Dip146_LiH2-"
Dip146_131,Dip146,-0.000555229,"1,Dip146_LiN2+,-1,Dip146_LiN2-"
Dip146_132,Dip146,-0.000359335,"1,Dip146_LiOH2+,-1,Dip146_LiOH2-"
Dip146_133,Dip146,0.000226385,"1,Dip146_N2H22+,-1,Dip146_N2H22-"
Dip146_134,Dip146,0.000213875,"1,Dip146_N2H42+,-1,Dip146_N2H42-"
Dip146_135,Dip146,-0.00070874,"1,Dip146_NaCl2+,-1,Dip146_NaCl2-"
Dip146_136,Dip146,-0.000365976,"1,Dip146_NaCN0+,-1,Dip146_NaCN0-"
Dip146_137,Dip146,-0.000596749,"1,Dip146_NaCN1+,-1,Dip146_NaCN1-"
Dip146_138,Dip146,-0.000640066,"1,Dip146_NaF2+,-1,Dip146_NaF2-"
Dip146_139,Dip146,-0.000503356,"1,Dip146_NaH2+,-1,Dip146_NaH2-"
Dip146_140,Dip146,0.0000380629,"1,Dip146_NaLi2+,-1,Dip146_NaLi2-"
Dip146_141,Dip146,0.000532661,"1,Dip146_NaOH2+,-1,Dip146_NaOH2-"
Dip146_142,Dip146,0.0000887558,"1,Dip146_NCl2+,-1,Dip146_NCl2-"
Dip146_143,Dip146,0.0000624415,"1,Dip146_NCO2+,-1,Dip146_NCO2-"
Dip146_144,Dip146,0.0000149828,"1,Dip146_NF22+,-1,Dip146_NF22-"
Dip146_145,Dip146,0.000121444,"1,Dip146_NH2+,-1,Dip146_NH2-"
Dip146_146,Dip146,0.000140487,"1,Dip146_NH22+,-1,Dip146_NH22-"
Dip146_147,Dip146,0.000123452,"1,Dip146_NH2Cl0+,-1,Dip146_NH2Cl0-"
Dip146_148,Dip146,0.0000907249,"1,Dip146_NH2Cl1+,-1,Dip146_NH2Cl1-"
Dip146_149,Dip146,0.000139616,"1,Dip146_NH2F0+,-1,Dip146_NH2F0-"
Dip146_150,Dip146,0.000111754,"1,Dip146_NH2F1+,-1,Dip146_NH2F1-"
Dip146_151,Dip146,0.0000548619,"1,Dip146_NH2OH1+,-1,Dip146_NH2OH1-"
Dip146_152,Dip146,-0.000120311,"1,Dip146_NH32+,-1,Dip146_NH32-"
Dip146_153,Dip146,0.000415568,"1,Dip146_NH3-BH32+,-1,Dip146_NH3-BH32-"
Dip146_154,Dip146,0.000154406,"1,Dip146_NH3-NH30+,-1,Dip146_NH3-NH30-"
Dip146_155,Dip146,-0.000065997,"1,Dip146_NH3-NH32+,-1,Dip146_NH3-NH32-"
Dip146_156,Dip146,-0.000424476,"1,Dip146_NH3O2+,-1,Dip146_NH3O2-"
Dip146_157,Dip146,0.0000100017,"1,Dip146_NO2+,-1,Dip146_NO2-"
Dip146_158,Dip146,-0.0000263616,"1,Dip146_NO22+,-1,Dip146_NO22-"
Dip146_159,Dip146,0.0000773989,"1,Dip146_NOCl0+,-1,Dip146_NOCl0-"
Dip146_160,Dip146,0.000143975,"1,Dip146_NOCl1+,-1,Dip146_NOCl1-"
Dip146_161,Dip146,-0.000225946,"1,Dip146_NP2+,-1,Dip146_NP2-"
Dip146_162,Dip146,-0.000143509,"1,Dip146_NS2+,-1,Dip146_NS2-"
Dip146_163,Dip146,-0.0000445824,"1,Dip146_O32+,-1,Dip146_O32-"
Dip146_164,Dip146,0.000100646,"1,Dip146_OCl2+,-1,Dip146_OCl2-"
Dip146_165,Dip146,-0.0000442638,"1,Dip146_OCl22+,-1,Dip146_OCl22-"
Dip146_166,Dip146,0.0000255754,"1,Dip146_OF22+,-1,Dip146_OF22-"
Dip146_167,Dip146,-0.000130234,"1,Dip146_OH2+,-1,Dip146_OH2-"
Dip146_168,Dip146,0.0000785259,"1,Dip146_P2H42+,-1,Dip146_P2H42-"
Dip146_169,Dip146,-0.0000445156,"1,Dip146_PCl2+,-1,Dip146_PCl2-"
Dip146_170,Dip146,-0.0000637713,"1,Dip146_PF2+,-1,Dip146_PF2-"
Dip146_171,Dip146,-0.0000344274,"1,Dip146_PH2+,-1,Dip146_PH2-"
Dip146_172,Dip146,0.0000430598,"1,Dip146_PH22+,-1,Dip146_PH22-"
Dip146_173,Dip146,0.0000535427,"1,Dip146_PH2OH0+,-1,Dip146_PH2OH0-"
Dip146_174,Dip146,-0.0000477577,"1,Dip146_PH32+,-1,Dip146_PH32-"
Dip146_175,Dip146,0.000296697,"1,Dip146_PH3O2+,-1,Dip146_PH3O2-"
Dip146_176,Dip146,0.000154369,"1,Dip146_PO2+,-1,Dip146_PO2-"
Dip146_177,Dip146,0.00011352,"1,Dip146_PO22+,-1,Dip146_PO22-"
Dip146_178,Dip146,0.000148034,"1,Dip146_PPO2+,-1,Dip146_PPO2-"
Dip146_179,Dip146,0.0000537067,"1,Dip146_PS2+,-1,Dip146_PS2-"
Dip146_180,Dip146,0.0000899047,"1,Dip146_S2H22+,-1,Dip146_S2H22-"
Dip146_181,Dip146,0.0000306187,"1,Dip146_SCl22+,-1,Dip146_SCl22-"
Dip146_182,Dip146,-0.0000640468,"1,Dip146_SF2+,-1,Dip146_SF2-"
Dip146_183,Dip146,0.0000830586,"1,Dip146_SF22+,-1,Dip146_SF22-"
Dip146_184,Dip146,0.0000608047,"1,Dip146_SH2+,-1,Dip146_SH2-"
Dip146_185,Dip146,-0.0000782112,"1,Dip146_SH22+,-1,Dip146_SH22-"
Dip146_186,Dip146,-0.000107374,"1,Dip146_SiH3Cl2+,-1,Dip146_SiH3Cl2-"
Dip146_187,Dip146,0.000103266,"1,Dip146_SiH3F2+,-1,Dip146_SiH3F2-"
Dip146_188,Dip146,-0.000244911,"1,Dip146_SiO2+,-1,Dip146_SiO2-"
Dip146_189,Dip146,-0.000128156,"1,Dip146_SO22+,-1,Dip146_SO22-"
Dip146_190,Dip146,-0.000122805,"1,Dip146_SO-trip2+,-1,Dip146_SO-trip2-"
EA50_1,EA50,0.023152073,"1,EA50_Li_n,-1,EA50_Li"
EA50_2,EA50,0.011024797,"1,EA50_B_n,-1,EA50_B"
EA50_3,EA50,0.02057962,"1,EA50_Na_n,-1,EA50_Na"
EA50_4,EA50,0.017272181,"1,EA50_Al_n,-1,EA50_Al"
EA50_5,EA50,0.133767533,"1,EA50_Cl_n,-1,EA50_Cl"
EA50_6,EA50,0.052551531,"1,EA50_Ge_n,-1,EA50_Ge"
EA50_7,EA50,0.076806083,"1,EA50_Se_n,-1,EA50_Se"
EA50_8,EA50,0.130092601,"1,EA50_Br_n,-1,EA50_Br"
EA50_9,EA50,0.014699729,"1,EA50_Ga_n,-1,EA50_Ga"
EA50_10,EA50,0.028296978,"1,EA50_As_n,-1,EA50_As"
EA50_11,EA50,0.01139229,"1,EA50_LiH_n,-1,EA50_LiH"
EA50_12,EA50,0.01139229,"1,EA50_BH3_n,-1,EA50_BH3"
EA50_13,EA50,0.016537195,"1,EA50_C2H2_n,-1,EA50_C2H2"
EA50_14,EA50,0.038954282,"1,EA50_SiH2_n,-1,EA50_SiH2"
EA50_15,EA50,0.014332236,"1,EA50_HNO_n,-1,EA50_HNO"
EA50_16,EA50,0.074233631,"1,EA50_C3_n,-1,EA50_C3"
EA50_17,EA50,0.072763658,"1,EA50_O3_n,-1,EA50_O3"
EA50_18,EA50,0.016537195,"1,EA50_P2_n,-1,EA50_P2"
EA50_19,EA50,0.003307439,"1,EA50_SiF2_n,-1,EA50_SiF2"
EA50_20,EA50,0.019477141,"1,EA50_BeH_n,-1,EA50_BeH"
EA50_21,EA50,0.044834173,"1,EA50_CH_n,-1,EA50_CH"
EA50_22,EA50,-0.001837466,"1,EA50_CH3_n,-1,EA50_CH3"
EA50_23,EA50,0.026459512,"1,EA50_NH2_n,-1,EA50_NH2"
EA50_24,EA50,0.066516273,"1,EA50_OH_n,-1,EA50_OH"
EA50_25,EA50,0.109880473,"1,EA50_C2H_n,-1,EA50_C2H"
EA50_26,EA50,0.142954863,"1,EA50_CN_n,-1,EA50_CN"
EA50_27,EA50,0.090403333,"1,EA50_BO_n,-1,EA50_BO"
EA50_28,EA50,0.014332236,"1,EA50_NCH2_n,-1,EA50_NCH2"
EA50_29,EA50,0.046671639,"1,EA50_SiH_n,-1,EA50_SiH"
EA50_30,EA50,0.056593956,"1,EA50_CH3O_n,-1,EA50_CH3O"
EA50_31,EA50,0.036749322,"1,EA50_PH_n,-1,EA50_PH"
EA50_32,EA50,0.045569159,"1,EA50_PH2_n,-1,EA50_PH2"
EA50_33,EA50,0.085625921,"1,EA50_SH_n,-1,EA50_SH"
EA50_34,EA50,0.0650463,"1,EA50_FO_n,-1,EA50_FO"
EA50_35,EA50,0.023152073,"1,EA50_C3H3_n,-1,EA50_C3H3"
EA50_36,EA50,0.100693143,"1,EA50_CH3C2_n,-1,EA50_CH3C2"
EA50_37,EA50,0.077908563,"1,EA50_C2O_n,-1,EA50_C2O"
EA50_38,EA50,0.060268888,"1,EA50_HCNN_n,-1,EA50_HCNN"
EA50_39,EA50,0.127520148,"1,EA50_NCO_n,-1,EA50_NCO"
EA50_40,EA50,0.060636382,"1,EA50_CH2CHO_n,-1,EA50_CH2CHO"
EA50_41,EA50,0.094813251,"1,EA50_AlO_n,-1,EA50_AlO"
EA50_42,EA50,0.16537195,"1,EA50_BO2_n,-1,EA50_BO2"
EA50_43,EA50,0.029399458,"1,EA50_SiF_n,-1,EA50_SiF"
EA50_44,EA50,0.03417687,"1,EA50_SO_n,-1,EA50_SO"
EA50_45,EA50,0.079011043,"1,EA50_ClO_n,-1,EA50_ClO"
EA50_46,EA50,0.078643549,"1,EA50_SF_n,-1,EA50_SF"
EA50_47,EA50,0.054021504,"1,EA50_Al2_n,-1,EA50_Al2"
EA50_48,EA50,0.156552112,"1,EA50_AlO2_n,-1,EA50_AlO2"
EA50_49,EA50,0.111717939,"1,EA50_PO2_n,-1,EA50_PO2"
EA50_50,EA50,0.054021504,"1,EA50_S2_n,-1,EA50_S2"
EIE22_1,EIE22,0.01024566848,"1,12_Product1_EIE22,-1,11_Reactant1_EIE22"
EIE22_2,EIE22,0.006893925628,"1,14_Product2_EIE22,-1,13_Reactant2_EIE22"
EIE22_3,EIE22,0.005294230179,"1,16_Product3_EIE22,-1,15_Reactant3_EIE22"
EIE22_4,EIE22,0.00712245355,"1,18_Product4_EIE22,-1,17_Reactant4_EIE22"
EIE22_5,EIE22,0.007160541537,"1,20_Product5_EIE22,-1,19_Reactant5_EIE22"
EIE22_6,EIE22,0.00723671751,"1,22_Product6_EIE22,-1,21_Reactant6_EIE22"
EIE22_7,EIE22,0.01085507627,"1,24_Product7_EIE22,-1,23_Reactant7_EIE22"
EIE22_8,EIE22,0.0127975636,"1,26_Product8_EIE22,-1,25_Reactant8_EIE22"
EIE22_9,EIE22,0.005675110048,"1,28_Product9_EIE22,-1,27_Reactant9_EIE22"
EIE22_10,EIE22,0.00601790193,"1,30_Product10_EIE22,-1,29_Reactant10_EIE22"
EIE22_11,EIE22,0.000152351948,"1,32_Product11_EIE22,-1,31_Reactant11_EIE22"
EIE22_12,EIE22,0.001675871423,"1,34_Product12_EIE22,-1,33_Reactant12_EIE22"
EIE22_13,EIE22,0.01321653145,"1,36_Product13_EIE22,-1,35_Reactant13_EIE22"
EIE22_14,EIE22,0.000990287659,"1,38_Product14_EIE22,-1,37_Reactant14_EIE22"
EIE22_15,EIE22,0.007922301275,"1,40_Product15_EIE22,-1,39_Reactant15_EIE22"
EIE22_16,EIE22,0.01470196294,"1,42_Product16_EIE22,-1,41_Reactant16_EIE22"
EIE22_17,EIE22,0.007998477248,"1,44_Product17_EIE22,-1,43_Reactant17_EIE22"
EIE22_18,EIE22,-0.004380118493,"1,46_Product18_EIE22,-1,45_Reactant18_EIE22"
EIE22_19,EIE22,0.005370406152,"1,48_Product19_EIE22,-1,47_Reactant19_EIE22"
EIE22_20,EIE22,0.006665397707,"1,50_Product20_EIE22,-1,49_Reactant20_EIE22"
EIE22_21,EIE22,0.007503333419,"1,52_Product21_EIE22,-1,51_Reactant21_EIE22"
EIE22_22,EIE22,0.004989526284,"1,54_Product22_EIE22,-1,53_Reactant22_EIE22"
FH51_1,FH51,-0.240331214,"-1,FH51_C6H12O,-2,FH51_H2O2,1,FH51_ethyl-g-butyrolactone,3,FH51_H2O"
FH51_2,FH51,-0.230084349,"-1,FH51_C4H9NH2,-3,FH51_H2O2,1,FH51_C4H9NO2,4,FH51_H2O"
FH51_3,FH51,-0.142388396,"-1,FH51_C4H9CHO,-1,FH51_H2O2,1,FH51_C4H9CO2H,1,FH51_H2O"
FH51_4,FH51,-0.131551898,"-1,FH51_C4H9SO2H,-1,FH51_H2O2,1,FH51_C4H9SO3H,1,FH51_H2O"
FH51_5,FH51,-0.125113743,"-1,FH51_trans-2-pentene,-1,FH51_H2O2,1,FH51_pentanediol"
FH51_6,FH51,-0.106707633,"-1,FH51_toluene,-3,FH51_H2,1,FH51_methylcyclohexane"
FH51_7,FH51,-0.101815273,"-1,FH51_pentanol,-1,FH51_H2O2,1,FH51_C4H9CHO,2,FH51_H2O"
FH51_8,FH51,-0.093273563,"-1,FH51_C2H5O_2,1,FH51_C2H4OH_2"
FH51_9,FH51,-0.090261654,"-1,FH51_3-hexene,-1,FH51_H2O2,1,FH51_diethyloxirane,1,FH51_H2O"
FH51_10,FH51,-0.0842219,"-1,FH51_S_C2H5_2,-1,FH51_H2O2,1,FH51_OS_C2H5_2,1,FH51_H2O"
FH51_11,FH51,-0.083823499,"-1,FH51_ax-methylcyclohexene,1,FH51_eq-methylcyclohexene"
FH51_12,FH51,-0.074453115,"-1,FH51_hexyne,-1,FH51_H2,1,FH51_1-hexene"
FH51_13,FH51,-0.07142527,"-1,FH51_2-pentyne,-1,FH51_H2,1,FH51_trans-2-pentene"
FH51_14,FH51,-0.069592627,"-1,FH51_2-pentyne,-1,FH51_H2,1,FH51_cis-2-pentene"
FH51_15,FH51,-0.068349617,"-1,FH51_2-pentyne,-1,FH51_HCN,1,FH51_C2H5CCNCHCH3"
FH51_16,FH51,-0.059090786,"-1,FH51_1-hexene,-1,FH51_H2,1,FH51_n-hexane"
FH51_17,FH51,-0.05566454,"-1,FH51_1-pentyne,-1,FH51_H2O,1,FH51_C4H9CHO"
FH51_18,FH51,-0.051744278,"-2,FH51_C3H7NH2,-1,FH51_COCl2,1,FH51_CO_2NHC3H7_2,2,FH51_HCl"
FH51_19,FH51,-0.051154645,"-1,FH51_eq-methylcyclohexene,-1,FH51_H2,1,FH51_methylcyclohexane"
FH51_20,FH51,-0.049752274,"-1,FH51_trans-2-pentene,-1,FH51_Cl2,1,FH51_C2H5CClCHCH3,1,FH51_HCl"
FH51_21,FH51,-0.047776207,"-1,FH51_2-pentyne,-1,FH51_HCl,1,FH51_C2H5CClCHCH3"
FH51_22,FH51,-0.041178692,"-1,FH51_1-pentene,-1,FH51_ethene,1,FH51_Heptene"
FH51_23,FH51,-0.037401854,"-1,FH51_C4H9CHO,-1,FH51_H2,1,FH51_pentanol"
FH51_24,FH51,-0.035776379,"-1,FH51_dimethyloxirane,-1,FH51_H2O,1,FH51_butanediol"
FH51_25,FH51,-0.032302326,"-1,FH51_methylpyridine,-1,FH51_H2,1,FH51_dimethylpyrrole"
FH51_26,FH51,-0.031425844,"-1,FH51_C4H9NCO,-1,FH51_NH3,1,FH51_C4H9NHCONH2"
FH51_27,FH51,-0.030820275,"-1,FH51_C3H7CN,-1,FH51_H2O,1,FH51_C3H7CONH2"
FH51_28,FH51,-0.030995571,"-1,FH51_propylfuran,-1,FH51_H2S,1,FH51_propylthiophene,1,FH51_H2O"
FH51_29,FH51,-0.02771275,"-1,FH51_diethylamine,-1,FH51_CO,1,FH51_HCON_C2H5_2"
FH51_30,FH51,-0.027059373,"-1,FH51_C3H7NCO,-1,FH51_H2O,1,FH51_C3H7NH2,1,FH51_CO2"
FH51_31,FH51,-0.025720747,"-1,FH51_C3H7CO2C2H3,1,FH51_ethyl-g-butyrolactone"
FH51_32,FH51,-0.022788518,"-1,FH51_H2C-C5-CH2,1,FH51_heptatriyne"
FH51_33,FH51,-0.020939939,"-1,FH51_methylpyrazole,1,FH51_methylimidazole"
FH51_34,FH51,-0.018613279,"-1,FH51_1-pentene,-1,FH51_H2O,1,FH51_pentanol"
FH51_35,FH51,-0.017051548,"-1,FH51_methylfuran,-1,FH51_NH3,1,FH51_methylpyrrole,1,FH51_H2O"
FH51_36,FH51,-0.014963929,"-1,FH51_C3H7CHCO,-1,FH51_H2CO,1,FH51_propyloxirane,1,FH51_CO"
FH51_37,FH51,-0.013593431,"-1,FH51_pentanol,-1,FH51_CO,1,FH51_HCO2C5H11"
FH51_38,FH51,-0.010565586,"-1,FH51_C3H7S_2,-1,FH51_H2,2,FH51_C3H7SH"
FH51_39,FH51,-0.010597458,"1,FH51_pentadiene,1,FH51_ethene,-1,FH51_ax-methylcyclohexene"
FH51_40,FH51,-0.010278737,"-1,FH51_hexandione,1,FH51_methyl-d-valerolactone"
FH51_41,FH51,-0.008143309,"-1,FH51_C2H5CO2H,-1,FH51_methanol,1,FH51_C2H5CO2CH3,1,FH51_H2O"
FH51_42,FH51,-0.005179209,"-1,FH51_C4H9ONO,1,FH51_C4H9NO2"
FH51_43,FH51,-0.004207111,"-1,FH51_n-hexane,1,FH51_neo-hexane"
FH51_44,FH51,-0.003952135,"-1,FH51_methylcyclohexa-1-4-diene,1,FH51_methylcyclohexa-1-3-diene"
FH51_45,FH51,-0.003362502,"-1,FH51_1-pentene,1,FH51_trans-2-pentene"
FH51_46,FH51,-0.002342596,"-1,FH51_toluene,-1,FH51_H2,1,FH51_methylcyclohexa-1-3-diene"
FH51_47,FH51,-0.001832643,"-1,FH51_cis-2-pentene,1,FH51_trans-2-pentene"
FH51_48,FH51,-0.001370498,"-1,FH51_3-methylpentane,1,FH51_dimethylbutane"
FH51_49,FH51,-0.000685249,"-1,FH51_C2H5CO2H,-1,FH51_NH3,1,FH51_C2H5CONH2,1,FH51_H2O"
FH51_50,FH51,-0.000653377,"-1,FH51_n-nonane,1,FH51_tetramethylpentane"
FH51_51,FH51,-0.000286848,"-1,FH51_C3H7CO2H,-1,FH51_NH3,1,FH51_C3H7CONH2,1,FH51_H2O"
FmH2O10_1,FmH2O10,-0.269350504,"1,11_Isomer1_FmH2O10,-1,11_Isomer1_mon1_FmH2O10,-1,11_Isomer1_mon2_FmH2O10,-1,11_Isomer1_mon3_FmH2O10,-1,11_Isomer1_mon4_FmH2O10,-1,11_Isomer1_mon5_FmH2O10,-1,11_Isomer1_mon6_FmH2O10,-1,11_Isomer1_mon7_FmH2O10,-1,11_Isomer1_mon8_FmH2O10,-1,11_Isomer1_mon9_FmH2O10,-1,11_Isomer1_mon10_FmH2O10,-1,11_Isomer1_mon11_FmH2O10"
FmH2O10_2,FmH2O10,-0.26936644,"1,12_Isomer2_FmH2O10,-1,12_Isomer2_mon1_FmH2O10,-1,12_Isomer2_mon2_FmH2O10,-1,12_Isomer2_mon3_FmH2O10,-1,12_Isomer2_mon4_FmH2O10,-1,12_Isomer2_mon5_FmH2O10,-1,12_Isomer2_mon6_FmH2O10,-1,12_Isomer2_mon7_FmH2O10,-1,12_Isomer2_mon8_FmH2O10,-1,12_Isomer2_mon9_FmH2O10,-1,12_Isomer2_mon10_FmH2O10,-1,12_Isomer2_mon11_FmH2O10"
FmH2O10_3,FmH2O10,-0.267740966,"1,13_Isomer3_FmH2O10,-1,13_Isomer3_mon1_FmH2O10,-1,13_Isomer3_mon2_FmH2O10,-1,13_Isomer3_mon3_FmH2O10,-1,13_Isomer3_mon4_FmH2O10,-1,13_Isomer3_mon5_FmH2O10,-1,13_Isomer3_mon6_FmH2O10,-1,13_Isomer3_mon7_FmH2O10,-1,13_Isomer3_mon8_FmH2O10,-1,13_Isomer3_mon9_FmH2O10,-1,13_Isomer3_mon10_FmH2O10,-1,13_Isomer3_mon11_FmH2O10"
FmH2O10_4,FmH2O10,-0.269430184,"1,14_Isomer4_FmH2O10,-1,14_Isomer4_mon1_FmH2O10,-1,14_Isomer4_mon2_FmH2O10,-1,14_Isomer4_mon3_FmH2O10,-1,14_Isomer4_mon4_FmH2O10,-1,14_Isomer4_mon5_FmH2O10,-1,14_Isomer4_mon6_FmH2O10,-1,14_Isomer4_mon7_FmH2O10,-1,14_Isomer4_mon8_FmH2O10,-1,14_Isomer4_mon9_FmH2O10,-1,14_Isomer4_mon10_FmH2O10,-1,14_Isomer4_mon11_FmH2O10"
FmH2O10_5,FmH2O10,-0.270768809,"1,15_Isomer5_FmH2O10,-1,15_Isomer5_mon1_FmH2O10,-1,15_Isomer5_mon2_FmH2O10,-1,15_Isomer5_mon3_FmH2O10,-1,15_Isomer5_mon4_FmH2O10,-1,15_Isomer5_mon5_FmH2O10,-1,15_Isomer5_mon6_FmH2O10,-1,15_Isomer5_mon7_FmH2O10,-1,15_Isomer5_mon8_FmH2O10,-1,15_Isomer5_mon9_FmH2O10,-1,15_Isomer5_mon10_FmH2O10,-1,15_Isomer5_mon11_FmH2O10"
FmH2O10_6,FmH2O10,-0.273175147,"1,16_Isomer6_FmH2O10,-1,16_Isomer6_mon1_FmH2O10,-1,16_Isomer6_mon2_FmH2O10,-1,16_Isomer6_mon3_FmH2O10,-1,16_Isomer6_mon4_FmH2O10,-1,16_Isomer6_mon5_FmH2O10,-1,16_Isomer6_mon6_FmH2O10,-1,16_Isomer6_mon7_FmH2O10,-1,16_Isomer6_mon8_FmH2O10,-1,16_Isomer6_mon9_FmH2O10,-1,16_Isomer6_mon10_FmH2O10,-1,16_Isomer6_mon11_FmH2O10"
FmH2O10_7,FmH2O10,-0.270784745,"1,17_Isomer7_FmH2O10,-1,17_Isomer7_mon1_FmH2O10,-1,17_Isomer7_mon2_FmH2O10,-1,17_Isomer7_mon3_FmH2O10,-1,17_Isomer7_mon4_FmH2O10,-1,17_Isomer7_mon5_FmH2O10,-1,17_Isomer7_mon6_FmH2O10,-1,17_Isomer7_mon7_FmH2O10,-1,17_Isomer7_mon8_FmH2O10,-1,17_Isomer7_mon9_FmH2O10,-1,17_Isomer7_mon10_FmH2O10,-1,17_Isomer7_mon11_FmH2O10"
FmH2O10_8,FmH2O10,-0.265573669,"1,18_Isomer8_FmH2O10,-1,18_Isomer8_mon1_FmH2O10,-1,18_Isomer8_mon2_FmH2O10,-1,18_Isomer8_mon3_FmH2O10,-1,18_Isomer8_mon4_FmH2O10,-1,18_Isomer8_mon5_FmH2O10,-1,18_Isomer8_mon6_FmH2O10,-1,18_Isomer8_mon7_FmH2O10,-1,18_Isomer8_mon8_FmH2O10,-1,18_Isomer8_mon9_FmH2O10,-1,18_Isomer8_mon10_FmH2O10,-1,18_Isomer8_mon11_FmH2O10"
FmH2O10_9,FmH2O10,-0.260697248,"1,19_Isomer9_FmH2O10,-1,19_Isomer9_mon1_FmH2O10,-1,19_Isomer9_mon2_FmH2O10,-1,19_Isomer9_mon3_FmH2O10,-1,19_Isomer9_mon4_FmH2O10,-1,19_Isomer9_mon5_FmH2O10,-1,19_Isomer9_mon6_FmH2O10,-1,19_Isomer9_mon7_FmH2O10,-1,19_Isomer9_mon8_FmH2O10,-1,19_Isomer9_mon9_FmH2O10,-1,19_Isomer9_mon10_FmH2O10,-1,19_Isomer9_mon11_FmH2O10"
FmH2O10_10,FmH2O10,-0.268075623,"1,20_Isomer10_FmH2O10,-1,20_Isomer10_mon1_FmH2O10,-1,20_Isomer10_mon2_FmH2O10,-1,20_Isomer10_mon3_FmH2O10,-1,20_Isomer10_mon4_FmH2O10,-1,20_Isomer10_mon5_FmH2O10,-1,20_Isomer10_mon6_FmH2O10,-1,20_Isomer10_mon7_FmH2O10,-1,20_Isomer10_mon8_FmH2O10,-1,20_Isomer10_mon9_FmH2O10,-1,20_Isomer10_mon10_FmH2O10,-1,20_Isomer10_mon11_FmH2O10"
G21EA_1,G21EA,0.046908201,"1,G21EA_EA_c,-1,G21EA_EA_c-"
G21EA_2,G21EA,0.054157464,"1,G21EA_EA_o,-1,G21EA_EA_o-"
G21EA_3,G21EA,0.126235042,"1,G21EA_EA_f,-1,G21EA_EA_f-"
G21EA_4,G21EA,0.052103749,"1,G21EA_EA_si,-1,G21EA_EA_si-"
G21EA_5,G21EA,0.027186575,"1,G21EA_EA_p,-1,G21EA_EA_p-"
G21EA_6,G21EA,0.076829441,"1,G21EA_EA_s,-1,G21EA_EA_s-"
G21EA_7,G21EA,0.134500774,"1,G21EA_EA_cl,-1,G21EA_EA_cl-"
G21EA_8,G21EA,0.04425784,"1,G21EA_EA_8n,-1,G21EA_EA_8"
G21EA_9,G21EA,0.022038441,"1,G21EA_EA_9n,-1,G21EA_EA_9"
G21EA_10,G21EA,0.00030141,"1,G21EA_EA_10n,-1,G21EA_EA_10"
G21EA_11,G21EA,0.013335789,"1,G21EA_EA_11n,-1,G21EA_EA_11"
G21EA_12,G21EA,0.027549052,"1,G21EA_EA_12n,-1,G21EA_EA_12"
G21EA_13,G21EA,0.067665542,"1,G21EA_EA_13n,-1,G21EA_EA_13"
G21EA_14,G21EA,0.04632359,"1,G21EA_EA_14n,-1,G21EA_EA_14"
G21EA_15,G21EA,0.039465969,"1,G21EA_EA_15n,-1,G21EA_EA_15"
G21EA_16,G21EA,0.049703605,"1,G21EA_EA_16n,-1,G21EA_EA_16"
G21EA_17,G21EA,0.037254511,"1,G21EA_EA_17n,-1,G21EA_EA_17"
G21EA_18,G21EA,0.046055781,"1,G21EA_EA_18n,-1,G21EA_EA_18"
G21EA_19,G21EA,0.085956605,"1,G21EA_EA_19n,-1,G21EA_EA_19"
G21EA_20,G21EA,0.0156081,"1,G21EA_EA_20n,-1,G21EA_EA_20"
G21EA_21,G21EA,0.000438151,"1,G21EA_EA_21n,-1,G21EA_EA_21"
G21EA_22,G21EA,0.141968551,"1,G21EA_EA_22n,-1,G21EA_EA_22"
G21EA_23,G21EA,0.040478384,"1,G21EA_EA_23n,-1,G21EA_EA_23"
G21EA_24,G21EA,0.060951454,"1,G21EA_EA_24n,-1,G21EA_EA_24"
G21EA_25,G21EA,0.087636771,"1,G21EA_EA_25n,-1,G21EA_EA_25"
G21IP_1,G21IP,0.501825472,"-1,G21IP_h"
G21IP_2,G21IP,0.197947438,"1,G21IP_li+,-1,G21IP_li"
G21IP_3,G21IP,0.342393476,"1,G21IP_be+,-1,G21IP_be"
G21IP_4,G21IP,0.305170037,"1,G21IP_b+,-1,G21IP_b"
G21IP_5,G21IP,0.413879151,"1,G21IP_c+,-1,G21IP_c"
G21IP_6,G21IP,0.534791455,"1,G21IP_n+,-1,G21IP_n"
G21IP_7,G21IP,0.500433203,"1,G21IP_o+,-1,G21IP_o"
G21IP_8,G21IP,0.640868649,"1,G21IP_f+,-1,G21IP_f"
G21IP_9,G21IP,0.188253054,"1,G21IP_na+,-1,G21IP_na"
G21IP_10,G21IP,0.280164158,"1,G21IP_mg+,-1,G21IP_mg"
G21IP_11,G21IP,0.219672255,"1,G21IP_al+,-1,G21IP_al"
G21IP_12,G21IP,0.299933724,"1,G21IP_si+,-1,G21IP_si"
G21IP_13,G21IP,0.387005648,"1,G21IP_p+,-1,G21IP_p"
G21IP_14,G21IP,0.379909249,"1,G21IP_s+,-1,G21IP_s"
G21IP_15,G21IP,0.477101026,"1,G21IP_cl+,-1,G21IP_cl"
G21IP_16,G21IP,0.47316217,"1,G21IP_IP_59,-1,G21IP_8"
G21IP_17,G21IP,0.375880387,"1,G21IP_IP_60,-1,G21IP_11"
G21IP_18,G21IP,0.47984772,"1,G21IP_IP_61,-1,G21IP_12"
G21IP_19,G21IP,0.466408723,"1,G21IP_IP_62,-1,G21IP_13"
G21IP_20,G21IP,0.592341496,"1,G21IP_IP_63,-1,G21IP_14"
G21IP_21,G21IP,0.406895241,"1,G21IP_IP_64,-1,G21IP_18"
G21IP_22,G21IP,0.374405109,"1,G21IP_IP_65,-1,G21IP_IP_n65"
G21IP_23,G21IP,0.361294371,"1,G21IP_IP_66,-1,G21IP_19"
G21IP_24,G21IP,0.363192947,"1,G21IP_IP_67,-1,G21IP_20"
G21IP_25,G21IP,0.38269318,"1,G21IP_IP_68,-1,G21IP_137"
G21IP_26,G21IP,0.470849,"1,G21IP_IP_70,-1,G21IP_22"
G21IP_27,G21IP,0.421607627,"1,G21IP_IP_71,-1,G21IP_25"
G21IP_28,G21IP,0.38851495,"1,G21IP_IP_72,-1,G21IP_26"
G21IP_29,G21IP,0.514918682,"1,G21IP_IP_73,-1,G21IP_30"
G21IP_30,G21IP,0.573073719,"1,G21IP_IP_74,-1,G21IP_34"
G21IP_31,G21IP,0.443488729,"1,G21IP_IP_75,-1,G21IP_37"
G21IP_32,G21IP,0.387293068,"1,G21IP_IP_76,-1,G21IP_43"
G21IP_33,G21IP,0.34490184,"1,G21IP_IP_77,-1,G21IP_44"
G21IP_34,G21IP,0.423803318,"1,G21IP_IP_78,-1,G21IP_45"
G21IP_35,G21IP,0.46630858,"1,G21IP_IP_79,-1,G21IP_51"
G21IP_36,G21IP,0.41617563,"1,G21IP_IP_80,-1,G21IP_48"
G2RC_1,G2RC24,-0.003553734,"-1,G2RC_118,1,G2RC_117,1,G2RC_13"
G2RC_2,G2RC24,-0.003601542,"-1,G2RC_40,-1,G2RC_1,1,G2RC_104"
G2RC_3,G2RC24,-0.003474054,"-1,G2RC_113,1,G2RC_30,1,G2RC_8"
G2RC_4,G2RC24,-0.006533771,"-1,G2RC_52,-1,G2RC_1,2,G2RC_18"
G2RC_5,G2RC24,-0.011314579,"-1,G2RC_30,-1,G2RC_13,1,G2RC_40,1,G2RC_1"
G2RC_6,G2RC24,-0.017051548,"-1,G2RC_128,-1,G2RC_13,1,G2RC_126,1,G2RC_22"
G2RC_7,G2RC24,-0.031027443,"-1,G2RC_100,-1,G2RC_13,1,G2RC_106"
G2RC_8,G2RC24,-0.042979463,"-1,G2RC_25,-1,G2RC_14,1,G2RC_121"
G2RC_9,G2RC24,-0.043505352,"-1,G2RC_39,-1,G2RC_45,2,G2RC_51"
G2RC_10,G2RC24,-0.043266312,"-1,G2RC_58,-1,G2RC_59,1,G2RC_57,1,G2RC_60"
G2RC_11,G2RC24,-0.03966477,"-1,G2RC_67,-1,G2RC_61,1,G2RC_66,1,G2RC_62"
G2RC_12,G2RC24,-0.046947534,"-1,G2RC_32,-1,G2RC_1,1,G2RC_33"
G2RC_13,G2RC24,-0.052126742,"-1,G2RC_25,-1,G2RC_26,1,G2RC_88"
G2RC_14,G2RC24,-0.057879648,"-1,G2RC_47,-3,G2RC_1,1,G2RC_18,1,G2RC_13"
G2RC_15,G2RC24,-0.062835752,"-1,G2RC_34,-3,G2RC_1,2,G2RC_11"
G2RC_16,G2RC24,-0.0773216,"-1,G2RC_8,-2,G2RC_45,1,G2RC_97,2,G2RC_22"
G2RC_17,G2RC24,-0.07840525,"-1,G2RC_25,-1,G2RC_1,1,G2RC_26"
G2RC_18,G2RC24,-0.098277475,"-1,G2RC_56,-3,G2RC_1,1,G2RC_21,2,G2RC_13"
G2RC_19,G2RC24,-0.103823212,"-1,G2RC_30,-3,G2RC_1,1,G2RC_13,1,G2RC_8"
G2RC_20,G2RC24,-0.109799222,"-1,G2RC_73,-1,G2RC_1,1,G2RC_39,1,G2RC_13"
G2RC_21,G2RC24,-0.129416471,"-1,G2RC_68,-1,G2RC_1,1,G2RC_34,1,G2RC_13"
G2RC_23,G2RC24,-0.215773798,"-1,G2RC_1,-1,G2RC_39,2,G2RC_14"
G2RC_24,G2RC24,-0.245478551,"-3,G2RC_25,1,G2RC_94"
G2RC_25,G2RC24,-0.344393467,"-1,G2RC_23,-1,G2RC_39,2,G2RC_24"
H2O16Rel5_1,H2O16Rel4,0.000406368,"1,11_boat-a_H2O16Rel5,-1,14_4444-a_H2O16Rel5"
H2O16Rel5_2,H2O16Rel4,0.000670906,"1,12_boat-b_H2O16Rel5,-1,14_4444-a_H2O16Rel5"
H2O16Rel5_3,H2O16Rel4,0.00081433,"1,13_anti-boat_H2O16Rel5,-1,14_4444-a_H2O16Rel5"
H2O16Rel5_5,H2O16Rel4,0.000863732,"1,15_4444-b_H2O16Rel5,-1,14_4444-a_H2O16Rel5"
H2O20Rel10_2,H2O20Rel9,0.002135426,"1,12_isomer2_H2O20Bind10,-1,12_isomer2_mon1_H2O20Bind10,-1,12_isomer2_mon2_H2O20Bind10,-1,12_isomer2_mon3_H2O20Bind10,-1,12_isomer2_mon4_H2O20Bind10,-1,12_isomer2_mon5_H2O20Bind10,-1,12_isomer2_mon6_H2O20Bind10,-1,12_isomer2_mon7_H2O20Bind10,-1,12_isomer2_mon8_H2O20Bind10,-1,12_isomer2_mon9_H2O20Bind10,-1,12_isomer2_mon10_H2O20Bind10,-1,12_isomer2_mon11_H2O20Bind10,-1,12_isomer2_mon12_H2O20Bind10,-1,12_isomer2_mon13_H2O20Bind10,-1,12_isomer2_mon14_H2O20Bind10,-1,12_isomer2_mon15_H2O20Bind10,-1,12_isomer2_mon16_H2O20Bind10,-1,12_isomer2_mon17_H2O20Bind10,-1,12_isomer2_mon18_H2O20Bind10,-1,12_isomer2_mon19_H2O20Bind10,-1,12_isomer2_mon20_H2O20Bind10,-1,11_isomer1_H2O20Bind10,1,11_isomer1_mon1_H2O20Bind10,1,11_isomer1_mon2_H2O20Bind10,1,11_isomer1_mon3_H2O20Bind10,1,11_isomer1_mon4_H2O20Bind10,1,11_isomer1_mon5_H2O20Bind10,1,11_isomer1_mon6_H2O20Bind10,1,11_isomer1_mon7_H2O20Bind10,1,11_isomer1_mon8_H2O20Bind10,1,11_isomer1_mon9_H2O20Bind10,1,11_isomer1_mon10_H2O20Bind10,1,11_isomer1_mon11_H2O20Bind10,1,11_isomer1_mon12_H2O20Bind10,1,11_isomer1_mon13_H2O20Bind10,1,11_isomer1_mon14_H2O20Bind10,1,11_isomer1_mon15_H2O20Bind10,1,11_isomer1_mon16_H2O20Bind10,1,11_isomer1_mon17_H2O20Bind10,1,11_isomer1_mon18_H2O20Bind10,1,11_isomer1_mon19_H2O20Bind10,1,11_isomer1_mon20_H2O20Bind10"
H2O20Rel10_3,H2O20Rel9,0.002565698,"1,13_isomer3_H2O20Bind10,-1,13_isomer3_mon1_H2O20Bind10,-1,13_isomer3_mon2_H2O20Bind10,-1,13_isomer3_mon3_H2O20Bind10,-1,13_isomer3_mon4_H2O20Bind10,-1,13_isomer3_mon5_H2O20Bind10,-1,13_isomer3_mon6_H2O20Bind10,-1,13_isomer3_mon7_H2O20Bind10,-1,13_isomer3_mon8_H2O20Bind10,-1,13_isomer3_mon9_H2O20Bind10,-1,13_isomer3_mon10_H2O20Bind10,-1,13_isomer3_mon11_H2O20Bind10,-1,13_isomer3_mon12_H2O20Bind10,-1,13_isomer3_mon13_H2O20Bind10,-1,13_isomer3_mon14_H2O20Bind10,-1,13_isomer3_mon15_H2O20Bind10,-1,13_isomer3_mon16_H2O20Bind10,-1,13_isomer3_mon17_H2O20Bind10,-1,13_isomer3_mon18_H2O20Bind10,-1,13_isomer3_mon19_H2O20Bind10,-1,13_isomer3_mon20_H2O20Bind10,-1,11_isomer1_H2O20Bind10,1,11_isomer1_mon1_H2O20Bind10,1,11_isomer1_mon2_H2O20Bind10,1,11_isomer1_mon3_H2O20Bind10,1,11_isomer1_mon4_H2O20Bind10,1,11_isomer1_mon5_H2O20Bind10,1,11_isomer1_mon6_H2O20Bind10,1,11_isomer1_mon7_H2O20Bind10,1,11_isomer1_mon8_H2O20Bind10,1,11_isomer1_mon9_H2O20Bind10,1,11_isomer1_mon10_H2O20Bind10,1,11_isomer1_mon11_H2O20Bind10,1,11_isomer1_mon12_H2O20Bind10,1,11_isomer1_mon13_H2O20Bind10,1,11_isomer1_mon14_H2O20Bind10,1,11_isomer1_mon15_H2O20Bind10,1,11_isomer1_mon16_H2O20Bind10,1,11_isomer1_mon17_H2O20Bind10,1,11_isomer1_mon18_H2O20Bind10,1,11_isomer1_mon19_H2O20Bind10,1,11_isomer1_mon20_H2O20Bind10"
H2O20Rel10_4,H2O20Rel9,0.004223044,"1,14_isomer4_H2O20Bind10,-1,14_isomer4_mon1_H2O20Bind10,-1,14_isomer4_mon2_H2O20Bind10,-1,14_isomer4_mon3_H2O20Bind10,-1,14_isomer4_mon4_H2O20Bind10,-1,14_isomer4_mon5_H2O20Bind10,-1,14_isomer4_mon6_H2O20Bind10,-1,14_isomer4_mon7_H2O20Bind10,-1,14_isomer4_mon8_H2O20Bind10,-1,14_isomer4_mon9_H2O20Bind10,-1,14_isomer4_mon10_H2O20Bind10,-1,14_isomer4_mon11_H2O20Bind10,-1,14_isomer4_mon12_H2O20Bind10,-1,14_isomer4_mon13_H2O20Bind10,-1,14_isomer4_mon14_H2O20Bind10,-1,14_isomer4_mon15_H2O20Bind10,-1,14_isomer4_mon16_H2O20Bind10,-1,14_isomer4_mon17_H2O20Bind10,-1,14_isomer4_mon18_H2O20Bind10,-1,14_isomer4_mon19_H2O20Bind10,-1,14_isomer4_mon20_H2O20Bind10,-1,11_isomer1_H2O20Bind10,1,11_isomer1_mon1_H2O20Bind10,1,11_isomer1_mon2_H2O20Bind10,1,11_isomer1_mon3_H2O20Bind10,1,11_isomer1_mon4_H2O20Bind10,1,11_isomer1_mon5_H2O20Bind10,1,11_isomer1_mon6_H2O20Bind10,1,11_isomer1_mon7_H2O20Bind10,1,11_isomer1_mon8_H2O20Bind10,1,11_isomer1_mon9_H2O20Bind10,1,11_isomer1_mon10_H2O20Bind10,1,11_isomer1_mon11_H2O20Bind10,1,11_isomer1_mon12_H2O20Bind10,1,11_isomer1_mon13_H2O20Bind10,1,11_isomer1_mon14_H2O20Bind10,1,11_isomer1_mon15_H2O20Bind10,1,11_isomer1_mon16_H2O20Bind10,1,11_isomer1_mon17_H2O20Bind10,1,11_isomer1_mon18_H2O20Bind10,1,11_isomer1_mon19_H2O20Bind10,1,11_isomer1_mon20_H2O20Bind10"
H2O20Rel10_5,H2O20Rel9,0.003808707,"1,15_isomer5_H2O20Bind10,-1,15_isomer5_mon1_H2O20Bind10,-1,15_isomer5_mon2_H2O20Bind10,-1,15_isomer5_mon3_H2O20Bind10,-1,15_isomer5_mon4_H2O20Bind10,-1,15_isomer5_mon5_H2O20Bind10,-1,15_isomer5_mon6_H2O20Bind10,-1,15_isomer5_mon7_H2O20Bind10,-1,15_isomer5_mon8_H2O20Bind10,-1,15_isomer5_mon9_H2O20Bind10,-1,15_isomer5_mon10_H2O20Bind10,-1,15_isomer5_mon11_H2O20Bind10,-1,15_isomer5_mon12_H2O20Bind10,-1,15_isomer5_mon13_H2O20Bind10,-1,15_isomer5_mon14_H2O20Bind10,-1,15_isomer5_mon15_H2O20Bind10,-1,15_isomer5_mon16_H2O20Bind10,-1,15_isomer5_mon17_H2O20Bind10,-1,15_isomer5_mon18_H2O20Bind10,-1,15_isomer5_mon19_H2O20Bind10,-1,15_isomer5_mon20_H2O20Bind10,-1,11_isomer1_H2O20Bind10,1,11_isomer1_mon1_H2O20Bind10,1,11_isomer1_mon2_H2O20Bind10,1,11_isomer1_mon3_H2O20Bind10,1,11_isomer1_mon4_H2O20Bind10,1,11_isomer1_mon5_H2O20Bind10,1,11_isomer1_mon6_H2O20Bind10,1,11_isomer1_mon7_H2O20Bind10,1,11_isomer1_mon8_H2O20Bind10,1,11_isomer1_mon9_H2O20Bind10,1,11_isomer1_mon10_H2O20Bind10,1,11_isomer1_mon11_H2O20Bind10,1,11_isomer1_mon12_H2O20Bind10,1,11_isomer1_mon13_H2O20Bind10,1,11_isomer1_mon14_H2O20Bind10,1,11_isomer1_mon15_H2O20Bind10,1,11_isomer1_mon16_H2O20Bind10,1,11_isomer1_mon17_H2O20Bind10,1,11_isomer1_mon18_H2O20Bind10,1,11_isomer1_mon19_H2O20Bind10,1,11_isomer1_mon20_H2O20Bind10"
H2O20Rel10_6,H2O20Rel9,0.003776835,"1,16_isomer6_H2O20Bind10,-1,16_isomer6_mon1_H2O20Bind10,-1,16_isomer6_mon2_H2O20Bind10,-1,16_isomer6_mon3_H2O20Bind10,-1,16_isomer6_mon4_H2O20Bind10,-1,16_isomer6_mon5_H2O20Bind10,-1,16_isomer6_mon6_H2O20Bind10,-1,16_isomer6_mon7_H2O20Bind10,-1,16_isomer6_mon8_H2O20Bind10,-1,16_isomer6_mon9_H2O20Bind10,-1,16_isomer6_mon10_H2O20Bind10,-1,16_isomer6_mon11_H2O20Bind10,-1,16_isomer6_mon12_H2O20Bind10,-1,16_isomer6_mon13_H2O20Bind10,-1,16_isomer6_mon14_H2O20Bind10,-1,16_isomer6_mon15_H2O20Bind10,-1,16_isomer6_mon16_H2O20Bind10,-1,16_isomer6_mon17_H2O20Bind10,-1,16_isomer6_mon18_H2O20Bind10,-1,16_isomer6_mon19_H2O20Bind10,-1,16_isomer6_mon20_H2O20Bind10,-1,11_isomer1_H2O20Bind10,1,11_isomer1_mon1_H2O20Bind10,1,11_isomer1_mon2_H2O20Bind10,1,11_isomer1_mon3_H2O20Bind10,1,11_isomer1_mon4_H2O20Bind10,1,11_isomer1_mon5_H2O20Bind10,1,11_isomer1_mon6_H2O20Bind10,1,11_isomer1_mon7_H2O20Bind10,1,11_isomer1_mon8_H2O20Bind10,1,11_isomer1_mon9_H2O20Bind10,1,11_isomer1_mon10_H2O20Bind10,1,11_isomer1_mon11_H2O20Bind10,1,11_isomer1_mon12_H2O20Bind10,1,11_isomer1_mon13_H2O20Bind10,1,11_isomer1_mon14_H2O20Bind10,1,11_isomer1_mon15_H2O20Bind10,1,11_isomer1_mon16_H2O20Bind10,1,11_isomer1_mon17_H2O20Bind10,1,11_isomer1_mon18_H2O20Bind10,1,11_isomer1_mon19_H2O20Bind10,1,11_isomer1_mon20_H2O20Bind10"
H2O20Rel10_7,H2O20Rel9,0.004573636,"1,17_isomer7_H2O20Bind10,-1,17_isomer7_mon1_H2O20Bind10,-1,17_isomer7_mon2_H2O20Bind10,-1,17_isomer7_mon3_H2O20Bind10,-1,17_isomer7_mon4_H2O20Bind10,-1,17_isomer7_mon5_H2O20Bind10,-1,17_isomer7_mon6_H2O20Bind10,-1,17_isomer7_mon7_H2O20Bind10,-1,17_isomer7_mon8_H2O20Bind10,-1,17_isomer7_mon9_H2O20Bind10,-1,17_isomer7_mon10_H2O20Bind10,-1,17_isomer7_mon11_H2O20Bind10,-1,17_isomer7_mon12_H2O20Bind10,-1,17_isomer7_mon13_H2O20Bind10,-1,17_isomer7_mon14_H2O20Bind10,-1,17_isomer7_mon15_H2O20Bind10,-1,17_isomer7_mon16_H2O20Bind10,-1,17_isomer7_mon17_H2O20Bind10,-1,17_isomer7_mon18_H2O20Bind10,-1,17_isomer7_mon19_H2O20Bind10,-1,17_isomer7_mon20_H2O20Bind10,-1,11_isomer1_H2O20Bind10,1,11_isomer1_mon1_H2O20Bind10,1,11_isomer1_mon2_H2O20Bind10,1,11_isomer1_mon3_H2O20Bind10,1,11_isomer1_mon4_H2O20Bind10,1,11_isomer1_mon5_H2O20Bind10,1,11_isomer1_mon6_H2O20Bind10,1,11_isomer1_mon7_H2O20Bind10,1,11_isomer1_mon8_H2O20Bind10,1,11_isomer1_mon9_H2O20Bind10,1,11_isomer1_mon10_H2O20Bind10,1,11_isomer1_mon11_H2O20Bind10,1,11_isomer1_mon12_H2O20Bind10,1,11_isomer1_mon13_H2O20Bind10,1,11_isomer1_mon14_H2O20Bind10,1,11_isomer1_mon15_H2O20Bind10,1,11_isomer1_mon16_H2O20Bind10,1,11_isomer1_mon17_H2O20Bind10,1,11_isomer1_mon18_H2O20Bind10,1,11_isomer1_mon19_H2O20Bind10,1,11_isomer1_mon20_H2O20Bind10"
H2O20Rel10_8,H2O20Rel9,0.004940164,"1,18_isomer8_H2O20Bind10,-1,18_isomer8_mon1_H2O20Bind10,-1,18_isomer8_mon2_H2O20Bind10,-1,18_isomer8_mon3_H2O20Bind10,-1,18_isomer8_mon4_H2O20Bind10,-1,18_isomer8_mon5_H2O20Bind10,-1,18_isomer8_mon6_H2O20Bind10,-1,18_isomer8_mon7_H2O20Bind10,-1,18_isomer8_mon8_H2O20Bind10,-1,18_isomer8_mon9_H2O20Bind10,-1,18_isomer8_mon10_H2O20Bind10,-1,18_isomer8_mon11_H2O20Bind10,-1,18_isomer8_mon12_H2O20Bind10,-1,18_isomer8_mon13_H2O20Bind10,-1,18_isomer8_mon14_H2O20Bind10,-1,18_isomer8_mon15_H2O20Bind10,-1,18_isomer8_mon16_H2O20Bind10,-1,18_isomer8_mon17_H2O20Bind10,-1,18_isomer8_mon18_H2O20Bind10,-1,18_isomer8_mon19_H2O20Bind10,-1,18_isomer8_mon20_H2O20Bind10,-1,11_isomer1_H2O20Bind10,1,11_isomer1_mon1_H2O20Bind10,1,11_isomer1_mon2_H2O20Bind10,1,11_isomer1_mon3_H2O20Bind10,1,11_isomer1_mon4_H2O20Bind10,1,11_isomer1_mon5_H2O20Bind10,1,11_isomer1_mon6_H2O20Bind10,1,11_isomer1_mon7_H2O20Bind10,1,11_isomer1_mon8_H2O20Bind10,1,11_isomer1_mon9_H2O20Bind10,1,11_isomer1_mon10_H2O20Bind10,1,11_isomer1_mon11_H2O20Bind10,1,11_isomer1_mon12_H2O20Bind10,1,11_isomer1_mon13_H2O20Bind10,1,11_isomer1_mon14_H2O20Bind10,1,11_isomer1_mon15_H2O20Bind10,1,11_isomer1_mon16_H2O20Bind10,1,11_isomer1_mon17_H2O20Bind10,1,11_isomer1_mon18_H2O20Bind10,1,11_isomer1_mon19_H2O20Bind10,1,11_isomer1_mon20_H2O20Bind10"
H2O20Rel10_9,H2O20Rel9,0.005593541,"1,19_isomer9_H2O20Bind10,-1,19_isomer9_mon1_H2O20Bind10,-1,19_isomer9_mon2_H2O20Bind10,-1,19_isomer9_mon3_H2O20Bind10,-1,19_isomer9_mon4_H2O20Bind10,-1,19_isomer9_mon5_H2O20Bind10,-1,19_isomer9_mon6_H2O20Bind10,-1,19_isomer9_mon7_H2O20Bind10,-1,19_isomer9_mon8_H2O20Bind10,-1,19_isomer9_mon9_H2O20Bind10,-1,19_isomer9_mon10_H2O20Bind10,-1,19_isomer9_mon11_H2O20Bind10,-1,19_isomer9_mon12_H2O20Bind10,-1,19_isomer9_mon13_H2O20Bind10,-1,19_isomer9_mon14_H2O20Bind10,-1,19_isomer9_mon15_H2O20Bind10,-1,19_isomer9_mon16_H2O20Bind10,-1,19_isomer9_mon17_H2O20Bind10,-1,19_isomer9_mon18_H2O20Bind10,-1,19_isomer9_mon19_H2O20Bind10,-1,19_isomer9_mon20_H2O20Bind10,-1,11_isomer1_H2O20Bind10,1,11_isomer1_mon1_H2O20Bind10,1,11_isomer1_mon2_H2O20Bind10,1,11_isomer1_mon3_H2O20Bind10,1,11_isomer1_mon4_H2O20Bind10,1,11_isomer1_mon5_H2O20Bind10,1,11_isomer1_mon6_H2O20Bind10,1,11_isomer1_mon7_H2O20Bind10,1,11_isomer1_mon8_H2O20Bind10,1,11_isomer1_mon9_H2O20Bind10,1,11_isomer1_mon10_H2O20Bind10,1,11_isomer1_mon11_H2O20Bind10,1,11_isomer1_mon12_H2O20Bind10,1,11_isomer1_mon13_H2O20Bind10,1,11_isomer1_mon14_H2O20Bind10,1,11_isomer1_mon15_H2O20Bind10,1,11_isomer1_mon16_H2O20Bind10,1,11_isomer1_mon17_H2O20Bind10,1,11_isomer1_mon18_H2O20Bind10,1,11_isomer1_mon19_H2O20Bind10,1,11_isomer1_mon20_H2O20Bind10"
H2O20Rel10_10,H2O20Rel9,0.006294725,"1,20_isomer10_H2O20Bind10,-1,20_isomer10_mon1_H2O20Bind10,-1,20_isomer10_mon2_H2O20Bind10,-1,20_isomer10_mon3_H2O20Bind10,-1,20_isomer10_mon4_H2O20Bind10,-1,20_isomer10_mon5_H2O20Bind10,-1,20_isomer10_mon6_H2O20Bind10,-1,20_isomer10_mon7_H2O20Bind10,-1,20_isomer10_mon8_H2O20Bind10,-1,20_isomer10_mon9_H2O20Bind10,-1,20_isomer10_mon10_H2O20Bind10,-1,20_isomer10_mon11_H2O20Bind10,-1,20_isomer10_mon12_H2O20Bind10,-1,20_isomer10_mon13_H2O20Bind10,-1,20_isomer10_mon14_H2O20Bind10,-1,20_isomer10_mon15_H2O20Bind10,-1,20_isomer10_mon16_H2O20Bind10,-1,20_isomer10_mon17_H2O20Bind10,-1,20_isomer10_mon18_H2O20Bind10,-1,20_isomer10_mon19_H2O20Bind10,-1,20_isomer10_mon20_H2O20Bind10,-1,11_isomer1_H2O20Bind10,1,11_isomer1_mon1_H2O20Bind10,1,11_isomer1_mon2_H2O20Bind10,1,11_isomer1_mon3_H2O20Bind10,1,11_isomer1_mon4_H2O20Bind10,1,11_isomer1_mon5_H2O20Bind10,1,11_isomer1_mon6_H2O20Bind10,1,11_isomer1_mon7_H2O20Bind10,1,11_isomer1_mon8_H2O20Bind10,1,11_isomer1_mon9_H2O20Bind10,1,11_isomer1_mon10_H2O20Bind10,1,11_isomer1_mon11_H2O20Bind10,1,11_isomer1_mon12_H2O20Bind10,1,11_isomer1_mon13_H2O20Bind10,1,11_isomer1_mon14_H2O20Bind10,1,11_isomer1_mon15_H2O20Bind10,1,11_isomer1_mon16_H2O20Bind10,1,11_isomer1_mon17_H2O20Bind10,1,11_isomer1_mon18_H2O20Bind10,1,11_isomer1_mon19_H2O20Bind10,1,11_isomer1_mon20_H2O20Bind10"
HAT707_2,HAT707MR,0.1975906341,"1,W4-17_h,1,W4-17_foof,-1,W4-17_hf,-1,W4-17_fo2"
HAT707_3,HAT707MR,0.077480899,"1,W4-17_h,1,W4-17_foof,-1,W4-17_oh,-1,W4-17_f2o"
HAT707_4,HAT707MR,0.040732451,"1,W4-17_h,1,W4-17_fo2,-1,W4-17_oh,-1,W4-17_of"
HAT707_5,HAT707MR,0.203566639,"1,W4-17_h,1,W4-17_fo2,-1,W4-17_hf,-1,W4-17_o2"
HAT707_6,HAT707MR,0.070963069,"1,W4-17_h,1,W4-17_oclo,-1,W4-17_oh,-1,W4-17_clo"
HAT707_7,HAT707MR,0.1596788575,"1,W4-17_h,1,W4-17_oclo,-1,W4-17_hcl,-1,W4-17_o2"
HAT707_8,HAT707MR,0.1139265621,"1,W4-17_h,1,W4-17_cl2o,-1,W4-17_hcl,-1,W4-17_clo"
HAT707_9,HAT707MR,0.10438089,"1,W4-17_h,1,W4-17_cl2o,-1,W4-17_oh,-1,W4-17_cl2"
HAT707_10,HAT707MR,0.1608581225,"1,W4-17_h,1,W4-17_f2o,-1,W4-17_hf,-1,W4-17_of"
HAT707_11,HAT707MR,0.083616264,"1,W4-17_h,1,W4-17_f2o,-1,W4-17_oh,-1,W4-17_f2"
HAT707_16,HAT707MR,0.1411293375,"1,W4-17_h,1,W4-17_of,-1,W4-17_hf,-1,W4-17_o"
HAT707_17,HAT707MR,0.086261642,"1,W4-17_h,1,W4-17_of,-1,W4-17_oh,-1,W4-17_f"
HAT707_45,HAT707MR,-0.386671437,"1,W4-17_h,1,W4-17_f2co,-1,W4-17_ch,-1,W4-17_f2o"
HAT707_71,HAT707MR,0.078787652,"1,W4-17_h,1,W4-17_t-hooo,-1,W4-17_oh,-1,W4-17_hoo"
HAT707_72,HAT707MR,0.1284442706,"1,W4-17_h,1,W4-17_o3,-1,W4-17_oh,-1,W4-17_o2"
HAT707_103,HAT707MR,-0.178132761,"1,W4-17_h,1,W4-17_so3,-1,W4-17_hs,-1,W4-17_o3"
HAT707_108,HAT707MR,0.03466083,"1,W4-17_h,1,W4-17_s4-c2v,-1,W4-17_hs,-1,W4-17_s3"
HAT707_109,HAT707MR,0.037640864,"1,W4-17_h,1,W4-17_s3,-1,W4-17_hs,-1,W4-17_s2"
HAT707_117,HAT707MR,0.027951768,"1,W4-17_h,1,W4-17_b2,-1,W4-17_bh,-1,W4-17_b"
HAT707_119,HAT707MR,0.18337571,"1,W4-17_c,1,W4-17_foof,-1,W4-17_cf,-1,W4-17_fo2"
HAT707_120,HAT707MR,0.3205369799,"1,W4-17_c,1,W4-17_foof,-1,W4-17_co,-1,W4-17_f2o"
HAT707_121,HAT707MR,0.2837885323,"1,W4-17_c,1,W4-17_fo2,-1,W4-17_co,-1,W4-17_of"
HAT707_122,HAT707MR,0.189351715,"1,W4-17_c,1,W4-17_fo2,-1,W4-17_cf,-1,W4-17_o2"
HAT707_123,HAT707MR,0.3140191503,"1,W4-17_c,1,W4-17_oclo,-1,W4-17_co,-1,W4-17_clo"
HAT707_124,HAT707MR,0.3474369711,"1,W4-17_c,1,W4-17_cl2o,-1,W4-17_co,-1,W4-17_cl2"
HAT707_125,HAT707MR,0.146643198,"1,W4-17_c,1,W4-17_f2o,-1,W4-17_cf,-1,W4-17_of"
HAT707_126,HAT707MR,0.3266723452,"1,W4-17_c,1,W4-17_f2o,-1,W4-17_co,-1,W4-17_f2"
HAT707_129,HAT707MR,0.1269303493,"1,W4-17_c,1,W4-17_of,-1,W4-17_cf,-1,W4-17_o"
HAT707_130,HAT707MR,0.3293177235,"1,W4-17_c,1,W4-17_of,-1,W4-17_co,-1,W4-17_f"
HAT707_161,HAT707MR,0.3715003518,"1,W4-17_c,1,W4-17_o3,-1,W4-17_co,-1,W4-17_o2"
HAT707_176,HAT707MR,-0.043505317,"1,W4-17_c,1,W4-17_so3,-1,W4-17_cs,-1,W4-17_o3"
HAT707_181,HAT707MR,0.169288274,"1,W4-17_c,1,W4-17_s4-c2v,-1,W4-17_cs,-1,W4-17_s3"
HAT707_182,HAT707MR,0.1722683083,"1,W4-17_c,1,W4-17_s3,-1,W4-17_cs,-1,W4-17_s2"
HAT707_188,HAT707MR,0.1500535052,"1,W4-17_n,1,W4-17_foof,-1,W4-17_no,-1,W4-17_f2o"
HAT707_189,HAT707MR,0.1133050575,"1,W4-17_n,1,W4-17_fo2,-1,W4-17_no,-1,W4-17_of"
HAT707_190,HAT707MR,0.1435356756,"1,W4-17_n,1,W4-17_oclo,-1,W4-17_no,-1,W4-17_clo"
HAT707_191,HAT707MR,0.1769534963,"1,W4-17_n,1,W4-17_cl2o,-1,W4-17_no,-1,W4-17_cl2"
HAT707_192,HAT707MR,0.1561888704,"1,W4-17_n,1,W4-17_f2o,-1,W4-17_no,-1,W4-17_f2"
HAT707_196,HAT707MR,0.1588342487,"1,W4-17_n,1,W4-17_of,-1,W4-17_no,-1,W4-17_f"
HAT707_221,HAT707MR,-0.231884936,"1,W4-17_n,1,W4-17_f2co,-1,W4-17_cn,-1,W4-17_f2o"
HAT707_236,HAT707MR,0.1513602583,"1,W4-17_n,1,W4-17_t-hooo,-1,W4-17_no,-1,W4-17_hoo"
HAT707_237,HAT707MR,0.201016877,"1,W4-17_n,1,W4-17_o3,-1,W4-17_no,-1,W4-17_o2"
HAT707_260,HAT707MR,0.061130549,"1,W4-17_n,1,W4-17_b2,-1,W4-17_bn3pi,-1,W4-17_b"
HAT707_261,HAT707MR,-0.098819221,"1,W4-17_o,1,W4-17_ch3f,-1,W4-17_of,-1,W4-17_ch3"
HAT707_262,HAT707MR,0.056461297,"1,W4-17_o,1,W4-17_foof,-1,W4-17_of,-1,W4-17_fo2"
HAT707_263,HAT707MR,0.099169813,"1,W4-17_o,1,W4-17_foof,-1,W4-17_o2,-1,W4-17_f2o"
HAT707_264,HAT707MR,0.062437302,"1,W4-17_o,1,W4-17_fo2,-1,W4-17_o2,-1,W4-17_of"
HAT707_265,HAT707MR,0.09266792,"1,W4-17_o,1,W4-17_oclo,-1,W4-17_o2,-1,W4-17_clo"
HAT707_266,HAT707MR,0.046915624,"1,W4-17_o,1,W4-17_cl2o,-1,W4-17_clo,-1,W4-17_clo"
HAT707_267,HAT707MR,0.1260857405,"1,W4-17_o,1,W4-17_cl2o,-1,W4-17_o2,-1,W4-17_cl2"
HAT707_268,HAT707MR,0.019712849,"1,W4-17_o,1,W4-17_f2o,-1,W4-17_of,-1,W4-17_of"
HAT707_269,HAT707MR,0.1053211147,"1,W4-17_o,1,W4-17_f2o,-1,W4-17_o2,-1,W4-17_f2"
HAT707_273,HAT707MR,0.1079664929,"1,W4-17_o,1,W4-17_of,-1,W4-17_o2,-1,W4-17_f"
HAT707_296,HAT707MR,-0.10697846,"1,W4-17_o,1,W4-17_f2co,-1,W4-17_co,-1,W4-17_f2o"
HAT707_297,HAT707MR,-0.113544098,"1,W4-17_o,1,W4-17_hcof,-1,W4-17_of,-1,W4-17_hco"
HAT707_315,HAT707MR,-0.176427608,"1,W4-17_o,1,W4-17_alf,-1,W4-17_of,-1,W4-17_al"
HAT707_316,HAT707MR,0.1004925025,"1,W4-17_o,1,W4-17_t-hooo,-1,W4-17_o2,-1,W4-17_hoo"
HAT707_317,HAT707MR,0.1501491212,"1,W4-17_o,1,W4-17_o3,-1,W4-17_o2,-1,W4-17_o2"
HAT707_325,HAT707MR,-0.119105767,"1,W4-17_o,1,W4-17_c2h3f,-1,W4-17_of,-1,W4-17_ch2ch"
HAT707_330,HAT707MR,-0.126261037,"1,W4-17_o,1,W4-17_hccf,-1,W4-17_of,-1,W4-17_cch"
HAT707_334,HAT707MR,-0.116316964,"1,W4-17_o,1,W4-17_cf2,-1,W4-17_of,-1,W4-17_cf"
HAT707_336,HAT707MR,-0.142834491,"1,W4-17_o,1,W4-17_sif,-1,W4-17_of,-1,W4-17_si"
HAT707_339,HAT707MR,-0.126930349,"1,W4-17_o,1,W4-17_cf,-1,W4-17_of,-1,W4-17_c"
HAT707_341,HAT707MR,-0.206275762,"1,W4-17_o,1,W4-17_bf,-1,W4-17_of,-1,W4-17_b"
HAT707_346,HAT707MR,-0.11641258,"1,W4-17_o,1,W4-17_so3,-1,W4-17_so,-1,W4-17_o3"
HAT707_349,HAT707MR,0.096381011,"1,W4-17_o,1,W4-17_s4-c2v,-1,W4-17_so,-1,W4-17_s3"
HAT707_350,HAT707MR,0.099361046,"1,W4-17_o,1,W4-17_s3,-1,W4-17_so,-1,W4-17_s2"
HAT707_354,HAT707MR,-0.015489805,"1,W4-17_o,1,W4-17_clf,-1,W4-17_of,-1,W4-17_cl"
HAT707_355,HAT707MR,0.022358227,"1,W4-17_o,1,W4-17_f2,-1,W4-17_of,-1,W4-17_f"
HAT707_358,HAT707MR,0.034087133,"1,W4-17_f,1,W4-17_foof,-1,W4-17_f2,-1,W4-17_fo2"
HAT707_359,HAT707MR,-0.008780744,"1,W4-17_f,1,W4-17_foof,-1,W4-17_of,-1,W4-17_f2o"
HAT707_360,HAT707MR,-0.045529191,"1,W4-17_f,1,W4-17_fo2,-1,W4-17_of,-1,W4-17_of"
HAT707_361,HAT707MR,0.040063138,"1,W4-17_f,1,W4-17_fo2,-1,W4-17_f2,-1,W4-17_o2"
HAT707_362,HAT707MR,-0.015298573,"1,W4-17_f,1,W4-17_oclo,-1,W4-17_of,-1,W4-17_clo"
HAT707_363,HAT707MR,0.088444876,"1,W4-17_f,1,W4-17_oclo,-1,W4-17_clf,-1,W4-17_o2"
HAT707_364,HAT707MR,0.042692581,"1,W4-17_f,1,W4-17_cl2o,-1,W4-17_clf,-1,W4-17_clo"
HAT707_365,HAT707MR,0.018119248,"1,W4-17_f,1,W4-17_cl2o,-1,W4-17_of,-1,W4-17_cl2"
HAT707_366,HAT707MR,-0.002645378,"1,W4-17_f,1,W4-17_f2o,-1,W4-17_f2,-1,W4-17_of"
HAT707_367,HAT707MR,-0.009003848,"1,W4-17_f,1,W4-17_hocl,-1,W4-17_of,-1,W4-17_hcl"
HAT707_368,HAT707MR,0.057465265,"1,W4-17_f,1,W4-17_hof,-1,W4-17_of,-1,W4-17_hf"
HAT707_370,HAT707MR,-0.019712849,"1,W4-17_f,1,W4-17_clo,-1,W4-17_of,-1,W4-17_cl"
HAT707_371,HAT707MR,-0.022358227,"1,W4-17_f,1,W4-17_of,-1,W4-17_f2,-1,W4-17_o"
HAT707_372,HAT707MR,-0.035154846,"1,W4-17_f,1,W4-17_no2,-1,W4-17_of,-1,W4-17_no"
HAT707_373,HAT707MR,0.017067471,"1,W4-17_f,1,W4-17_n2o,-1,W4-17_of,-1,W4-17_n2"
HAT707_374,HAT707MR,-0.085544522,"1,W4-17_f,1,W4-17_t-hono,-1,W4-17_of,-1,W4-17_hno"
HAT707_376,HAT707MR,-0.108747358,"1,W4-17_f,1,W4-17_hnco,-1,W4-17_of,-1,W4-17_hcn"
HAT707_377,HAT707MR,-0.158834249,"1,W4-17_f,1,W4-17_no,-1,W4-17_of,-1,W4-17_n"
HAT707_378,HAT707MR,0.004031811,"1,W4-17_f,1,W4-17_oxirene,-1,W4-17_of,-1,W4-17_c2h2"
HAT707_379,HAT707MR,-0.054756143,"1,W4-17_f,1,W4-17_oxirane,-1,W4-17_of,-1,W4-17_c2h4"
HAT707_380,HAT707MR,-0.063759991,"1,W4-17_f,1,W4-17_methanol,-1,W4-17_of,-1,W4-17_ch4"
HAT707_382,HAT707MR,-0.125352684,"1,W4-17_f,1,W4-17_t-hcoh,-1,W4-17_of,-1,W4-17_ch2-trip"
HAT707_383,HAT707MR,-0.201351533,"1,W4-17_f,1,W4-17_formic,-1,W4-17_of,-1,W4-17_t-hcoh"
HAT707_385,HAT707MR,-0.191949285,"1,W4-17_f,1,W4-17_ketene,-1,W4-17_of,-1,W4-17_ch2c"
HAT707_387,HAT707MR,-0.200714093,"1,W4-17_f,1,W4-17_glyoxal,-1,W4-17_of,-1,W4-17_oxirene"
HAT707_390,HAT707MR,-0.096715667,"1,W4-17_f,1,W4-17_acetaldehyde,-1,W4-17_of,-1,W4-17_c2h4"
HAT707_391,HAT707MR,-0.173351957,"1,W4-17_f,1,W4-17_f2co,-1,W4-17_of,-1,W4-17_cf2"
HAT707_392,HAT707MR,-0.30938177,"1,W4-17_f,1,W4-17_f2co,-1,W4-17_cf,-1,W4-17_f2o"
HAT707_394,HAT707MR,-0.208506803,"1,W4-17_f,1,W4-17_h2co,-1,W4-17_of,-1,W4-17_ch2-trip"
HAT707_396,HAT707MR,-0.226498563,"1,W4-17_f,1,W4-17_hco,-1,W4-17_of,-1,W4-17_ch"
HAT707_398,HAT707MR,-0.176013272,"1,W4-17_f,1,W4-17_ocs,-1,W4-17_of,-1,W4-17_cs"
HAT707_400,HAT707MR,-0.12324913,"1,W4-17_f,1,W4-17_co2,-1,W4-17_of,-1,W4-17_co"
HAT707_404,HAT707MR,-0.22307232,"1,W4-17_f,1,W4-17_sio,-1,W4-17_of,-1,W4-17_si"
HAT707_406,HAT707MR,-0.329317723,"1,W4-17_f,1,W4-17_co,-1,W4-17_of,-1,W4-17_c"
HAT707_411,HAT707MR,-0.00747399,"1,W4-17_f,1,W4-17_t-hooo,-1,W4-17_of,-1,W4-17_hoo"
HAT707_412,HAT707MR,0.042182628,"1,W4-17_f,1,W4-17_o3,-1,W4-17_of,-1,W4-17_o2"
HAT707_413,HAT707MR,0.027027479,"1,W4-17_f,1,W4-17_hooh,-1,W4-17_of,-1,W4-17_h2o"
HAT707_414,HAT707MR,-0.112205473,"1,W4-17_f,1,W4-17_h2o,-1,W4-17_of,-1,W4-17_h2"
HAT707_432,HAT707MR,-0.081990791,"1,W4-17_f,1,W4-17_s2o,-1,W4-17_of,-1,W4-17_s2"
HAT707_433,HAT707MR,-0.052987246,"1,W4-17_f,1,W4-17_so3,-1,W4-17_of,-1,W4-17_so2"
HAT707_434,HAT707MR,-0.129209199,"1,W4-17_f,1,W4-17_so2,-1,W4-17_of,-1,W4-17_so"
HAT707_435,HAT707MR,-0.116954405,"1,W4-17_f,1,W4-17_so,-1,W4-17_of,-1,W4-17_s"
HAT707_438,HAT707MR,-0.107966493,"1,W4-17_f,1,W4-17_o2,-1,W4-17_of,-1,W4-17_o"
HAT707_439,HAT707MR,0.1833597738,"1,W4-17_f,1,W4-17_b2,-1,W4-17_bf,-1,W4-17_b"
HAT707_440,HAT707MR,0.1081736611,"1,W4-17_s,1,W4-17_foof,-1,W4-17_so,-1,W4-17_f2o"
HAT707_441,HAT707MR,0.071425213,"1,W4-17_s,1,W4-17_fo2,-1,W4-17_so,-1,W4-17_of"
HAT707_442,HAT707MR,0.1016558315,"1,W4-17_s,1,W4-17_oclo,-1,W4-17_so,-1,W4-17_clo"
HAT707_443,HAT707MR,0.1350736523,"1,W4-17_s,1,W4-17_cl2o,-1,W4-17_so,-1,W4-17_cl2"
HAT707_444,HAT707MR,0.114309026,"1,W4-17_s,1,W4-17_f2o,-1,W4-17_so,-1,W4-17_f2"
HAT707_448,HAT707MR,0.1169544047,"1,W4-17_s,1,W4-17_of,-1,W4-17_so,-1,W4-17_f"
HAT707_469,HAT707MR,-0.246434516,"1,W4-17_s,1,W4-17_f2co,-1,W4-17_cs,-1,W4-17_f2o"
HAT707_484,HAT707MR,0.1094804142,"1,W4-17_s,1,W4-17_t-hooo,-1,W4-17_so,-1,W4-17_hoo"
HAT707_485,HAT707MR,0.159137033,"1,W4-17_s,1,W4-17_o3,-1,W4-17_so,-1,W4-17_o2"
HAT707_501,HAT707MR,-0.151806467,"1,W4-17_s,1,W4-17_so3,-1,W4-17_s2,-1,W4-17_o3"
HAT707_505,HAT707MR,0.060987124,"1,W4-17_s,1,W4-17_s4-c2v,-1,W4-17_s2,-1,W4-17_s3"
HAT707_506,HAT707MR,0.063967159,"1,W4-17_s,1,W4-17_s3,-1,W4-17_s2,-1,W4-17_s2"
HAT707_509,HAT707MR,0.071951102,"1,W4-17_cl,1,W4-17_foof,-1,W4-17_clf,-1,W4-17_fo2"
HAT707_510,HAT707MR,0.010932105,"1,W4-17_cl,1,W4-17_foof,-1,W4-17_clo,-1,W4-17_f2o"
HAT707_511,HAT707MR,-0.025816342,"1,W4-17_cl,1,W4-17_fo2,-1,W4-17_clo,-1,W4-17_of"
HAT707_512,HAT707MR,0.077927107,"1,W4-17_cl,1,W4-17_fo2,-1,W4-17_clf,-1,W4-17_o2"
HAT707_513,HAT707MR,0.004414276,"1,W4-17_cl,1,W4-17_oclo,-1,W4-17_clo,-1,W4-17_clo"
HAT707_514,HAT707MR,0.083584392,"1,W4-17_cl,1,W4-17_oclo,-1,W4-17_cl2,-1,W4-17_o2"
HAT707_515,HAT707MR,0.037832097,"1,W4-17_cl,1,W4-17_cl2o,-1,W4-17_clo,-1,W4-17_cl2"
HAT707_516,HAT707MR,0.035202654,"1,W4-17_cl,1,W4-17_f2o,-1,W4-17_clf,-1,W4-17_of"
HAT707_517,HAT707MR,0.017067471,"1,W4-17_cl,1,W4-17_f2o,-1,W4-17_clo,-1,W4-17_f2"
HAT707_521,HAT707MR,0.015489805,"1,W4-17_cl,1,W4-17_of,-1,W4-17_clf,-1,W4-17_o"
HAT707_546,HAT707MR,0.012238859,"1,W4-17_cl,1,W4-17_t-hooo,-1,W4-17_clo,-1,W4-17_hoo"
HAT707_547,HAT707MR,0.061895477,"1,W4-17_cl,1,W4-17_o3,-1,W4-17_clo,-1,W4-17_o2"
HAT707_566,HAT707MR,0.053863726,"1,W4-17_oh,1,W4-17_foof,-1,W4-17_hof,-1,W4-17_fo2"
HAT707_567,HAT707MR,0.015521677,"1,W4-17_oh,1,W4-17_foof,-1,W4-17_hoo,-1,W4-17_f2o"
HAT707_568,HAT707MR,-0.02122677,"1,W4-17_oh,1,W4-17_fo2,-1,W4-17_hoo,-1,W4-17_of"
HAT707_569,HAT707MR,0.059839732,"1,W4-17_oh,1,W4-17_fo2,-1,W4-17_hof,-1,W4-17_o2"
HAT707_570,HAT707MR,0.009003848,"1,W4-17_oh,1,W4-17_oclo,-1,W4-17_hoo,-1,W4-17_clo"
HAT707_571,HAT707MR,0.082421063,"1,W4-17_oh,1,W4-17_oclo,-1,W4-17_hocl,-1,W4-17_o2"
HAT707_572,HAT707MR,0.036668768,"1,W4-17_oh,1,W4-17_cl2o,-1,W4-17_hocl,-1,W4-17_clo"
HAT707_573,HAT707MR,0.042421669,"1,W4-17_oh,1,W4-17_cl2o,-1,W4-17_hoo,-1,W4-17_cl2"
HAT707_574,HAT707MR,0.017115279,"1,W4-17_oh,1,W4-17_f2o,-1,W4-17_hof,-1,W4-17_of"
HAT707_575,HAT707MR,0.021657043,"1,W4-17_oh,1,W4-17_f2o,-1,W4-17_hoo,-1,W4-17_f2"
HAT707_580,HAT707MR,-0.00259757,"1,W4-17_oh,1,W4-17_of,-1,W4-17_hof,-1,W4-17_o"
HAT707_581,HAT707MR,0.024302421,"1,W4-17_oh,1,W4-17_of,-1,W4-17_hoo,-1,W4-17_f"
HAT707_605,HAT707MR,-0.246434516,"1,W4-17_oh,1,W4-17_f2co,-1,W4-17_hco,-1,W4-17_f2o"
HAT707_624,HAT707MR,0.01682843,"1,W4-17_oh,1,W4-17_t-hooo,-1,W4-17_hoo,-1,W4-17_hoo"
HAT707_625,HAT707MR,0.066485049,"1,W4-17_oh,1,W4-17_o3,-1,W4-17_hoo,-1,W4-17_o2"
HAT707_658,HAT707MR,-0.11853207,"1,W4-17_of,1,W4-17_ch3f,-1,W4-17_f2o,-1,W4-17_ch3"
HAT707_659,HAT707MR,0.036748448,"1,W4-17_of,1,W4-17_foof,-1,W4-17_f2o,-1,W4-17_fo2"
HAT707_660,HAT707MR,0.042724453,"1,W4-17_of,1,W4-17_fo2,-1,W4-17_f2o,-1,W4-17_o2"
HAT707_661,HAT707MR,0.030230618,"1,W4-17_of,1,W4-17_oclo,-1,W4-17_fo2,-1,W4-17_clo"
HAT707_662,HAT707MR,0.063648439,"1,W4-17_of,1,W4-17_cl2o,-1,W4-17_fo2,-1,W4-17_cl2"
HAT707_663,HAT707MR,0.042883813,"1,W4-17_of,1,W4-17_f2o,-1,W4-17_fo2,-1,W4-17_f2"
HAT707_664,HAT707MR,0.036525343,"1,W4-17_of,1,W4-17_hocl,-1,W4-17_fo2,-1,W4-17_hcl"
HAT707_665,HAT707MR,0.1029944567,"1,W4-17_of,1,W4-17_hof,-1,W4-17_fo2,-1,W4-17_hf"
HAT707_666,HAT707MR,0.025816342,"1,W4-17_of,1,W4-17_clo,-1,W4-17_fo2,-1,W4-17_cl"
HAT707_667,HAT707MR,-0.019712849,"1,W4-17_of,1,W4-17_of,-1,W4-17_f2o,-1,W4-17_o"
HAT707_668,HAT707MR,0.045529191,"1,W4-17_of,1,W4-17_of,-1,W4-17_fo2,-1,W4-17_f"
HAT707_669,HAT707MR,0.010374345,"1,W4-17_of,1,W4-17_no2,-1,W4-17_fo2,-1,W4-17_no"
HAT707_670,HAT707MR,0.062596662,"1,W4-17_of,1,W4-17_n2o,-1,W4-17_fo2,-1,W4-17_n2"
HAT707_671,HAT707MR,-0.04001533,"1,W4-17_of,1,W4-17_t-hono,-1,W4-17_fo2,-1,W4-17_hno"
HAT707_672,HAT707MR,-0.063218166,"1,W4-17_of,1,W4-17_hnco,-1,W4-17_fo2,-1,W4-17_hcn"
HAT707_673,HAT707MR,-0.113305058,"1,W4-17_of,1,W4-17_no,-1,W4-17_fo2,-1,W4-17_n"
HAT707_674,HAT707MR,0.049561003,"1,W4-17_of,1,W4-17_oxirene,-1,W4-17_fo2,-1,W4-17_c2h2"
HAT707_675,HAT707MR,-0.009226952,"1,W4-17_of,1,W4-17_oxirane,-1,W4-17_fo2,-1,W4-17_c2h4"
HAT707_676,HAT707MR,-0.0182308,"1,W4-17_of,1,W4-17_methanol,-1,W4-17_fo2,-1,W4-17_ch4"
HAT707_677,HAT707MR,-0.079823493,"1,W4-17_of,1,W4-17_t-hcoh,-1,W4-17_fo2,-1,W4-17_ch2-trip"
HAT707_678,HAT707MR,-0.155822342,"1,W4-17_of,1,W4-17_formic,-1,W4-17_fo2,-1,W4-17_t-hcoh"
HAT707_679,HAT707MR,-0.146420094,"1,W4-17_of,1,W4-17_ketene,-1,W4-17_fo2,-1,W4-17_ch2c"
HAT707_680,HAT707MR,-0.155184902,"1,W4-17_of,1,W4-17_glyoxal,-1,W4-17_fo2,-1,W4-17_oxirene"
HAT707_681,HAT707MR,-0.051186476,"1,W4-17_of,1,W4-17_acetaldehyde,-1,W4-17_fo2,-1,W4-17_c2h4"
HAT707_682,HAT707MR,-0.127822766,"1,W4-17_of,1,W4-17_f2co,-1,W4-17_fo2,-1,W4-17_cf2"
HAT707_683,HAT707MR,-0.133256947,"1,W4-17_of,1,W4-17_hcof,-1,W4-17_f2o,-1,W4-17_hco"
HAT707_684,HAT707MR,-0.162977612,"1,W4-17_of,1,W4-17_h2co,-1,W4-17_fo2,-1,W4-17_ch2-trip"
HAT707_685,HAT707MR,-0.180969372,"1,W4-17_of,1,W4-17_hco,-1,W4-17_fo2,-1,W4-17_ch"
HAT707_686,HAT707MR,-0.13048408,"1,W4-17_of,1,W4-17_ocs,-1,W4-17_fo2,-1,W4-17_cs"
HAT707_687,HAT707MR,-0.077719939,"1,W4-17_of,1,W4-17_co2,-1,W4-17_fo2,-1,W4-17_co"
HAT707_688,HAT707MR,-0.177543129,"1,W4-17_of,1,W4-17_sio,-1,W4-17_fo2,-1,W4-17_si"
HAT707_689,HAT707MR,-0.283788532,"1,W4-17_of,1,W4-17_co,-1,W4-17_fo2,-1,W4-17_c"
HAT707_690,HAT707MR,-0.196140457,"1,W4-17_of,1,W4-17_alf,-1,W4-17_f2o,-1,W4-17_al"
HAT707_691,HAT707MR,0.038055201,"1,W4-17_of,1,W4-17_t-hooo,-1,W4-17_fo2,-1,W4-17_hoo"
HAT707_692,HAT707MR,0.08771182,"1,W4-17_of,1,W4-17_o3,-1,W4-17_fo2,-1,W4-17_o2"
HAT707_693,HAT707MR,0.07255667,"1,W4-17_of,1,W4-17_hooh,-1,W4-17_fo2,-1,W4-17_h2o"
HAT707_694,HAT707MR,-0.066676281,"1,W4-17_of,1,W4-17_h2o,-1,W4-17_fo2,-1,W4-17_h2"
HAT707_695,HAT707MR,-0.138818615,"1,W4-17_of,1,W4-17_c2h3f,-1,W4-17_f2o,-1,W4-17_ch2ch"
HAT707_696,HAT707MR,-0.145973886,"1,W4-17_of,1,W4-17_hccf,-1,W4-17_f2o,-1,W4-17_cch"
HAT707_697,HAT707MR,-0.136029813,"1,W4-17_of,1,W4-17_cf2,-1,W4-17_f2o,-1,W4-17_cf"
HAT707_698,HAT707MR,-0.16254734,"1,W4-17_of,1,W4-17_sif,-1,W4-17_f2o,-1,W4-17_si"
HAT707_699,HAT707MR,-0.146643198,"1,W4-17_of,1,W4-17_cf,-1,W4-17_f2o,-1,W4-17_c"
HAT707_700,HAT707MR,-0.225988611,"1,W4-17_of,1,W4-17_bf,-1,W4-17_f2o,-1,W4-17_b"
HAT707_701,HAT707MR,-0.036461599,"1,W4-17_of,1,W4-17_s2o,-1,W4-17_fo2,-1,W4-17_s2"
HAT707_702,HAT707MR,-0.007458054,"1,W4-17_of,1,W4-17_so3,-1,W4-17_fo2,-1,W4-17_so2"
HAT707_703,HAT707MR,-0.083680008,"1,W4-17_of,1,W4-17_so2,-1,W4-17_fo2,-1,W4-17_so"
HAT707_704,HAT707MR,-0.071425213,"1,W4-17_of,1,W4-17_so,-1,W4-17_fo2,-1,W4-17_s"
HAT707_705,HAT707MR,-0.035202654,"1,W4-17_of,1,W4-17_clf,-1,W4-17_f2o,-1,W4-17_cl"
HAT707_706,HAT707MR,0.002645378,"1,W4-17_of,1,W4-17_f2,-1,W4-17_f2o,-1,W4-17_f"
HAT707_707,HAT707MR,-0.062437302,"1,W4-17_of,1,W4-17_o2,-1,W4-17_fo2,-1,W4-17_o"
HAT707_1,HAT707nonMR,0.042310116,"1,W4-17_h,1,W4-17_ch3f,-1,W4-17_hf,-1,W4-17_ch3"
HAT707_12,HAT707nonMR,0.077257795,"1,W4-17_h,1,W4-17_hocl,-1,W4-17_oh,-1,W4-17_hcl"
HAT707_13,HAT707nonMR,0.1437269077,"1,W4-17_h,1,W4-17_hof,-1,W4-17_oh,-1,W4-17_hf"
HAT707_14,HAT707nonMR,0.067010938,"1,W4-17_h,1,W4-17_clo,-1,W4-17_hcl,-1,W4-17_o"
HAT707_15,HAT707nonMR,0.066548793,"1,W4-17_h,1,W4-17_clo,-1,W4-17_oh,-1,W4-17_cl"
HAT707_18,HAT707nonMR,0.051106796,"1,W4-17_h,1,W4-17_no2,-1,W4-17_oh,-1,W4-17_no"
HAT707_19,HAT707nonMR,-0.038182689,"1,W4-17_h,1,W4-17_no2,-1,W4-17_nh,-1,W4-17_o2"
HAT707_20,HAT707nonMR,0.1033291129,"1,W4-17_h,1,W4-17_n2o,-1,W4-17_oh,-1,W4-17_n2"
HAT707_21,HAT707nonMR,-0.055791984,"1,W4-17_h,1,W4-17_n2o,-1,W4-17_nh,-1,W4-17_no"
HAT707_22,HAT707nonMR,0.000717121,"1,W4-17_h,1,W4-17_t-hono,-1,W4-17_oh,-1,W4-17_hno"
HAT707_23,HAT707nonMR,-0.086086346,"1,W4-17_h,1,W4-17_t-hono,-1,W4-17_nh,-1,W4-17_hoo"
HAT707_24,HAT707nonMR,-0.115089891,"1,W4-17_h,1,W4-17_hnco,-1,W4-17_nh,-1,W4-17_hco"
HAT707_25,HAT707nonMR,-0.230482566,"1,W4-17_h,1,W4-17_hnco,-1,W4-17_ch,-1,W4-17_hno"
HAT707_26,HAT707nonMR,-0.022485715,"1,W4-17_h,1,W4-17_hnco,-1,W4-17_oh,-1,W4-17_hcn"
HAT707_27,HAT707nonMR,-0.024844245,"1,W4-17_h,1,W4-17_hno,-1,W4-17_nh,-1,W4-17_oh"
HAT707_28,HAT707nonMR,-0.110994336,"1,W4-17_h,1,W4-17_no,-1,W4-17_nh,-1,W4-17_o"
HAT707_29,HAT707nonMR,-0.072572606,"1,W4-17_h,1,W4-17_no,-1,W4-17_oh,-1,W4-17_n"
HAT707_30,HAT707nonMR,0.090293454,"1,W4-17_h,1,W4-17_oxirene,-1,W4-17_oh,-1,W4-17_c2h2"
HAT707_31,HAT707nonMR,0.031521435,"1,W4-17_h,1,W4-17_oxirane,-1,W4-17_oh,-1,W4-17_c2h4"
HAT707_32,HAT707nonMR,0.022517587,"1,W4-17_h,1,W4-17_methanol,-1,W4-17_oh,-1,W4-17_ch4"
HAT707_33,HAT707nonMR,-0.008414215,"1,W4-17_h,1,W4-17_t-hcoh,-1,W4-17_ch,-1,W4-17_h2o"
HAT707_34,HAT707nonMR,-0.039075106,"1,W4-17_h,1,W4-17_t-hcoh,-1,W4-17_oh,-1,W4-17_ch2-trip"
HAT707_35,HAT707nonMR,-0.115073955,"1,W4-17_h,1,W4-17_formic,-1,W4-17_oh,-1,W4-17_t-hcoh"
HAT707_36,HAT707nonMR,0.016732814,"1,W4-17_h,1,W4-17_formic,-1,W4-17_h2o,-1,W4-17_hco"
HAT707_37,HAT707nonMR,-0.236793228,"1,W4-17_h,1,W4-17_formic,-1,W4-17_ch,-1,W4-17_hooh"
HAT707_38,HAT707nonMR,-0.105687643,"1,W4-17_h,1,W4-17_ketene,-1,W4-17_oh,-1,W4-17_ch2c"
HAT707_39,HAT707nonMR,-0.11885079,"1,W4-17_h,1,W4-17_ketene,-1,W4-17_ch,-1,W4-17_h2co"
HAT707_40,HAT707nonMR,-0.114452451,"1,W4-17_h,1,W4-17_glyoxal,-1,W4-17_oh,-1,W4-17_oxirene"
HAT707_41,HAT707nonMR,-0.078054595,"1,W4-17_h,1,W4-17_glyoxal,-1,W4-17_ch,-1,W4-17_formic"
HAT707_42,HAT707nonMR,-0.127711214,"1,W4-17_h,1,W4-17_acetaldehyde,-1,W4-17_ch,-1,W4-17_methanol"
HAT707_43,HAT707nonMR,-0.010454025,"1,W4-17_h,1,W4-17_acetaldehyde,-1,W4-17_oh,-1,W4-17_c2h4"
HAT707_44,HAT707nonMR,-0.087090315,"1,W4-17_h,1,W4-17_f2co,-1,W4-17_oh,-1,W4-17_cf2"
HAT707_46,HAT707nonMR,0.027601176,"1,W4-17_h,1,W4-17_hcof,-1,W4-17_hf,-1,W4-17_hco"
HAT707_47,HAT707nonMR,-0.122245161,"1,W4-17_h,1,W4-17_h2co,-1,W4-17_oh,-1,W4-17_ch2-trip"
HAT707_48,HAT707nonMR,-0.091568335,"1,W4-17_h,1,W4-17_h2co,-1,W4-17_ch,-1,W4-17_h2o"
HAT707_49,HAT707nonMR,-0.140220985,"1,W4-17_h,1,W4-17_hco,-1,W4-17_oh,-1,W4-17_ch"
HAT707_50,HAT707nonMR,-0.033194717,"1,W4-17_h,1,W4-17_cs2,-1,W4-17_hs,-1,W4-17_cs"
HAT707_51,HAT707nonMR,-0.147105343,"1,W4-17_h,1,W4-17_cs2,-1,W4-17_ch,-1,W4-17_s2"
HAT707_52,HAT707nonMR,-0.089751629,"1,W4-17_h,1,W4-17_ocs,-1,W4-17_oh,-1,W4-17_cs"
HAT707_53,HAT707nonMR,-0.199295788,"1,W4-17_h,1,W4-17_ocs,-1,W4-17_ch,-1,W4-17_so"
HAT707_54,HAT707nonMR,0.018661072,"1,W4-17_h,1,W4-17_ocs,-1,W4-17_hs,-1,W4-17_co"
HAT707_55,HAT707nonMR,-0.036987488,"1,W4-17_h,1,W4-17_co2,-1,W4-17_oh,-1,W4-17_co"
HAT707_56,HAT707nonMR,-0.294975614,"1,W4-17_h,1,W4-17_co2,-1,W4-17_ch,-1,W4-17_o2"
HAT707_57,HAT707nonMR,-0.140236921,"1,W4-17_h,1,W4-17_cs,-1,W4-17_ch,-1,W4-17_s"
HAT707_58,HAT707nonMR,-0.13464338,"1,W4-17_h,1,W4-17_cs,-1,W4-17_hs,-1,W4-17_c"
HAT707_59,HAT707nonMR,-0.189845731,"1,W4-17_h,1,W4-17_sio,-1,W4-17_sih,-1,W4-17_o"
HAT707_60,HAT707nonMR,-0.136794742,"1,W4-17_h,1,W4-17_sio,-1,W4-17_oh,-1,W4-17_si"
HAT707_61,HAT707nonMR,-0.279692977,"1,W4-17_h,1,W4-17_co,-1,W4-17_ch,-1,W4-17_o"
HAT707_62,HAT707nonMR,-0.243056081,"1,W4-17_h,1,W4-17_co,-1,W4-17_oh,-1,W4-17_c"
HAT707_63,HAT707nonMR,-0.23282516,"1,W4-17_h,1,W4-17_hcn,-1,W4-17_nh,-1,W4-17_ch"
HAT707_64,HAT707nonMR,-0.154786501,"1,W4-17_h,1,W4-17_cn,-1,W4-17_ch,-1,W4-17_n"
HAT707_65,HAT707nonMR,-0.156571335,"1,W4-17_h,1,W4-17_cn,-1,W4-17_nh,-1,W4-17_c"
HAT707_66,HAT707nonMR,0.021210834,"1,W4-17_h,1,W4-17_h2s,-1,W4-17_hs,-1,W4-17_h2"
HAT707_67,HAT707nonMR,-0.078166147,"1,W4-17_h,1,W4-17_alcl,-1,W4-17_alh,-1,W4-17_cl"
HAT707_68,HAT707nonMR,-0.024095253,"1,W4-17_h,1,W4-17_alcl,-1,W4-17_hcl,-1,W4-17_al"
HAT707_69,HAT707nonMR,-0.14375878,"1,W4-17_h,1,W4-17_alf,-1,W4-17_alh,-1,W4-17_f"
HAT707_70,HAT707nonMR,-0.035282334,"1,W4-17_h,1,W4-17_alf,-1,W4-17_hf,-1,W4-17_al"
HAT707_73,HAT707nonMR,0.1132891215,"1,W4-17_h,1,W4-17_hooh,-1,W4-17_oh,-1,W4-17_h2o"
HAT707_74,HAT707nonMR,0.016461902,"1,W4-17_h,1,W4-17_ssh,-2,W4-17_hs"
HAT707_75,HAT707nonMR,0.061959221,"1,W4-17_h,1,W4-17_hoo,-2,W4-17_oh"
HAT707_76,HAT707nonMR,-0.025927894,"1,W4-17_h,1,W4-17_h2o,-1,W4-17_oh,-1,W4-17_h2"
HAT707_77,HAT707nonMR,-0.049162602,"1,W4-17_h,1,W4-17_t-n2h2,-1,W4-17_nh,-1,W4-17_nh2"
HAT707_78,HAT707nonMR,-0.091297423,"1,W4-17_h,1,W4-17_propyne,-1,W4-17_ch,-1,W4-17_c2h4"
HAT707_79,HAT707nonMR,-0.102436696,"1,W4-17_h,1,W4-17_propene,-1,W4-17_ch,-1,W4-17_c2h6"
HAT707_80,HAT707nonMR,0.022039507,"1,W4-17_h,1,W4-17_c2h3f,-1,W4-17_hf,-1,W4-17_ch2ch"
HAT707_81,HAT707nonMR,-0.106309148,"1,W4-17_h,1,W4-17_c2h3f,-1,W4-17_ch,-1,W4-17_ch3f"
HAT707_82,HAT707nonMR,-0.094755538,"1,W4-17_h,1,W4-17_c2h4,-1,W4-17_ch,-1,W4-17_ch4"
HAT707_83,HAT707nonMR,-0.086038538,"1,W4-17_h,1,W4-17_ch2ch,-1,W4-17_ch,-1,W4-17_ch3"
HAT707_84,HAT707nonMR,-0.068652347,"1,W4-17_h,1,W4-17_fccf,-1,W4-17_ch,-1,W4-17_cf2"
HAT707_85,HAT707nonMR,0.014868301,"1,W4-17_h,1,W4-17_hccf,-1,W4-17_hf,-1,W4-17_cch"
HAT707_86,HAT707nonMR,-0.208060595,"1,W4-17_h,1,W4-17_c2h2,-1,W4-17_ch,-1,W4-17_ch2-trip"
HAT707_87,HAT707nonMR,-0.05321035,"1,W4-17_h,1,W4-17_ccl2,-1,W4-17_ch,-1,W4-17_cl2"
HAT707_88,HAT707nonMR,-0.215964858,"1,W4-17_h,1,W4-17_cf2,-1,W4-17_ch,-1,W4-17_f2"
HAT707_89,HAT707nonMR,0.024828309,"1,W4-17_h,1,W4-17_cf2,-1,W4-17_hf,-1,W4-17_cf"
HAT707_90,HAT707nonMR,0.004732996,"1,W4-17_h,1,W4-17_ch2-trip,-1,W4-17_ch,-1,W4-17_h2"
HAT707_91,HAT707nonMR,-0.001705153,"1,W4-17_h,1,W4-17_sif,-1,W4-17_hf,-1,W4-17_si"
HAT707_92,HAT707nonMR,-0.109623838,"1,W4-17_h,1,W4-17_sif,-1,W4-17_sih,-1,W4-17_f"
HAT707_93,HAT707nonMR,0.005418245,"1,W4-17_h,1,W4-17_clcn,-1,W4-17_hcl,-1,W4-17_cn"
HAT707_94,HAT707nonMR,0.014214924,"1,W4-17_h,1,W4-17_cf,-1,W4-17_hf,-1,W4-17_c"
HAT707_95,HAT707nonMR,-0.077289667,"1,W4-17_h,1,W4-17_cf,-1,W4-17_ch,-1,W4-17_f"
HAT707_96,HAT707nonMR,-0.065146424,"1,W4-17_h,1,W4-17_bf,-1,W4-17_hf,-1,W4-17_b"
HAT707_97,HAT707nonMR,-0.155408006,"1,W4-17_h,1,W4-17_bf,-1,W4-17_bh,-1,W4-17_f"
HAT707_98,HAT707nonMR,-0.033178781,"1,W4-17_h,1,W4-17_bn3pi,-1,W4-17_bh,-1,W4-17_n"
HAT707_99,HAT707nonMR,-0.036206623,"1,W4-17_h,1,W4-17_bn3pi,-1,W4-17_nh,-1,W4-17_b"
HAT707_100,HAT707nonMR,0.008621383,"1,W4-17_h,1,W4-17_s2o,-1,W4-17_hs,-1,W4-17_so"
HAT707_101,HAT707nonMR,0.004270852,"1,W4-17_h,1,W4-17_s2o,-1,W4-17_oh,-1,W4-17_s2"
HAT707_102,HAT707nonMR,0.033290333,"1,W4-17_h,1,W4-17_so3,-1,W4-17_oh,-1,W4-17_so2"
HAT707_104,HAT707nonMR,-0.042947557,"1,W4-17_h,1,W4-17_so2,-1,W4-17_oh,-1,W4-17_so"
HAT707_105,HAT707nonMR,-0.082978823,"1,W4-17_h,1,W4-17_so2,-1,W4-17_hs,-1,W4-17_o2"
HAT707_106,HAT707nonMR,-0.061720181,"1,W4-17_h,1,W4-17_so,-1,W4-17_hs,-1,W4-17_o"
HAT707_107,HAT707nonMR,-0.030692762,"1,W4-17_h,1,W4-17_so,-1,W4-17_oh,-1,W4-17_s"
HAT707_110,HAT707nonMR,-0.026326295,"1,W4-17_h,1,W4-17_s2,-1,W4-17_hs,-1,W4-17_s"
HAT707_111,HAT707nonMR,0.076094466,"1,W4-17_h,1,W4-17_cl2,-1,W4-17_hcl,-1,W4-17_cl"
HAT707_112,HAT707nonMR,0.071233981,"1,W4-17_h,1,W4-17_clf,-1,W4-17_hcl,-1,W4-17_f"
HAT707_113,HAT707nonMR,0.1256395322,"1,W4-17_h,1,W4-17_clf,-1,W4-17_hf,-1,W4-17_cl"
HAT707_114,HAT707nonMR,0.1635035007,"1,W4-17_h,1,W4-17_f2,-1,W4-17_hf,-1,W4-17_f"
HAT707_115,HAT707nonMR,-0.021704851,"1,W4-17_h,1,W4-17_o2,-1,W4-17_oh,-1,W4-17_o"
HAT707_116,HAT707nonMR,-0.231693703,"1,W4-17_h,1,W4-17_n2,-1,W4-17_nh,-1,W4-17_n"
HAT707_118,HAT707nonMR,0.028095192,"1,W4-17_c,1,W4-17_ch3f,-1,W4-17_cf,-1,W4-17_ch3"
HAT707_127,HAT707nonMR,0.3867829889,"1,W4-17_c,1,W4-17_hof,-1,W4-17_co,-1,W4-17_hf"
HAT707_128,HAT707nonMR,0.309604875,"1,W4-17_c,1,W4-17_clo,-1,W4-17_co,-1,W4-17_cl"
HAT707_131,HAT707nonMR,0.2941628772,"1,W4-17_c,1,W4-17_no2,-1,W4-17_co,-1,W4-17_no"
HAT707_132,HAT707nonMR,0.1183886459,"1,W4-17_c,1,W4-17_no2,-1,W4-17_cn,-1,W4-17_o2"
HAT707_133,HAT707nonMR,0.3463851942,"1,W4-17_c,1,W4-17_n2o,-1,W4-17_co,-1,W4-17_n2"
HAT707_134,HAT707nonMR,0.1007952868,"1,W4-17_c,1,W4-17_n2o,-1,W4-17_cn,-1,W4-17_no"
HAT707_135,HAT707nonMR,0.2437732018,"1,W4-17_c,1,W4-17_t-hono,-1,W4-17_co,-1,W4-17_hno"
HAT707_136,HAT707nonMR,0.070484989,"1,W4-17_c,1,W4-17_t-hono,-1,W4-17_cn,-1,W4-17_hoo"
HAT707_137,HAT707nonMR,0.04149738,"1,W4-17_c,1,W4-17_hnco,-1,W4-17_cn,-1,W4-17_hco"
HAT707_138,HAT707nonMR,0.2205703659,"1,W4-17_c,1,W4-17_hnco,-1,W4-17_co,-1,W4-17_hcn"
HAT707_139,HAT707nonMR,0.1317430254,"1,W4-17_c,1,W4-17_hno,-1,W4-17_cn,-1,W4-17_oh"
HAT707_140,HAT707nonMR,0.045592935,"1,W4-17_c,1,W4-17_no,-1,W4-17_cn,-1,W4-17_o"
HAT707_141,HAT707nonMR,0.1704834748,"1,W4-17_c,1,W4-17_no,-1,W4-17_co,-1,W4-17_n"
HAT707_142,HAT707nonMR,0.3333495349,"1,W4-17_c,1,W4-17_oxirene,-1,W4-17_co,-1,W4-17_c2h2"
HAT707_143,HAT707nonMR,0.2745775164,"1,W4-17_c,1,W4-17_oxirane,-1,W4-17_co,-1,W4-17_c2h4"
HAT707_144,HAT707nonMR,0.2655736686,"1,W4-17_c,1,W4-17_methanol,-1,W4-17_co,-1,W4-17_ch4"
HAT707_145,HAT707nonMR,0.2039809756,"1,W4-17_c,1,W4-17_t-hcoh,-1,W4-17_co,-1,W4-17_ch2-trip"
HAT707_146,HAT707nonMR,0.1279661902,"1,W4-17_c,1,W4-17_formic,-1,W4-17_co,-1,W4-17_t-hcoh"
HAT707_147,HAT707nonMR,0.1373684382,"1,W4-17_c,1,W4-17_ketene,-1,W4-17_co,-1,W4-17_ch2c"
HAT707_148,HAT707nonMR,0.1286036307,"1,W4-17_c,1,W4-17_glyoxal,-1,W4-17_co,-1,W4-17_oxirene"
HAT707_149,HAT707nonMR,0.232602056,"1,W4-17_c,1,W4-17_acetaldehyde,-1,W4-17_co,-1,W4-17_c2h4"
HAT707_150,HAT707nonMR,0.1559657663,"1,W4-17_c,1,W4-17_f2co,-1,W4-17_co,-1,W4-17_cf2"
HAT707_151,HAT707nonMR,0.013386252,"1,W4-17_c,1,W4-17_hcof,-1,W4-17_cf,-1,W4-17_hco"
HAT707_152,HAT707nonMR,0.12081092,"1,W4-17_c,1,W4-17_h2co,-1,W4-17_co,-1,W4-17_ch2-trip"
HAT707_153,HAT707nonMR,0.1028350965,"1,W4-17_c,1,W4-17_hco,-1,W4-17_co,-1,W4-17_ch"
HAT707_154,HAT707nonMR,0.1014486633,"1,W4-17_c,1,W4-17_cs2,-1,W4-17_cs,-1,W4-17_cs"
HAT707_155,HAT707nonMR,0.153304452,"1,W4-17_c,1,W4-17_ocs,-1,W4-17_co,-1,W4-17_cs"
HAT707_156,HAT707nonMR,0.2060685934,"1,W4-17_c,1,W4-17_co2,-1,W4-17_co,-1,W4-17_co"
HAT707_157,HAT707nonMR,0.106261339,"1,W4-17_c,1,W4-17_sio,-1,W4-17_co,-1,W4-17_si"
HAT707_158,HAT707nonMR,-0.076253826,"1,W4-17_c,1,W4-17_hcn,-1,W4-17_cn,-1,W4-17_ch"
HAT707_159,HAT707nonMR,0.1558542142,"1,W4-17_c,1,W4-17_h2s,-1,W4-17_cs,-1,W4-17_h2"
HAT707_160,HAT707nonMR,-0.049497259,"1,W4-17_c,1,W4-17_alf,-1,W4-17_cf,-1,W4-17_al"
HAT707_162,HAT707nonMR,0.3563452027,"1,W4-17_c,1,W4-17_hooh,-1,W4-17_co,-1,W4-17_h2o"
HAT707_163,HAT707nonMR,0.1511052821,"1,W4-17_c,1,W4-17_ssh,-1,W4-17_cs,-1,W4-17_hs"
HAT707_164,HAT707nonMR,0.3050153026,"1,W4-17_c,1,W4-17_hoo,-1,W4-17_co,-1,W4-17_oh"
HAT707_165,HAT707nonMR,0.2171281869,"1,W4-17_c,1,W4-17_h2o,-1,W4-17_co,-1,W4-17_h2"
HAT707_166,HAT707nonMR,0.1074246685,"1,W4-17_c,1,W4-17_t-n2h2,-1,W4-17_cn,-1,W4-17_nh2"
HAT707_167,HAT707nonMR,0.007824583,"1,W4-17_c,1,W4-17_c2h3f,-1,W4-17_cf,-1,W4-17_ch2ch"
HAT707_168,HAT707nonMR,0.000653377,"1,W4-17_c,1,W4-17_hccf,-1,W4-17_cf,-1,W4-17_cch"
HAT707_169,HAT707nonMR,0.010613385,"1,W4-17_c,1,W4-17_cf2,-2,W4-17_cf"
HAT707_170,HAT707nonMR,-0.015920078,"1,W4-17_c,1,W4-17_sif,-1,W4-17_cf,-1,W4-17_si"
HAT707_171,HAT707nonMR,-0.079361348,"1,W4-17_c,1,W4-17_bf,-1,W4-17_cf,-1,W4-17_b"
HAT707_172,HAT707nonMR,0.1203806476,"1,W4-17_c,1,W4-17_bn3pi,-1,W4-17_cn,-1,W4-17_b"
HAT707_173,HAT707nonMR,0.1432647633,"1,W4-17_c,1,W4-17_s2o,-1,W4-17_cs,-1,W4-17_so"
HAT707_174,HAT707nonMR,0.2473269329,"1,W4-17_c,1,W4-17_s2o,-1,W4-17_co,-1,W4-17_s2"
HAT707_175,HAT707nonMR,0.2763304779,"1,W4-17_c,1,W4-17_so3,-1,W4-17_co,-1,W4-17_so2"
HAT707_177,HAT707nonMR,0.2001085243,"1,W4-17_c,1,W4-17_so2,-1,W4-17_co,-1,W4-17_so"
HAT707_178,HAT707nonMR,0.051664556,"1,W4-17_c,1,W4-17_so2,-1,W4-17_cs,-1,W4-17_o2"
HAT707_179,HAT707nonMR,0.072907263,"1,W4-17_c,1,W4-17_so,-1,W4-17_cs,-1,W4-17_o"
HAT707_180,HAT707nonMR,0.2123633188,"1,W4-17_c,1,W4-17_so,-1,W4-17_co,-1,W4-17_s"
HAT707_183,HAT707nonMR,0.108317085,"1,W4-17_c,1,W4-17_s2,-1,W4-17_cs,-1,W4-17_s"
HAT707_184,HAT707nonMR,0.1114246079,"1,W4-17_c,1,W4-17_clf,-1,W4-17_cf,-1,W4-17_cl"
HAT707_185,HAT707nonMR,0.1492885765,"1,W4-17_c,1,W4-17_f2,-1,W4-17_cf,-1,W4-17_f"
HAT707_186,HAT707nonMR,0.2213512305,"1,W4-17_c,1,W4-17_o2,-1,W4-17_co,-1,W4-17_o"
HAT707_187,HAT707nonMR,-0.075106433,"1,W4-17_c,1,W4-17_n2,-1,W4-17_cn,-1,W4-17_n"
HAT707_193,HAT707nonMR,0.149830401,"1,W4-17_n,1,W4-17_hocl,-1,W4-17_no,-1,W4-17_hcl"
HAT707_194,HAT707nonMR,0.2162995142,"1,W4-17_n,1,W4-17_hof,-1,W4-17_no,-1,W4-17_hf"
HAT707_195,HAT707nonMR,0.1391213998,"1,W4-17_n,1,W4-17_clo,-1,W4-17_no,-1,W4-17_cl"
HAT707_197,HAT707nonMR,0.1236794025,"1,W4-17_n,1,W4-17_no2,-1,W4-17_no,-1,W4-17_no"
HAT707_198,HAT707nonMR,0.1935110146,"1,W4-17_n,1,W4-17_no2,-1,W4-17_n2,-1,W4-17_o2"
HAT707_199,HAT707nonMR,0.1759017194,"1,W4-17_n,1,W4-17_n2o,-1,W4-17_no,-1,W4-17_n2"
HAT707_200,HAT707nonMR,0.073289727,"1,W4-17_n,1,W4-17_t-hono,-1,W4-17_no,-1,W4-17_hno"
HAT707_201,HAT707nonMR,0.1456073573,"1,W4-17_n,1,W4-17_t-hono,-1,W4-17_n2,-1,W4-17_hoo"
HAT707_202,HAT707nonMR,0.1166038124,"1,W4-17_n,1,W4-17_hnco,-1,W4-17_n2,-1,W4-17_hco"
HAT707_203,HAT707nonMR,-0.075696065,"1,W4-17_n,1,W4-17_hnco,-1,W4-17_cn,-1,W4-17_hno"
HAT707_204,HAT707nonMR,0.050086891,"1,W4-17_n,1,W4-17_hnco,-1,W4-17_no,-1,W4-17_hcn"
HAT707_205,HAT707nonMR,0.2068494581,"1,W4-17_n,1,W4-17_hno,-1,W4-17_n2,-1,W4-17_oh"
HAT707_206,HAT707nonMR,0.1206993679,"1,W4-17_n,1,W4-17_no,-1,W4-17_n2,-1,W4-17_o"
HAT707_207,HAT707nonMR,0.1628660602,"1,W4-17_n,1,W4-17_oxirene,-1,W4-17_no,-1,W4-17_c2h2"
HAT707_208,HAT707nonMR,0.1040781056,"1,W4-17_n,1,W4-17_oxirane,-1,W4-17_no,-1,W4-17_c2h4"
HAT707_209,HAT707nonMR,0.095074258,"1,W4-17_n,1,W4-17_methanol,-1,W4-17_no,-1,W4-17_ch4"
HAT707_210,HAT707nonMR,0.146372286,"1,W4-17_n,1,W4-17_t-hcoh,-1,W4-17_cn,-1,W4-17_h2o"
HAT707_211,HAT707nonMR,0.033481565,"1,W4-17_n,1,W4-17_t-hcoh,-1,W4-17_no,-1,W4-17_ch2-trip"
HAT707_212,HAT707nonMR,-0.042517285,"1,W4-17_n,1,W4-17_formic,-1,W4-17_no,-1,W4-17_t-hcoh"
HAT707_213,HAT707nonMR,-0.082006727,"1,W4-17_n,1,W4-17_formic,-1,W4-17_cn,-1,W4-17_hooh"
HAT707_214,HAT707nonMR,-0.033115037,"1,W4-17_n,1,W4-17_ketene,-1,W4-17_no,-1,W4-17_ch2c"
HAT707_215,HAT707nonMR,0.035935711,"1,W4-17_n,1,W4-17_ketene,-1,W4-17_cn,-1,W4-17_h2co"
HAT707_216,HAT707nonMR,-0.041879844,"1,W4-17_n,1,W4-17_glyoxal,-1,W4-17_no,-1,W4-17_oxirene"
HAT707_217,HAT707nonMR,0.076731906,"1,W4-17_n,1,W4-17_glyoxal,-1,W4-17_cn,-1,W4-17_formic"
HAT707_218,HAT707nonMR,0.027075287,"1,W4-17_n,1,W4-17_acetaldehyde,-1,W4-17_cn,-1,W4-17_methanol"
HAT707_219,HAT707nonMR,0.062118581,"1,W4-17_n,1,W4-17_acetaldehyde,-1,W4-17_no,-1,W4-17_c2h4"
HAT707_220,HAT707nonMR,-0.014517708,"1,W4-17_n,1,W4-17_f2co,-1,W4-17_no,-1,W4-17_cf2"
HAT707_222,HAT707nonMR,-0.049672555,"1,W4-17_n,1,W4-17_h2co,-1,W4-17_no,-1,W4-17_ch2-trip"
HAT707_223,HAT707nonMR,0.063218166,"1,W4-17_n,1,W4-17_h2co,-1,W4-17_cn,-1,W4-17_h2o"
HAT707_224,HAT707nonMR,-0.067664314,"1,W4-17_n,1,W4-17_hco,-1,W4-17_no,-1,W4-17_ch"
HAT707_225,HAT707nonMR,0.007681159,"1,W4-17_n,1,W4-17_cs2,-1,W4-17_cn,-1,W4-17_s2"
HAT707_226,HAT707nonMR,-0.017179023,"1,W4-17_n,1,W4-17_ocs,-1,W4-17_no,-1,W4-17_cs"
HAT707_227,HAT707nonMR,-0.044509286,"1,W4-17_n,1,W4-17_ocs,-1,W4-17_cn,-1,W4-17_so"
HAT707_228,HAT707nonMR,0.035585119,"1,W4-17_n,1,W4-17_co2,-1,W4-17_no,-1,W4-17_co"
HAT707_229,HAT707nonMR,-0.140189113,"1,W4-17_n,1,W4-17_co2,-1,W4-17_cn,-1,W4-17_o2"
HAT707_230,HAT707nonMR,0.014549581,"1,W4-17_n,1,W4-17_cs,-1,W4-17_cn,-1,W4-17_s"
HAT707_231,HAT707nonMR,-0.064238071,"1,W4-17_n,1,W4-17_sio,-1,W4-17_no,-1,W4-17_si"
HAT707_232,HAT707nonMR,-0.124906476,"1,W4-17_n,1,W4-17_co,-1,W4-17_cn,-1,W4-17_o"
HAT707_233,HAT707nonMR,-0.170483475,"1,W4-17_n,1,W4-17_co,-1,W4-17_no,-1,W4-17_c"
HAT707_234,HAT707nonMR,-0.001131457,"1,W4-17_n,1,W4-17_hcn,-1,W4-17_n2,-1,W4-17_ch"
HAT707_235,HAT707nonMR,0.075106433,"1,W4-17_n,1,W4-17_cn,-1,W4-17_n2,-1,W4-17_c"
HAT707_238,HAT707nonMR,0.185861728,"1,W4-17_n,1,W4-17_hooh,-1,W4-17_no,-1,W4-17_h2o"
HAT707_239,HAT707nonMR,0.1345318278,"1,W4-17_n,1,W4-17_hoo,-1,W4-17_no,-1,W4-17_oh"
HAT707_240,HAT707nonMR,0.046628776,"1,W4-17_n,1,W4-17_h2o,-1,W4-17_no,-1,W4-17_h2"
HAT707_241,HAT707nonMR,0.1825311011,"1,W4-17_n,1,W4-17_t-n2h2,-1,W4-17_n2,-1,W4-17_nh2"
HAT707_242,HAT707nonMR,0.063489079,"1,W4-17_n,1,W4-17_propyne,-1,W4-17_cn,-1,W4-17_c2h4"
HAT707_243,HAT707nonMR,0.052349805,"1,W4-17_n,1,W4-17_propene,-1,W4-17_cn,-1,W4-17_c2h6"
HAT707_244,HAT707nonMR,0.048477354,"1,W4-17_n,1,W4-17_c2h3f,-1,W4-17_cn,-1,W4-17_ch3f"
HAT707_245,HAT707nonMR,0.060030964,"1,W4-17_n,1,W4-17_c2h4,-1,W4-17_cn,-1,W4-17_ch4"
HAT707_246,HAT707nonMR,0.068747963,"1,W4-17_n,1,W4-17_ch2ch,-1,W4-17_cn,-1,W4-17_ch3"
HAT707_247,HAT707nonMR,0.086134154,"1,W4-17_n,1,W4-17_fccf,-1,W4-17_cn,-1,W4-17_cf2"
HAT707_248,HAT707nonMR,-0.053274094,"1,W4-17_n,1,W4-17_c2h2,-1,W4-17_cn,-1,W4-17_ch2-trip"
HAT707_249,HAT707nonMR,0.1015761514,"1,W4-17_n,1,W4-17_ccl2,-1,W4-17_cn,-1,W4-17_cl2"
HAT707_250,HAT707nonMR,-0.061178357,"1,W4-17_n,1,W4-17_cf2,-1,W4-17_cn,-1,W4-17_f2"
HAT707_251,HAT707nonMR,0.1595194973,"1,W4-17_n,1,W4-17_ch2-trip,-1,W4-17_cn,-1,W4-17_h2"
HAT707_252,HAT707nonMR,0.077496835,"1,W4-17_n,1,W4-17_cf,-1,W4-17_cn,-1,W4-17_f"
HAT707_253,HAT707nonMR,-0.122229225,"1,W4-17_n,1,W4-17_bf,-1,W4-17_bn3pi,-1,W4-17_f"
HAT707_254,HAT707nonMR,0.1954870803,"1,W4-17_n,1,W4-17_bn3pi,-1,W4-17_n2,-1,W4-17_b"
HAT707_255,HAT707nonMR,0.076827522,"1,W4-17_n,1,W4-17_s2o,-1,W4-17_no,-1,W4-17_s2"
HAT707_256,HAT707nonMR,0.1058470031,"1,W4-17_n,1,W4-17_so3,-1,W4-17_no,-1,W4-17_so2"
HAT707_257,HAT707nonMR,0.02962505,"1,W4-17_n,1,W4-17_so2,-1,W4-17_no,-1,W4-17_so"
HAT707_258,HAT707nonMR,0.041879844,"1,W4-17_n,1,W4-17_so,-1,W4-17_no,-1,W4-17_s"
HAT707_259,HAT707nonMR,0.050867756,"1,W4-17_n,1,W4-17_o2,-1,W4-17_no,-1,W4-17_o"
HAT707_270,HAT707nonMR,0.098946709,"1,W4-17_o,1,W4-17_hocl,-1,W4-17_o2,-1,W4-17_hcl"
HAT707_271,HAT707nonMR,0.1654317584,"1,W4-17_o,1,W4-17_hof,-1,W4-17_o2,-1,W4-17_hf"
HAT707_272,HAT707nonMR,0.088253644,"1,W4-17_o,1,W4-17_clo,-1,W4-17_o2,-1,W4-17_cl"
HAT707_274,HAT707nonMR,0.072811647,"1,W4-17_o,1,W4-17_no2,-1,W4-17_o2,-1,W4-17_no"
HAT707_275,HAT707nonMR,0.022406035,"1,W4-17_o,1,W4-17_t-hono,-1,W4-17_o2,-1,W4-17_hno"
HAT707_276,HAT707nonMR,0.024907989,"1,W4-17_o,1,W4-17_t-hono,-1,W4-17_no,-1,W4-17_hoo"
HAT707_277,HAT707nonMR,-0.004095556,"1,W4-17_o,1,W4-17_hnco,-1,W4-17_no,-1,W4-17_hco"
HAT707_278,HAT707nonMR,0.04921041,"1,W4-17_o,1,W4-17_hnco,-1,W4-17_co,-1,W4-17_hno"
HAT707_279,HAT707nonMR,-0.000796801,"1,W4-17_o,1,W4-17_hnco,-1,W4-17_o2,-1,W4-17_hcn"
HAT707_280,HAT707nonMR,0.08615009,"1,W4-17_o,1,W4-17_hno,-1,W4-17_no,-1,W4-17_oh"
HAT707_281,HAT707nonMR,-0.050867756,"1,W4-17_o,1,W4-17_no,-1,W4-17_o2,-1,W4-17_n"
HAT707_282,HAT707nonMR,0.1119983044,"1,W4-17_o,1,W4-17_oxirene,-1,W4-17_o2,-1,W4-17_c2h2"
HAT707_283,HAT707nonMR,0.05321035,"1,W4-17_o,1,W4-17_oxirane,-1,W4-17_o2,-1,W4-17_c2h4"
HAT707_284,HAT707nonMR,0.044206502,"1,W4-17_o,1,W4-17_methanol,-1,W4-17_o2,-1,W4-17_ch4"
HAT707_285,HAT707nonMR,0.2712787615,"1,W4-17_o,1,W4-17_t-hcoh,-1,W4-17_co,-1,W4-17_h2o"
HAT707_286,HAT707nonMR,-0.017386191,"1,W4-17_o,1,W4-17_t-hcoh,-1,W4-17_o2,-1,W4-17_ch2-trip"
HAT707_287,HAT707nonMR,-0.09338504,"1,W4-17_o,1,W4-17_formic,-1,W4-17_o2,-1,W4-17_t-hcoh"
HAT707_288,HAT707nonMR,0.042899749,"1,W4-17_o,1,W4-17_formic,-1,W4-17_co,-1,W4-17_hooh"
HAT707_289,HAT707nonMR,-0.083982792,"1,W4-17_o,1,W4-17_ketene,-1,W4-17_o2,-1,W4-17_ch2c"
HAT707_290,HAT707nonMR,0.1608262504,"1,W4-17_o,1,W4-17_ketene,-1,W4-17_co,-1,W4-17_h2co"
HAT707_291,HAT707nonMR,-0.092763536,"1,W4-17_o,1,W4-17_glyoxal,-1,W4-17_o2,-1,W4-17_oxirene"
HAT707_292,HAT707nonMR,0.2016383816,"1,W4-17_o,1,W4-17_glyoxal,-1,W4-17_co,-1,W4-17_formic"
HAT707_293,HAT707nonMR,0.1519658268,"1,W4-17_o,1,W4-17_acetaldehyde,-1,W4-17_co,-1,W4-17_methanol"
HAT707_294,HAT707nonMR,0.011250826,"1,W4-17_o,1,W4-17_acetaldehyde,-1,W4-17_o2,-1,W4-17_c2h4"
HAT707_295,HAT707nonMR,-0.065385464,"1,W4-17_o,1,W4-17_f2co,-1,W4-17_o2,-1,W4-17_cf2"
HAT707_298,HAT707nonMR,-0.100540311,"1,W4-17_o,1,W4-17_h2co,-1,W4-17_o2,-1,W4-17_ch2-trip"
HAT707_299,HAT707nonMR,0.1881087059,"1,W4-17_o,1,W4-17_h2co,-1,W4-17_co,-1,W4-17_h2o"
HAT707_300,HAT707nonMR,-0.11853207,"1,W4-17_o,1,W4-17_hco,-1,W4-17_o2,-1,W4-17_ch"
HAT707_301,HAT707nonMR,0.028541401,"1,W4-17_o,1,W4-17_cs2,-1,W4-17_so,-1,W4-17_cs"
HAT707_302,HAT707nonMR,0.1325876341,"1,W4-17_o,1,W4-17_cs2,-1,W4-17_co,-1,W4-17_s2"
HAT707_303,HAT707nonMR,-0.068046779,"1,W4-17_o,1,W4-17_ocs,-1,W4-17_o2,-1,W4-17_cs"
HAT707_304,HAT707nonMR,0.080397189,"1,W4-17_o,1,W4-17_ocs,-1,W4-17_so,-1,W4-17_co"
HAT707_305,HAT707nonMR,-0.015282637,"1,W4-17_o,1,W4-17_co2,-1,W4-17_o2,-1,W4-17_co"
HAT707_306,HAT707nonMR,0.139456056,"1,W4-17_o,1,W4-17_cs,-1,W4-17_co,-1,W4-17_s"
HAT707_307,HAT707nonMR,-0.072907263,"1,W4-17_o,1,W4-17_cs,-1,W4-17_so,-1,W4-17_c"
HAT707_308,HAT707nonMR,-0.115105827,"1,W4-17_o,1,W4-17_sio,-1,W4-17_o2,-1,W4-17_si"
HAT707_309,HAT707nonMR,-0.221351231,"1,W4-17_o,1,W4-17_co,-1,W4-17_o2,-1,W4-17_c"
HAT707_310,HAT707nonMR,-0.121830825,"1,W4-17_o,1,W4-17_hcn,-1,W4-17_no,-1,W4-17_ch"
HAT707_311,HAT707nonMR,0.1249064755,"1,W4-17_o,1,W4-17_cn,-1,W4-17_co,-1,W4-17_n"
HAT707_312,HAT707nonMR,-0.045592935,"1,W4-17_o,1,W4-17_cn,-1,W4-17_no,-1,W4-17_c"
HAT707_313,HAT707nonMR,0.082946951,"1,W4-17_o,1,W4-17_h2s,-1,W4-17_so,-1,W4-17_h2"
HAT707_314,HAT707nonMR,-0.09110619,"1,W4-17_o,1,W4-17_alcl,-1,W4-17_clo,-1,W4-17_al"
HAT707_318,HAT707nonMR,0.1349939722,"1,W4-17_o,1,W4-17_hooh,-1,W4-17_o2,-1,W4-17_h2o"
HAT707_319,HAT707nonMR,0.078198019,"1,W4-17_o,1,W4-17_ssh,-1,W4-17_so,-1,W4-17_hs"
HAT707_320,HAT707nonMR,0.083664072,"1,W4-17_o,1,W4-17_hoo,-1,W4-17_o2,-1,W4-17_oh"
HAT707_321,HAT707nonMR,-0.00423898,"1,W4-17_o,1,W4-17_h2o,-1,W4-17_o2,-1,W4-17_h2"
HAT707_322,HAT707nonMR,0.061831733,"1,W4-17_o,1,W4-17_t-n2h2,-1,W4-17_no,-1,W4-17_nh2"
HAT707_323,HAT707nonMR,0.188395554,"1,W4-17_o,1,W4-17_propyne,-1,W4-17_co,-1,W4-17_c2h4"
HAT707_324,HAT707nonMR,0.1772562806,"1,W4-17_o,1,W4-17_propene,-1,W4-17_co,-1,W4-17_c2h6"
HAT707_326,HAT707nonMR,0.1733678932,"1,W4-17_o,1,W4-17_c2h3f,-1,W4-17_co,-1,W4-17_ch3f"
HAT707_327,HAT707nonMR,0.1849374392,"1,W4-17_o,1,W4-17_c2h4,-1,W4-17_co,-1,W4-17_ch4"
HAT707_328,HAT707nonMR,0.1936544387,"1,W4-17_o,1,W4-17_ch2ch,-1,W4-17_co,-1,W4-17_ch3"
HAT707_329,HAT707nonMR,0.2110246937,"1,W4-17_o,1,W4-17_fccf,-1,W4-17_co,-1,W4-17_cf2"
HAT707_331,HAT707nonMR,0.071632382,"1,W4-17_o,1,W4-17_c2h2,-1,W4-17_co,-1,W4-17_ch2-trip"
HAT707_332,HAT707nonMR,0.226482627,"1,W4-17_o,1,W4-17_ccl2,-1,W4-17_co,-1,W4-17_cl2"
HAT707_333,HAT707nonMR,0.063728119,"1,W4-17_o,1,W4-17_cf2,-1,W4-17_co,-1,W4-17_f2"
HAT707_335,HAT707nonMR,0.2844259728,"1,W4-17_o,1,W4-17_ch2-trip,-1,W4-17_co,-1,W4-17_h2"
HAT707_337,HAT707nonMR,0.080221893,"1,W4-17_o,1,W4-17_sif,-1,W4-17_sio,-1,W4-17_f"
HAT707_338,HAT707nonMR,-0.061592693,"1,W4-17_o,1,W4-17_clcn,-1,W4-17_clo,-1,W4-17_cn"
HAT707_340,HAT707nonMR,0.2024033102,"1,W4-17_o,1,W4-17_cf,-1,W4-17_co,-1,W4-17_f"
HAT707_342,HAT707nonMR,0.074787712,"1,W4-17_o,1,W4-17_bn3pi,-1,W4-17_no,-1,W4-17_b"
HAT707_343,HAT707nonMR,0.070357501,"1,W4-17_o,1,W4-17_s2o,-1,W4-17_so,-1,W4-17_so"
HAT707_344,HAT707nonMR,0.025959766,"1,W4-17_o,1,W4-17_s2o,-1,W4-17_o2,-1,W4-17_s2"
HAT707_345,HAT707nonMR,0.054979247,"1,W4-17_o,1,W4-17_so3,-1,W4-17_o2,-1,W4-17_so2"
HAT707_347,HAT707nonMR,-0.021242706,"1,W4-17_o,1,W4-17_so2,-1,W4-17_o2,-1,W4-17_so"
HAT707_348,HAT707nonMR,-0.008987912,"1,W4-17_o,1,W4-17_so,-1,W4-17_o2,-1,W4-17_s"
HAT707_351,HAT707nonMR,0.035393886,"1,W4-17_o,1,W4-17_s2,-1,W4-17_so,-1,W4-17_s"
HAT707_352,HAT707nonMR,0.009083528,"1,W4-17_o,1,W4-17_cl2,-1,W4-17_clo,-1,W4-17_cl"
HAT707_353,HAT707nonMR,0.004223044,"1,W4-17_o,1,W4-17_clf,-1,W4-17_clo,-1,W4-17_f"
HAT707_356,HAT707nonMR,-0.120699368,"1,W4-17_o,1,W4-17_n2,-1,W4-17_no,-1,W4-17_n"
HAT707_357,HAT707nonMR,-0.121193384,"1,W4-17_f,1,W4-17_ch3f,-1,W4-17_f2,-1,W4-17_ch3"
HAT707_369,HAT707nonMR,-0.004223044,"1,W4-17_f,1,W4-17_clo,-1,W4-17_clf,-1,W4-17_o"
HAT707_375,HAT707nonMR,-0.1531929,"1,W4-17_f,1,W4-17_hnco,-1,W4-17_cf,-1,W4-17_hno"
HAT707_381,HAT707nonMR,0.068875451,"1,W4-17_f,1,W4-17_t-hcoh,-1,W4-17_cf,-1,W4-17_h2o"
HAT707_384,HAT707nonMR,-0.159503561,"1,W4-17_f,1,W4-17_formic,-1,W4-17_cf,-1,W4-17_hooh"
HAT707_386,HAT707nonMR,-0.041561124,"1,W4-17_f,1,W4-17_ketene,-1,W4-17_cf,-1,W4-17_h2co"
HAT707_388,HAT707nonMR,-0.000764929,"1,W4-17_f,1,W4-17_glyoxal,-1,W4-17_cf,-1,W4-17_formic"
HAT707_389,HAT707nonMR,-0.050421547,"1,W4-17_f,1,W4-17_acetaldehyde,-1,W4-17_cf,-1,W4-17_methanol"
HAT707_393,HAT707nonMR,-0.135902325,"1,W4-17_f,1,W4-17_hcof,-1,W4-17_f2,-1,W4-17_hco"
HAT707_395,HAT707nonMR,-0.014278668,"1,W4-17_f,1,W4-17_h2co,-1,W4-17_cf,-1,W4-17_h2o"
HAT707_397,HAT707nonMR,-0.069815676,"1,W4-17_f,1,W4-17_cs2,-1,W4-17_cf,-1,W4-17_s2"
HAT707_399,HAT707nonMR,-0.122006121,"1,W4-17_f,1,W4-17_ocs,-1,W4-17_cf,-1,W4-17_so"
HAT707_401,HAT707nonMR,-0.217685947,"1,W4-17_f,1,W4-17_co2,-1,W4-17_cf,-1,W4-17_o2"
HAT707_402,HAT707nonMR,-0.062947254,"1,W4-17_f,1,W4-17_cs,-1,W4-17_cf,-1,W4-17_s"
HAT707_403,HAT707nonMR,-0.080221893,"1,W4-17_f,1,W4-17_sio,-1,W4-17_sif,-1,W4-17_o"
HAT707_405,HAT707nonMR,-0.20240331,"1,W4-17_f,1,W4-17_co,-1,W4-17_cf,-1,W4-17_o"
HAT707_407,HAT707nonMR,-0.077496835,"1,W4-17_f,1,W4-17_cn,-1,W4-17_cf,-1,W4-17_n"
HAT707_408,HAT707nonMR,0.065592632,"1,W4-17_f,1,W4-17_alcl,-1,W4-17_alf,-1,W4-17_cl"
HAT707_409,HAT707nonMR,-0.095329234,"1,W4-17_f,1,W4-17_alcl,-1,W4-17_clf,-1,W4-17_al"
HAT707_410,HAT707nonMR,-0.198785835,"1,W4-17_f,1,W4-17_alf,-1,W4-17_f2,-1,W4-17_al"
HAT707_415,HAT707nonMR,-0.014007756,"1,W4-17_f,1,W4-17_propyne,-1,W4-17_cf,-1,W4-17_c2h4"
HAT707_416,HAT707nonMR,-0.02514703,"1,W4-17_f,1,W4-17_propene,-1,W4-17_cf,-1,W4-17_c2h6"
HAT707_417,HAT707nonMR,-0.141463994,"1,W4-17_f,1,W4-17_c2h3f,-1,W4-17_f2,-1,W4-17_ch2ch"
HAT707_418,HAT707nonMR,-0.029019481,"1,W4-17_f,1,W4-17_c2h3f,-1,W4-17_cf,-1,W4-17_ch3f"
HAT707_419,HAT707nonMR,-0.017465871,"1,W4-17_f,1,W4-17_c2h4,-1,W4-17_cf,-1,W4-17_ch4"
HAT707_420,HAT707nonMR,-0.008748872,"1,W4-17_f,1,W4-17_ch2ch,-1,W4-17_cf,-1,W4-17_ch3"
HAT707_421,HAT707nonMR,0.008637319,"1,W4-17_f,1,W4-17_fccf,-1,W4-17_cf,-1,W4-17_cf2"
HAT707_422,HAT707nonMR,-0.1486352,"1,W4-17_f,1,W4-17_hccf,-1,W4-17_f2,-1,W4-17_cch"
HAT707_423,HAT707nonMR,-0.130770929,"1,W4-17_f,1,W4-17_c2h2,-1,W4-17_cf,-1,W4-17_ch2-trip"
HAT707_424,HAT707nonMR,0.024079317,"1,W4-17_f,1,W4-17_ccl2,-1,W4-17_cf,-1,W4-17_cl2"
HAT707_425,HAT707nonMR,-0.138675191,"1,W4-17_f,1,W4-17_cf2,-1,W4-17_f2,-1,W4-17_cf"
HAT707_426,HAT707nonMR,0.082022663,"1,W4-17_f,1,W4-17_ch2-trip,-1,W4-17_cf,-1,W4-17_h2"
HAT707_427,HAT707nonMR,-0.165208654,"1,W4-17_f,1,W4-17_sif,-1,W4-17_f2,-1,W4-17_si"
HAT707_428,HAT707nonMR,-0.065815737,"1,W4-17_f,1,W4-17_clcn,-1,W4-17_clf,-1,W4-17_cn"
HAT707_429,HAT707nonMR,-0.149288577,"1,W4-17_f,1,W4-17_cf,-1,W4-17_f2,-1,W4-17_c"
HAT707_430,HAT707nonMR,-0.228649925,"1,W4-17_f,1,W4-17_bf,-1,W4-17_f2,-1,W4-17_b"
HAT707_431,HAT707nonMR,0.1222292252,"1,W4-17_f,1,W4-17_bn3pi,-1,W4-17_bf,-1,W4-17_n"
HAT707_436,HAT707nonMR,0.004860484,"1,W4-17_f,1,W4-17_cl2,-1,W4-17_clf,-1,W4-17_cl"
HAT707_437,HAT707nonMR,-0.037863969,"1,W4-17_f,1,W4-17_clf,-1,W4-17_f2,-1,W4-17_cl"
HAT707_445,HAT707nonMR,0.1079505569,"1,W4-17_s,1,W4-17_hocl,-1,W4-17_so,-1,W4-17_hcl"
HAT707_446,HAT707nonMR,0.1744196701,"1,W4-17_s,1,W4-17_hof,-1,W4-17_so,-1,W4-17_hf"
HAT707_447,HAT707nonMR,0.097241556,"1,W4-17_s,1,W4-17_clo,-1,W4-17_so,-1,W4-17_cl"
HAT707_449,HAT707nonMR,0.081799558,"1,W4-17_s,1,W4-17_no2,-1,W4-17_so,-1,W4-17_no"
HAT707_450,HAT707nonMR,0.1340218754,"1,W4-17_s,1,W4-17_n2o,-1,W4-17_so,-1,W4-17_n2"
HAT707_451,HAT707nonMR,0.031409883,"1,W4-17_s,1,W4-17_t-hono,-1,W4-17_so,-1,W4-17_hno"
HAT707_452,HAT707nonMR,-0.090245646,"1,W4-17_s,1,W4-17_hnco,-1,W4-17_cs,-1,W4-17_hno"
HAT707_453,HAT707nonMR,0.008207047,"1,W4-17_s,1,W4-17_hnco,-1,W4-17_so,-1,W4-17_hcn"
HAT707_454,HAT707nonMR,-0.041879844,"1,W4-17_s,1,W4-17_no,-1,W4-17_so,-1,W4-17_n"
HAT707_455,HAT707nonMR,0.1209862161,"1,W4-17_s,1,W4-17_oxirene,-1,W4-17_so,-1,W4-17_c2h2"
HAT707_456,HAT707nonMR,0.062198262,"1,W4-17_s,1,W4-17_oxirane,-1,W4-17_so,-1,W4-17_c2h4"
HAT707_457,HAT707nonMR,0.053194414,"1,W4-17_s,1,W4-17_methanol,-1,W4-17_so,-1,W4-17_ch4"
HAT707_458,HAT707nonMR,0.1318227055,"1,W4-17_s,1,W4-17_t-hcoh,-1,W4-17_cs,-1,W4-17_h2o"
HAT707_459,HAT707nonMR,-0.008398279,"1,W4-17_s,1,W4-17_t-hcoh,-1,W4-17_so,-1,W4-17_ch2-trip"
HAT707_460,HAT707nonMR,-0.084397129,"1,W4-17_s,1,W4-17_formic,-1,W4-17_so,-1,W4-17_t-hcoh"
HAT707_461,HAT707nonMR,-0.096556307,"1,W4-17_s,1,W4-17_formic,-1,W4-17_cs,-1,W4-17_hooh"
HAT707_462,HAT707nonMR,-0.074994881,"1,W4-17_s,1,W4-17_ketene,-1,W4-17_so,-1,W4-17_ch2c"
HAT707_463,HAT707nonMR,0.021370194,"1,W4-17_s,1,W4-17_ketene,-1,W4-17_cs,-1,W4-17_h2co"
HAT707_464,HAT707nonMR,-0.083759688,"1,W4-17_s,1,W4-17_glyoxal,-1,W4-17_so,-1,W4-17_oxirene"
HAT707_465,HAT707nonMR,0.062182326,"1,W4-17_s,1,W4-17_glyoxal,-1,W4-17_cs,-1,W4-17_formic"
HAT707_466,HAT707nonMR,0.012525707,"1,W4-17_s,1,W4-17_acetaldehyde,-1,W4-17_cs,-1,W4-17_methanol"
HAT707_467,HAT707nonMR,0.020238737,"1,W4-17_s,1,W4-17_acetaldehyde,-1,W4-17_so,-1,W4-17_c2h4"
HAT707_468,HAT707nonMR,-0.056397553,"1,W4-17_s,1,W4-17_f2co,-1,W4-17_so,-1,W4-17_cf2"
HAT707_470,HAT707nonMR,-0.091552399,"1,W4-17_s,1,W4-17_h2co,-1,W4-17_so,-1,W4-17_ch2-trip"
HAT707_471,HAT707nonMR,0.04865265,"1,W4-17_s,1,W4-17_h2co,-1,W4-17_cs,-1,W4-17_h2o"
HAT707_472,HAT707nonMR,-0.109544158,"1,W4-17_s,1,W4-17_hco,-1,W4-17_so,-1,W4-17_ch"
HAT707_473,HAT707nonMR,-0.006868422,"1,W4-17_s,1,W4-17_cs2,-1,W4-17_cs,-1,W4-17_s2"
HAT707_474,HAT707nonMR,-0.059058867,"1,W4-17_s,1,W4-17_ocs,-1,W4-17_so,-1,W4-17_cs"
HAT707_475,HAT707nonMR,0.044987367,"1,W4-17_s,1,W4-17_ocs,-1,W4-17_s2,-1,W4-17_co"
HAT707_476,HAT707nonMR,-0.006294725,"1,W4-17_s,1,W4-17_co2,-1,W4-17_so,-1,W4-17_co"
HAT707_477,HAT707nonMR,-0.154738693,"1,W4-17_s,1,W4-17_co2,-1,W4-17_cs,-1,W4-17_o2"
HAT707_478,HAT707nonMR,-0.108317085,"1,W4-17_s,1,W4-17_cs,-1,W4-17_s2,-1,W4-17_c"
HAT707_479,HAT707nonMR,-0.106117915,"1,W4-17_s,1,W4-17_sio,-1,W4-17_so,-1,W4-17_si"
HAT707_480,HAT707nonMR,-0.139456056,"1,W4-17_s,1,W4-17_co,-1,W4-17_cs,-1,W4-17_o"
HAT707_481,HAT707nonMR,-0.212363319,"1,W4-17_s,1,W4-17_co,-1,W4-17_so,-1,W4-17_c"
HAT707_482,HAT707nonMR,-0.014549581,"1,W4-17_s,1,W4-17_cn,-1,W4-17_cs,-1,W4-17_n"
HAT707_483,HAT707nonMR,0.047537129,"1,W4-17_s,1,W4-17_h2s,-1,W4-17_s2,-1,W4-17_h2"
HAT707_486,HAT707nonMR,0.1439818839,"1,W4-17_s,1,W4-17_hooh,-1,W4-17_so,-1,W4-17_h2o"
HAT707_487,HAT707nonMR,0.004748932,"1,W4-17_s,1,W4-17_h2o,-1,W4-17_so,-1,W4-17_h2"
HAT707_488,HAT707nonMR,0.048939498,"1,W4-17_s,1,W4-17_propyne,-1,W4-17_cs,-1,W4-17_c2h4"
HAT707_489,HAT707nonMR,0.037800225,"1,W4-17_s,1,W4-17_propene,-1,W4-17_cs,-1,W4-17_c2h6"
HAT707_490,HAT707nonMR,0.033927773,"1,W4-17_s,1,W4-17_c2h3f,-1,W4-17_cs,-1,W4-17_ch3f"
HAT707_491,HAT707nonMR,0.045481383,"1,W4-17_s,1,W4-17_c2h4,-1,W4-17_cs,-1,W4-17_ch4"
HAT707_492,HAT707nonMR,0.054198383,"1,W4-17_s,1,W4-17_ch2ch,-1,W4-17_cs,-1,W4-17_ch3"
HAT707_493,HAT707nonMR,0.071568638,"1,W4-17_s,1,W4-17_fccf,-1,W4-17_cs,-1,W4-17_cf2"
HAT707_494,HAT707nonMR,-0.067823674,"1,W4-17_s,1,W4-17_c2h2,-1,W4-17_cs,-1,W4-17_ch2-trip"
HAT707_495,HAT707nonMR,0.087026571,"1,W4-17_s,1,W4-17_ccl2,-1,W4-17_cs,-1,W4-17_cl2"
HAT707_496,HAT707nonMR,-0.075727937,"1,W4-17_s,1,W4-17_cf2,-1,W4-17_cs,-1,W4-17_f2"
HAT707_497,HAT707nonMR,0.1449699168,"1,W4-17_s,1,W4-17_ch2-trip,-1,W4-17_cs,-1,W4-17_h2"
HAT707_498,HAT707nonMR,0.062947254,"1,W4-17_s,1,W4-17_cf,-1,W4-17_cs,-1,W4-17_f"
HAT707_499,HAT707nonMR,0.034963614,"1,W4-17_s,1,W4-17_s2o,-1,W4-17_s2,-1,W4-17_so"
HAT707_500,HAT707nonMR,0.063967159,"1,W4-17_s,1,W4-17_so3,-1,W4-17_so,-1,W4-17_so2"
HAT707_502,HAT707nonMR,-0.012254795,"1,W4-17_s,1,W4-17_so2,-1,W4-17_so,-1,W4-17_so"
HAT707_503,HAT707nonMR,-0.056652529,"1,W4-17_s,1,W4-17_so2,-1,W4-17_s2,-1,W4-17_o2"
HAT707_504,HAT707nonMR,-0.035393886,"1,W4-17_s,1,W4-17_so,-1,W4-17_s2,-1,W4-17_o"
HAT707_507,HAT707nonMR,0.008987912,"1,W4-17_s,1,W4-17_o2,-1,W4-17_so,-1,W4-17_o"
HAT707_508,HAT707nonMR,-0.083329416,"1,W4-17_cl,1,W4-17_ch3f,-1,W4-17_clf,-1,W4-17_ch3"
HAT707_518,HAT707nonMR,0.010709001,"1,W4-17_cl,1,W4-17_hocl,-1,W4-17_clo,-1,W4-17_hcl"
HAT707_519,HAT707nonMR,0.077178114,"1,W4-17_cl,1,W4-17_hof,-1,W4-17_clo,-1,W4-17_hf"
HAT707_520,HAT707nonMR,-0.009083528,"1,W4-17_cl,1,W4-17_clo,-1,W4-17_cl2,-1,W4-17_o"
HAT707_522,HAT707nonMR,-0.015441997,"1,W4-17_cl,1,W4-17_no2,-1,W4-17_clo,-1,W4-17_no"
HAT707_523,HAT707nonMR,0.03678032,"1,W4-17_cl,1,W4-17_n2o,-1,W4-17_clo,-1,W4-17_n2"
HAT707_524,HAT707nonMR,-0.065831673,"1,W4-17_cl,1,W4-17_t-hono,-1,W4-17_clo,-1,W4-17_hno"
HAT707_525,HAT707nonMR,-0.089034509,"1,W4-17_cl,1,W4-17_hnco,-1,W4-17_clo,-1,W4-17_hcn"
HAT707_526,HAT707nonMR,-0.1391214,"1,W4-17_cl,1,W4-17_no,-1,W4-17_clo,-1,W4-17_n"
HAT707_527,HAT707nonMR,0.02374466,"1,W4-17_cl,1,W4-17_oxirene,-1,W4-17_clo,-1,W4-17_c2h2"
HAT707_528,HAT707nonMR,-0.035027358,"1,W4-17_cl,1,W4-17_oxirane,-1,W4-17_clo,-1,W4-17_c2h4"
HAT707_529,HAT707nonMR,-0.044031206,"1,W4-17_cl,1,W4-17_methanol,-1,W4-17_clo,-1,W4-17_ch4"
HAT707_530,HAT707nonMR,-0.105639835,"1,W4-17_cl,1,W4-17_t-hcoh,-1,W4-17_clo,-1,W4-17_ch2-trip"
HAT707_531,HAT707nonMR,-0.181638684,"1,W4-17_cl,1,W4-17_formic,-1,W4-17_clo,-1,W4-17_t-hcoh"
HAT707_532,HAT707nonMR,-0.172236436,"1,W4-17_cl,1,W4-17_ketene,-1,W4-17_clo,-1,W4-17_ch2c"
HAT707_533,HAT707nonMR,-0.181001244,"1,W4-17_cl,1,W4-17_glyoxal,-1,W4-17_clo,-1,W4-17_oxirene"
HAT707_534,HAT707nonMR,-0.077002818,"1,W4-17_cl,1,W4-17_acetaldehyde,-1,W4-17_clo,-1,W4-17_c2h4"
HAT707_535,HAT707nonMR,-0.153639108,"1,W4-17_cl,1,W4-17_f2co,-1,W4-17_clo,-1,W4-17_cf2"
HAT707_536,HAT707nonMR,-0.098038356,"1,W4-17_cl,1,W4-17_hcof,-1,W4-17_clf,-1,W4-17_hco"
HAT707_537,HAT707nonMR,-0.188793955,"1,W4-17_cl,1,W4-17_h2co,-1,W4-17_clo,-1,W4-17_ch2-trip"
HAT707_538,HAT707nonMR,-0.206769778,"1,W4-17_cl,1,W4-17_hco,-1,W4-17_clo,-1,W4-17_ch"
HAT707_539,HAT707nonMR,-0.156300423,"1,W4-17_cl,1,W4-17_ocs,-1,W4-17_clo,-1,W4-17_cs"
HAT707_540,HAT707nonMR,-0.103536281,"1,W4-17_cl,1,W4-17_co2,-1,W4-17_clo,-1,W4-17_co"
HAT707_541,HAT707nonMR,-0.203359471,"1,W4-17_cl,1,W4-17_sio,-1,W4-17_clo,-1,W4-17_si"
HAT707_542,HAT707nonMR,-0.309604875,"1,W4-17_cl,1,W4-17_co,-1,W4-17_clo,-1,W4-17_c"
HAT707_543,HAT707nonMR,-0.100189718,"1,W4-17_cl,1,W4-17_alcl,-1,W4-17_cl2,-1,W4-17_al"
HAT707_544,HAT707nonMR,-0.065592632,"1,W4-17_cl,1,W4-17_alf,-1,W4-17_alcl,-1,W4-17_f"
HAT707_545,HAT707nonMR,-0.160921867,"1,W4-17_cl,1,W4-17_alf,-1,W4-17_clf,-1,W4-17_al"
HAT707_548,HAT707nonMR,0.046740328,"1,W4-17_cl,1,W4-17_hooh,-1,W4-17_clo,-1,W4-17_h2o"
HAT707_549,HAT707nonMR,-0.004589572,"1,W4-17_cl,1,W4-17_hoo,-1,W4-17_oh,-1,W4-17_clo"
HAT707_550,HAT707nonMR,-0.092476688,"1,W4-17_cl,1,W4-17_h2o,-1,W4-17_clo,-1,W4-17_h2"
HAT707_551,HAT707nonMR,-0.103600025,"1,W4-17_cl,1,W4-17_c2h3f,-1,W4-17_clf,-1,W4-17_ch2ch"
HAT707_552,HAT707nonMR,-0.110771231,"1,W4-17_cl,1,W4-17_hccf,-1,W4-17_clf,-1,W4-17_cch"
HAT707_553,HAT707nonMR,-0.100811223,"1,W4-17_cl,1,W4-17_cf2,-1,W4-17_clf,-1,W4-17_cf"
HAT707_554,HAT707nonMR,-0.127344686,"1,W4-17_cl,1,W4-17_sif,-1,W4-17_clf,-1,W4-17_si"
HAT707_555,HAT707nonMR,-0.070676221,"1,W4-17_cl,1,W4-17_clcn,-1,W4-17_cl2,-1,W4-17_cn"
HAT707_556,HAT707nonMR,-0.111424608,"1,W4-17_cl,1,W4-17_cf,-1,W4-17_clf,-1,W4-17_c"
HAT707_557,HAT707nonMR,-0.190785956,"1,W4-17_cl,1,W4-17_bf,-1,W4-17_clf,-1,W4-17_b"
HAT707_558,HAT707nonMR,-0.062277942,"1,W4-17_cl,1,W4-17_s2o,-1,W4-17_clo,-1,W4-17_s2"
HAT707_559,HAT707nonMR,-0.033274397,"1,W4-17_cl,1,W4-17_so3,-1,W4-17_clo,-1,W4-17_so2"
HAT707_560,HAT707nonMR,-0.10949635,"1,W4-17_cl,1,W4-17_so2,-1,W4-17_clo,-1,W4-17_so"
HAT707_561,HAT707nonMR,-0.097241556,"1,W4-17_cl,1,W4-17_so,-1,W4-17_clo,-1,W4-17_s"
HAT707_562,HAT707nonMR,-0.004860484,"1,W4-17_cl,1,W4-17_clf,-1,W4-17_cl2,-1,W4-17_f"
HAT707_563,HAT707nonMR,0.037863969,"1,W4-17_cl,1,W4-17_f2,-1,W4-17_clf,-1,W4-17_f"
HAT707_564,HAT707nonMR,-0.088253644,"1,W4-17_cl,1,W4-17_o2,-1,W4-17_clo,-1,W4-17_o"
HAT707_565,HAT707nonMR,-0.101416791,"1,W4-17_oh,1,W4-17_ch3f,-1,W4-17_hof,-1,W4-17_ch3"
HAT707_576,HAT707nonMR,0.015298573,"1,W4-17_oh,1,W4-17_hocl,-1,W4-17_hoo,-1,W4-17_hcl"
HAT707_577,HAT707nonMR,0.081767686,"1,W4-17_oh,1,W4-17_hof,-1,W4-17_hoo,-1,W4-17_hf"
HAT707_578,HAT707nonMR,-0.010246857,"1,W4-17_oh,1,W4-17_clo,-1,W4-17_hocl,-1,W4-17_o"
HAT707_579,HAT707nonMR,0.004589572,"1,W4-17_oh,1,W4-17_clo,-1,W4-17_hoo,-1,W4-17_cl"
HAT707_582,HAT707nonMR,-0.010852425,"1,W4-17_oh,1,W4-17_no2,-1,W4-17_hoo,-1,W4-17_no"
HAT707_583,HAT707nonMR,-0.013354379,"1,W4-17_oh,1,W4-17_no2,-1,W4-17_hno,-1,W4-17_o2"
HAT707_584,HAT707nonMR,0.041369892,"1,W4-17_oh,1,W4-17_n2o,-1,W4-17_hoo,-1,W4-17_n2"
HAT707_585,HAT707nonMR,-0.030947739,"1,W4-17_oh,1,W4-17_n2o,-1,W4-17_hno,-1,W4-17_no"
HAT707_586,HAT707nonMR,-0.061242101,"1,W4-17_oh,1,W4-17_t-hono,-1,W4-17_hoo,-1,W4-17_hno"
HAT707_587,HAT707nonMR,-0.090245646,"1,W4-17_oh,1,W4-17_hnco,-1,W4-17_hco,-1,W4-17_hno"
HAT707_588,HAT707nonMR,-0.084444937,"1,W4-17_oh,1,W4-17_hnco,-1,W4-17_hoo,-1,W4-17_hcn"
HAT707_589,HAT707nonMR,-0.08615009,"1,W4-17_oh,1,W4-17_no,-1,W4-17_hno,-1,W4-17_o"
HAT707_590,HAT707nonMR,-0.134531828,"1,W4-17_oh,1,W4-17_no,-1,W4-17_hoo,-1,W4-17_n"
HAT707_591,HAT707nonMR,0.028334232,"1,W4-17_oh,1,W4-17_oxirene,-1,W4-17_hoo,-1,W4-17_c2h2"
HAT707_592,HAT707nonMR,-0.030453722,"1,W4-17_oh,1,W4-17_oxirane,-1,W4-17_hoo,-1,W4-17_c2h4"
HAT707_593,HAT707nonMR,-0.03945757,"1,W4-17_oh,1,W4-17_methanol,-1,W4-17_hoo,-1,W4-17_ch4"
HAT707_594,HAT707nonMR,0.1318067695,"1,W4-17_oh,1,W4-17_t-hcoh,-1,W4-17_hco,-1,W4-17_h2o"
HAT707_595,HAT707nonMR,-0.101050263,"1,W4-17_oh,1,W4-17_t-hcoh,-1,W4-17_hoo,-1,W4-17_ch2-trip"
HAT707_596,HAT707nonMR,-0.177049112,"1,W4-17_oh,1,W4-17_formic,-1,W4-17_hoo,-1,W4-17_t-hcoh"
HAT707_597,HAT707nonMR,-0.096572243,"1,W4-17_oh,1,W4-17_formic,-1,W4-17_hco,-1,W4-17_hooh"
HAT707_598,HAT707nonMR,-0.167646864,"1,W4-17_oh,1,W4-17_ketene,-1,W4-17_hoo,-1,W4-17_ch2c"
HAT707_599,HAT707nonMR,0.021370194,"1,W4-17_oh,1,W4-17_ketene,-1,W4-17_hco,-1,W4-17_h2co"
HAT707_600,HAT707nonMR,-0.176411672,"1,W4-17_oh,1,W4-17_glyoxal,-1,W4-17_hoo,-1,W4-17_oxirene"
HAT707_601,HAT707nonMR,0.06216639,"1,W4-17_oh,1,W4-17_glyoxal,-1,W4-17_hco,-1,W4-17_formic"
HAT707_602,HAT707nonMR,0.012509771,"1,W4-17_oh,1,W4-17_acetaldehyde,-1,W4-17_hco,-1,W4-17_methanol"
HAT707_603,HAT707nonMR,-0.072413246,"1,W4-17_oh,1,W4-17_acetaldehyde,-1,W4-17_hoo,-1,W4-17_c2h4"
HAT707_604,HAT707nonMR,-0.149049536,"1,W4-17_oh,1,W4-17_f2co,-1,W4-17_hoo,-1,W4-17_cf2"
HAT707_606,HAT707nonMR,-0.116141668,"1,W4-17_oh,1,W4-17_hcof,-1,W4-17_hof,-1,W4-17_hco"
HAT707_607,HAT707nonMR,-0.184204383,"1,W4-17_oh,1,W4-17_h2co,-1,W4-17_hoo,-1,W4-17_ch2-trip"
HAT707_608,HAT707nonMR,0.04865265,"1,W4-17_oh,1,W4-17_h2co,-1,W4-17_hco,-1,W4-17_h2o"
HAT707_609,HAT707nonMR,-0.202196142,"1,W4-17_oh,1,W4-17_hco,-1,W4-17_hoo,-1,W4-17_ch"
HAT707_610,HAT707nonMR,-0.006868422,"1,W4-17_oh,1,W4-17_cs2,-1,W4-17_hco,-1,W4-17_s2"
HAT707_611,HAT707nonMR,-0.151710851,"1,W4-17_oh,1,W4-17_ocs,-1,W4-17_hoo,-1,W4-17_cs"
HAT707_612,HAT707nonMR,-0.059074803,"1,W4-17_oh,1,W4-17_ocs,-1,W4-17_hco,-1,W4-17_so"
HAT707_613,HAT707nonMR,-0.098946709,"1,W4-17_oh,1,W4-17_co2,-1,W4-17_hoo,-1,W4-17_co"
HAT707_614,HAT707nonMR,-0.154738693,"1,W4-17_oh,1,W4-17_co2,-1,W4-17_hco,-1,W4-17_o2"
HAT707_615,HAT707nonMR,0,"1,W4-17_oh,1,W4-17_cs,-1,W4-17_hco,-1,W4-17_s"
HAT707_616,HAT707nonMR,-0.198769899,"1,W4-17_oh,1,W4-17_sio,-1,W4-17_hoo,-1,W4-17_si"
HAT707_617,HAT707nonMR,-0.139456056,"1,W4-17_oh,1,W4-17_co,-1,W4-17_hco,-1,W4-17_o"
HAT707_618,HAT707nonMR,-0.305015303,"1,W4-17_oh,1,W4-17_co,-1,W4-17_hoo,-1,W4-17_c"
HAT707_619,HAT707nonMR,-0.207980915,"1,W4-17_oh,1,W4-17_hcn,-1,W4-17_hno,-1,W4-17_ch"
HAT707_620,HAT707nonMR,-0.014565517,"1,W4-17_oh,1,W4-17_cn,-1,W4-17_hco,-1,W4-17_n"
HAT707_621,HAT707nonMR,-0.131743025,"1,W4-17_oh,1,W4-17_cn,-1,W4-17_hno,-1,W4-17_c"
HAT707_622,HAT707nonMR,-0.101353047,"1,W4-17_oh,1,W4-17_alcl,-1,W4-17_hocl,-1,W4-17_al"
HAT707_623,HAT707nonMR,-0.179025178,"1,W4-17_oh,1,W4-17_alf,-1,W4-17_hof,-1,W4-17_al"
HAT707_626,HAT707nonMR,0.0513299,"1,W4-17_oh,1,W4-17_hooh,-1,W4-17_hoo,-1,W4-17_h2o"
HAT707_627,HAT707nonMR,-0.087903052,"1,W4-17_oh,1,W4-17_h2o,-1,W4-17_hoo,-1,W4-17_h2"
HAT707_628,HAT707nonMR,-0.024318357,"1,W4-17_oh,1,W4-17_t-n2h2,-1,W4-17_hno,-1,W4-17_nh2"
HAT707_629,HAT707nonMR,0.048923562,"1,W4-17_oh,1,W4-17_propyne,-1,W4-17_hco,-1,W4-17_c2h4"
HAT707_630,HAT707nonMR,0.037800225,"1,W4-17_oh,1,W4-17_propene,-1,W4-17_hco,-1,W4-17_c2h6"
HAT707_631,HAT707nonMR,-0.121703337,"1,W4-17_oh,1,W4-17_c2h3f,-1,W4-17_hof,-1,W4-17_ch2ch"
HAT707_632,HAT707nonMR,0.033911837,"1,W4-17_oh,1,W4-17_c2h3f,-1,W4-17_hco,-1,W4-17_ch3f"
HAT707_633,HAT707nonMR,0.045481383,"1,W4-17_oh,1,W4-17_c2h4,-1,W4-17_hco,-1,W4-17_ch4"
HAT707_634,HAT707nonMR,0.054182447,"1,W4-17_oh,1,W4-17_ch2ch,-1,W4-17_hco,-1,W4-17_ch3"
HAT707_635,HAT707nonMR,0.071568638,"1,W4-17_oh,1,W4-17_fccf,-1,W4-17_hco,-1,W4-17_cf2"
HAT707_636,HAT707nonMR,-0.128858607,"1,W4-17_oh,1,W4-17_hccf,-1,W4-17_hof,-1,W4-17_cch"
HAT707_637,HAT707nonMR,-0.06783961,"1,W4-17_oh,1,W4-17_c2h2,-1,W4-17_hco,-1,W4-17_ch2-trip"
HAT707_638,HAT707nonMR,0.087026571,"1,W4-17_oh,1,W4-17_ccl2,-1,W4-17_hco,-1,W4-17_cl2"
HAT707_639,HAT707nonMR,-0.075743873,"1,W4-17_oh,1,W4-17_cf2,-1,W4-17_hco,-1,W4-17_f2"
HAT707_640,HAT707nonMR,-0.118914534,"1,W4-17_oh,1,W4-17_cf2,-1,W4-17_hof,-1,W4-17_cf"
HAT707_641,HAT707nonMR,0.1449539808,"1,W4-17_oh,1,W4-17_ch2-trip,-1,W4-17_hco,-1,W4-17_h2"
HAT707_642,HAT707nonMR,-0.145432061,"1,W4-17_oh,1,W4-17_sif,-1,W4-17_hof,-1,W4-17_si"
HAT707_643,HAT707nonMR,-0.071823614,"1,W4-17_oh,1,W4-17_clcn,-1,W4-17_hocl,-1,W4-17_cn"
HAT707_644,HAT707nonMR,-0.129527919,"1,W4-17_oh,1,W4-17_cf,-1,W4-17_hof,-1,W4-17_c"
HAT707_645,HAT707nonMR,0.062931318,"1,W4-17_oh,1,W4-17_cf,-1,W4-17_hco,-1,W4-17_f"
HAT707_646,HAT707nonMR,-0.208873332,"1,W4-17_oh,1,W4-17_bf,-1,W4-17_hof,-1,W4-17_b"
HAT707_647,HAT707nonMR,-0.011362378,"1,W4-17_oh,1,W4-17_bn3pi,-1,W4-17_hno,-1,W4-17_b"
HAT707_648,HAT707nonMR,-0.05768837,"1,W4-17_oh,1,W4-17_s2o,-1,W4-17_hoo,-1,W4-17_s2"
HAT707_649,HAT707nonMR,-0.028684825,"1,W4-17_oh,1,W4-17_so3,-1,W4-17_hoo,-1,W4-17_so2"
HAT707_650,HAT707nonMR,-0.104906778,"1,W4-17_oh,1,W4-17_so2,-1,W4-17_hoo,-1,W4-17_so"
HAT707_651,HAT707nonMR,-0.092651984,"1,W4-17_oh,1,W4-17_so,-1,W4-17_hoo,-1,W4-17_s"
HAT707_652,HAT707nonMR,-0.001163329,"1,W4-17_oh,1,W4-17_cl2,-1,W4-17_hocl,-1,W4-17_cl"
HAT707_653,HAT707nonMR,-0.006023813,"1,W4-17_oh,1,W4-17_clf,-1,W4-17_hocl,-1,W4-17_f"
HAT707_654,HAT707nonMR,-0.018087376,"1,W4-17_oh,1,W4-17_clf,-1,W4-17_hof,-1,W4-17_cl"
HAT707_655,HAT707nonMR,0.019760657,"1,W4-17_oh,1,W4-17_f2,-1,W4-17_hof,-1,W4-17_f"
HAT707_656,HAT707nonMR,-0.083664072,"1,W4-17_oh,1,W4-17_o2,-1,W4-17_hoo,-1,W4-17_o"
HAT707_657,HAT707nonMR,-0.206849458,"1,W4-17_oh,1,W4-17_n2,-1,W4-17_hno,-1,W4-17_n"
HB262_1,HB262,-0.01722683154,"1,HB375x10_1.001_OH-O__aceticacid--acetaldehyde_100,-1,HB375x10_1.001_OH-O__aceticacid--acetaldehyde_monA,-1,HB375x10_1.001_OH-O__aceticacid--acetaldehyde_monB"
HB262_2,HB262,-0.03079634778,"1,HB375x10_1.002_OH-O__aceticacid--acetamide_100,-1,HB375x10_1.002_OH-O__aceticacid--acetamide_monA,-1,HB375x10_1.002_OH-O__aceticacid--acetamide_monB"
HB262_3,HB262,-0.01686827122,"1,HB375x10_1.003_OH-O__aceticacid--acetone_100,-1,HB375x10_1.003_OH-O__aceticacid--acetone_monA,-1,HB375x10_1.003_OH-O__aceticacid--acetone_monB"
HB262_4,HB262,-0.01947062237,"1,HB375x10_1.004_OH-O__aceticacid--dimethylcarbonate_100,-1,HB375x10_1.004_OH-O__aceticacid--dimethylcarbonate_monA,-1,HB375x10_1.004_OH-O__aceticacid--dimethylcarbonate_monB"
HB262_5,HB262,-0.01718858511,"1,HB375x10_1.005_OH-O__aceticacid--dimethylether_100,-1,HB375x10_1.005_OH-O__aceticacid--dimethylether_monA,-1,HB375x10_1.005_OH-O__aceticacid--dimethylether_monB"
HB262_6,HB262,-0.01402687985,"1,HB375x10_1.006_OH-O__aceticacid--dimethylperoxide_100,-1,HB375x10_1.006_OH-O__aceticacid--dimethylperoxide_monA,-1,HB375x10_1.006_OH-O__aceticacid--dimethylperoxide_monB"
HB262_7,HB262,-0.01133050622,"1,HB375x10_1.007_OH-O__aceticacid--furan_100,-1,HB375x10_1.007_OH-O__aceticacid--furan_monA,-1,HB375x10_1.007_OH-O__aceticacid--furan_monB"
HB262_8,HB262,-0.01914552767,"1,HB375x10_1.008_OH-O__aceticacid--methanol_100,-1,HB375x10_1.008_OH-O__aceticacid--methanol_monA,-1,HB375x10_1.008_OH-O__aceticacid--methanol_monB"
HB262_9,HB262,-0.01734635165,"1,HB375x10_1.009_OH-O__aceticacid--methylacetate_100,-1,HB375x10_1.009_OH-O__aceticacid--methylacetate_monA,-1,HB375x10_1.009_OH-O__aceticacid--methylacetate_monB"
HB262_10,HB262,-0.01004446986,"1,HB375x10_1.010_OH-O__aceticacid--methylcyanate_100,-1,HB375x10_1.010_OH-O__aceticacid--methylcyanate_monA,-1,HB375x10_1.010_OH-O__aceticacid--methylcyanate_monB"
HB262_11,HB262,-0.0145208963,"1,HB375x10_1.011_OH-O__aceticacid--nitromethane_100,-1,HB375x10_1.011_OH-O__aceticacid--nitromethane_monA,-1,HB375x10_1.011_OH-O__aceticacid--nitromethane_monB"
HB262_12,HB262,-0.01058629435,"1,HB375x10_1.012_OH-O__aceticacid--nitrosomethane_100,-1,HB375x10_1.012_OH-O__aceticacid--nitrosomethane_monA,-1,HB375x10_1.012_OH-O__aceticacid--nitrosomethane_monB"
HB262_13,HB262,-0.02146581137,"1,HB375x10_1.013_OH-O__aceticacid--Nmethylacetamide_100,-1,HB375x10_1.013_OH-O__aceticacid--Nmethylacetamide_monA,-1,HB375x10_1.013_OH-O__aceticacid--Nmethylacetamide_monB"
HB262_14,HB262,-0.01777662404,"1,HB375x10_1.014_OH-O__aceticacid--water_100,-1,HB375x10_1.014_OH-O__aceticacid--water_monA,-1,HB375x10_1.014_OH-O__aceticacid--water_monB"
HB262_15,HB262,-0.01045243183,"1,HB375x10_1.015_OH-O__methanol--acetaldehyde_100,-1,HB375x10_1.015_OH-O__methanol--acetaldehyde_monA,-1,HB375x10_1.015_OH-O__methanol--acetaldehyde_monB"
HB262_16,HB262,-0.01273765629,"1,HB375x10_1.016_OH-O__methanol--acetamide_100,-1,HB375x10_1.016_OH-O__methanol--acetamide_monA,-1,HB375x10_1.016_OH-O__methanol--acetamide_monB"
HB262_17,HB262,-0.01066278722,"1,HB375x10_1.017_OH-O__methanol--aceticacid_100,-1,HB375x10_1.017_OH-O__methanol--aceticacid_monA,-1,HB375x10_1.017_OH-O__methanol--aceticacid_monB"
HB262_18,HB262,-0.01117592688,"1,HB375x10_1.018_OH-O__methanol--acetone_100,-1,HB375x10_1.018_OH-O__methanol--acetone_monA,-1,HB375x10_1.018_OH-O__methanol--acetone_monB"
HB262_19,HB262,-0.01172253218,"1,HB375x10_1.019_OH-O__methanol--dimethylcarbonate_100,-1,HB375x10_1.019_OH-O__methanol--dimethylcarbonate_monA,-1,HB375x10_1.019_OH-O__methanol--dimethylcarbonate_monB"
HB262_20,HB262,-0.009654037509,"1,HB375x10_1.020_OH-O__methanol--dimethylether_100,-1,HB375x10_1.020_OH-O__methanol--dimethylether_monA,-1,HB375x10_1.020_OH-O__methanol--dimethylether_monB"
HB262_21,HB262,-0.009301851592,"1,HB375x10_1.021_OH-O__methanol--dimethylperoxide_100,-1,HB375x10_1.021_OH-O__methanol--dimethylperoxide_monA,-1,HB375x10_1.021_OH-O__methanol--dimethylperoxide_monB"
HB262_22,HB262,-0.006409464982,"1,HB375x10_1.022_OH-O__methanol--furan_100,-1,HB375x10_1.022_OH-O__methanol--furan_monA,-1,HB375x10_1.022_OH-O__methanol--furan_monB"
HB262_23,HB262,-0.00935603404,"1,HB375x10_1.023_OH-O__methanol--methanol_100,-1,HB375x10_1.023_OH-O__methanol--methanol_monA,-1,HB375x10_1.023_OH-O__methanol--methanol_monB"
HB262_24,HB262,-0.01114086765,"1,HB375x10_1.024_OH-O__methanol--methylacetate_100,-1,HB375x10_1.024_OH-O__methanol--methylacetate_monA,-1,HB375x10_1.024_OH-O__methanol--methylacetate_monB"
HB262_25,HB262,-0.009822959262,"1,HB375x10_1.025_OH-O__methanol--nitromethane_100,-1,HB375x10_1.025_OH-O__methanol--nitromethane_monA,-1,HB375x10_1.025_OH-O__methanol--nitromethane_monB"
HB262_26,HB262,-0.00733853462,"1,HB375x10_1.026_OH-O__methanol--nitrosomethane_100,-1,HB375x10_1.026_OH-O__methanol--nitrosomethane_monA,-1,HB375x10_1.026_OH-O__methanol--nitrosomethane_monB"
HB262_27,HB262,-0.01376871642,"1,HB375x10_1.027_OH-O__methanol--Nmethylacetamide_100,-1,HB375x10_1.027_OH-O__methanol--Nmethylacetamide_monA,-1,HB375x10_1.027_OH-O__methanol--Nmethylacetamide_monB"
HB262_28,HB262,-0.008463617235,"1,HB375x10_1.028_OH-O__methanol--phenol_100,-1,HB375x10_1.028_OH-O__methanol--phenol_monA,-1,HB375x10_1.028_OH-O__methanol--phenol_monB"
HB262_29,HB262,-0.008097088905,"1,HB375x10_1.029_OH-O__methanol--water_100,-1,HB375x10_1.029_OH-O__methanol--water_monA,-1,HB375x10_1.029_OH-O__methanol--water_monB"
HB262_30,HB262,-0.01353445701,"1,HB375x10_1.030_OH-O__phenol--acetaldehyde_100,-1,HB375x10_1.030_OH-O__phenol--acetaldehyde_monA,-1,HB375x10_1.030_OH-O__phenol--acetaldehyde_monB"
HB262_31,HB262,-0.02040766001,"1,HB375x10_1.031_OH-O__phenol--acetamide_100,-1,HB375x10_1.031_OH-O__phenol--acetamide_monA,-1,HB375x10_1.031_OH-O__phenol--acetamide_monB"
HB262_32,HB262,-0.01534478824,"1,HB375x10_1.032_OH-O__phenol--acetone_100,-1,HB375x10_1.032_OH-O__phenol--acetone_monA,-1,HB375x10_1.032_OH-O__phenol--acetone_monB"
HB262_33,HB262,-0.01621489463,"1,HB375x10_1.033_OH-O__phenol--dimethylcarbonate_100,-1,HB375x10_1.033_OH-O__phenol--dimethylcarbonate_monA,-1,HB375x10_1.033_OH-O__phenol--dimethylcarbonate_monB"
HB262_34,HB262,-0.01414639996,"1,HB375x10_1.034_OH-O__phenol--dimethylether_100,-1,HB375x10_1.034_OH-O__phenol--dimethylether_monA,-1,HB375x10_1.034_OH-O__phenol--dimethylether_monB"
HB262_35,HB262,-0.01301016214,"1,HB375x10_1.035_OH-O__phenol--dimethylperoxide_100,-1,HB375x10_1.035_OH-O__phenol--dimethylperoxide_monA,-1,HB375x10_1.035_OH-O__phenol--dimethylperoxide_monB"
HB262_36,HB262,-0.009327349215,"1,HB375x10_1.036_OH-O__phenol--furan_100,-1,HB375x10_1.036_OH-O__phenol--furan_monA,-1,HB375x10_1.036_OH-O__phenol--furan_monB"
HB262_37,HB262,-0.01337190966,"1,HB375x10_1.037_OH-O__phenol--methanol_100,-1,HB375x10_1.037_OH-O__phenol--methanol_monA,-1,HB375x10_1.037_OH-O__phenol--methanol_monB"
HB262_38,HB262,-0.01490336064,"1,HB375x10_1.038_OH-O__phenol--methylacetate_100,-1,HB375x10_1.038_OH-O__phenol--methylacetate_monA,-1,HB375x10_1.038_OH-O__phenol--methylacetate_monB"
HB262_39,HB262,-0.01245877604,"1,HB375x10_1.039_OH-O__phenol--nitromethane_100,-1,HB375x10_1.039_OH-O__phenol--nitromethane_monA,-1,HB375x10_1.039_OH-O__phenol--nitromethane_monB"
HB262_40,HB262,-0.009234920331,"1,HB375x10_1.040_OH-O__phenol--nitrosomethane_100,-1,HB375x10_1.040_OH-O__phenol--nitrosomethane_monA,-1,HB375x10_1.040_OH-O__phenol--nitrosomethane_monB"
HB262_41,HB262,-0.01894632749,"1,HB375x10_1.041_OH-O__phenol--Nmethylacetamide_100,-1,HB375x10_1.041_OH-O__phenol--Nmethylacetamide_monA,-1,HB375x10_1.041_OH-O__phenol--Nmethylacetamide_monB"
HB262_42,HB262,-0.01148030476,"1,HB375x10_1.042_OH-O__phenol--phenol_100,-1,HB375x10_1.042_OH-O__phenol--phenol_monA,-1,HB375x10_1.042_OH-O__phenol--phenol_monB"
HB262_43,HB262,-0.01113449324,"1,HB375x10_1.043_OH-O__phenol--water_100,-1,HB375x10_1.043_OH-O__phenol--water_monA,-1,HB375x10_1.043_OH-O__phenol--water_monB"
HB262_44,HB262,-0.01016080277,"1,HB375x10_1.044_OH-O__water--acetaldehyde_100,-1,HB375x10_1.044_OH-O__water--acetaldehyde_monA,-1,HB375x10_1.044_OH-O__water--acetaldehyde_monB"
HB262_45,HB262,-0.01281892996,"1,HB375x10_1.045_OH-O__water--acetamide_100,-1,HB375x10_1.045_OH-O__water--acetamide_monA,-1,HB375x10_1.045_OH-O__water--acetamide_monB"
HB262_46,HB262,-0.0104173726,"1,HB375x10_1.046_OH-O__water--aceticacid_100,-1,HB375x10_1.046_OH-O__water--aceticacid_monA,-1,HB375x10_1.046_OH-O__water--aceticacid_monB"
HB262_47,HB262,-0.01090023383,"1,HB375x10_1.047_OH-O__water--acetone_100,-1,HB375x10_1.047_OH-O__water--acetone_monA,-1,HB375x10_1.047_OH-O__water--acetone_monB"
HB262_48,HB262,-0.01139584388,"1,HB375x10_1.048_OH-O__water--dimethylcarbonate_100,-1,HB375x10_1.048_OH-O__water--dimethylcarbonate_monA,-1,HB375x10_1.048_OH-O__water--dimethylcarbonate_monB"
HB262_49,HB262,-0.009639695096,"1,HB375x10_1.049_OH-O__water--dimethylether_100,-1,HB375x10_1.049_OH-O__water--dimethylether_monA,-1,HB375x10_1.049_OH-O__water--dimethylether_monB"
HB262_50,HB262,-0.00832497391,"1,HB375x10_1.050_OH-O__water--dimethylperoxide_100,-1,HB375x10_1.050_OH-O__water--dimethylperoxide_monA,-1,HB375x10_1.050_OH-O__water--dimethylperoxide_monB"
HB262_51,HB262,-0.005856485283,"1,HB375x10_1.051_OH-O__water--furan_100,-1,HB375x10_1.051_OH-O__water--furan_monA,-1,HB375x10_1.051_OH-O__water--furan_monB"
HB262_52,HB262,-0.009180737882,"1,HB375x10_1.052_OH-O__water--methanol_100,-1,HB375x10_1.052_OH-O__water--methanol_monA,-1,HB375x10_1.052_OH-O__water--methanol_monB"
HB262_53,HB262,-0.01077274572,"1,HB375x10_1.053_OH-O__water--methylacetate_100,-1,HB375x10_1.053_OH-O__water--methylacetate_monA,-1,HB375x10_1.053_OH-O__water--methylacetate_monB"
HB262_54,HB262,-0.009448462924,"1,HB375x10_1.054_OH-O__water--nitromethane_100,-1,HB375x10_1.054_OH-O__water--nitromethane_monA,-1,HB375x10_1.054_OH-O__water--nitromethane_monB"
HB262_55,HB262,-0.007030969543,"1,HB375x10_1.055_OH-O__water--nitrosomethane_100,-1,HB375x10_1.055_OH-O__water--nitrosomethane_monA,-1,HB375x10_1.055_OH-O__water--nitrosomethane_monB"
HB262_56,HB262,-0.01326035756,"1,HB375x10_1.056_OH-O__water--Nmethylacetamide_100,-1,HB375x10_1.056_OH-O__water--Nmethylacetamide_monA,-1,HB375x10_1.056_OH-O__water--Nmethylacetamide_monB"
HB262_57,HB262,-0.007512237177,"1,HB375x10_1.057_OH-O__water--phenol_100,-1,HB375x10_1.057_OH-O__water--phenol_monA,-1,HB375x10_1.057_OH-O__water--phenol_monB"
HB262_58,HB262,-0.008028564043,"1,HB375x10_1.058_OH-O__water--water_100,-1,HB375x10_1.058_OH-O__water--water_monA,-1,HB375x10_1.058_OH-O__water--water_monB"
HB262_59,HB262,-0.0326975143,"1,HB375x10_1.059_OH-Ox2__aceticacid--aceticacid_100,-1,HB375x10_1.059_OH-Ox2__aceticacid--aceticacid_monA,-1,HB375x10_1.059_OH-Ox2__aceticacid--aceticacid_monB"
HB262_60,HB262,-0.0186180456,"1,HB375x10_1.060_OH-Ox2__phenol--aceticacid_100,-1,HB375x10_1.060_OH-Ox2__phenol--aceticacid_monA,-1,HB375x10_1.060_OH-Ox2__phenol--aceticacid_monB"
HB262_61,HB262,-0.009861205696,"1,HB375x10_2.001_NH-O__1Hpyrrole--acetaldehyde_100,-1,HB375x10_2.001_NH-O__1Hpyrrole--acetaldehyde_monA,-1,HB375x10_2.001_NH-O__1Hpyrrole--acetaldehyde_monB"
HB262_62,HB262,-0.01542606192,"1,HB375x10_2.002_NH-O__1Hpyrrole--acetamide_100,-1,HB375x10_2.002_NH-O__1Hpyrrole--acetamide_monA,-1,HB375x10_2.002_NH-O__1Hpyrrole--acetamide_monB"
HB262_63,HB262,-0.01067075523,"1,HB375x10_2.003_NH-O__1Hpyrrole--aceticacid_100,-1,HB375x10_2.003_NH-O__1Hpyrrole--aceticacid_monA,-1,HB375x10_2.003_NH-O__1Hpyrrole--aceticacid_monB"
HB262_64,HB262,-0.01094166747,"1,HB375x10_2.004_NH-O__1Hpyrrole--acetone_100,-1,HB375x10_2.004_NH-O__1Hpyrrole--acetone_monA,-1,HB375x10_2.004_NH-O__1Hpyrrole--acetone_monB"
HB262_65,HB262,-0.0119727276,"1,HB375x10_2.005_NH-O__1Hpyrrole--dimethylcarbonate_100,-1,HB375x10_2.005_NH-O__1Hpyrrole--dimethylcarbonate_monA,-1,HB375x10_2.005_NH-O__1Hpyrrole--dimethylcarbonate_monB"
HB262_66,HB262,-0.01052255029,"1,HB375x10_2.006_NH-O__1Hpyrrole--dimethylether_100,-1,HB375x10_2.006_NH-O__1Hpyrrole--dimethylether_monA,-1,HB375x10_2.006_NH-O__1Hpyrrole--dimethylether_monB"
HB262_67,HB262,-0.0101974556,"1,HB375x10_2.007_NH-O__1Hpyrrole--dimethylperoxide_100,-1,HB375x10_2.007_NH-O__1Hpyrrole--dimethylperoxide_monA,-1,HB375x10_2.007_NH-O__1Hpyrrole--dimethylperoxide_monB"
HB262_68,HB262,-0.009979132203,"1,HB375x10_2.008_NH-O__1Hpyrrole--methanol_100,-1,HB375x10_2.008_NH-O__1Hpyrrole--methanol_monA,-1,HB375x10_2.008_NH-O__1Hpyrrole--methanol_monB"
HB262_69,HB262,-0.01126357496,"1,HB375x10_2.009_NH-O__1Hpyrrole--methylacetate_100,-1,HB375x10_2.009_NH-O__1Hpyrrole--methylacetate_monA,-1,HB375x10_2.009_NH-O__1Hpyrrole--methylacetate_monB"
HB262_70,HB262,-0.008253261846,"1,HB375x10_2.010_NH-O__1Hpyrrole--nitromethane_100,-1,HB375x10_2.010_NH-O__1Hpyrrole--nitromethane_monA,-1,HB375x10_2.010_NH-O__1Hpyrrole--nitromethane_monB"
HB262_71,HB262,-0.01442368661,"1,HB375x10_2.011_NH-O__1Hpyrrole--Nmethylacetamide_100,-1,HB375x10_2.011_NH-O__1Hpyrrole--Nmethylacetamide_monA,-1,HB375x10_2.011_NH-O__1Hpyrrole--Nmethylacetamide_monB"
HB262_72,HB262,-0.008729748675,"1,HB375x10_2.012_NH-O__1Hpyrrole--phenol_100,-1,HB375x10_2.012_NH-O__1Hpyrrole--phenol_monA,-1,HB375x10_2.012_NH-O__1Hpyrrole--phenol_monB"
HB262_73,HB262,-0.008476366047,"1,HB375x10_2.013_NH-O__1Hpyrrole--water_100,-1,HB375x10_2.013_NH-O__1Hpyrrole--water_monA,-1,HB375x10_2.013_NH-O__1Hpyrrole--water_monB"
HB262_74,HB262,-0.006425400997,"1,HB375x10_2.014_NH-O__ammonia--acetaldehyde_100,-1,HB375x10_2.014_NH-O__ammonia--acetaldehyde_monA,-1,HB375x10_2.014_NH-O__ammonia--acetaldehyde_monB"
HB262_75,HB262,-0.007924979949,"1,HB375x10_2.015_NH-O__ammonia--acetamide_100,-1,HB375x10_2.015_NH-O__ammonia--acetamide_monA,-1,HB375x10_2.015_NH-O__ammonia--acetamide_monB"
HB262_76,HB262,-0.006847705378,"1,HB375x10_2.016_NH-O__ammonia--aceticacid_100,-1,HB375x10_2.016_NH-O__ammonia--aceticacid_monA,-1,HB375x10_2.016_NH-O__ammonia--aceticacid_monB"
HB262_77,HB262,-0.006691532437,"1,HB375x10_2.017_NH-O__ammonia--acetone_100,-1,HB375x10_2.017_NH-O__ammonia--acetone_monA,-1,HB375x10_2.017_NH-O__ammonia--acetone_monB"
HB262_78,HB262,-0.007432557105,"1,HB375x10_2.018_NH-O__ammonia--dimethylcarbonate_100,-1,HB375x10_2.018_NH-O__ammonia--dimethylcarbonate_monA,-1,HB375x10_2.018_NH-O__ammonia--dimethylcarbonate_monB"
HB262_79,HB262,-0.005642942691,"1,HB375x10_2.019_NH-O__ammonia--dimethylether_100,-1,HB375x10_2.019_NH-O__ammonia--dimethylether_monA,-1,HB375x10_2.019_NH-O__ammonia--dimethylether_monB"
HB262_80,HB262,-0.005273227157,"1,HB375x10_2.020_NH-O__ammonia--dimethylperoxide_100,-1,HB375x10_2.020_NH-O__ammonia--dimethylperoxide_monA,-1,HB375x10_2.020_NH-O__ammonia--dimethylperoxide_monB"
HB262_81,HB262,-0.004956100471,"1,HB375x10_2.021_NH-O__ammonia--furan_100,-1,HB375x10_2.021_NH-O__ammonia--furan_monA,-1,HB375x10_2.021_NH-O__ammonia--furan_monB"
HB262_82,HB262,-0.006632569183,"1,HB375x10_2.022_NH-O__ammonia--methylacetate_100,-1,HB375x10_2.022_NH-O__ammonia--methylacetate_monA,-1,HB375x10_2.022_NH-O__ammonia--methylacetate_monB"
HB262_83,HB262,-0.004819050747,"1,HB375x10_2.023_NH-O__ammonia--nitrosomethane_100,-1,HB375x10_2.023_NH-O__ammonia--nitrosomethane_monA,-1,HB375x10_2.023_NH-O__ammonia--nitrosomethane_monB"
HB262_84,HB262,-0.007937728761,"1,HB375x10_2.024_NH-O__ammonia--Nmethylacetamide_100,-1,HB375x10_2.024_NH-O__ammonia--Nmethylacetamide_monA,-1,HB375x10_2.024_NH-O__ammonia--Nmethylacetamide_monB"
HB262_85,HB262,-0.005262071947,"1,HB375x10_2.025_NH-O__ammonia--phenol_100,-1,HB375x10_2.025_NH-O__ammonia--phenol_monA,-1,HB375x10_2.025_NH-O__ammonia--phenol_monB"
HB262_86,HB262,-0.009313006802,"1,HB375x10_2.026_NH-O__aniline--acetaldehyde_100,-1,HB375x10_2.026_NH-O__aniline--acetaldehyde_monA,-1,HB375x10_2.026_NH-O__aniline--acetaldehyde_monB"
HB262_87,HB262,-0.01452886431,"1,HB375x10_2.027_NH-O__aniline--acetamide_100,-1,HB375x10_2.027_NH-O__aniline--acetamide_monA,-1,HB375x10_2.027_NH-O__aniline--acetamide_monB"
HB262_88,HB262,-0.01035044134,"1,HB375x10_2.028_NH-O__aniline--aceticacid_100,-1,HB375x10_2.028_NH-O__aniline--aceticacid_monA,-1,HB375x10_2.028_NH-O__aniline--aceticacid_monB"
HB262_89,HB262,-0.0116412585,"1,HB375x10_2.029_NH-O__aniline--acetone_100,-1,HB375x10_2.029_NH-O__aniline--acetone_monA,-1,HB375x10_2.029_NH-O__aniline--acetone_monB"
HB262_90,HB262,-0.01379262044,"1,HB375x10_2.030_NH-O__aniline--dimethylcarbonate_100,-1,HB375x10_2.030_NH-O__aniline--dimethylcarbonate_monA,-1,HB375x10_2.030_NH-O__aniline--dimethylcarbonate_monB"
HB262_91,HB262,-0.00934487883,"1,HB375x10_2.031_NH-O__aniline--dimethylether_100,-1,HB375x10_2.031_NH-O__aniline--dimethylether_monA,-1,HB375x10_2.031_NH-O__aniline--dimethylether_monB"
HB262_92,HB262,-0.008946478471,"1,HB375x10_2.032_NH-O__aniline--dimethylperoxide_100,-1,HB375x10_2.032_NH-O__aniline--dimethylperoxide_monA,-1,HB375x10_2.032_NH-O__aniline--dimethylperoxide_monB"
HB262_93,HB262,-0.008895483225,"1,HB375x10_2.033_NH-O__aniline--methanol_100,-1,HB375x10_2.033_NH-O__aniline--methanol_monA,-1,HB375x10_2.033_NH-O__aniline--methanol_monB"
HB262_94,HB262,-0.01095760349,"1,HB375x10_2.034_NH-O__aniline--methylacetate_100,-1,HB375x10_2.034_NH-O__aniline--methylacetate_monA,-1,HB375x10_2.034_NH-O__aniline--methylacetate_monB"
HB262_95,HB262,-0.01339900089,"1,HB375x10_2.035_NH-O__aniline--Nmethylacetamide_100,-1,HB375x10_2.035_NH-O__aniline--Nmethylacetamide_monA,-1,HB375x10_2.035_NH-O__aniline--Nmethylacetamide_monB"
HB262_96,HB262,-0.007209452904,"1,HB375x10_2.036_NH-O__aniline--water_100,-1,HB375x10_2.036_NH-O__aniline--water_monA,-1,HB375x10_2.036_NH-O__aniline--water_monB"
HB262_97,HB262,-0.005029406137,"1,HB375x10_2.037_NH-O__dimethylamine--acetaldehyde_100,-1,HB375x10_2.037_NH-O__dimethylamine--acetaldehyde_monA,-1,HB375x10_2.037_NH-O__dimethylamine--acetaldehyde_monB"
HB262_98,HB262,-0.007365625845,"1,HB375x10_2.038_NH-O__dimethylamine--acetamide_100,-1,HB375x10_2.038_NH-O__dimethylamine--acetamide_monA,-1,HB375x10_2.038_NH-O__dimethylamine--acetamide_monB"
HB262_99,HB262,-0.007587136445,"1,HB375x10_2.039_NH-O__dimethylamine--aceticacid_100,-1,HB375x10_2.039_NH-O__dimethylamine--aceticacid_monA,-1,HB375x10_2.039_NH-O__dimethylamine--aceticacid_monB"
HB262_100,HB262,-0.007501081967,"1,HB375x10_2.040_NH-O__dimethylamine--acetone_100,-1,HB375x10_2.040_NH-O__dimethylamine--acetone_monA,-1,HB375x10_2.040_NH-O__dimethylamine--acetone_monB"
HB262_101,HB262,-0.008508238076,"1,HB375x10_2.041_NH-O__dimethylamine--dimethylcarbonate_100,-1,HB375x10_2.041_NH-O__dimethylamine--dimethylcarbonate_monA,-1,HB375x10_2.041_NH-O__dimethylamine--dimethylcarbonate_monB"
HB262_102,HB262,-0.005845330073,"1,HB375x10_2.042_NH-O__dimethylamine--dimethylether_100,-1,HB375x10_2.042_NH-O__dimethylamine--dimethylether_monA,-1,HB375x10_2.042_NH-O__dimethylamine--dimethylether_monB"
HB262_103,HB262,-0.006885951812,"1,HB375x10_2.043_NH-O__dimethylamine--dimethylperoxide_100,-1,HB375x10_2.043_NH-O__dimethylamine--dimethylperoxide_monA,-1,HB375x10_2.043_NH-O__dimethylamine--dimethylperoxide_monB"
HB262_104,HB262,-0.005489956953,"1,HB375x10_2.044_NH-O__dimethylamine--methanol_100,-1,HB375x10_2.044_NH-O__dimethylamine--methanol_monA,-1,HB375x10_2.044_NH-O__dimethylamine--methanol_monB"
HB262_105,HB262,-0.007740122183,"1,HB375x10_2.045_NH-O__dimethylamine--methylacetate_100,-1,HB375x10_2.045_NH-O__dimethylamine--methylacetate_monA,-1,HB375x10_2.045_NH-O__dimethylamine--methylacetate_monB"
HB262_106,HB262,-0.009215797114,"1,HB375x10_2.046_NH-O__dimethylamine--Nmethylacetamide_100,-1,HB375x10_2.046_NH-O__dimethylamine--Nmethylacetamide_monA,-1,HB375x10_2.046_NH-O__dimethylamine--Nmethylacetamide_monB"
HB262_107,HB262,-0.006589541945,"1,HB375x10_2.047_NH-O__dimethylamine--phenol_100,-1,HB375x10_2.047_NH-O__dimethylamine--phenol_monA,-1,HB375x10_2.047_NH-O__dimethylamine--phenol_monB"
HB262_108,HB262,-0.006914636638,"1,HB375x10_2.048_NH-O__methylamine--acetaldehyde_100,-1,HB375x10_2.048_NH-O__methylamine--acetaldehyde_monA,-1,HB375x10_2.048_NH-O__methylamine--acetaldehyde_monB"
HB262_109,HB262,-0.008406247584,"1,HB375x10_2.049_NH-O__methylamine--acetamide_100,-1,HB375x10_2.049_NH-O__methylamine--acetamide_monA,-1,HB375x10_2.049_NH-O__methylamine--acetamide_monB"
HB262_110,HB262,-0.007352877033,"1,HB375x10_2.050_NH-O__methylamine--aceticacid_100,-1,HB375x10_2.050_NH-O__methylamine--aceticacid_monA,-1,HB375x10_2.050_NH-O__methylamine--aceticacid_monB"
HB262_111,HB262,-0.007233356925,"1,HB375x10_2.051_NH-O__methylamine--acetone_100,-1,HB375x10_2.051_NH-O__methylamine--acetone_monA,-1,HB375x10_2.051_NH-O__methylamine--acetone_monB"
HB262_112,HB262,-0.008288321077,"1,HB375x10_2.052_NH-O__methylamine--dimethylcarbonate_100,-1,HB375x10_2.052_NH-O__methylamine--dimethylcarbonate_monA,-1,HB375x10_2.052_NH-O__methylamine--dimethylcarbonate_monB"
HB262_113,HB262,-0.00581983245,"1,HB375x10_2.053_NH-O__methylamine--dimethylether_100,-1,HB375x10_2.053_NH-O__methylamine--dimethylether_monA,-1,HB375x10_2.053_NH-O__methylamine--dimethylether_monB"
HB262_114,HB262,-0.006532172293,"1,HB375x10_2.054_NH-O__methylamine--dimethylperoxide_100,-1,HB375x10_2.054_NH-O__methylamine--dimethylperoxide_monA,-1,HB375x10_2.054_NH-O__methylamine--dimethylperoxide_monB"
HB262_115,HB262,-0.007574387633,"1,HB375x10_2.055_NH-O__methylamine--methylacetate_100,-1,HB375x10_2.055_NH-O__methylamine--methylacetate_monA,-1,HB375x10_2.055_NH-O__methylamine--methylacetate_monB"
HB262_116,HB262,-0.008594292553,"1,HB375x10_2.056_NH-O__methylamine--Nmethylacetamide_100,-1,HB375x10_2.056_NH-O__methylamine--Nmethylacetamide_monA,-1,HB375x10_2.056_NH-O__methylamine--Nmethylacetamide_monB"
HB262_117,HB262,-0.01337031606,"1,HB375x10_2.057_NH-O__Nmethylacetamide--acetamide_100,-1,HB375x10_2.057_NH-O__Nmethylacetamide--acetamide_monA,-1,HB375x10_2.057_NH-O__Nmethylacetamide--acetamide_monB"
HB262_118,HB262,-0.0103121949,"1,HB375x10_2.058_NH-O__Nmethylacetamide--aceticacid_100,-1,HB375x10_2.058_NH-O__Nmethylacetamide--aceticacid_monA,-1,HB375x10_2.058_NH-O__Nmethylacetamide--aceticacid_monB"
HB262_119,HB262,-0.01160460567,"1,HB375x10_2.059_NH-O__Nmethylacetamide--dimethylcarbonate_100,-1,HB375x10_2.059_NH-O__Nmethylacetamide--dimethylcarbonate_monA,-1,HB375x10_2.059_NH-O__Nmethylacetamide--dimethylcarbonate_monB"
HB262_120,HB262,-0.01061816638,"1,HB375x10_2.060_NH-O__Nmethylacetamide--dimethylether_100,-1,HB375x10_2.060_NH-O__Nmethylacetamide--dimethylether_monA,-1,HB375x10_2.060_NH-O__Nmethylacetamide--dimethylether_monB"
HB262_121,HB262,-0.009921762551,"1,HB375x10_2.061_NH-O__Nmethylacetamide--dimethylperoxide_100,-1,HB375x10_2.061_NH-O__Nmethylacetamide--dimethylperoxide_monA,-1,HB375x10_2.061_NH-O__Nmethylacetamide--dimethylperoxide_monB"
HB262_122,HB262,-0.009979132203,"1,HB375x10_2.062_NH-O__Nmethylacetamide--methanol_100,-1,HB375x10_2.062_NH-O__Nmethylacetamide--methanol_monA,-1,HB375x10_2.062_NH-O__Nmethylacetamide--methanol_monB"
HB262_123,HB262,-0.01402528625,"1,HB375x10_2.063_NH-O__Nmethylacetamide--Nmethylacetamide_100,-1,HB375x10_2.063_NH-O__Nmethylacetamide--Nmethylacetamide_monA,-1,HB375x10_2.063_NH-O__Nmethylacetamide--Nmethylacetamide_monB"
HB262_124,HB262,-0.009411810091,"1,HB375x10_2.064_NH-O__Nmethylacetamide--phenol_100,-1,HB375x10_2.064_NH-O__Nmethylacetamide--phenol_monA,-1,HB375x10_2.064_NH-O__Nmethylacetamide--phenol_monB"
HB262_125,HB262,-0.008417402794,"1,HB375x10_2.065_NH-O__Nmethylacetamide--water_100,-1,HB375x10_2.065_NH-O__Nmethylacetamide--water_monA,-1,HB375x10_2.065_NH-O__Nmethylacetamide--water_monB"
HB262_126,HB262,-0.01442528021,"1,HB375x10_3.001_OH-N__aceticacid--acetonitrile_100,-1,HB375x10_3.001_OH-N__aceticacid--acetonitrile_monA,-1,HB375x10_3.001_OH-N__aceticacid--acetonitrile_monB"
HB262_127,HB262,-0.019292139,"1,HB375x10_3.002_OH-N__aceticacid--ammonia_100,-1,HB375x10_3.002_OH-N__aceticacid--ammonia_monA,-1,HB375x10_3.002_OH-N__aceticacid--ammonia_monB"
HB262_128,HB262,-0.01835191416,"1,HB375x10_3.003_OH-N__aceticacid--aniline_100,-1,HB375x10_3.003_OH-N__aceticacid--aniline_monA,-1,HB375x10_3.003_OH-N__aceticacid--aniline_monB"
HB262_129,HB262,-0.02322355375,"1,HB375x10_3.004_OH-N__aceticacid--dimethylamine_100,-1,HB375x10_3.004_OH-N__aceticacid--dimethylamine_monA,-1,HB375x10_3.004_OH-N__aceticacid--dimethylamine_monB"
HB262_130,HB262,-0.01617664819,"1,HB375x10_3.005_OH-N__aceticacid--dimethyldiazene_100,-1,HB375x10_3.005_OH-N__aceticacid--dimethyldiazene_monA,-1,HB375x10_3.005_OH-N__aceticacid--dimethyldiazene_monB"
HB262_131,HB262,-0.02184349491,"1,HB375x10_3.006_OH-N__aceticacid--methylamine_100,-1,HB375x10_3.006_OH-N__aceticacid--methylamine_monA,-1,HB375x10_3.006_OH-N__aceticacid--methylamine_monB"
HB262_132,HB262,-0.01253845611,"1,HB375x10_3.007_OH-N__aceticacid--methylazide_100,-1,HB375x10_3.007_OH-N__aceticacid--methylazide_monA,-1,HB375x10_3.007_OH-N__aceticacid--methylazide_monB"
HB262_133,HB262,-0.01817024359,"1,HB375x10_3.008_OH-N__aceticacid--methylcyanate_100,-1,HB375x10_3.008_OH-N__aceticacid--methylcyanate_monA,-1,HB375x10_3.008_OH-N__aceticacid--methylcyanate_monB"
HB262_134,HB262,-0.0137432188,"1,HB375x10_3.009_OH-N__aceticacid--nitrosomethane_100,-1,HB375x10_3.009_OH-N__aceticacid--nitrosomethane_monA,-1,HB375x10_3.009_OH-N__aceticacid--nitrosomethane_monB"
HB262_135,HB262,-0.02369207257,"1,HB375x10_3.010_OH-N__aceticacid--Nmethyl2propanimine_100,-1,HB375x10_3.010_OH-N__aceticacid--Nmethyl2propanimine_monA,-1,HB375x10_3.010_OH-N__aceticacid--Nmethyl2propanimine_monB"
HB262_136,HB262,-0.02181799728,"1,HB375x10_3.011_OH-N__aceticacid--pyridine_100,-1,HB375x10_3.011_OH-N__aceticacid--pyridine_monA,-1,HB375x10_3.011_OH-N__aceticacid--pyridine_monB"
HB262_137,HB262,-0.02490320967,"1,HB375x10_3.012_OH-N__aceticacid--trimethylamine_100,-1,HB375x10_3.012_OH-N__aceticacid--trimethylamine_monA,-1,HB375x10_3.012_OH-N__aceticacid--trimethylamine_monB"
HB262_138,HB262,-0.008283540273,"1,HB375x10_3.013_OH-N__methanol--acetonitrile_100,-1,HB375x10_3.013_OH-N__methanol--acetonitrile_monA,-1,HB375x10_3.013_OH-N__methanol--acetonitrile_monB"
HB262_139,HB262,-0.01092095065,"1,HB375x10_3.014_OH-N__methanol--ammonia_100,-1,HB375x10_3.014_OH-N__methanol--ammonia_monA,-1,HB375x10_3.014_OH-N__methanol--ammonia_monB"
HB262_140,HB262,-0.01046358704,"1,HB375x10_3.015_OH-N__methanol--aniline_100,-1,HB375x10_3.015_OH-N__methanol--aniline_monA,-1,HB375x10_3.015_OH-N__methanol--aniline_monB"
HB262_141,HB262,-0.0132970104,"1,HB375x10_3.016_OH-N__methanol--dimethylamine_100,-1,HB375x10_3.016_OH-N__methanol--dimethylamine_monA,-1,HB375x10_3.016_OH-N__methanol--dimethylamine_monB"
HB262_142,HB262,-0.01012096273,"1,HB375x10_3.017_OH-N__methanol--dimethyldiazene_100,-1,HB375x10_3.017_OH-N__methanol--dimethyldiazene_monA,-1,HB375x10_3.017_OH-N__methanol--dimethyldiazene_monB"
HB262_143,HB262,-0.01233925593,"1,HB375x10_3.018_OH-N__methanol--methylamine_100,-1,HB375x10_3.018_OH-N__methanol--methylamine_monA,-1,HB375x10_3.018_OH-N__methanol--methylamine_monB"
HB262_144,HB262,-0.007901075928,"1,HB375x10_3.019_OH-N__methanol--methylazide_100,-1,HB375x10_3.019_OH-N__methanol--methylazide_monA,-1,HB375x10_3.019_OH-N__methanol--methylazide_monB"
HB262_145,HB262,-0.01111218282,"1,HB375x10_3.020_OH-N__methanol--methylcyanate_100,-1,HB375x10_3.020_OH-N__methanol--methylcyanate_monA,-1,HB375x10_3.020_OH-N__methanol--methylcyanate_monB"
HB262_146,HB262,-0.01449061787,"1,HB375x10_3.021_OH-N__methanol--Nmethyl2propanimine_100,-1,HB375x10_3.021_OH-N__methanol--Nmethyl2propanimine_monA,-1,HB375x10_3.021_OH-N__methanol--Nmethyl2propanimine_monB"
HB262_147,HB262,-0.0119663532,"1,HB375x10_3.022_OH-N__methanol--pyridine_100,-1,HB375x10_3.022_OH-N__methanol--pyridine_monA,-1,HB375x10_3.022_OH-N__methanol--pyridine_monB"
HB262_148,HB262,-0.01366194512,"1,HB375x10_3.023_OH-N__methanol--trimethylamine_100,-1,HB375x10_3.023_OH-N__methanol--trimethylamine_monA,-1,HB375x10_3.023_OH-N__methanol--trimethylamine_monB"
HB262_149,HB262,-0.01162850969,"1,HB375x10_3.024_OH-N__phenol--acetonitrile_100,-1,HB375x10_3.024_OH-N__phenol--acetonitrile_monA,-1,HB375x10_3.024_OH-N__phenol--acetonitrile_monB"
HB262_150,HB262,-0.01494479428,"1,HB375x10_3.025_OH-N__phenol--ammonia_100,-1,HB375x10_3.025_OH-N__phenol--ammonia_monA,-1,HB375x10_3.025_OH-N__phenol--ammonia_monB"
HB262_151,HB262,-0.01484599099,"1,HB375x10_3.026_OH-N__phenol--aniline_100,-1,HB375x10_3.026_OH-N__phenol--aniline_monA,-1,HB375x10_3.026_OH-N__phenol--aniline_monB"
HB262_152,HB262,-0.01858776717,"1,HB375x10_3.027_OH-N__phenol--dimethylamine_100,-1,HB375x10_3.027_OH-N__phenol--dimethylamine_monA,-1,HB375x10_3.027_OH-N__phenol--dimethylamine_monB"
HB262_153,HB262,-0.01406353269,"1,HB375x10_3.028_OH-N__phenol--dimethyldiazene_100,-1,HB375x10_3.028_OH-N__phenol--dimethyldiazene_monA,-1,HB375x10_3.028_OH-N__phenol--dimethyldiazene_monB"
HB262_154,HB262,-0.01692723447,"1,HB375x10_3.029_OH-N__phenol--methylamine_100,-1,HB375x10_3.029_OH-N__phenol--methylamine_monA,-1,HB375x10_3.029_OH-N__phenol--methylamine_monB"
HB262_155,HB262,-0.01098150751,"1,HB375x10_3.030_OH-N__phenol--methylazide_100,-1,HB375x10_3.030_OH-N__phenol--methylazide_monA,-1,HB375x10_3.030_OH-N__phenol--methylazide_monB"
HB262_156,HB262,-0.01608103211,"1,HB375x10_3.031_OH-N__phenol--methylcyanate_100,-1,HB375x10_3.031_OH-N__phenol--methylcyanate_monA,-1,HB375x10_3.031_OH-N__phenol--methylcyanate_monB"
HB262_157,HB262,-0.02044112564,"1,HB375x10_3.032_OH-N__phenol--Nmethyl2propanimine_100,-1,HB375x10_3.032_OH-N__phenol--Nmethyl2propanimine_monA,-1,HB375x10_3.032_OH-N__phenol--Nmethyl2propanimine_monB"
HB262_158,HB262,-0.01708659461,"1,HB375x10_3.033_OH-N__phenol--pyridine_100,-1,HB375x10_3.033_OH-N__phenol--pyridine_monA,-1,HB375x10_3.033_OH-N__phenol--pyridine_monB"
HB262_159,HB262,-0.01937978708,"1,HB375x10_3.034_OH-N__phenol--trimethylamine_100,-1,HB375x10_3.034_OH-N__phenol--trimethylamine_monA,-1,HB375x10_3.034_OH-N__phenol--trimethylamine_monB"
HB262_160,HB262,-0.007775181414,"1,HB375x10_3.035_OH-N__water--acetonitrile_100,-1,HB375x10_3.035_OH-N__water--acetonitrile_monA,-1,HB375x10_3.035_OH-N__water--acetonitrile_monB"
HB262_161,HB262,-0.01049386547,"1,HB375x10_3.036_OH-N__water--ammonia_100,-1,HB375x10_3.036_OH-N__water--ammonia_monA,-1,HB375x10_3.036_OH-N__water--ammonia_monB"
HB262_162,HB262,-0.009204641904,"1,HB375x10_3.037_OH-N__water--aniline_100,-1,HB375x10_3.037_OH-N__water--aniline_monA,-1,HB375x10_3.037_OH-N__water--aniline_monB"
HB262_163,HB262,-0.0126356658,"1,HB375x10_3.038_OH-N__water--dimethylamine_100,-1,HB375x10_3.038_OH-N__water--dimethylamine_monA,-1,HB375x10_3.038_OH-N__water--dimethylamine_monB"
HB262_164,HB262,-0.009458024532,"1,HB375x10_3.039_OH-N__water--dimethyldiazene_100,-1,HB375x10_3.039_OH-N__water--dimethyldiazene_monA,-1,HB375x10_3.039_OH-N__water--dimethyldiazene_monB"
HB262_165,HB262,-0.01195838519,"1,HB375x10_3.040_OH-N__water--methylamine_100,-1,HB375x10_3.040_OH-N__water--methylamine_monA,-1,HB375x10_3.040_OH-N__water--methylamine_monB"
HB262_166,HB262,-0.007545702807,"1,HB375x10_3.041_OH-N__water--methylazide_100,-1,HB375x10_3.041_OH-N__water--methylazide_monA,-1,HB375x10_3.041_OH-N__water--methylazide_monB"
HB262_167,HB262,-0.01066119362,"1,HB375x10_3.042_OH-N__water--methylcyanate_100,-1,HB375x10_3.042_OH-N__water--methylcyanate_monA,-1,HB375x10_3.042_OH-N__water--methylcyanate_monB"
HB262_168,HB262,-0.01343724732,"1,HB375x10_3.043_OH-N__water--Nmethyl2propanimine_100,-1,HB375x10_3.043_OH-N__water--Nmethyl2propanimine_monA,-1,HB375x10_3.043_OH-N__water--Nmethyl2propanimine_monB"
HB262_169,HB262,-0.01129066619,"1,HB375x10_3.044_OH-N__water--pyridine_100,-1,HB375x10_3.044_OH-N__water--pyridine_monA,-1,HB375x10_3.044_OH-N__water--pyridine_monB"
HB262_170,HB262,-0.01276474752,"1,HB375x10_3.045_OH-N__water--trimethylamine_100,-1,HB375x10_3.045_OH-N__water--trimethylamine_monA,-1,HB375x10_3.045_OH-N__water--trimethylamine_monB"
HB262_171,HB262,-0.009293883584,"1,HB375x10_4.001_NH-N__1Hpyrrole--acetonitrile_100,-1,HB375x10_4.001_NH-N__1Hpyrrole--acetonitrile_monA,-1,HB375x10_4.001_NH-N__1Hpyrrole--acetonitrile_monB"
HB262_172,HB262,-0.01095122908,"1,HB375x10_4.002_NH-N__1Hpyrrole--ammonia_100,-1,HB375x10_4.002_NH-N__1Hpyrrole--ammonia_monA,-1,HB375x10_4.002_NH-N__1Hpyrrole--ammonia_monB"
HB262_173,HB262,-0.01145799434,"1,HB375x10_4.003_NH-N__1Hpyrrole--aniline_100,-1,HB375x10_4.003_NH-N__1Hpyrrole--aniline_monA,-1,HB375x10_4.003_NH-N__1Hpyrrole--aniline_monB"
HB262_174,HB262,-0.01334322484,"1,HB375x10_4.004_NH-N__1Hpyrrole--dimethylamine_100,-1,HB375x10_4.004_NH-N__1Hpyrrole--dimethylamine_monA,-1,HB375x10_4.004_NH-N__1Hpyrrole--dimethylamine_monB"
HB262_175,HB262,-0.009893077725,"1,HB375x10_4.005_NH-N__1Hpyrrole--dimethyldiazene_100,-1,HB375x10_4.005_NH-N__1Hpyrrole--dimethyldiazene_monA,-1,HB375x10_4.005_NH-N__1Hpyrrole--dimethyldiazene_monB"
HB262_176,HB262,-0.01237750237,"1,HB375x10_4.006_NH-N__1Hpyrrole--methylamine_100,-1,HB375x10_4.006_NH-N__1Hpyrrole--methylamine_monA,-1,HB375x10_4.006_NH-N__1Hpyrrole--methylamine_monB"
HB262_177,HB262,-0.01356632904,"1,HB375x10_4.007_NH-N__1Hpyrrole--methylcyanate_100,-1,HB375x10_4.007_NH-N__1Hpyrrole--methylcyanate_monA,-1,HB375x10_4.007_NH-N__1Hpyrrole--methylcyanate_monB"
HB262_178,HB262,-0.01470575407,"1,HB375x10_4.008_NH-N__1Hpyrrole--Nmethyl2propanimine_100,-1,HB375x10_4.008_NH-N__1Hpyrrole--Nmethyl2propanimine_monA,-1,HB375x10_4.008_NH-N__1Hpyrrole--Nmethyl2propanimine_monB"
HB262_179,HB262,-0.01262132339,"1,HB375x10_4.009_NH-N__1Hpyrrole--pyridine_100,-1,HB375x10_4.009_NH-N__1Hpyrrole--pyridine_monA,-1,HB375x10_4.009_NH-N__1Hpyrrole--pyridine_monB"
HB262_180,HB262,-0.01349621058,"1,HB375x10_4.010_NH-N__1Hpyrrole--trimethylamine_100,-1,HB375x10_4.010_NH-N__1Hpyrrole--trimethylamine_monA,-1,HB375x10_4.010_NH-N__1Hpyrrole--trimethylamine_monB"
HB262_181,HB262,-0.005024625333,"1,HB375x10_4.011_NH-N__ammonia--ammonia_100,-1,HB375x10_4.011_NH-N__ammonia--ammonia_monA,-1,HB375x10_4.011_NH-N__ammonia--ammonia_monB"
HB262_182,HB262,-0.006128991129,"1,HB375x10_4.012_NH-N__ammonia--dimethylamine_100,-1,HB375x10_4.012_NH-N__ammonia--dimethylamine_monA,-1,HB375x10_4.012_NH-N__ammonia--dimethylamine_monB"
HB262_183,HB262,-0.005250916737,"1,HB375x10_4.013_NH-N__ammonia--dimethyldiazene_100,-1,HB375x10_4.013_NH-N__ammonia--dimethyldiazene_monA,-1,HB375x10_4.013_NH-N__ammonia--dimethyldiazene_monB"
HB262_184,HB262,-0.006090744695,"1,HB375x10_4.014_NH-N__ammonia--methylamine_100,-1,HB375x10_4.014_NH-N__ammonia--methylamine_monA,-1,HB375x10_4.014_NH-N__ammonia--methylamine_monB"
HB262_185,HB262,-0.00732737941,"1,HB375x10_4.015_NH-N__ammonia--Nmethyl2propanimine_100,-1,HB375x10_4.015_NH-N__ammonia--Nmethyl2propanimine_monA,-1,HB375x10_4.015_NH-N__ammonia--Nmethyl2propanimine_monB"
HB262_186,HB262,-0.006941727862,"1,HB375x10_4.016_NH-N__ammonia--pyridine_100,-1,HB375x10_4.016_NH-N__ammonia--pyridine_monA,-1,HB375x10_4.016_NH-N__ammonia--pyridine_monB"
HB262_187,HB262,-0.006892326218,"1,HB375x10_4.017_NH-N__ammonia--trimethylamine_100,-1,HB375x10_4.017_NH-N__ammonia--trimethylamine_monA,-1,HB375x10_4.017_NH-N__ammonia--trimethylamine_monB"
HB262_188,HB262,-0.008401466779,"1,HB375x10_4.018_NH-N__aniline--ammonia_100,-1,HB375x10_4.018_NH-N__aniline--ammonia_monA,-1,HB375x10_4.018_NH-N__aniline--ammonia_monB"
HB262_189,HB262,-0.009963196188,"1,HB375x10_4.019_NH-N__aniline--aniline_100,-1,HB375x10_4.019_NH-N__aniline--aniline_monA,-1,HB375x10_4.019_NH-N__aniline--aniline_monB"
HB262_190,HB262,-0.01056239033,"1,HB375x10_4.020_NH-N__aniline--dimethylamine_100,-1,HB375x10_4.020_NH-N__aniline--dimethylamine_monA,-1,HB375x10_4.020_NH-N__aniline--dimethylamine_monB"
HB262_191,HB262,-0.008707438255,"1,HB375x10_4.021_NH-N__aniline--dimethyldiazene_100,-1,HB375x10_4.021_NH-N__aniline--dimethyldiazene_monA,-1,HB375x10_4.021_NH-N__aniline--dimethyldiazene_monB"
HB262_192,HB262,-0.01026598046,"1,HB375x10_4.022_NH-N__aniline--methylamine_100,-1,HB375x10_4.022_NH-N__aniline--methylamine_monA,-1,HB375x10_4.022_NH-N__aniline--methylamine_monB"
HB262_193,HB262,-0.01381971167,"1,HB375x10_4.023_NH-N__aniline--methylcyanate_100,-1,HB375x10_4.023_NH-N__aniline--methylcyanate_monA,-1,HB375x10_4.023_NH-N__aniline--methylcyanate_monB"
HB262_194,HB262,-0.01232810072,"1,HB375x10_4.024_NH-N__aniline--Nmethyl2propanimine_100,-1,HB375x10_4.024_NH-N__aniline--Nmethyl2propanimine_monA,-1,HB375x10_4.024_NH-N__aniline--Nmethyl2propanimine_monB"
HB262_195,HB262,-0.01093688667,"1,HB375x10_4.025_NH-N__aniline--pyridine_100,-1,HB375x10_4.025_NH-N__aniline--pyridine_monA,-1,HB375x10_4.025_NH-N__aniline--pyridine_monB"
HB262_196,HB262,-0.01107871719,"1,HB375x10_4.026_NH-N__aniline--trimethylamine_100,-1,HB375x10_4.026_NH-N__aniline--trimethylamine_monA,-1,HB375x10_4.026_NH-N__aniline--trimethylamine_monB"
HB262_197,HB262,-0.004927415645,"1,HB375x10_4.027_NH-N__dimethylamine--acetonitrile_100,-1,HB375x10_4.027_NH-N__dimethylamine--acetonitrile_monA,-1,HB375x10_4.027_NH-N__dimethylamine--acetonitrile_monB"
HB262_198,HB262,-0.005526609786,"1,HB375x10_4.028_NH-N__dimethylamine--ammonia_100,-1,HB375x10_4.028_NH-N__dimethylamine--ammonia_monA,-1,HB375x10_4.028_NH-N__dimethylamine--ammonia_monB"
HB262_199,HB262,-0.007614227669,"1,HB375x10_4.029_NH-N__dimethylamine--aniline_100,-1,HB375x10_4.029_NH-N__dimethylamine--aniline_monA,-1,HB375x10_4.029_NH-N__dimethylamine--aniline_monB"
HB262_200,HB262,-0.00745964833,"1,HB375x10_4.030_NH-N__dimethylamine--dimethylamine_100,-1,HB375x10_4.030_NH-N__dimethylamine--dimethylamine_monA,-1,HB375x10_4.030_NH-N__dimethylamine--dimethylamine_monB"
HB262_201,HB262,-0.005647723495,"1,HB375x10_4.031_NH-N__dimethylamine--dimethyldiazene_100,-1,HB375x10_4.031_NH-N__dimethylamine--dimethyldiazene_monA,-1,HB375x10_4.031_NH-N__dimethylamine--dimethyldiazene_monB"
HB262_202,HB262,-0.006543327503,"1,HB375x10_4.032_NH-N__dimethylamine--methylazide_100,-1,HB375x10_4.032_NH-N__dimethylamine--methylazide_monA,-1,HB375x10_4.032_NH-N__dimethylamine--methylazide_monB"
HB262_203,HB262,-0.008564014126,"1,HB375x10_4.033_NH-N__dimethylamine--Nmethyl2propanimine_100,-1,HB375x10_4.033_NH-N__dimethylamine--Nmethyl2propanimine_monA,-1,HB375x10_4.033_NH-N__dimethylamine--Nmethyl2propanimine_monB"
HB262_204,HB262,-0.006350501729,"1,HB375x10_4.034_NH-N__dimethylamine--pyridine_100,-1,HB375x10_4.034_NH-N__dimethylamine--pyridine_monA,-1,HB375x10_4.034_NH-N__dimethylamine--pyridine_monB"
HB262_205,HB262,-0.007647693299,"1,HB375x10_4.035_NH-N__dimethylamine--trimethylamine_100,-1,HB375x10_4.035_NH-N__dimethylamine--trimethylamine_monA,-1,HB375x10_4.035_NH-N__dimethylamine--trimethylamine_monB"
HB262_206,HB262,-0.004463677627,"1,HB375x10_4.036_NH-N__methylamine--acetonitrile_100,-1,HB375x10_4.036_NH-N__methylamine--acetonitrile_monA,-1,HB375x10_4.036_NH-N__methylamine--acetonitrile_monB"
HB262_207,HB262,-0.005156894252,"1,HB375x10_4.037_NH-N__methylamine--ammonia_100,-1,HB375x10_4.037_NH-N__methylamine--ammonia_monA,-1,HB375x10_4.037_NH-N__methylamine--ammonia_monB"
HB262_208,HB262,-0.006908262232,"1,HB375x10_4.038_NH-N__methylamine--dimethylamine_100,-1,HB375x10_4.038_NH-N__methylamine--dimethylamine_monA,-1,HB375x10_4.038_NH-N__methylamine--dimethylamine_monB"
HB262_209,HB262,-0.005947320565,"1,HB375x10_4.039_NH-N__methylamine--dimethyldiazene_100,-1,HB375x10_4.039_NH-N__methylamine--dimethyldiazene_monA,-1,HB375x10_4.039_NH-N__methylamine--dimethyldiazene_monB"
HB262_210,HB262,-0.006664441212,"1,HB375x10_4.040_NH-N__methylamine--methylamine_100,-1,HB375x10_4.040_NH-N__methylamine--methylamine_monA,-1,HB375x10_4.040_NH-N__methylamine--methylamine_monB"
HB262_211,HB262,-0.00804768726,"1,HB375x10_4.041_NH-N__methylamine--Nmethyl2propanimine_100,-1,HB375x10_4.041_NH-N__methylamine--Nmethyl2propanimine_monA,-1,HB375x10_4.041_NH-N__methylamine--Nmethyl2propanimine_monB"
HB262_212,HB262,-0.007556858017,"1,HB375x10_4.042_NH-N__methylamine--pyridine_100,-1,HB375x10_4.042_NH-N__methylamine--pyridine_monA,-1,HB375x10_4.042_NH-N__methylamine--pyridine_monB"
HB262_213,HB262,-0.007547296409,"1,HB375x10_4.043_NH-N__methylamine--trimethylamine_100,-1,HB375x10_4.043_NH-N__methylamine--trimethylamine_monA,-1,HB375x10_4.043_NH-N__methylamine--trimethylamine_monB"
HB262_214,HB262,-0.00959985506,"1,HB375x10_4.044_NH-N__Nmethylacetamide--acetonitrile_100,-1,HB375x10_4.044_NH-N__Nmethylacetamide--acetonitrile_monA,-1,HB375x10_4.044_NH-N__Nmethylacetamide--acetonitrile_monB"
HB262_215,HB262,-0.01040781099,"1,HB375x10_4.045_NH-N__Nmethylacetamide--ammonia_100,-1,HB375x10_4.045_NH-N__Nmethylacetamide--ammonia_monA,-1,HB375x10_4.045_NH-N__Nmethylacetamide--ammonia_monB"
HB262_216,HB262,-0.01136078465,"1,HB375x10_4.046_NH-N__Nmethylacetamide--aniline_100,-1,HB375x10_4.046_NH-N__Nmethylacetamide--aniline_monA,-1,HB375x10_4.046_NH-N__Nmethylacetamide--aniline_monB"
HB262_217,HB262,-0.01260698097,"1,HB375x10_4.047_NH-N__Nmethylacetamide--dimethylamine_100,-1,HB375x10_4.047_NH-N__Nmethylacetamide--dimethylamine_monA,-1,HB375x10_4.047_NH-N__Nmethylacetamide--dimethylamine_monB"
HB262_218,HB262,-0.009797461639,"1,HB375x10_4.048_NH-N__Nmethylacetamide--dimethyldiazene_100,-1,HB375x10_4.048_NH-N__Nmethylacetamide--dimethyldiazene_monA,-1,HB375x10_4.048_NH-N__Nmethylacetamide--dimethyldiazene_monB"
HB262_219,HB262,-0.01192810676,"1,HB375x10_4.049_NH-N__Nmethylacetamide--methylamine_100,-1,HB375x10_4.049_NH-N__Nmethylacetamide--methylamine_monA,-1,HB375x10_4.049_NH-N__Nmethylacetamide--methylamine_monB"
HB262_220,HB262,-0.008222983418,"1,HB375x10_4.050_NH-N__Nmethylacetamide--methylazide_100,-1,HB375x10_4.050_NH-N__Nmethylacetamide--methylazide_monA,-1,HB375x10_4.050_NH-N__Nmethylacetamide--methylazide_monB"
HB262_221,HB262,-0.01458782756,"1,HB375x10_4.051_NH-N__Nmethylacetamide--Nmethyl2propanimine_100,-1,HB375x10_4.051_NH-N__Nmethylacetamide--Nmethyl2propanimine_monA,-1,HB375x10_4.051_NH-N__Nmethylacetamide--Nmethyl2propanimine_monB"
HB262_222,HB262,-0.01253686251,"1,HB375x10_4.052_NH-N__Nmethylacetamide--pyridine_100,-1,HB375x10_4.052_NH-N__Nmethylacetamide--pyridine_monA,-1,HB375x10_4.052_NH-N__Nmethylacetamide--pyridine_monB"
HB262_223,HB262,-0.01313605665,"1,HB375x10_4.053_NH-N__Nmethylacetamide--trimethylamine_100,-1,HB375x10_4.053_NH-N__Nmethylacetamide--trimethylamine_monA,-1,HB375x10_4.053_NH-N__Nmethylacetamide--trimethylamine_monB"
HB262_224,HB262,-0.005346532823,"1,HB375x10_5.001_CH-O__ethyne--acetaldehyde_100,-1,HB375x10_5.001_CH-O__ethyne--acetaldehyde_monA,-1,HB375x10_5.001_CH-O__ethyne--acetaldehyde_monB"
HB262_225,HB262,-0.007156864056,"1,HB375x10_5.002_CH-O__ethyne--acetamide_100,-1,HB375x10_5.002_CH-O__ethyne--acetamide_monA,-1,HB375x10_5.002_CH-O__ethyne--acetamide_monB"
HB262_226,HB262,-0.005695531538,"1,HB375x10_5.003_CH-O__ethyne--aceticacid_100,-1,HB375x10_5.003_CH-O__ethyne--aceticacid_monA,-1,HB375x10_5.003_CH-O__ethyne--aceticacid_monB"
HB262_227,HB262,-0.005885170109,"1,HB375x10_5.004_CH-O__ethyne--acetone_100,-1,HB375x10_5.004_CH-O__ethyne--acetone_monA,-1,HB375x10_5.004_CH-O__ethyne--acetone_monB"
HB262_228,HB262,-0.006544921104,"1,HB375x10_5.005_CH-O__ethyne--dimethylcarbonate_100,-1,HB375x10_5.005_CH-O__ethyne--dimethylcarbonate_monA,-1,HB375x10_5.005_CH-O__ethyne--dimethylcarbonate_monB"
HB262_229,HB262,-0.00555370101,"1,HB375x10_5.006_CH-O__ethyne--dimethylether_100,-1,HB375x10_5.006_CH-O__ethyne--dimethylether_monA,-1,HB375x10_5.006_CH-O__ethyne--dimethylether_monB"
HB262_230,HB262,-0.005156894252,"1,HB375x10_5.007_CH-O__ethyne--dimethylperoxide_100,-1,HB375x10_5.007_CH-O__ethyne--dimethylperoxide_monA,-1,HB375x10_5.007_CH-O__ethyne--dimethylperoxide_monB"
HB262_231,HB262,-0.005454897721,"1,HB375x10_5.008_CH-O__ethyne--methanol_100,-1,HB375x10_5.008_CH-O__ethyne--methanol_monA,-1,HB375x10_5.008_CH-O__ethyne--methanol_monB"
HB262_232,HB262,-0.00627400886,"1,HB375x10_5.009_CH-O__ethyne--methylacetate_100,-1,HB375x10_5.009_CH-O__ethyne--methylacetate_monA,-1,HB375x10_5.009_CH-O__ethyne--methylacetate_monB"
HB262_233,HB262,-0.004930602848,"1,HB375x10_5.010_CH-O__ethyne--nitromethane_100,-1,HB375x10_5.010_CH-O__ethyne--nitromethane_monA,-1,HB375x10_5.010_CH-O__ethyne--nitromethane_monB"
HB262_234,HB262,-0.003375247845,"1,HB375x10_5.011_CH-O__ethyne--nitrosomethane_100,-1,HB375x10_5.011_CH-O__ethyne--nitrosomethane_monA,-1,HB375x10_5.011_CH-O__ethyne--nitrosomethane_monB"
HB262_235,HB262,-0.00745964833,"1,HB375x10_5.012_CH-O__ethyne--Nmethylacetamide_100,-1,HB375x10_5.012_CH-O__ethyne--Nmethylacetamide_monA,-1,HB375x10_5.012_CH-O__ethyne--Nmethylacetamide_monB"
HB262_236,HB262,-0.004460490424,"1,HB375x10_5.013_CH-O__ethyne--phenol_100,-1,HB375x10_5.013_CH-O__ethyne--phenol_monA,-1,HB375x10_5.013_CH-O__ethyne--phenol_monB"
HB262_237,HB262,-0.004538576894,"1,HB375x10_5.014_CH-O__ethyne--water_100,-1,HB375x10_5.014_CH-O__ethyne--water_monA,-1,HB375x10_5.014_CH-O__ethyne--water_monB"
HB262_238,HB262,-0.01012893074,"1,HB375x10_5.015_CH-O__methylacetate--Nmethylacetamide_100,-1,HB375x10_5.015_CH-O__methylacetate--Nmethylacetamide_monA,-1,HB375x10_5.015_CH-O__methylacetate--Nmethylacetamide_monB"
HB262_239,HB262,-0.0144109378,"1,HB375x10_5.016_CH-O__methylcyanate--Nmethylacetamide_100,-1,HB375x10_5.016_CH-O__methylcyanate--Nmethylacetamide_monA,-1,HB375x10_5.016_CH-O__methylcyanate--Nmethylacetamide_monB"
HB262_240,HB262,-0.01126516856,"1,HB375x10_5.017_CH-O__methylisocyanide--Nmethylacetamide_100,-1,HB375x10_5.017_CH-O__methylisocyanide--Nmethylacetamide_monA,-1,HB375x10_5.017_CH-O__methylisocyanide--Nmethylacetamide_monB"
HB262_241,HB262,-0.01350895939,"1,HB375x10_5.018_CH-O__nitromethane--Nmethylacetamide_100,-1,HB375x10_5.018_CH-O__nitromethane--Nmethylacetamide_monA,-1,HB375x10_5.018_CH-O__nitromethane--Nmethylacetamide_monB"
HB262_242,HB262,-0.009330536417,"1,HB375x10_5.019_CH-O__nitrosomethane--Nmethylacetamide_100,-1,HB375x10_5.019_CH-O__nitrosomethane--Nmethylacetamide_monA,-1,HB375x10_5.019_CH-O__nitrosomethane--Nmethylacetamide_monB"
HB262_243,HB262,-0.004927415645,"1,HB375x10_6.001_CH-N__ethyne--acetonitrile_100,-1,HB375x10_6.001_CH-N__ethyne--acetonitrile_monA,-1,HB375x10_6.001_CH-N__ethyne--acetonitrile_monB"
HB262_244,HB262,-0.005779992414,"1,HB375x10_6.002_CH-N__ethyne--ammonia_100,-1,HB375x10_6.002_CH-N__ethyne--ammonia_monA,-1,HB375x10_6.002_CH-N__ethyne--ammonia_monB"
HB262_245,HB262,-0.005075620579,"1,HB375x10_6.003_CH-N__ethyne--aniline_100,-1,HB375x10_6.003_CH-N__ethyne--aniline_monA,-1,HB375x10_6.003_CH-N__ethyne--aniline_monB"
HB262_246,HB262,-0.007328973012,"1,HB375x10_6.004_CH-N__ethyne--dimethylamine_100,-1,HB375x10_6.004_CH-N__ethyne--dimethylamine_monA,-1,HB375x10_6.004_CH-N__ethyne--dimethylamine_monB"
HB262_247,HB262,-0.004916260435,"1,HB375x10_6.005_CH-N__ethyne--dimethyldiazene_100,-1,HB375x10_6.005_CH-N__ethyne--dimethyldiazene_monA,-1,HB375x10_6.005_CH-N__ethyne--dimethyldiazene_monB"
HB262_248,HB262,-0.006619820372,"1,HB375x10_6.006_CH-N__ethyne--methylamine_100,-1,HB375x10_6.006_CH-N__ethyne--methylamine_monA,-1,HB375x10_6.006_CH-N__ethyne--methylamine_monB"
HB262_249,HB262,-0.004548138503,"1,HB375x10_6.007_CH-N__ethyne--methylazide_100,-1,HB375x10_6.007_CH-N__ethyne--methylazide_monA,-1,HB375x10_6.007_CH-N__ethyne--methylazide_monB"
HB262_250,HB262,-0.007410246685,"1,HB375x10_6.008_CH-N__ethyne--Nmethyl2propanimine_100,-1,HB375x10_6.008_CH-N__ethyne--Nmethyl2propanimine_monA,-1,HB375x10_6.008_CH-N__ethyne--Nmethyl2propanimine_monB"
HB262_251,HB262,-0.00660707156,"1,HB375x10_6.009_CH-N__ethyne--pyridine_100,-1,HB375x10_6.009_CH-N__ethyne--pyridine_monA,-1,HB375x10_6.009_CH-N__ethyne--pyridine_monB"
HB262_252,HB262,-0.007177580875,"1,HB375x10_6.010_CH-N__ethyne--trimethylamine_100,-1,HB375x10_6.010_CH-N__ethyne--trimethylamine_monA,-1,HB375x10_6.010_CH-N__ethyne--trimethylamine_monB"
HB262_253,HB262,-0.005459678525,"1,HB375x10_6.011_CH-N__furan--methylamine_100,-1,HB375x10_6.011_CH-N__furan--methylamine_monA,-1,HB375x10_6.011_CH-N__furan--methylamine_monB"
HB262_254,HB262,-0.009123368231,"1,HB375x10_6.012_CH-N__methylcyanate--ammonia_100,-1,HB375x10_6.012_CH-N__methylcyanate--ammonia_monA,-1,HB375x10_6.012_CH-N__methylcyanate--ammonia_monB"
HB262_255,HB262,-0.01025004445,"1,HB375x10_6.013_CH-N__methylcyanate--dimethylamine_100,-1,HB375x10_6.013_CH-N__methylcyanate--dimethylamine_monA,-1,HB375x10_6.013_CH-N__methylcyanate--dimethylamine_monB"
HB262_256,HB262,-0.01005721867,"1,HB375x10_6.014_CH-N__methylcyanate--methylamine_100,-1,HB375x10_6.014_CH-N__methylcyanate--methylamine_monA,-1,HB375x10_6.014_CH-N__methylcyanate--methylamine_monB"
HB262_257,HB262,-0.007458054728,"1,HB375x10_6.015_CH-N__methylisocyanide--dimethylamine_100,-1,HB375x10_6.015_CH-N__methylisocyanide--dimethylamine_monA,-1,HB375x10_6.015_CH-N__methylisocyanide--dimethylamine_monB"
HB262_258,HB262,-0.007333753816,"1,HB375x10_6.016_CH-N__methylisocyanide--methylamine_100,-1,HB375x10_6.016_CH-N__methylisocyanide--methylamine_monA,-1,HB375x10_6.016_CH-N__methylisocyanide--methylamine_monB"
HB262_259,HB262,-0.009306632396,"1,HB375x10_6.017_CH-N__nitromethane--dimethylamine_100,-1,HB375x10_6.017_CH-N__nitromethane--dimethylamine_monA,-1,HB375x10_6.017_CH-N__nitromethane--dimethylamine_monB"
HB262_260,HB262,-0.008482740453,"1,HB375x10_6.018_CH-N__nitromethane--methylamine_100,-1,HB375x10_6.018_CH-N__nitromethane--methylamine_monA,-1,HB375x10_6.018_CH-N__nitromethane--methylamine_monB"
HB262_261,HB262,-0.005534577793,"1,HB375x10_6.019_CH-N__nitrosomethane--dimethylamine_100,-1,HB375x10_6.019_CH-N__nitrosomethane--dimethylamine_monA,-1,HB375x10_6.019_CH-N__nitrosomethane--dimethylamine_monB"
HB262_262,HB262,-0.005397528069,"1,HB375x10_6.020_CH-N__nitrosomethane--methylamine_100,-1,HB375x10_6.020_CH-N__nitrosomethane--methylamine_monA,-1,HB375x10_6.020_CH-N__nitrosomethane--methylamine_monB"
HB49_1,HB49,-0.031567324,"1,39_Ac-H2O_HB49,-1,38_Ac-_HB49,-1,19_H2O_HB49"
HB49_2,HB49,-0.017848031,"1,40_Ac-MeNH2_HB49,-1,38_Ac-_HB49,-1,63_MeNH2_HB49"
HB49_3,HB49,-0.030032378,"1,41_Ac-MeOH_HB49,-1,38_Ac-_HB49,-1,73_MeOH_HB49"
HB49_4,HB49,-0.024456296,"1,43_AcNH2AcNH2_HB49,-1,42_AcNH2_HB49,-1,42_AcNH2_HB49"
HB49_5,HB49,-0.026844413,"1,45_AcOHAcOH_HB49,-1,44_AcOH_HB49,-1,44_AcOH_HB49"
HB49_6,HB49,-0.028451726,"1,51_GuandFormald_HB49,-1,50_Guand_HB49,-1,48_Formald_HB49"
HB49_7,HB49,-0.027575703,"1,52_GuandH2O_HB49,-1,50_Guand_HB49,-1,19_H2O_HB49"
HB49_8,HB49,-0.030241862,"1,53_GuandMeNH2_HB49,-1,50_Guand_HB49,-1,63_MeNH2_HB49"
HB49_9,HB49,-0.030744623,"1,54_GuandMeOH_HB49,-1,50_Guand_HB49,-1,73_MeOH_HB49"
HB49_10,HB49,-0.011121692,"1,55_H2OMeNH2_HB49,-1,19_H2O_HB49,-1,63_MeNH2_HB49"
HB49_11,HB49,-0.009053514,"1,56_H2OMeOH_HB49,-1,19_H2O_HB49,-1,73_MeOH_HB49"
HB49_12,HB49,-0.012850887,"1,57_H2OPeptide_HB49,-1,19_H2O_HB49,-1,78_Peptide_HB49"
HB49_13,HB49,-0.025659877,"1,59_ImdFormald_HB49,-1,58_Imd_HB49,-1,48_Formald_HB49"
HB49_14,HB49,-0.025907449,"1,60_ImdH2O_HB49,-1,58_Imd_HB49,-1,19_H2O_HB49"
HB49_15,HB49,-0.035303755,"1,61_ImdMeNH2_HB49,-1,58_Imd_HB49,-1,63_MeNH2_HB49"
HB49_16,HB49,-0.029091604,"1,62_ImdMeOH_HB49,-1,58_Imd_HB49,-1,73_MeOH_HB49"
HB49_17,HB49,-0.011632071,"1,64_MeNH2H2O_HB49,-1,63_MeNH2_HB49,-1,19_H2O_HB49"
HB49_18,HB49,-0.006653971,"1,65_MeNH2MeNH2_HB49,-1,63_MeNH2_HB49,-1,63_MeNH2_HB49"
HB49_19,HB49,-0.004898115,"1,66_MeNH2MeOH_HB49,-1,63_MeNH2_HB49,-1,73_MeOH_HB49"
HB49_20,HB49,-0.008634547,"1,67_MeNH2Peptide_HB49,-1,63_MeNH2_HB49,-1,78_Peptide_HB49"
HB49_21,HB49,-0.029933349,"1,69_MeNH3Formald_HB49,-1,68_MeNH3_HB49,-1,48_Formald_HB49"
HB49_22,HB49,-0.029213486,"1,70_MeNH3H2O_HB49,-1,68_MeNH3_HB49,-1,19_H2O_HB49"
HB49_23,HB49,-0.040655117,"1,71_MeNH3MeNH2_HB49,-1,68_MeNH3_HB49,-1,63_MeNH2_HB49"
HB49_24,HB49,-0.032801374,"1,72_MeNH3MeOH_HB49,-1,68_MeNH3_HB49,-1,73_MeOH_HB49"
HB49_25,HB49,-0.008032756,"1,74_MeOHH2O_HB49,-1,73_MeOH_HB49,-1,19_H2O_HB49"
HB49_26,HB49,-0.011830129,"1,75_MeOHMeNH2_HB49,-1,73_MeOH_HB49,-1,63_MeNH2_HB49"
HB49_27,HB49,-0.009202058,"1,76_MeOHMeOH_HB49,-1,73_MeOH_HB49,-1,73_MeOH_HB49"
HB49_28,HB49,-0.012866122,"1,77_MeOHPeptide_HB49,-1,73_MeOH_HB49,-1,78_Peptide_HB49"
HB49_29,HB49,-0.008192726,"1,79_PeptideH2O_HB49,-1,78_Peptide_HB49,-1,19_H2O_HB49"
HB49_30,HB49,-0.011742526,"1,80_PeptideMeNH2_HB49,-1,78_Peptide_HB49,-1,63_MeNH2_HB49"
HB49_31,HB49,-0.009963817,"1,81_PeptideMeOH_HB49,-1,78_Peptide_HB49,-1,73_MeOH_HB49"
HB49_32,HB49,-0.006265474,"1,47_EtAcEtAc_HB49,-1,46_EtAc_HB49,-1,46_EtAc_HB49"
HB49_33,HB49,-0.007244335,"1,49_FormaldFormald_HB49,-1,48_Formald_HB49,-1,48_Formald_HB49"
HB49_34,HB49,-0.013387927,"1,11_ClHNH3_HB49,-1,25_HCL_HB49,-1,31_NH3_HB49"
HB49_35,HB49,-0.025019999,"1,12_CNH2O_HB49,-1,13_CN_HB49,-1,19_H2O_HB49"
HB49_36,HB49,-0.002788041,"1,14_COHF_HB49,-1,15_CO_HB49,-1,30_HF_HB49"
HB49_37,HB49,-0.020060943,"1,16_FHNH3_HB49,-1,30_HF_HB49,-1,31_NH3_HB49"
HB49_38,HB49,-0.008006095,"1,17_H2OH2O_HB49,-1,19_H2O_HB49,-1,19_H2O_HB49"
HB49_39,HB49,-0.010329462,"1,18_H2ONH3_HB49,-1,19_H2O_HB49,-1,31_NH3_HB49"
HB49_40,HB49,-0.053940207,"1,20_H3OH2O_HB49,-1,21_H3O_HB49,-1,19_H2O_HB49"
HB49_41,HB49,-0.029335368,"1,22_HCCH2O_HB49,-1,23_HCC_HB49,-1,19_H2O_HB49"
HB49_42,HB49,-0.003256523,"1,24_HCLHCL_HB49,-1,25_HCL_HB49,-1,25_HCL_HB49"
HB49_43,HB49,-0.007309085,"1,27_HFHF_HB49,-1,30_HF_HB49,-1,30_HF_HB49"
HB49_44,HB49,-0.013963056,"1,28_HFH2O_HB49,-1,30_HF_HB49,-1,19_H2O_HB49"
HB49_45,HB49,-0.01182632,"1,29_HFHCN_HB49,-1,30_HF_HB49,-1,26_HCN_HB49"
HB49_46,HB49,-0.005050467,"1,32_NH3NH3_HB49,-1,31_NH3_HB49,-1,31_NH3_HB49"
HB49_47,HB49,-0.032668066,"1,33_NH4H2O_HB49,-1,34_NH4_HB49,-1,19_H2O_HB49"
HB49_48,HB49,-0.005736051,"1,35_OCHF_HB49,-1,15_CO_HB49,-1,30_HF_HB49"
HB49_49,HB49,-0.042182445,"1,36_OHH2O_HB49,-1,19_H2O_HB49,-1,37_OH_HB49"
HCP32_1,HCP32,-0.001864514,"1,HCP32_1_Cl2_2_dim,-1,HCP32_1_Cl2_2_monA,-1,HCP32_1_Cl2_2_monB"
HCP32_2,HCP32,-0.001625473,"1,HCP32_2_FCl_2_dim,-1,HCP32_2_FCl_2_monA,-1,HCP32_2_FCl_2_monB"
HCP32_3,HCP32,-0.002629442,"1,HCP32_3_FBr_2_dim,-1,HCP32_3_FBr_2_monA,-1,HCP32_3_FBr_2_monB"
HCP32_4,HCP32,-0.002486018,"1,HCP32_4_Cl2_2_dim,-1,HCP32_4_Cl2_2_monA,-1,HCP32_4_Cl2_2_monB"
HCP32_5,HCP32,-0.002390402,"1,HCP32_5_FCl_2_dim,-1,HCP32_5_FCl_2_monA,-1,HCP32_5_FCl_2_monB"
HCP32_6,HCP32,-0.003936196,"1,HCP32_6_FBr_2_dim,-1,HCP32_6_FBr_2_monA,-1,HCP32_6_FBr_2_monB"
HCP32_7,HCP32,-0.00707559,"1,HCP32_7_FHS_2_dim,-1,HCP32_7_FHS_2_monA,-1,HCP32_7_FHS_2_monB"
HCP32_8,HCP32,-0.007442119,"1,HCP32_8_FHS_2_dim,-1,HCP32_8_FHS_2_monA,-1,HCP32_8_FHS_2_monB"
HCP32_9,HCP32,-0.003681219,"1,HCP32_9_OSH2_2_dim,-1,HCP32_9_OSH2_2_monA,-1,HCP32_9_OSH2_2_monB"
HCP32_10,HCP32,-0.009752841,"1,HCP32_10_FSeH-SHF_dim,-1,HCP32_10_FSeH-SHF_monA,-1,HCP32_10_FSeH-SHF_monB"
HCP32_11,HCP32,-0.005768837,"1,HCP32_11_FSH-OHF_dim,-1,HCP32_11_FSH-OHF_monA,-1,HCP32_11_FSH-OHF_monB"
HCP32_12,HCP32,-0.009067592,"1,HCP32_12_FSH-OH2_dim,-1,HCP32_12_FSH-OH2_monA,-1,HCP32_12_FSH-OH2_monB"
HCP32_13,HCP32,-0.007219015,"1,HCP32_13_FSH-SH2_dim,-1,HCP32_13_FSH-SH2_monA,-1,HCP32_13_FSH-SH2_monB"
HCP32_14,HCP32,-0.006661254,"1,HCP32_14_FSH-SF2_dim,-1,HCP32_14_FSH-SF2_monA,-1,HCP32_14_FSH-SF2_monB"
HCP32_15,HCP32,-0.010214985,"1,HCP32_15_FPH2_2_dim,-1,HCP32_15_FPH2_2_monA,-1,HCP32_15_FPH2_2_monB"
HCP32_16,HCP32,-0.006645318,"1,HCP32_16_FNH2_2_dim,-1,HCP32_16_FNH2_2_monA,-1,HCP32_16_FNH2_2_monB"
HCP32_17,HCP32,-0.007983943,"1,HCP32_17_FH2As-PFH2_dim,-1,HCP32_17_FH2As-PFH2_monA,-1,HCP32_17_FH2As-PFH2_monB"
HCP32_18,HCP32,-0.009434121,"1,HCP32_18_FH2P-NFH2_dim,-1,HCP32_18_FH2P-NFH2_monA,-1,HCP32_18_FH2P-NFH2_monB"
HCP32_19,HCP32,-0.006390342,"1,HCP32_19_FH2P-PH3_dim,-1,HCP32_19_FH2P-PH3_monA,-1,HCP32_19_FH2P-PH3_monB"
HCP32_20,HCP32,-0.010852426,"1,HCP32_20_FH2P-NH3_dim,-1,HCP32_20_FH2P-NH3_monA,-1,HCP32_20_FH2P-NH3_monB"
HCP32_21,HCP32,-0.009720969,"1,HCP32_21_FHS-PH2F_dim,-1,HCP32_21_FHS-PH2F_monA,-1,HCP32_21_FHS-PH2F_monB"
HCP32_22,HCP32,-0.013083468,"1,HCP32_22_FHSe-PH2F_dim,-1,HCP32_22_FHSe-PH2F_monA,-1,HCP32_22_FHSe-PH2F_monB"
HCP32_23,HCP32,-0.006693126,"1,HCP32_23_FHS-AsH2F_dim,-1,HCP32_23_FHS-AsH2F_monA,-1,HCP32_23_FHS-AsH2F_monB"
HCP32_24,HCP32,-0.005896325,"1,HCP32_24_FH2P-SH2O_dim,-1,HCP32_24_FH2P-SH2O_monA,-1,HCP32_24_FH2P-SH2O_monB"
HCP32_25,HCP32,-0.005258885,"1,HCP32_25_FH2P-SHF_dim,-1,HCP32_25_FH2P-SHF_monA,-1,HCP32_25_FH2P-SHF_monB"
HCP32_26,HCP32,-0.007426183,"1,HCP32_26_FHS-PH2F_dim,-1,HCP32_26_FHS-PH2F_monA,-1,HCP32_26_FHS-PH2F_monB"
HCP32_27,HCP32,-0.007840519,"1,HCP32_27_FHS-PF2H_dim,-1,HCP32_27_FHS-PF2H_monA,-1,HCP32_27_FHS-PF2H_monB"
HCP32_28,HCP32,-0.007760839,"1,HCP32_28_FHS-PH3_dim,-1,HCP32_28_FHS-PH3_monA,-1,HCP32_28_FHS-PH3_monB"
HCP32_29,HCP32,-0.005864453,"1,HCP32_29_FH2P-SH2_dim,-1,HCP32_29_FH2P-SH2_monA,-1,HCP32_29_FH2P-SH2_monB"
HCP32_30,HCP32,-0.005258885,"1,HCP32_30_FH2P-SF2_dim,-1,HCP32_30_FH2P-SF2_monA,-1,HCP32_30_FH2P-SF2_monB"
HCP32_31,HCP32,-0.004031812,"1,HCP32_31_FPH2-Cl2_dim,-1,HCP32_31_FPH2-Cl2_monA,-1,HCP32_31_FPH2-Cl2_monB"
HCP32_32,HCP32,-0.003792771,"1,HCP32_32_Cl2-PH2F_dim,-1,HCP32_32_Cl2-PH2F_monA,-1,HCP32_32_Cl2-PH2F_monB"
HEAVY28_1,HEAVY28,0.001848579,"-1,HEAVY28_bih3_2,2,HEAVY28_bih3"
HEAVY28_2,HEAVY28,0.003968071,"-1,HEAVY28_bih3_h2o,1,HEAVY28_bih3,1,HEAVY28_h2o"
HEAVY28_3,HEAVY28,0.0021673,"-1,HEAVY28_bih3_h2s,1,HEAVY28_bih3,1,HEAVY28_h2s"
HEAVY28_4,HEAVY28,0.001227074,"-1,HEAVY28_bih3_hcl,1,HEAVY28_bih3,1,HEAVY28_hcl"
HEAVY28_5,HEAVY28,0.001561731,"-1,HEAVY28_bih3_hbr,1,HEAVY28_bih3,1,HEAVY28_hbr"
HEAVY28_6,HEAVY28,0.002071683,"-1,HEAVY28_bih3_hi,1,HEAVY28_bih3,1,HEAVY28_hi"
HEAVY28_7,HEAVY28,0.000956162,"-1,HEAVY28_bih3_nh3,1,HEAVY28_bih3,1,HEAVY28_nh3"
HEAVY28_8,HEAVY28,0.001992003,"-1,HEAVY28_pbh4_2,2,HEAVY28_pbh4"
HEAVY28_9,HEAVY28,0.000876481,"-1,HEAVY28_pbh4_bih3,1,HEAVY28_pbh4,1,HEAVY28_bih3"
HEAVY28_10,HEAVY28,0.000573697,"-1,HEAVY28_pbh4_h2o,1,HEAVY28_pbh4,1,HEAVY28_h2o"
HEAVY28_11,HEAVY28,0.001195202,"-1,HEAVY28_pbh4_hcl,1,HEAVY28_pbh4,1,HEAVY28_hcl"
HEAVY28_12,HEAVY28,0.00148205,"-1,HEAVY28_pbh4_hbr,1,HEAVY28_pbh4,1,HEAVY28_hbr"
HEAVY28_13,HEAVY28,0.001880451,"-1,HEAVY28_pbh4_hi,1,HEAVY28_pbh4,1,HEAVY28_hi"
HEAVY28_14,HEAVY28,0.001035842,"-1,HEAVY28_pbh4_teh2,1,HEAVY28_pbh4,1,HEAVY28_teh2"
HEAVY28_15,HEAVY28,0.002039811,"-1,HEAVY28_sbh3_2,2,HEAVY28_sbh3"
HEAVY28_16,HEAVY28,0.002501956,"-1,HEAVY28_sbh3_h2o,1,HEAVY28_sbh3,1,HEAVY28_h2o"
HEAVY28_17,HEAVY28,0.001689219,"-1,HEAVY28_sbh3_h2s,1,HEAVY28_sbh3,1,HEAVY28_h2s"
HEAVY28_18,HEAVY28,0.003219077,"-1,HEAVY28_sbh3_hcl,1,HEAVY28_sbh3,1,HEAVY28_hcl"
HEAVY28_19,HEAVY28,0.003011909,"-1,HEAVY28_sbh3_hbr,1,HEAVY28_sbh3,1,HEAVY28_hbr"
HEAVY28_20,HEAVY28,0.002374468,"-1,HEAVY28_sbh3_hi,1,HEAVY28_sbh3,1,HEAVY28_hi"
HEAVY28_21,HEAVY28,0.004525832,"-1,HEAVY28_sbh3_nh3,1,HEAVY28_sbh3,1,HEAVY28_nh3"
HEAVY28_22,HEAVY28,0.000828673,"-1,HEAVY28_teh2_2,2,HEAVY28_teh2"
HEAVY28_23,HEAVY28,0.00108365,"-1,HEAVY28_teh2_h2o,1,HEAVY28_teh2,1,HEAVY28_h2o"
HEAVY28_24,HEAVY28,0.000764929,"-1,HEAVY28_teh2_h2s,1,HEAVY28_teh2,1,HEAVY28_h2s"
HEAVY28_25,HEAVY28,0.001960131,"-1,HEAVY28_teh2_hcl,1,HEAVY28_teh2,1,HEAVY28_hcl"
HEAVY28_26,HEAVY28,0.001944195,"-1,HEAVY28_teh2_hbr,1,HEAVY28_teh2,1,HEAVY28_hbr"
HEAVY28_27,HEAVY28,0.001274882,"-1,HEAVY28_teh2_hi,1,HEAVY28_teh2,1,HEAVY28_hi"
HEAVY28_28,HEAVY28,0.005338569,"-1,HEAVY28_teh2_nh3,1,HEAVY28_teh2,1,HEAVY28_nh3"
HEAVYSB11_1,HEAVYSB11,0.117639747,"2,HEAVYSB11_geh3,-1,HEAVYSB11_ge2h6"
HEAVYSB11_2,HEAVYSB11,0.098389027,"2,HEAVYSB11_snme3,-1,HEAVYSB11_sn2me6"
HEAVYSB11_3,HEAVYSB11,0.084333452,"2,HEAVYSB11_pbme3,-1,HEAVYSB11_pb2me6"
HEAVYSB11_4,HEAVYSB11,0.108125939,"2,HEAVYSB11_sh,-1,HEAVYSB11_h2s2"
HEAVYSB11_5,HEAVYSB11,0.093018586,"2,HEAVYSB11_seh,-1,HEAVYSB11_h2se2"
HEAVYSB11_6,HEAVYSB11,0.084317516,"2,HEAVYSB11_teme,-1,HEAVYSB11_te2me2"
HEAVYSB11_7,HEAVYSB11,0.098564323,"2,HEAVYSB11_pme2,-1,HEAVYSB11_p2me4"
HEAVYSB11_8,HEAVYSB11,0.083154186,"2,HEAVYSB11_asme2,-1,HEAVYSB11_as2me4"
HEAVYSB11_9,HEAVYSB11,0.06978386,"2,HEAVYSB11_sbme2,-1,HEAVYSB11_sb2me4"
HEAVYSB11_10,HEAVYSB11,0.095058398,"2,HEAVYSB11_cl,-1,HEAVYSB11_cl2"
HEAVYSB11_11,HEAVYSB11,0.084731852,"2,HEAVYSB11_br,-1,HEAVYSB11_br2"
HNBrBDE18_1,HNBrBDE18,0.0938488,"-1,11_NH2Br_HNBrBDE18,1,12_NH2rad_HNBrBDE18,1,47_Br_HNBrBDE18"
HNBrBDE18_2,HNBrBDE18,0.106836803,"-1,13_NH3Br+_HNBrBDE18,1,14_NH3rad+_HNBrBDE18,1,47_Br_HNBrBDE18"
HNBrBDE18_3,HNBrBDE18,0.088783097,"-1,15_MeNHBr_HNBrBDE18,1,16_MeNHrad_HNBrBDE18,1,47_Br_HNBrBDE18"
HNBrBDE18_4,HNBrBDE18,0.088973537,"-1,17_MeNH2Br+_HNBrBDE18,1,18_MeNH2rad+_HNBrBDE18,1,47_Br_HNBrBDE18"
HNBrBDE18_5,HNBrBDE18,0.083755483,"-1,19_Me2NBr_HNBrBDE18,1,20_Me2Nrad_HNBrBDE18,1,47_Br_HNBrBDE18"
HNBrBDE18_6,HNBrBDE18,0.077623317,"-1,21_Me2NHBr+_HNBrBDE18,1,22_Me2NHrad+_HNBrBDE18,1,47_Br_HNBrBDE18"
HNBrBDE18_7,HNBrBDE18,0.090801761,"-1,23_F3CNHBr_HNBrBDE18,1,24_F3CNHrad_HNBrBDE18,1,47_Br_HNBrBDE18"
HNBrBDE18_8,HNBrBDE18,0.071986295,"-1,25_N-BrImidazole_HNBrBDE18,1,26_ImidazoleNrad_HNBrBDE18,1,47_Br_HNBrBDE18"
HNBrBDE18_9,HNBrBDE18,0.071034096,"-1,27_N-BrPyrrole_HNBrBDE18,1,28_PyrroleNrad_HNBrBDE18,1,47_Br_HNBrBDE18"
HNBrBDE18_10,HNBrBDE18,0.099561998,"-1,29_HCONHBr_HNBrBDE18,1,30_HCONHrad_HNBrBDE18,1,47_Br_HNBrBDE18"
HNBrBDE18_11,HNBrBDE18,0.097543334,"-1,31_MeCONHBr_HNBrBDE18,1,32_MeCONHrad_HNBrBDE18,1,47_Br_HNBrBDE18"
HNBrBDE18_12,HNBrBDE18,0.096743487,"-1,33_FCONHBr_HNBrBDE18,1,34_FCONHrad_HNBrBDE18,1,47_Br_HNBrBDE18"
HNBrBDE18_13,HNBrBDE18,0.101009341,"-1,35_NCCONHBr_HNBrBDE18,1,36_NCCONHrad_HNBrBDE18,1,47_Br_HNBrBDE18"
HNBrBDE18_14,HNBrBDE18,0.095258055,"-1,37_HCONMeBr_HNBrBDE18,1,38_HCONMerad_HNBrBDE18,1,47_Br_HNBrBDE18"
HNBrBDE18_15,HNBrBDE18,0.093620272,"-1,39_N-BrUrea_HNBrBDE18,1,40_UreaNrad_HNBrBDE18,1,47_Br_HNBrBDE18"
HNBrBDE18_16,HNBrBDE18,0.108703115,"-1,41_CHO2NBr_HNBrBDE18,1,42_CHO2Nrad_HNBrBDE18,1,47_Br_HNBrBDE18"
HNBrBDE18_17,HNBrBDE18,0.076404502,"-1,43_H2C_NBr_HNBrBDE18,1,44_H2C_Nrad_HNBrBDE18,1,47_Br_HNBrBDE18"
HNBrBDE18_18,HNBrBDE18,0.078956397,"-1,45_MeCH_NBr_HNBrBDE18,1,46_MeCH_Nrad_HNBrBDE18,1,47_Br_HNBrBDE18"
HR46_1,HR46,0.000969146,"-1,HR46_bromine0+,-1,HR46_bromine0-,2,HR46_bromine"
HR46_2,HR46,0.000565903,"-1,HR46_bromine1+,-1,HR46_bromine1-,2,HR46_bromine"
HR46_3,HR46,0.000665938,"-1,HR46_chlorine0+,-1,HR46_chlorine0-,2,HR46_chlorine"
HR46_4,HR46,0.000394974,"-1,HR46_chlorine1+,-1,HR46_chlorine1-,2,HR46_chlorine"
HR46_5,HR46,0.000239564,"-1,HR46_nitrogen0+,-1,HR46_nitrogen0-,2,HR46_nitrogen"
HR46_6,HR46,0.000163856,"-1,HR46_nitrogen1+,-1,HR46_nitrogen1-,2,HR46_nitrogen"
HR46_7,HR46,0.000247923,"-1,HR46_oxygen0+,-1,HR46_oxygen0-,2,HR46_oxygen"
HR46_8,HR46,0.000131169,"-1,HR46_oxygen1+,-1,HR46_oxygen1-,2,HR46_oxygen"
HR46_9,HR46,0.000248139,"-1,HR46_carbon_monoxide0+,-1,HR46_carbon_monoxide0-,2,HR46_carbon_monoxide"
HR46_10,HR46,0.000189469,"-1,HR46_carbon_monoxide1+,-1,HR46_carbon_monoxide1-,2,HR46_carbon_monoxide"
HR46_11,HR46,0.000160261,"-1,HR46_nitrogen_monoxide0+,-1,HR46_nitrogen_monoxide0-,2,HR46_nitrogen_monoxide"
HR46_12,HR46,0.000235685,"-1,HR46_nitrogen_monoxide2+,-1,HR46_nitrogen_monoxide2-,2,HR46_nitrogen_monoxide"
HR46_13,HR46,0.000475571,"-1,HR46_sulfur_monoxide0+,-1,HR46_sulfur_monoxide0-,2,HR46_sulfur_monoxide"
HR46_14,HR46,0.000316653,"-1,HR46_sulfur_monoxide1+,-1,HR46_sulfur_monoxide1-,2,HR46_sulfur_monoxide"
HR46_15,HR46,0.00042938,"-1,HR46_carbon_dioxide0+,-1,HR46_carbon_dioxide0-,2,HR46_carbon_dioxide"
HR46_16,HR46,0.00020468,"-1,HR46_carbon_dioxide1+,-1,HR46_carbon_dioxide1-,2,HR46_carbon_dioxide"
HR46_17,HR46,0.000501229,"-1,HR46_sulfur_dioxide0+,-1,HR46_sulfur_dioxide0-,2,HR46_sulfur_dioxide"
HR46_18,HR46,0.000360099,"-1,HR46_sulfur_dioxide1+,-1,HR46_sulfur_dioxide1-,2,HR46_sulfur_dioxide"
HR46_19,HR46,0.000391948,"-1,HR46_sulfur_dioxide2+,-1,HR46_sulfur_dioxide2-,2,HR46_sulfur_dioxide"
HR46_20,HR46,0.000537598,"-1,HR46_ethene0+,-1,HR46_ethene0-,2,HR46_ethene"
HR46_21,HR46,0.000384919,"-1,HR46_ethene1+,-1,HR46_ethene1-,2,HR46_ethene"
HR46_22,HR46,0.000353395,"-1,HR46_ethene2+,-1,HR46_ethene2-,2,HR46_ethene"
HR46_23,HR46,0.000668666,"-1,HR46_propane0+,-1,HR46_propane0-,2,HR46_propane"
HR46_24,HR46,0.000618096,"-1,HR46_propane1+,-1,HR46_propane1-,2,HR46_propane"
HR46_25,HR46,0.000610386,"-1,HR46_propane2+,-1,HR46_propane2-,2,HR46_propane"
HR46_26,HR46,0.001230444,"-1,HR46_1-3-butadiene0+,-1,HR46_1-3-butadiene0-,2,HR46_1-3-butadiene"
HR46_27,HR46,0.000668562,"-1,HR46_1-3-butadiene1+,-1,HR46_1-3-butadiene1-,2,HR46_1-3-butadiene"
HR46_28,HR46,0.000656117,"-1,HR46_1-3-butadiene2+,-1,HR46_1-3-butadiene2-,2,HR46_1-3-butadiene"
HR46_29,HR46,0.000969894,"-1,HR46_isobutene0+,-1,HR46_isobutene0-,2,HR46_isobutene"
HR46_30,HR46,0.00072095,"-1,HR46_isobutene1+,-1,HR46_isobutene1-,2,HR46_isobutene"
HR46_31,HR46,0.000745146,"-1,HR46_isobutene2+,-1,HR46_isobutene2-,2,HR46_isobutene"
HR46_32,HR46,0.001101342,"-1,HR46_1-pentene0+,-1,HR46_1-pentene0-,2,HR46_1-pentene"
HR46_33,HR46,0.000909478,"-1,HR46_1-pentene1+,-1,HR46_1-pentene1-,2,HR46_1-pentene"
HR46_34,HR46,0.001011202,"-1,HR46_1-pentene2+,-1,HR46_1-pentene2-,2,HR46_1-pentene"
HR46_35,HR46,0.000155756,"-1,HR46_water0+,-1,HR46_water0-,2,HR46_water"
HR46_36,HR46,0.000151493,"-1,HR46_water1+,-1,HR46_water1-,2,HR46_water"
HR46_37,HR46,0.000149101,"-1,HR46_water2+,-1,HR46_water2-,2,HR46_water"
HR46_38,HR46,0.000362982,"-1,HR46_methanol0+,-1,HR46_methanol0-,2,HR46_methanol"
HR46_39,HR46,0.000319708,"-1,HR46_methanol1+,-1,HR46_methanol1-,2,HR46_methanol"
HR46_40,HR46,0.000310595,"-1,HR46_methanol2+,-1,HR46_methanol2-,2,HR46_methanol"
HR46_41,HR46,0.000574113,"-1,HR46_ethanol0+,-1,HR46_ethanol0-,2,HR46_ethanol"
HR46_42,HR46,0.000509656,"-1,HR46_ethanol1+,-1,HR46_ethanol1-,2,HR46_ethanol"
HR46_43,HR46,0.000475907,"-1,HR46_ethanol2+,-1,HR46_ethanol2-,2,HR46_ethanol"
HR46_44,HR46,0.000587227,"-1,HR46_methylformate0+,-1,HR46_methylformate0-,2,HR46_methylformate"
HR46_45,HR46,0.00049512,"-1,HR46_methylformate1+,-1,HR46_methylformate1-,2,HR46_methylformate"
HR46_46,HR46,0.000520495,"-1,HR46_methylformate2+,-1,HR46_methylformate2-,2,HR46_methylformate"
HR46_47,HR46,0.000737052,"-1,HR46_methylacetate0+,-1,HR46_methylacetate0-,2,HR46_methylacetate"
HR46_48,HR46,0.000741321,"-1,HR46_methylacetate1+,-1,HR46_methylacetate1-,2,HR46_methylacetate"
HR46_49,HR46,0.000682377,"-1,HR46_methylacetate2+,-1,HR46_methylacetate2-,2,HR46_methylacetate"
HR46_50,HR46,0.000728398,"-1,HR46_acetone0+,-1,HR46_acetone0-,2,HR46_acetone"
HR46_51,HR46,0.000689384,"-1,HR46_acetone1+,-1,HR46_acetone1-,2,HR46_acetone"
HR46_52,HR46,0.000546565,"-1,HR46_acetone2+,-1,HR46_acetone2-,2,HR46_acetone"
HR46_53,HR46,0.000557304,"-1,HR46_acetaldehyde0+,-1,HR46_acetaldehyde0-,2,HR46_acetaldehyde"
HR46_54,HR46,0.0004698,"-1,HR46_acetaldehyde1+,-1,HR46_acetaldehyde1-,2,HR46_acetaldehyde"
HR46_55,HR46,0.000389055,"-1,HR46_acetaldehyde2+,-1,HR46_acetaldehyde2-,2,HR46_acetaldehyde"
HR46_56,HR46,0.00059935,"-1,HR46_acetic_acid0+,-1,HR46_acetic_acid0-,2,HR46_acetic_acid"
HR46_57,HR46,0.000589228,"-1,HR46_acetic_acid1+,-1,HR46_acetic_acid1-,2,HR46_acetic_acid"
HR46_58,HR46,0.000417436,"-1,HR46_acetic_acid2+,-1,HR46_acetic_acid2-,2,HR46_acetic_acid"
HR46_59,HR46,0.000561825,"-1,HR46_dimethyl_ether0+,-1,HR46_dimethyl_ether0-,2,HR46_dimethyl_ether"
HR46_60,HR46,0.000493099,"-1,HR46_dimethyl_ether1+,-1,HR46_dimethyl_ether1-,2,HR46_dimethyl_ether"
HR46_61,HR46,0.000514737,"-1,HR46_dimethyl_ether2+,-1,HR46_dimethyl_ether2-,2,HR46_dimethyl_ether"
HR46_62,HR46,0.000835678,"-1,HR46_N-methylacetamide0+,-1,HR46_N-methylacetamide0-,2,HR46_N-methylacetamide"
HR46_63,HR46,0.000685502,"-1,HR46_N-methylacetamide1+,-1,HR46_N-methylacetamide1-,2,HR46_N-methylacetamide"
HR46_64,HR46,0.000891256,"-1,HR46_N-methylacetamide2+,-1,HR46_N-methylacetamide2-,2,HR46_N-methylacetamide"
HR46_65,HR46,0.000843343,"-1,HR46_dimethyl_sulfide0+,-1,HR46_dimethyl_sulfide0-,2,HR46_dimethyl_sulfide"
HR46_66,HR46,0.000698061,"-1,HR46_dimethyl_sulfide1+,-1,HR46_dimethyl_sulfide1-,2,HR46_dimethyl_sulfide"
HR46_67,HR46,0.000767884,"-1,HR46_dimethyl_sulfide2+,-1,HR46_dimethyl_sulfide2-,2,HR46_dimethyl_sulfide"
HR46_68,HR46,0.000863842,"-1,HR46_dimethyl_sulfone0+,-1,HR46_dimethyl_sulfone0-,2,HR46_dimethyl_sulfone"
HR46_69,HR46,0.000813506,"-1,HR46_dimethyl_sulfone1+,-1,HR46_dimethyl_sulfone1-,2,HR46_dimethyl_sulfone"
HR46_70,HR46,0.000845856,"-1,HR46_dimethyl_sulfone2+,-1,HR46_dimethyl_sulfone2-,2,HR46_dimethyl_sulfone"
HR46_71,HR46,0.000281641,"-1,HR46_fluoromethane0+,-1,HR46_fluoromethane0-,2,HR46_fluoromethane"
HR46_72,HR46,0.000257064,"-1,HR46_fluoromethane1+,-1,HR46_fluoromethane1-,2,HR46_fluoromethane"
HR46_73,HR46,0.000470144,"-1,HR46_phosphine0+,-1,HR46_phosphine0-,2,HR46_phosphine"
HR46_74,HR46,0.000467497,"-1,HR46_phosphine1+,-1,HR46_phosphine1-,2,HR46_phosphine"
HR46_75,HR46,0.000488789,"-1,HR46_phosphine2+,-1,HR46_phosphine2-,2,HR46_phosphine"
HR46_76,HR46,0.000383174,"-1,HR46_hydrogen_sulfide0+,-1,HR46_hydrogen_sulfide0-,2,HR46_hydrogen_sulfide"
HR46_77,HR46,0.000389447,"-1,HR46_hydrogen_sulfide1+,-1,HR46_hydrogen_sulfide1-,2,HR46_hydrogen_sulfide"
HR46_78,HR46,0.000383852,"-1,HR46_hydrogen_sulfide2+,-1,HR46_hydrogen_sulfide2-,2,HR46_hydrogen_sulfide"
HR46_79,HR46,0.000492113,"-1,HR46_silane0+,-1,HR46_silane0-,2,HR46_silane"
HR46_80,HR46,0.000492133,"-1,HR46_silane1+,-1,HR46_silane1-,2,HR46_silane"
HR46_81,HR46,0.000217484,"-1,HR46_ammonia0+,-1,HR46_ammonia0-,2,HR46_ammonia"
HR46_82,HR46,0.000214998,"-1,HR46_ammonia1+,-1,HR46_ammonia1-,2,HR46_ammonia"
HR46_83,HR46,0.000237532,"-1,HR46_ammonia2+,-1,HR46_ammonia2-,2,HR46_ammonia"
HR46_84,HR46,0.000632198,"-1,HR46_dimethyl_amine0+,-1,HR46_dimethyl_amine0-,2,HR46_dimethyl_amine"
HR46_85,HR46,0.00054759,"-1,HR46_dimethyl_amine1+,-1,HR46_dimethyl_amine1-,2,HR46_dimethyl_amine"
HR46_86,HR46,0.000603976,"-1,HR46_dimethyl_amine2+,-1,HR46_dimethyl_amine2-,2,HR46_dimethyl_amine"
HR46_87,HR46,0.00080955,"-1,HR46_trimethyl_amine0+,-1,HR46_trimethyl_amine0-,2,HR46_trimethyl_amine"
HR46_88,HR46,0.000811662,"-1,HR46_trimethyl_amine1+,-1,HR46_trimethyl_amine1-,2,HR46_trimethyl_amine"
HR46_89,HR46,0.000761205,"-1,HR46_trimethyl_amine2+,-1,HR46_trimethyl_amine2-,2,HR46_trimethyl_amine"
HR46_90,HR46,0.000620255,"-1,HR46_acetonitrile0+,-1,HR46_acetonitrile0-,2,HR46_acetonitrile"
HR46_91,HR46,0.000381917,"-1,HR46_acetonitrile1+,-1,HR46_acetonitrile1-,2,HR46_acetonitrile"
HR46_92,HR46,0.0003819,"-1,HR46_acetonitrile2+,-1,HR46_acetonitrile2-,2,HR46_acetonitrile"
HR46_93,HR46,0.000871444,"-1,HR46_imidazole0+,-1,HR46_imidazole0-,2,HR46_imidazole"
HR46_94,HR46,0.000897042,"-1,HR46_imidazole1+,-1,HR46_imidazole1-,2,HR46_imidazole"
HR46_95,HR46,0.000533551,"-1,HR46_imidazole2+,-1,HR46_imidazole2-,2,HR46_imidazole"
HR46_96,HR46,0.000959748,"-1,HR46_pyrrole0+,-1,HR46_pyrrole0-,2,HR46_pyrrole"
HR46_97,HR46,0.000991855,"-1,HR46_pyrrole1+,-1,HR46_pyrrole1-,2,HR46_pyrrole"
HR46_98,HR46,0.000608375,"-1,HR46_pyrrole2+,-1,HR46_pyrrole2-,2,HR46_pyrrole"
HR46_99,HR46,0.00086963,"-1,HR46_pyrazole0+,-1,HR46_pyrazole0-,2,HR46_pyrazole"
HR46_100,HR46,0.000891793,"-1,HR46_pyrazole1+,-1,HR46_pyrazole1-,2,HR46_pyrazole"
HR46_101,HR46,0.000536146,"-1,HR46_pyrazole2+,-1,HR46_pyrazole2-,2,HR46_pyrazole"
HR46_102,HR46,0.000831556,"-1,HR46_furan0+,-1,HR46_furan0-,2,HR46_furan"
HR46_103,HR46,0.000897504,"-1,HR46_furan1+,-1,HR46_furan1-,2,HR46_furan"
HR46_104,HR46,0.000541906,"-1,HR46_furan2+,-1,HR46_furan2-,2,HR46_furan"
HR46_105,HR46,0.001204044,"-1,HR46_thiophene0+,-1,HR46_thiophene0-,2,HR46_thiophene"
HR46_106,HR46,0.001103747,"-1,HR46_thiophene1+,-1,HR46_thiophene1-,2,HR46_thiophene"
HR46_107,HR46,0.000695111,"-1,HR46_thiophene2+,-1,HR46_thiophene2-,2,HR46_thiophene"
HR46_108,HR46,0.001131925,"-1,HR46_pyridine0+,-1,HR46_pyridine0-,2,HR46_pyridine"
HR46_109,HR46,0.001197605,"-1,HR46_pyridine1+,-1,HR46_pyridine1-,2,HR46_pyridine"
HR46_110,HR46,0.000637611,"-1,HR46_pyridine2+,-1,HR46_pyridine2-,2,HR46_pyridine"
HR46_111,HR46,0.001439128,"-1,HR46_phenol0+,-1,HR46_phenol0-,2,HR46_phenol"
HR46_112,HR46,0.001306303,"-1,HR46_phenol1+,-1,HR46_phenol1-,2,HR46_phenol"
HR46_113,HR46,0.000731411,"-1,HR46_phenol2+,-1,HR46_phenol2-,2,HR46_phenol"
HR46_114,HR46,0.001720438,"-1,HR46_chlorobenzene0+,-1,HR46_chlorobenzene0-,2,HR46_chlorobenzene"
HR46_115,HR46,0.001366322,"-1,HR46_chlorobenzene1+,-1,HR46_chlorobenzene1-,2,HR46_chlorobenzene"
HR46_116,HR46,0.000818565,"-1,HR46_chlorobenzene2+,-1,HR46_chlorobenzene2-,2,HR46_chlorobenzene"
HR46_117,HR46,0.00128082,"-1,HR46_fluorobenzene0+,-1,HR46_fluorobenzene0-,2,HR46_fluorobenzene"
HR46_118,HR46,0.001247668,"-1,HR46_fluorobenzene1+,-1,HR46_fluorobenzene1-,2,HR46_fluorobenzene"
HR46_119,HR46,0.000686721,"-1,HR46_fluorobenzene2+,-1,HR46_fluorobenzene2-,2,HR46_fluorobenzene"
HR46_120,HR46,0.001593789,"-1,HR46_toluene0+,-1,HR46_toluene0-,2,HR46_toluene"
HR46_121,HR46,0.001390932,"-1,HR46_toluene1+,-1,HR46_toluene1-,2,HR46_toluene"
HR46_122,HR46,0.000842674,"-1,HR46_toluene2+,-1,HR46_toluene2-,2,HR46_toluene"
HR46_123,HR46,0.001256879,"-1,HR46_benzene0+,-1,HR46_benzene0-,2,HR46_benzene"
HR46_124,HR46,0.001256846,"-1,HR46_benzene1+,-1,HR46_benzene1-,2,HR46_benzene"
HR46_125,HR46,0.000697878,"-1,HR46_benzene2+,-1,HR46_benzene2-,2,HR46_benzene"
HR46_126,HR46,0.001672898,"-1,HR46_cytosine0+,-1,HR46_cytosine0-,2,HR46_cytosine"
HR46_127,HR46,0.001287782,"-1,HR46_cytosine1+,-1,HR46_cytosine1-,2,HR46_cytosine"
HR46_128,HR46,0.000720424,"-1,HR46_cytosine2+,-1,HR46_cytosine2-,2,HR46_cytosine"
HSG_1,HSG,-0.000825485511,"1,11_ala29-big_dim_HSG,-1,11_ala29-big_monA_HSG,-1,11_ala29-big_monB_HSG"
HSG_2,HSG,-0.003638191932,"1,12_ala128-small_dim_HSG,-1,12_ala128-small_monA_HSG,-1,12_ala128-small_monB_HSG"
HSG_3,HSG,-0.003948944199,"1,13_arg8_dim_HSG,-1,13_arg8_monA_HSG,-1,13_arg8_monB_HSG"
HSG_4,HSG,-0.02633585627,"1,14_ash26-asp125_dim_HSG,-1,14_ash26-asp125_monA_HSG,-1,14_ash26-asp125_monB_HSG"
HSG_5,HSG,-0.03039953977,"1,15_asp129-big_dim_HSG,-1,15_asp129-big_monA_HSG,-1,15_asp129-big_monB_HSG"
HSG_6,HSG,-0.009558421028,"1,16_asp130_dim_HSG,-1,16_asp130_monA_HSG,-1,16_asp130_monB_HSG"
HSG_7,HSG,-0.005271633338,"1,17_gly28-big_dim_HSG,-1,17_gly28-big_monA_HSG,-1,17_gly28-big_monB_HSG"
HSG_8,HSG,-0.000925882397,"1,18_gly50-ring-big_dim_HSG,-1,18_gly50-ring-big_monA_HSG,-1,18_gly50-ring-big_monB_HSG"
HSG_9,HSG,-0.008073184549,"1,19_gly50-v1_dim_HSG,-1,19_gly50-v1_monA_HSG,-1,19_gly50-v1_monB_HSG"
HSG_10,HSG,-0.0119663527,"1,20_gly127_dim_HSG,-1,20_gly127_monA_HSG,-1,20_gly127_monB_HSG"
HSG_11,HSG,-0.009998255006,"1,21_gly148_dim_HSG,-1,21_gly148_monA_HSG,-1,21_gly148_monB_HSG"
HSG_12,HSG,0.000481267614,"1,22_ile48-big_dim_HSG,-1,22_ile48-big_monA_HSG,-1,22_ile48-big_monB_HSG"
HSG_13,HSG,-0.003351343685,"1,23_ile147_dim_HSG,-1,23_ile147_monA_HSG,-1,23_ile147_monB_HSG"
HSG_14,HSG,-0.00219598269,"1,24_ile150-big_dim_HSG,-1,24_ile150-big_monA_HSG,-1,24_ile150-big_monB_HSG"
HSG_15,HSG,-0.001364122774,"1,25_ile184_dim_HSG,-1,25_ile184_monA_HSG,-1,25_ile184_monB_HSG"
HSG_16,HSG,-0.001752961509,"1,26_leu23-big_dim_HSG,-1,26_leu23-big_monA_HSG,-1,26_leu23-big_monB_HSG"
HSG_17,HSG,-0.002444584504,"1,27_pro181_dim_HSG,-1,27_pro181_monA_HSG,-1,27_pro181_monB_HSG"
HSG_18,HSG,-0.000752179847,"1,28_val33-big_dim_HSG,-1,28_val33-big_monA_HSG,-1,28_val33-big_monB_HSG"
HSG_19,HSG,-0.002546574992,"1,29_val83_dim_HSG,-1,29_val83_monA_HSG,-1,29_val83_monB_HSG"
HSG_20,HSG,0.000602381319,"1,30_val132_dim_HSG,-1,30_val132_monA_HSG,-1,30_val132_monB_HSG"
HSG_21,HSG,-0.01519976988,"1,31_wat200_dim_HSG,-1,31_wat200_monA_HSG,-1,31_wat200_monB_HSG"
HW30_1,HW30,-0.001577665358,"1,11_CH4_H2O_OH__C_dim_HW30,-1,11_CH4_H2O_OH__C_monA_HW30,-1,11_CH4_H2O_OH__C_monB_HW30"
HW30_2,HW30,-0.001051776905,"1,12_CH4_H2O_CH__O_dim_HW30,-1,12_CH4_H2O_CH__O_monA_HW30,-1,12_CH4_H2O_CH__O_monB_HW30"
HW30_3,HW30,-0.002151361852,"1,13_C2H6_H2O_CH__O_dim_HW30,-1,13_C2H6_H2O_CH__O_monA_HW30,-1,13_C2H6_H2O_CH__O_monB_HW30"
HW30_4,HW30,-0.001768897523,"1,14_C2H6_H2O_OH__C_dim_HW30,-1,14_C2H6_H2O_OH__C_monA_HW30,-1,14_C2H6_H2O_OH__C_monB_HW30"
HW30_5,HW30,-0.004605507964,"1,15_C2H2_H2O_CH__O_dim_HW30,-1,15_C2H2_H2O_CH__O_monA_HW30,-1,15_C2H2_H2O_CH__O_monB_HW30"
HW30_6,HW30,-0.004605507964,"1,16_C2H2_H2O_CH__Op_dim_HW30,-1,16_C2H2_H2O_CH__Op_monA_HW30,-1,16_C2H2_H2O_CH__Op_monB_HW30"
HW30_7,HW30,-0.003999939443,"1,17_C2H2_H2O_OH__pi_dim_HW30,-1,17_C2H2_H2O_OH__pi_monA_HW30,-1,17_C2H2_H2O_OH__pi_monB_HW30"
HW30_8,HW30,-0.003075650648,"1,18_C2H2_H2O_OH2__pi_dim_HW30,-1,18_C2H2_H2O_OH2__pi_monA_HW30,-1,18_C2H2_H2O_OH2__pi_monB_HW30"
HW30_9,HW30,-0.005418244664,"1,19_C4H2_H2O_CH__O_dim_HW30,-1,19_C4H2_H2O_CH__O_monA_HW30,-1,19_C4H2_H2O_CH__O_monB_HW30"
HW30_10,HW30,-0.005418244664,"1,20_C4H2_H2O_CH__Op_dim_HW30,-1,20_C4H2_H2O_CH__Op_monA_HW30,-1,20_C4H2_H2O_CH__Op_monB_HW30"
HW30_11,HW30,-0.003569667073,"1,21_C4H2_H2O_OH__pi_dim_HW30,-1,21_C4H2_H2O_OH__pi_monA_HW30,-1,21_C4H2_H2O_OH__pi_monB_HW30"
HW30_12,HW30,-0.002884418483,"1,22_C4H2_H2O_OH2__pi_dim_HW30,-1,22_C4H2_H2O_OH2__pi_monA_HW30,-1,22_C4H2_H2O_OH2__pi_monB_HW30"
HW30_13,HW30,-0.004047747484,"1,23_C2H4_H2O_OH__pi_dim_HW30,-1,23_C2H4_H2O_OH__pi_monA_HW30,-1,23_C2H4_H2O_OH__pi_monB_HW30"
HW30_14,HW30,-0.00137049718,"1,24_C2H4_H2O_CH2__O_dim_HW30,-1,24_C2H4_H2O_CH2__O_monA_HW30,-1,24_C2H4_H2O_CH2__O_monB_HW30"
HW30_15,HW30,-0.002151361852,"1,25_C2H4_H2O_CH2__Opi_dim_HW30,-1,25_C2H4_H2O_CH2__Opi_monA_HW30,-1,25_C2H4_H2O_CH2__Opi_monB_HW30"
HW30_16,HW30,-0.001848577591,"1,26_C4H6_H2O_CH__O_dim_HW30,-1,26_C4H6_H2O_CH__O_monA_HW30,-1,26_C4H6_H2O_CH__O_monB_HW30"
HW30_17,HW30,-0.002438210099,"1,27_C4H6_H2O_CH2__O_dim_HW30,-1,27_C4H6_H2O_CH2__O_monA_HW30,-1,27_C4H6_H2O_CH2__O_monB_HW30"
HW30_18,HW30,-0.004764868102,"1,28_C4H6_H2O_OH__pi_dim_HW30,-1,28_C4H6_H2O_OH__pi_monA_HW30,-1,28_C4H6_H2O_OH__pi_monB_HW30"
HW30_19,HW30,-0.002246977934,"1,29_C4H4_H2O_CH__Op_dim_HW30,-1,29_C4H4_H2O_CH__Op_monA_HW30,-1,29_C4H4_H2O_CH__Op_monB_HW30"
HW30_20,HW30,-0.002438210099,"1,30_C4H4_H2O_CH__O_dim_HW30,-1,30_C4H4_H2O_CH__O_monA_HW30,-1,30_C4H4_H2O_CH__O_monB_HW30"
HW30_21,HW30,-0.004382403772,"1,31_C4H4_H2O_OH__pi_dim_HW30,-1,31_C4H4_H2O_OH__pi_monA_HW30,-1,31_C4H4_H2O_OH__pi_monB_HW30"
HW30_22,HW30,-0.005179204458,"1,32_C4H4_H2O_OH2__pi_dim_HW30,-1,32_C4H4_H2O_OH2__pi_monA_HW30,-1,32_C4H4_H2O_OH2__pi_monB_HW30"
HW30_23,HW30,-0.002087617797,"1,33_C5H6_H2O_CH__O_dim_HW30,-1,33_C5H6_H2O_CH__O_monA_HW30,-1,33_C5H6_H2O_CH__O_monB_HW30"
HW30_24,HW30,-0.006071621226,"1,34_C5H6_H2O_OH__pi_dim_HW30,-1,34_C5H6_H2O_OH__pi_monA_HW30,-1,34_C5H6_H2O_OH__pi_monB_HW30"
HW30_25,HW30,-0.006055685213,"1,35_C5H6_H2O_OH2__pi_dim_HW30,-1,35_C5H6_H2O_OH2__pi_monA_HW30,-1,35_C5H6_H2O_OH2__pi_monB_HW30"
HW30_26,HW30,-0.002071681783,"1,36_C6H6_H2O_CH__O_dim_HW30,-1,36_C6H6_H2O_CH__O_monA_HW30,-1,36_C6H6_H2O_CH__O_monB_HW30"
HW30_27,HW30,-0.002390402058,"1,37_C6H6_H2O_CH__Onp_dim_HW30,-1,37_C6H6_H2O_CH__Onp_monA_HW30,-1,37_C6H6_H2O_CH__Onp_monB_HW30"
HW30_28,HW30,-0.002087617797,"1,38_C6H6_H2O_CH__Op_dim_HW30,-1,38_C6H6_H2O_CH__Op_monA_HW30,-1,38_C6H6_H2O_CH__Op_monB_HW30"
HW30_29,HW30,-0.005163268445,"1,39_C6H6_H2O_OH__pi_dim_HW30,-1,39_C6H6_H2O_OH__pi_monA_HW30,-1,39_C6H6_H2O_OH__pi_monB_HW30"
HW30_30,HW30,-0.005067652362,"1,40_C6H6_H2O_OH2__pi_dim_HW30,-1,40_C6H6_H2O_OH2__pi_monA_HW30,-1,40_C6H6_H2O_OH2__pi_monB_HW30"
HW6Cl_2,HW6Cl5,-0.049417579,"1,12_H2O2Cl_HW6Cl,-1,12_H2O2Cl_mon1_HW6Cl,-1,12_H2O2Cl_mon2_HW6Cl,-1,12_H2O2Cl_mon3_HW6Cl"
HW6Cl_3,HW6Cl5,-0.075887297,"1,13_H2O3Cl_HW6Cl,-1,13_H2O3Cl_mon1_HW6Cl,-1,13_H2O3Cl_mon2_HW6Cl,-1,13_H2O3Cl_mon3_HW6Cl,-1,13_H2O3Cl_mon4_HW6Cl"
HW6Cl_4,HW6Cl5,-0.0927476,"1,14_H2O4Cl_HW6Cl,-1,14_H2O4Cl_mon1_HW6Cl,-1,14_H2O4Cl_mon2_HW6Cl,-1,14_H2O4Cl_mon3_HW6Cl,-1,14_H2O4Cl_mon4_HW6Cl,-1,14_H2O4Cl_mon5_HW6Cl"
HW6Cl_5,HW6Cl5,-0.119089831,"1,15_H2O5Cl_HW6Cl,-1,15_H2O5Cl_mon1_HW6Cl,-1,15_H2O5Cl_mon2_HW6Cl,-1,15_H2O5Cl_mon3_HW6Cl,-1,15_H2O5Cl_mon4_HW6Cl,-1,15_H2O5Cl_mon5_HW6Cl,-1,15_H2O5Cl_mon6_HW6Cl"
HW6Cl_6,HW6Cl5,-0.138420215,"1,16_H2O6Cl_HW6Cl,-1,16_H2O6Cl_mon1_HW6Cl,-1,16_H2O6Cl_mon2_HW6Cl,-1,16_H2O6Cl_mon3_HW6Cl,-1,16_H2O6Cl_mon4_HW6Cl,-1,16_H2O6Cl_mon5_HW6Cl,-1,16_H2O6Cl_mon6_HW6Cl,-1,16_H2O6Cl_mon7_HW6Cl"
HW6F_1,HW6F,-0.05148926032,"1,11_H2O1F_HW6F,-1,11_H2O1F_mon1_HW6F,-1,11_H2O1F_mon2_HW6F"
HW6F_2,HW6F,-0.083297544,"1,12_H2O2F_HW6F,-1,12_H2O2F_mon1_HW6F,-1,12_H2O2F_mon2_HW6F,-1,12_H2O2F_mon3_HW6F"
HW6F_3,HW6F,-0.1117752,"1,13_H2O3F_HW6F,-1,13_H2O3F_mon1_HW6F,-1,13_H2O3F_mon2_HW6F,-1,13_H2O3F_mon3_HW6F,-1,13_H2O3F_mon4_HW6F"
HW6F_4,HW6F,-0.135838581,"1,14_H2O4F_HW6F,-1,14_H2O4F_mon1_HW6F,-1,14_H2O4F_mon2_HW6F,-1,14_H2O4F_mon3_HW6F,-1,14_H2O4F_mon4_HW6F,-1,14_H2O4F_mon5_HW6F"
HW6F_5,HW6F,-0.161097163,"1,15_H2O5F_HW6F,-1,15_H2O5F_mon1_HW6F,-1,15_H2O5F_mon2_HW6F,-1,15_H2O5F_mon3_HW6F,-1,15_H2O5F_mon4_HW6F,-1,15_H2O5F_mon5_HW6F,-1,15_H2O5F_mon6_HW6F"
HW6F_6,HW6F,-0.185782048,"1,16_H2O6F_HW6F,-1,16_H2O6F_mon1_HW6F,-1,16_H2O6F_mon2_HW6F,-1,16_H2O6F_mon3_HW6F,-1,16_H2O6F_mon4_HW6F,-1,16_H2O6F_mon5_HW6F,-1,16_H2O6F_mon6_HW6F,-1,16_H2O6F_mon7_HW6F"
He3_1,He3,0.0086019,"1,He3_1,3,He3_He,-1,He3_1_dim12,-1,He3_1_dim23,-1,He3_1_dim31"
He3_2,He3,0.0047664,"1,He3_2,3,He3_He,-1,He3_2_dim12,-1,He3_2_dim23,-1,He3_2_dim31"
He3_3,He3,0.001598,"1,He3_3,3,He3_He,-1,He3_3_dim12,-1,He3_3_dim23,-1,He3_3_dim31"
He3_4,He3,0.00055719,"1,He3_4,3,He3_He,-1,He3_4_dim12,-1,He3_4_dim23,-1,He3_4_dim31"
He3_5,He3,0.00043513,"1,He3_5,3,He3_He,-1,He3_5_dim12,-1,He3_5_dim23,-1,He3_5_dim31"
He3_6,He3,0.00037793,"1,He3_6,3,He3_He,-1,He3_6_dim12,-1,He3_6_dim23,-1,He3_6_dim31"
He3_7,He3,0.00034933,"1,He3_7,3,He3_He,-1,He3_7_dim12,-1,He3_7_dim23,-1,He3_7_dim31"
He3_8,He3,0.00033452,"1,He3_8,3,He3_He,-1,He3_8_dim12,-1,He3_8_dim23,-1,He3_8_dim31"
He3_9,He3,0.00032723,"1,He3_9,3,He3_He,-1,He3_9_dim12,-1,He3_9_dim23,-1,He3_9_dim31"
He3_10,He3,0.00032331,"1,He3_10,3,He3_He,-1,He3_10_dim12,-1,He3_10_dim23,-1,He3_10_dim31"
He3_11,He3,0.00032148,"1,He3_11,3,He3_He,-1,He3_11_dim12,-1,He3_11_dim23,-1,He3_11_dim31"
He3_12,He3,0.00032094,"1,He3_12,3,He3_He,-1,He3_12_dim12,-1,He3_12_dim23,-1,He3_12_dim31"
He3_13,He3,0.00016021,"1,He3_13,3,He3_He,-1,He3_13_dim12,-1,He3_13_dim23,-1,He3_13_dim31"
He3_14,He3,-0.00010054,"1,He3_14,3,He3_He,-1,He3_14_dim12,-1,He3_14_dim23,-1,He3_14_dim31"
He3_15,He3,-0.00014535,"1,He3_15,3,He3_He,-1,He3_15_dim12,-1,He3_15_dim23,-1,He3_15_dim31"
He3_16,He3,-0.00016532,"1,He3_16,3,He3_He,-1,He3_16_dim12,-1,He3_16_dim23,-1,He3_16_dim31"
He3_17,He3,-0.00017851,"1,He3_17,3,He3_He,-1,He3_17_dim12,-1,He3_17_dim23,-1,He3_17_dim31"
He3_18,He3,-0.00018527,"1,He3_18,3,He3_He,-1,He3_18_dim12,-1,He3_18_dim23,-1,He3_18_dim31"
He3_19,He3,-0.00023349,"1,He3_19,3,He3_He,-1,He3_19_dim12,-1,He3_19_dim23,-1,He3_19_dim31"
He3_20,He3,-0.00023422,"1,He3_20,3,He3_He,-1,He3_20_dim12,-1,He3_20_dim23,-1,He3_20_dim31"
He3_21,He3,-0.00026085,"1,He3_21,3,He3_He,-1,He3_21_dim12,-1,He3_21_dim23,-1,He3_21_dim31"
He3_22,He3,-0.00028086,"1,He3_22,3,He3_He,-1,He3_22_dim12,-1,He3_22_dim23,-1,He3_22_dim31"
He3_23,He3,-0.00028506,"1,He3_23,3,He3_He,-1,He3_23_dim12,-1,He3_23_dim23,-1,He3_23_dim31"
He3_24,He3,-0.00031346,"1,He3_24,3,He3_He,-1,He3_24_dim12,-1,He3_24_dim23,-1,He3_24_dim31"
He3_25,He3,-0.00037106,"1,He3_25,3,He3_He,-1,He3_25_dim12,-1,He3_25_dim23,-1,He3_25_dim31"
He3_26,He3,-0.00038364,"1,He3_26,3,He3_He,-1,He3_26_dim12,-1,He3_26_dim23,-1,He3_26_dim31"
He3_27,He3,-0.00040997,"1,He3_27,3,He3_He,-1,He3_27_dim12,-1,He3_27_dim23,-1,He3_27_dim31"
He3_28,He3,-0.00052739,"1,He3_28,3,He3_He,-1,He3_28_dim12,-1,He3_28_dim23,-1,He3_28_dim31"
He3_29,He3,-0.00090301,"1,He3_29,3,He3_He,-1,He3_29_dim12,-1,He3_29_dim23,-1,He3_29_dim31"
He3_30,He3,-0.0009074,"1,He3_30,3,He3_He,-1,He3_30_dim12,-1,He3_30_dim23,-1,He3_30_dim31"
He3_31,He3,-0.0012623,"1,He3_31,3,He3_He,-1,He3_31_dim12,-1,He3_31_dim23,-1,He3_31_dim31"
He3_32,He3,-0.001545,"1,He3_32,3,He3_He,-1,He3_32_dim12,-1,He3_32_dim23,-1,He3_32_dim31"
He3_33,He3,-0.001841,"1,He3_33,3,He3_He,-1,He3_33_dim12,-1,He3_33_dim23,-1,He3_33_dim31"
He3_34,He3,-0.0019774,"1,He3_34,3,He3_He,-1,He3_34_dim12,-1,He3_34_dim23,-1,He3_34_dim31"
He3_35,He3,-0.0020308,"1,He3_35,3,He3_He,-1,He3_35_dim12,-1,He3_35_dim23,-1,He3_35_dim31"
He3_36,He3,-0.0025249,"1,He3_36,3,He3_He,-1,He3_36_dim12,-1,He3_36_dim23,-1,He3_36_dim31"
He3_37,He3,-0.0025691,"1,He3_37,3,He3_He,-1,He3_37_dim12,-1,He3_37_dim23,-1,He3_37_dim31"
He3_38,He3,-0.0042108,"1,He3_38,3,He3_He,-1,He3_38_dim12,-1,He3_38_dim23,-1,He3_38_dim31"
He3_39,He3,-0.0069448,"1,He3_39,3,He3_He,-1,He3_39_dim12,-1,He3_39_dim23,-1,He3_39_dim31"
He3_40,He3,-0.0087538,"1,He3_40,3,He3_He,-1,He3_40_dim12,-1,He3_40_dim23,-1,He3_40_dim31"
He3_41,He3,-0.011005,"1,He3_41,3,He3_He,-1,He3_41_dim12,-1,He3_41_dim23,-1,He3_41_dim31"
He3_42,He3,-0.012542,"1,He3_42,3,He3_He,-1,He3_42_dim12,-1,He3_42_dim23,-1,He3_42_dim31"
He3_43,He3,-0.017738,"1,He3_43,3,He3_He,-1,He3_43_dim12,-1,He3_43_dim23,-1,He3_43_dim31"
He3_44,He3,-0.028218,"1,He3_44,3,He3_He,-1,He3_44_dim12,-1,He3_44_dim23,-1,He3_44_dim31"
He3_45,He3,-0.043109,"1,He3_45,3,He3_He,-1,He3_45_dim12,-1,He3_45_dim23,-1,He3_45_dim31"
He3_46,He3,-0.066556,"1,He3_46,3,He3_He,-1,He3_46_dim12,-1,He3_46_dim23,-1,He3_46_dim31"
He3_47,He3,-0.10077,"1,He3_47,3,He3_He,-1,He3_47_dim12,-1,He3_47_dim23,-1,He3_47_dim31"
He3_48,He3,-0.14558,"1,He3_48,3,He3_He,-1,He3_48_dim12,-1,He3_48_dim23,-1,He3_48_dim31"
He3_49,He3,-0.20844,"1,He3_49,3,He3_He,-1,He3_49_dim12,-1,He3_49_dim23,-1,He3_49_dim31"
ICONF_1,ICONF,0.001434242,"-1,ICONF_N3H5_1,1,ICONF_N3H5_2"
ICONF_2,ICONF,0.008430158,"-1,ICONF_N3H5_1,1,ICONF_N3H5_3"
ICONF_3,ICONF,0.000207168,"-1,ICONF_N4H6_1,1,ICONF_N4H6_2"
ICONF_4,ICONF,0.003713094,"-1,ICONF_N4H6_1,1,ICONF_N4H6_3"
ICONF_5,ICONF,0.019378208,"-1,ICONF_N3P3H12_1,1,ICONF_N3P3H12_2"
ICONF_6,ICONF,0.00015936,"-1,ICONF_SI5H12_1,1,ICONF_SI5H12_2"
ICONF_7,ICONF,0.001641411,"-1,ICONF_SI5H12_1,1,ICONF_SI5H12_3"
ICONF_8,ICONF,0.005593545,"-1,ICONF_SI5H12_1,1,ICONF_SI5H12_4"
ICONF_9,ICONF,0.002693188,"-1,ICONF_SI6H12_1,1,ICONF_SI6H12_2"
ICONF_10,ICONF,0.002231044,"-1,ICONF_P7H7_1,1,ICONF_P7H7_2"
ICONF_11,ICONF,0.006995916,"-1,ICONF_S4O4_1,1,ICONF_S4O4_2"
ICONF_12,ICONF,0.0145974,"-1,ICONF_S8_1,1,ICONF_S8_2"
ICONF_13,ICONF,0.000876481,"-1,ICONF_H2S2O7_1,1,ICONF_H2S2O7_2"
ICONF_14,ICONF,0.005657289,"-1,ICONF_H2S2O7_1,1,ICONF_H2S2O7_3"
ICONF_15,ICONF,0.002119492,"-1,ICONF_H4P2O7_1,1,ICONF_H4P2O7_2"
ICONF_16,ICONF,0.005832586,"-1,ICONF_H4P2O7_1,1,ICONF_H4P2O7_3"
ICONF_17,ICONF,0.006932171,"-1,ICONF_H4P2O7_1,1,ICONF_H4P2O7_4"
IDISP_1,IDISP,-0.014581464,"1,IDISP_antdimer,-2,IDISP_ant"
IDISP_2,IDISP,-0.096062367,"2,IDISP_pxylene,-1,IDISP_pc22,-2,IDISP_h2"
IDISP_3,IDISP,-0.001928259,"1,IDISP_octane1,-1,IDISP_octane2"
IDISP_4,IDISP,0.014501784,"1,IDISP_undecan1,-1,IDISP_undecan2"
IDISP_5,IDISP,-0.005800714,"-1,IDISP_F14f,1,IDISP_F14l"
IDISP_6,IDISP,-0.003123461,"-1,IDISP_F22f,1,IDISP_F22l"
IHB100_1,IHB100,-0.035725357,"1,IHB100x10_01.001_OHk-O__oxonium--methylcyanate_100,-1,IHB100x10_01.001_OHk-O__oxonium--methylcyanate_monA,-1,IHB100x10_01.001_OHk-O__oxonium--methylcyanate_monB"
IHB100_2,IHB100,-0.041763513,"1,IHB100x10_02.001_NHk-O__ammonium--acetaldehyde_100,-1,IHB100x10_02.001_NHk-O__ammonium--acetaldehyde_monA,-1,IHB100x10_02.001_NHk-O__ammonium--acetaldehyde_monB"
IHB100_3,IHB100,-0.058977596,"1,IHB100x10_02.002_NHk-O__ammonium--dimethylcarbonate_100,-1,IHB100x10_02.002_NHk-O__ammonium--dimethylcarbonate_monA,-1,IHB100x10_02.002_NHk-O__ammonium--dimethylcarbonate_monB"
IHB100_4,IHB100,-0.043677428,"1,IHB100x10_02.003_NHk-O__ammonium--dimethylether_100,-1,IHB100x10_02.003_NHk-O__ammonium--dimethylether_monA,-1,IHB100x10_02.003_NHk-O__ammonium--dimethylether_monB"
IHB100_5,IHB100,-0.039599402,"1,IHB100x10_02.004_NHk-O__ammonium--nitromethane_100,-1,IHB100x10_02.004_NHk-O__ammonium--nitromethane_monA,-1,IHB100x10_02.004_NHk-O__ammonium--nitromethane_monB"
IHB100_6,IHB100,-0.028302362,"1,IHB100x10_02.005_NHk-O__guanidinium--nitrosomethane_100,-1,IHB100x10_02.005_NHk-O__guanidinium--nitrosomethane_monA,-1,IHB100x10_02.005_NHk-O__guanidinium--nitrosomethane_monB"
IHB100_7,IHB100,-0.035352454,"1,IHB100x10_02.006_NHk-O__imidazolium--acetone_100,-1,IHB100x10_02.006_NHk-O__imidazolium--acetone_monA,-1,IHB100x10_02.006_NHk-O__imidazolium--acetone_monB"
IHB100_8,IHB100,-0.047924376,"1,IHB100x10_02.007_NHk-O__imidazolium--Nmethylacetamide_100,-1,IHB100x10_02.007_NHk-O__imidazolium--Nmethylacetamide_monA,-1,IHB100x10_02.007_NHk-O__imidazolium--Nmethylacetamide_monB"
IHB100_9,IHB100,-0.028111129,"1,IHB100x10_02.008_NHk-O__imidazolium--phenol_100,-1,IHB100x10_02.008_NHk-O__imidazolium--phenol_monA,-1,IHB100x10_02.008_NHk-O__imidazolium--phenol_monB"
IHB100_10,IHB100,-0.031865654,"1,IHB100x10_02.009_NHk-O__trimethylammonium--acetaldehyde_100,-1,IHB100x10_02.009_NHk-O__trimethylammonium--acetaldehyde_monA,-1,IHB100x10_02.009_NHk-O__trimethylammonium--acetaldehyde_monB"
IHB100_11,IHB100,-0.044665461,"1,IHB100x10_02.010_NHk-O__trimethylammonium--acetamide_100,-1,IHB100x10_02.010_NHk-O__trimethylammonium--acetamide_monA,-1,IHB100x10_02.010_NHk-O__trimethylammonium--acetamide_monB"
IHB100_12,IHB100,-0.032211466,"1,IHB100x10_02.011_NHk-O__trimethylammonium--aceticacid_100,-1,IHB100x10_02.011_NHk-O__trimethylammonium--aceticacid_monA,-1,IHB100x10_02.011_NHk-O__trimethylammonium--aceticacid_monB"
IHB100_13,IHB100,-0.025596426,"1,IHB100x10_02.012_NHk-O__trimethylammonium--nitrosomethane_100,-1,IHB100x10_02.012_NHk-O__trimethylammonium--nitrosomethane_monA,-1,IHB100x10_02.012_NHk-O__trimethylammonium--nitrosomethane_monB"
IHB100_14,IHB100,-0.046437546,"1,IHB100x10_02.013_NHk-O__guanidinium--acetamide_100,-1,IHB100x10_02.013_NHk-O__guanidinium--acetamide_monA,-1,IHB100x10_02.013_NHk-O__guanidinium--acetamide_monB"
IHB100_15,IHB100,-0.022460219,"1,IHB100x10_02.014_NHk-O__guanidinium--furan_100,-1,IHB100x10_02.014_NHk-O__guanidinium--furan_monA,-1,IHB100x10_02.014_NHk-O__guanidinium--furan_monB"
IHB100_16,IHB100,-0.03282819,"1,IHB100x10_02.015_NHk-O__guanidinium--nitromethane_100,-1,IHB100x10_02.015_NHk-O__guanidinium--nitromethane_monA,-1,IHB100x10_02.015_NHk-O__guanidinium--nitromethane_monB"
IHB100_17,IHB100,-0.030142971,"1,IHB100x10_03.001_NHk-N__ammonium--methylazide_100,-1,IHB100x10_03.001_NHk-N__ammonium--methylazide_monA,-1,IHB100x10_03.001_NHk-N__ammonium--methylazide_monB"
IHB100_18,IHB100,-0.050513978,"1,IHB100x10_03.002_NHk-N__ammonium--methylcyanate_100,-1,IHB100x10_03.002_NHk-N__ammonium--methylcyanate_monA,-1,IHB100x10_03.002_NHk-N__ammonium--methylcyanate_monB"
IHB100_19,IHB100,-0.029113505,"1,IHB100x10_03.003_NHk-N__guanidinium--ammonia_100,-1,IHB100x10_03.003_NHk-N__guanidinium--ammonia_monA,-1,IHB100x10_03.003_NHk-N__guanidinium--ammonia_monB"
IHB100_20,IHB100,-0.025690449,"1,IHB100x10_03.004_NHk-N__guanidinium--dimethyldiazene_100,-1,IHB100x10_03.004_NHk-N__guanidinium--dimethyldiazene_monA,-1,IHB100x10_03.004_NHk-N__guanidinium--dimethyldiazene_monB"
IHB100_21,IHB100,-0.0349923,"1,IHB100x10_03.005_NHk-N__imidazolium--acetonitrile_100,-1,IHB100x10_03.005_NHk-N__imidazolium--acetonitrile_monA,-1,IHB100x10_03.005_NHk-N__imidazolium--acetonitrile_monB"
IHB100_22,IHB100,-0.037213781,"1,IHB100x10_03.006_NHk-N__imidazolium--aniline_100,-1,IHB100x10_03.006_NHk-N__imidazolium--aniline_monA,-1,IHB100x10_03.006_NHk-N__imidazolium--aniline_monB"
IHB100_23,IHB100,-0.036079137,"1,IHB100x10_03.007_NHk-N__trimethylammonium--acetonitrile_100,-1,IHB100x10_03.007_NHk-N__trimethylammonium--acetonitrile_monA,-1,IHB100x10_03.007_NHk-N__trimethylammonium--acetonitrile_monB"
IHB100_24,IHB100,-0.033307864,"1,IHB100x10_03.008_NHk-N__trimethylammonium--ammonia_100,-1,IHB100x10_03.008_NHk-N__trimethylammonium--ammonia_monA,-1,IHB100x10_03.008_NHk-N__trimethylammonium--ammonia_monB"
IHB100_25,IHB100,-0.040762731,"1,IHB100x10_03.009_NHk-N__trimethylammonium--dimethylamine_100,-1,IHB100x10_03.009_NHk-N__trimethylammonium--dimethylamine_monA,-1,IHB100x10_03.009_NHk-N__trimethylammonium--dimethylamine_monB"
IHB100_26,IHB100,-0.028711917,"1,IHB100x10_03.010_NHk-N__trimethylammonium--dimethyldiazene_100,-1,IHB100x10_03.010_NHk-N__trimethylammonium--dimethyldiazene_monA,-1,IHB100x10_03.010_NHk-N__trimethylammonium--dimethyldiazene_monB"
IHB100_27,IHB100,-0.037529314,"1,IHB100x10_03.011_NHk-N__trimethylammonium--methylamine_100,-1,IHB100x10_03.011_NHk-N__trimethylammonium--methylamine_monA,-1,IHB100x10_03.011_NHk-N__trimethylammonium--methylamine_monB"
IHB100_28,IHB100,-0.024433097,"1,IHB100x10_03.012_NHk-N__trimethylammonium--methylazide_100,-1,IHB100x10_03.012_NHk-N__trimethylammonium--methylazide_monA,-1,IHB100x10_03.012_NHk-N__trimethylammonium--methylazide_monB"
IHB100_29,IHB100,-0.043183412,"1,IHB100x10_03.013_NHk-N__trimethylammonium--trimethylamine_100,-1,IHB100x10_03.013_NHk-N__trimethylammonium--trimethylamine_monA,-1,IHB100x10_03.013_NHk-N__trimethylammonium--trimethylamine_monB"
IHB100_30,IHB100,-0.038726109,"1,IHB100x10_03.014_NHk-N__guanidinium--methylcyanate_100,-1,IHB100x10_03.014_NHk-N__guanidinium--methylcyanate_monA,-1,IHB100x10_03.014_NHk-N__guanidinium--methylcyanate_monB"
IHB100_31,IHB100,-0.042692583,"1,IHB100x10_03.015_NHk-N__guanidinium--Nmethyl2propanimine_100,-1,IHB100x10_03.015_NHk-N__guanidinium--Nmethyl2propanimine_monA,-1,IHB100x10_03.015_NHk-N__guanidinium--Nmethyl2propanimine_monB"
IHB100_32,IHB100,-0.046776983,"1,IHB100x10_04.001_NHk-C__ammonium--methylisocyanide_100,-1,IHB100x10_04.001_NHk-C__ammonium--methylisocyanide_monA,-1,IHB100x10_04.001_NHk-C__ammonium--methylisocyanide_monB"
IHB100_33,IHB100,-0.035244089,"1,IHB100x10_04.002_NHk-C__imidazolium--methylisocyanide_100,-1,IHB100x10_04.002_NHk-C__imidazolium--methylisocyanide_monA,-1,IHB100x10_04.002_NHk-C__imidazolium--methylisocyanide_monB"
IHB100_34,IHB100,-0.036625742,"1,IHB100x10_04.003_NHk-C__trimethylammonium--methylisocyanide_100,-1,IHB100x10_04.003_NHk-C__trimethylammonium--methylisocyanide_monA,-1,IHB100x10_04.003_NHk-C__trimethylammonium--methylisocyanide_monB"
IHB100_35,IHB100,-0.033626584,"1,IHB100x10_04.004_NHk-C__guanidinium--methylisocyanide_100,-1,IHB100x10_04.004_NHk-C__guanidinium--methylisocyanide_monA,-1,IHB100x10_04.004_NHk-C__guanidinium--methylisocyanide_monB"
IHB100_36,IHB100,-0.048714802,"1,IHB100x10_05.001_OH-Oa__water--oxalate_100,-1,IHB100x10_05.001_OH-Oa__water--oxalate_monA,-1,IHB100x10_05.001_OH-Oa__water--oxalate_monB"
IHB100_37,IHB100,-0.048596876,"1,IHB100x10_05.002_OH-Oa__aceticacid--benzoate_100,-1,IHB100x10_05.002_OH-Oa__aceticacid--benzoate_monA,-1,IHB100x10_05.002_OH-Oa__aceticacid--benzoate_monB"
IHB100_38,IHB100,-0.064297037,"1,IHB100x10_05.003_OH-Oa__aceticacid--nitrite_100,-1,IHB100x10_05.003_OH-Oa__aceticacid--nitrite_monA,-1,IHB100x10_05.003_OH-Oa__aceticacid--nitrite_monB"
IHB100_39,IHB100,-0.033827378,"1,IHB100x10_05.004_OH-Oa__methanol--acetate_100,-1,IHB100x10_05.004_OH-Oa__methanol--acetate_monA,-1,IHB100x10_05.004_OH-Oa__methanol--acetate_monB"
IHB100_40,IHB100,-0.03067364,"1,IHB100x10_05.005_OH-Oa__methanol--benzoate_100,-1,IHB100x10_05.005_OH-Oa__methanol--benzoate_monA,-1,IHB100x10_05.005_OH-Oa__methanol--benzoate_monB"
IHB100_41,IHB100,-0.026130283,"1,IHB100x10_05.006_OH-Oa__methanol--nitrate_100,-1,IHB100x10_05.006_OH-Oa__methanol--nitrate_monA,-1,IHB100x10_05.006_OH-Oa__methanol--nitrate_monB"
IHB100_42,IHB100,-0.030507906,"1,IHB100x10_05.007_OH-Oa__methanol--nitrite_100,-1,IHB100x10_05.007_OH-Oa__methanol--nitrite_monA,-1,IHB100x10_05.007_OH-Oa__methanol--nitrite_monB"
IHB100_43,IHB100,-0.051894037,"1,IHB100x10_05.008_OH-Oa__phenol--acetate_100,-1,IHB100x10_05.008_OH-Oa__phenol--acetate_monA,-1,IHB100x10_05.008_OH-Oa__phenol--acetate_monB"
IHB100_44,IHB100,-0.044644744,"1,IHB100x10_05.009_OH-Oa__phenol--benzoate_100,-1,IHB100x10_05.009_OH-Oa__phenol--benzoate_monA,-1,IHB100x10_05.009_OH-Oa__phenol--benzoate_monB"
IHB100_45,IHB100,-0.039714141,"1,IHB100x10_05.010_OH-Oa__phenol--nitrate_100,-1,IHB100x10_05.010_OH-Oa__phenol--nitrate_monA,-1,IHB100x10_05.010_OH-Oa__phenol--nitrate_monB"
IHB100_46,IHB100,-0.045570627,"1,IHB100x10_05.011_OH-Oa__phenol--nitrite_100,-1,IHB100x10_05.011_OH-Oa__phenol--nitrite_monA,-1,IHB100x10_05.011_OH-Oa__phenol--nitrite_monB"
IHB100_47,IHB100,-0.06522292,"1,IHB100x10_05.012_OH-Oa__water--hydroxide_100,-1,IHB100x10_05.012_OH-Oa__water--hydroxide_monA,-1,IHB100x10_05.012_OH-Oa__water--hydroxide_monB"
IHB100_48,IHB100,-0.02173513,"1,IHB100x10_05.013_OH-Oa__water--nitrate_100,-1,IHB100x10_05.013_OH-Oa__water--nitrate_monA,-1,IHB100x10_05.013_OH-Oa__water--nitrate_monB"
IHB100_49,IHB100,-0.027888025,"1,IHB100x10_05.014_OH-Oa__water--nitrite_100,-1,IHB100x10_05.014_OH-Oa__water--nitrite_monA,-1,IHB100x10_05.014_OH-Oa__water--nitrite_monB"
IHB100_50,IHB100,-0.030617864,"1,IHB100x10_05.015_OH-Oa__water--benzoate_100,-1,IHB100x10_05.015_OH-Oa__water--benzoate_monA,-1,IHB100x10_05.015_OH-Oa__water--benzoate_monB"
IHB100_51,IHB100,-0.049006431,"1,IHB100x10_06.001_OH-Na__aceticacid--cyanide_100,-1,IHB100x10_06.001_OH-Na__aceticacid--cyanide_monA,-1,IHB100x10_06.001_OH-Na__aceticacid--cyanide_monB"
IHB100_52,IHB100,-0.046423203,"1,IHB100x10_06.002_OH-Na__phenol--cyanide_100,-1,IHB100x10_06.002_OH-Na__phenol--cyanide_monA,-1,IHB100x10_06.002_OH-Na__phenol--cyanide_monB"
IHB100_53,IHB100,-0.026420318,"1,IHB100x10_06.003_OH-Na__water--cyanide_100,-1,IHB100x10_06.003_OH-Na__water--cyanide_monA,-1,IHB100x10_06.003_OH-Na__water--cyanide_monB"
IHB100_54,IHB100,-0.030123848,"1,IHB100x10_07.001_OH-Ca__methanol--cyanide_100,-1,IHB100x10_07.001_OH-Ca__methanol--cyanide_monA,-1,IHB100x10_07.001_OH-Ca__methanol--cyanide_monB"
IHB100_55,IHB100,-0.026568523,"1,IHB100x10_07.002_OH-Ca__water--cyanide_100,-1,IHB100x10_07.002_OH-Ca__water--cyanide_monA,-1,IHB100x10_07.002_OH-Ca__water--cyanide_monB"
IHB100_56,IHB100,-0.041605746,"1,IHB100x10_08.001_NH-Oa__ammonia--carbonate_100,-1,IHB100x10_08.001_NH-Oa__ammonia--carbonate_monA,-1,IHB100x10_08.001_NH-Oa__ammonia--carbonate_monB"
IHB100_57,IHB100,-0.029150157,"1,IHB100x10_08.002_NH-Oa__ammonia--oxalate_100,-1,IHB100x10_08.002_NH-Oa__ammonia--oxalate_monA,-1,IHB100x10_08.002_NH-Oa__ammonia--oxalate_monB"
IHB100_58,IHB100,-0.042031238,"1,IHB100x10_08.003_NH-Oa__1Hpyrrole--acetate_100,-1,IHB100x10_08.003_NH-Oa__1Hpyrrole--acetate_monA,-1,IHB100x10_08.003_NH-Oa__1Hpyrrole--acetate_monB"
IHB100_59,IHB100,-0.038067951,"1,IHB100x10_08.004_NH-Oa__1Hpyrrole--benzoate_100,-1,IHB100x10_08.004_NH-Oa__1Hpyrrole--benzoate_monA,-1,IHB100x10_08.004_NH-Oa__1Hpyrrole--benzoate_monB"
IHB100_60,IHB100,-0.037776322,"1,IHB100x10_08.005_NH-Oa__1Hpyrrole--nitrite_100,-1,IHB100x10_08.005_NH-Oa__1Hpyrrole--nitrite_monA,-1,IHB100x10_08.005_NH-Oa__1Hpyrrole--nitrite_monB"
IHB100_61,IHB100,-0.015618888,"1,IHB100x10_08.006_NH-Oa__ammonia--acetate_100,-1,IHB100x10_08.006_NH-Oa__ammonia--acetate_monA,-1,IHB100x10_08.006_NH-Oa__ammonia--acetate_monB"
IHB100_62,IHB100,-0.016313698,"1,IHB100x10_08.007_NH-Oa__ammonia--benzoate_100,-1,IHB100x10_08.007_NH-Oa__ammonia--benzoate_monA,-1,IHB100x10_08.007_NH-Oa__ammonia--benzoate_monB"
IHB100_63,IHB100,-0.031429008,"1,IHB100x10_08.008_NH-Oa__aniline--benzoate_100,-1,IHB100x10_08.008_NH-Oa__aniline--benzoate_monA,-1,IHB100x10_08.008_NH-Oa__aniline--benzoate_monB"
IHB100_64,IHB100,-0.031741353,"1,IHB100x10_08.009_NH-Oa__aniline--nitrite_100,-1,IHB100x10_08.009_NH-Oa__aniline--nitrite_monA,-1,IHB100x10_08.009_NH-Oa__aniline--nitrite_monB"
IHB100_65,IHB100,-0.022437908,"1,IHB100x10_08.010_NH-Oa__dimethylamine--acetate_100,-1,IHB100x10_08.010_NH-Oa__dimethylamine--acetate_monA,-1,IHB100x10_08.010_NH-Oa__dimethylamine--acetate_monB"
IHB100_66,IHB100,-0.035945274,"1,IHB100x10_08.011_NH-Oa__dimethylamine--hydroxide_100,-1,IHB100x10_08.011_NH-Oa__dimethylamine--hydroxide_monA,-1,IHB100x10_08.011_NH-Oa__dimethylamine--hydroxide_monB"
IHB100_67,IHB100,-0.018853899,"1,IHB100x10_08.012_NH-Oa__methylamine--acetate_100,-1,IHB100x10_08.012_NH-Oa__methylamine--acetate_monA,-1,IHB100x10_08.012_NH-Oa__methylamine--acetate_monB"
IHB100_68,IHB100,-0.018449124,"1,IHB100x10_08.013_NH-Oa__methylamine--benzoate_100,-1,IHB100x10_08.013_NH-Oa__methylamine--benzoate_monA,-1,IHB100x10_08.013_NH-Oa__methylamine--benzoate_monB"
IHB100_69,IHB100,-0.016289794,"1,IHB100x10_08.014_NH-Oa__methylamine--nitrate_100,-1,IHB100x10_08.014_NH-Oa__methylamine--nitrate_monA,-1,IHB100x10_08.014_NH-Oa__methylamine--nitrate_monB"
IHB100_70,IHB100,-0.018095344,"1,IHB100x10_08.015_NH-Oa__methylamine--nitrite_100,-1,IHB100x10_08.015_NH-Oa__methylamine--nitrite_monA,-1,IHB100x10_08.015_NH-Oa__methylamine--nitrite_monB"
IHB100_71,IHB100,-0.036405825,"1,IHB100x10_09.001_NH-Na__1Hpyrrole--cyanide_100,-1,IHB100x10_09.001_NH-Na__1Hpyrrole--cyanide_monA,-1,IHB100x10_09.001_NH-Na__1Hpyrrole--cyanide_monB"
IHB100_72,IHB100,-0.014353568,"1,IHB100x10_09.002_NH-Na__ammonia--cyanide_100,-1,IHB100x10_09.002_NH-Na__ammonia--cyanide_monA,-1,IHB100x10_09.002_NH-Na__ammonia--cyanide_monB"
IHB100_73,IHB100,-0.029690388,"1,IHB100x10_09.003_NH-Na__aniline--cyanide_100,-1,IHB100x10_09.003_NH-Na__aniline--cyanide_monA,-1,IHB100x10_09.003_NH-Na__aniline--cyanide_monB"
IHB100_74,IHB100,-0.018173431,"1,IHB100x10_09.004_NH-Na__dimethylamine--cyanide_100,-1,IHB100x10_09.004_NH-Na__dimethylamine--cyanide_monA,-1,IHB100x10_09.004_NH-Na__dimethylamine--cyanide_monB"
IHB100_75,IHB100,-0.016085813,"1,IHB100x10_09.005_NH-Na__methylamine--cyanide_100,-1,IHB100x10_09.005_NH-Na__methylamine--cyanide_monA,-1,IHB100x10_09.005_NH-Na__methylamine--cyanide_monB"
IHB100_76,IHB100,-0.039247216,"1,IHB100x10_09.006_NH-Na__Nmethylacetamide--cyanide_100,-1,IHB100x10_09.006_NH-Na__Nmethylacetamide--cyanide_monA,-1,IHB100x10_09.006_NH-Na__Nmethylacetamide--cyanide_monB"
IHB100_77,IHB100,-0.013859552,"1,IHB100x10_10.001_NH-Ca__ammonia--cyanide_100,-1,IHB100x10_10.001_NH-Ca__ammonia--cyanide_monA,-1,IHB100x10_10.001_NH-Ca__ammonia--cyanide_monB"
IHB100_78,IHB100,-0.028933428,"1,IHB100x10_10.002_NH-Ca__aniline--cyanide_100,-1,IHB100x10_10.002_NH-Ca__aniline--cyanide_monA,-1,IHB100x10_10.002_NH-Ca__aniline--cyanide_monB"
IHB100_79,IHB100,-0.017881802,"1,IHB100x10_10.003_NH-Ca__dimethylamine--cyanide_100,-1,IHB100x10_10.003_NH-Ca__dimethylamine--cyanide_monA,-1,IHB100x10_10.003_NH-Ca__dimethylamine--cyanide_monB"
IHB100_80,IHB100,-0.015604545,"1,IHB100x10_10.004_NH-Ca__methylamine--cyanide_100,-1,IHB100x10_10.004_NH-Ca__methylamine--cyanide_monA,-1,IHB100x10_10.004_NH-Ca__methylamine--cyanide_monB"
IHB100_81,IHB100,-0.039046422,"1,IHB100x10_10.005_NH-Ca__Nmethylacetamide--cyanide_100,-1,IHB100x10_10.005_NH-Ca__Nmethylacetamide--cyanide_monA,-1,IHB100x10_10.005_NH-Ca__Nmethylacetamide--cyanide_monB"
IHB100_82,IHB100,-0.035530938,"1,IHB100x10_11.001_CH-Oa__ethyne--oxalate_100,-1,IHB100x10_11.001_CH-Oa__ethyne--oxalate_monA,-1,IHB100x10_11.001_CH-Oa__ethyne--oxalate_monB"
IHB100_83,IHB100,-0.01884115,"1,IHB100x10_11.002_CH-Oa__ethene--oxalate_100,-1,IHB100x10_11.002_CH-Oa__ethene--oxalate_monA,-1,IHB100x10_11.002_CH-Oa__ethene--oxalate_monB"
IHB100_84,IHB100,-0.023405224,"1,IHB100x10_11.003_CH-Oa__benzene--hydroxide_100,-1,IHB100x10_11.003_CH-Oa__benzene--hydroxide_monA,-1,IHB100x10_11.003_CH-Oa__benzene--hydroxide_monB"
IHB100_85,IHB100,-0.015383035,"1,IHB100x10_11.004_CH-Oa__benzene--nitrite_100,-1,IHB100x10_11.004_CH-Oa__benzene--nitrite_monA,-1,IHB100x10_11.004_CH-Oa__benzene--nitrite_monB"
IHB100_86,IHB100,-0.016699349,"1,IHB100x10_11.005_CH-Oa__ethene--hydroxide_100,-1,IHB100x10_11.005_CH-Oa__ethene--hydroxide_monA,-1,IHB100x10_11.005_CH-Oa__ethene--hydroxide_monB"
IHB100_87,IHB100,-0.008635726,"1,IHB100x10_11.006_CH-Oa__ethene--nitrite_100,-1,IHB100x10_11.006_CH-Oa__ethene--nitrite_monA,-1,IHB100x10_11.006_CH-Oa__ethene--nitrite_monB"
IHB100_88,IHB100,-0.019985356,"1,IHB100x10_11.007_CH-Oa__ethyne--acetate_100,-1,IHB100x10_11.007_CH-Oa__ethyne--acetate_monA,-1,IHB100x10_11.007_CH-Oa__ethyne--acetate_monB"
IHB100_89,IHB100,-0.015845179,"1,IHB100x10_11.008_CH-Oa__ethyne--nitrate_100,-1,IHB100x10_11.008_CH-Oa__ethyne--nitrate_monA,-1,IHB100x10_11.008_CH-Oa__ethyne--nitrate_monB"
IHB100_90,IHB100,-0.005591947,"1,IHB100x10_11.009_CH-Oa__methane--acetate_100,-1,IHB100x10_11.009_CH-Oa__methane--acetate_monA,-1,IHB100x10_11.009_CH-Oa__methane--acetate_monB"
IHB100_91,IHB100,-0.009567983,"1,IHB100x10_11.010_CH-Oa__methane--hydroxide_100,-1,IHB100x10_11.010_CH-Oa__methane--hydroxide_monA,-1,IHB100x10_11.010_CH-Oa__methane--hydroxide_monB"
IHB100_92,IHB100,-0.004651723,"1,IHB100x10_11.011_CH-Oa__methane--nitrate_100,-1,IHB100x10_11.011_CH-Oa__methane--nitrate_monA,-1,IHB100x10_11.011_CH-Oa__methane--nitrate_monB"
IHB100_93,IHB100,-0.004704311,"1,IHB100x10_11.012_CH-Oa__methane--nitrite_100,-1,IHB100x10_11.012_CH-Oa__methane--nitrite_monA,-1,IHB100x10_11.012_CH-Oa__methane--nitrite_monB"
IHB100_94,IHB100,-0.017888176,"1,IHB100x10_11.013_CH-Oa__benzene--acetate_100,-1,IHB100x10_11.013_CH-Oa__benzene--acetate_monA,-1,IHB100x10_11.013_CH-Oa__benzene--acetate_monB"
IHB100_95,IHB100,-0.016200552,"1,IHB100x10_11.014_CH-Oa__benzene--benzoate_100,-1,IHB100x10_11.014_CH-Oa__benzene--benzoate_monA,-1,IHB100x10_11.014_CH-Oa__benzene--benzoate_monB"
IHB100_96,IHB100,-0.011757591,"1,IHB100x10_11.015_CH-Oa__ethene--acetate_100,-1,IHB100x10_11.015_CH-Oa__ethene--acetate_monA,-1,IHB100x10_11.015_CH-Oa__ethene--acetate_monB"
IHB100_97,IHB100,-0.013687443,"1,IHB100x10_12.001_CH-Na__benzene--cyanide_100,-1,IHB100x10_12.001_CH-Na__benzene--cyanide_monA,-1,IHB100x10_12.001_CH-Na__benzene--cyanide_monB"
IHB100_98,IHB100,-0.00808434,"1,IHB100x10_12.002_CH-Na__ethene--cyanide_100,-1,IHB100x10_12.002_CH-Na__ethene--cyanide_monA,-1,IHB100x10_12.002_CH-Na__ethene--cyanide_monB"
IHB100_99,IHB100,-0.017940765,"1,IHB100x10_12.003_CH-Na__ethyne--cyanide_100,-1,IHB100x10_12.003_CH-Na__ethyne--cyanide_monA,-1,IHB100x10_12.003_CH-Na__ethyne--cyanide_monB"
IHB100_100,IHB100,-0.004132209,"1,IHB100x10_13.001_CH-Ca__methane--cyanide_100,-1,IHB100x10_13.001_CH-Ca__methane--cyanide_monA,-1,IHB100x10_13.001_CH-Ca__methane--cyanide_monB"
IHB100x2_1,IHB100x2,-0.021186931,"1,IHB100x10_01.001_OHk-O__oxonium--methylcyanate_080,-1,IHB100x10_01.001_OHk-O__oxonium--methylcyanate_monA,-1,IHB100x10_01.001_OHk-O__oxonium--methylcyanate_monB"
IHB100x2_2,IHB100x2,-0.019005291,"1,IHB100x10_01.001_OHk-O__oxonium--methylcyanate_150,-1,IHB100x10_01.001_OHk-O__oxonium--methylcyanate_monA,-1,IHB100x10_01.001_OHk-O__oxonium--methylcyanate_monB"
IHB100x2_3,IHB100x2,-0.028490407,"1,IHB100x10_02.001_NHk-O__ammonium--acetaldehyde_080,-1,IHB100x10_02.001_NHk-O__ammonium--acetaldehyde_monA,-1,IHB100x10_02.001_NHk-O__ammonium--acetaldehyde_monB"
IHB100x2_4,IHB100x2,-0.027888025,"1,IHB100x10_02.001_NHk-O__ammonium--acetaldehyde_150,-1,IHB100x10_02.001_NHk-O__ammonium--acetaldehyde_monA,-1,IHB100x10_02.001_NHk-O__ammonium--acetaldehyde_monB"
IHB100x2_5,IHB100x2,-0.044703708,"1,IHB100x10_02.002_NHk-O__ammonium--dimethylcarbonate_080,-1,IHB100x10_02.002_NHk-O__ammonium--dimethylcarbonate_monA,-1,IHB100x10_02.002_NHk-O__ammonium--dimethylcarbonate_monB"
IHB100x2_6,IHB100x2,-0.04147029,"1,IHB100x10_02.002_NHk-O__ammonium--dimethylcarbonate_150,-1,IHB100x10_02.002_NHk-O__ammonium--dimethylcarbonate_monA,-1,IHB100x10_02.002_NHk-O__ammonium--dimethylcarbonate_monB"
IHB100x2_7,IHB100x2,-0.030162094,"1,IHB100x10_02.003_NHk-O__ammonium--dimethylether_080,-1,IHB100x10_02.003_NHk-O__ammonium--dimethylether_monA,-1,IHB100x10_02.003_NHk-O__ammonium--dimethylether_monB"
IHB100x2_8,IHB100x2,-0.027961331,"1,IHB100x10_02.003_NHk-O__ammonium--dimethylether_150,-1,IHB100x10_02.003_NHk-O__ammonium--dimethylether_monA,-1,IHB100x10_02.003_NHk-O__ammonium--dimethylether_monB"
IHB100x2_9,IHB100x2,-0.028664109,"1,IHB100x10_02.004_NHk-O__ammonium--nitromethane_080,-1,IHB100x10_02.004_NHk-O__ammonium--nitromethane_monA,-1,IHB100x10_02.004_NHk-O__ammonium--nitromethane_monB"
IHB100x2_10,IHB100x2,-0.027411538,"1,IHB100x10_02.004_NHk-O__ammonium--nitromethane_150,-1,IHB100x10_02.004_NHk-O__ammonium--nitromethane_monA,-1,IHB100x10_02.004_NHk-O__ammonium--nitromethane_monB"
IHB100x2_11,IHB100x2,-0.016165493,"1,IHB100x10_02.005_NHk-O__guanidinium--nitrosomethane_080,-1,IHB100x10_02.005_NHk-O__guanidinium--nitrosomethane_monA,-1,IHB100x10_02.005_NHk-O__guanidinium--nitrosomethane_monB"
IHB100x2_12,IHB100x2,-0.017030819,"1,IHB100x10_02.005_NHk-O__guanidinium--nitrosomethane_150,-1,IHB100x10_02.005_NHk-O__guanidinium--nitrosomethane_monA,-1,IHB100x10_02.005_NHk-O__guanidinium--nitrosomethane_monB"
IHB100x2_13,IHB100x2,-0.023685698,"1,IHB100x10_02.006_NHk-O__imidazolium--acetone_080,-1,IHB100x10_02.006_NHk-O__imidazolium--acetone_monA,-1,IHB100x10_02.006_NHk-O__imidazolium--acetone_monB"
IHB100x2_14,IHB100x2,-0.023196463,"1,IHB100x10_02.006_NHk-O__imidazolium--acetone_150,-1,IHB100x10_02.006_NHk-O__imidazolium--acetone_monA,-1,IHB100x10_02.006_NHk-O__imidazolium--acetone_monB"
IHB100x2_15,IHB100x2,-0.034926963,"1,IHB100x10_02.007_NHk-O__imidazolium--Nmethylacetamide_080,-1,IHB100x10_02.007_NHk-O__imidazolium--Nmethylacetamide_monA,-1,IHB100x10_02.007_NHk-O__imidazolium--Nmethylacetamide_monB"
IHB100x2_16,IHB100x2,-0.032381981,"1,IHB100x10_02.007_NHk-O__imidazolium--Nmethylacetamide_150,-1,IHB100x10_02.007_NHk-O__imidazolium--Nmethylacetamide_monA,-1,IHB100x10_02.007_NHk-O__imidazolium--Nmethylacetamide_monB"
IHB100x2_17,IHB100x2,-0.017824432,"1,IHB100x10_02.008_NHk-O__imidazolium--phenol_080,-1,IHB100x10_02.008_NHk-O__imidazolium--phenol_monA,-1,IHB100x10_02.008_NHk-O__imidazolium--phenol_monB"
IHB100x2_18,IHB100x2,-0.017089782,"1,IHB100x10_02.008_NHk-O__imidazolium--phenol_150,-1,IHB100x10_02.008_NHk-O__imidazolium--phenol_monA,-1,IHB100x10_02.008_NHk-O__imidazolium--phenol_monB"
IHB100x2_19,IHB100x2,-0.02088574,"1,IHB100x10_02.009_NHk-O__trimethylammonium--acetaldehyde_080,-1,IHB100x10_02.009_NHk-O__trimethylammonium--acetaldehyde_monA,-1,IHB100x10_02.009_NHk-O__trimethylammonium--acetaldehyde_monB"
IHB100x2_20,IHB100x2,-0.021175776,"1,IHB100x10_02.009_NHk-O__trimethylammonium--acetaldehyde_150,-1,IHB100x10_02.009_NHk-O__trimethylammonium--acetaldehyde_monA,-1,IHB100x10_02.009_NHk-O__trimethylammonium--acetaldehyde_monB"
IHB100x2_21,IHB100x2,-0.032045731,"1,IHB100x10_02.010_NHk-O__trimethylammonium--acetamide_080,-1,IHB100x10_02.010_NHk-O__trimethylammonium--acetamide_monA,-1,IHB100x10_02.010_NHk-O__trimethylammonium--acetamide_monB"
IHB100x2_22,IHB100x2,-0.030636988,"1,IHB100x10_02.010_NHk-O__trimethylammonium--acetamide_150,-1,IHB100x10_02.010_NHk-O__trimethylammonium--acetamide_monA,-1,IHB100x10_02.010_NHk-O__trimethylammonium--acetamide_monB"
IHB100x2_23,IHB100x2,-0.020857056,"1,IHB100x10_02.011_NHk-O__trimethylammonium--aceticacid_080,-1,IHB100x10_02.011_NHk-O__trimethylammonium--aceticacid_monA,-1,IHB100x10_02.011_NHk-O__trimethylammonium--aceticacid_monB"
IHB100x2_24,IHB100x2,-0.020986137,"1,IHB100x10_02.011_NHk-O__trimethylammonium--aceticacid_150,-1,IHB100x10_02.011_NHk-O__trimethylammonium--aceticacid_monA,-1,IHB100x10_02.011_NHk-O__trimethylammonium--aceticacid_monB"
IHB100x2_25,IHB100x2,-0.015590203,"1,IHB100x10_02.012_NHk-O__trimethylammonium--nitrosomethane_080,-1,IHB100x10_02.012_NHk-O__trimethylammonium--nitrosomethane_monA,-1,IHB100x10_02.012_NHk-O__trimethylammonium--nitrosomethane_monB"
IHB100x2_26,IHB100x2,-0.016554332,"1,IHB100x10_02.012_NHk-O__trimethylammonium--nitrosomethane_150,-1,IHB100x10_02.012_NHk-O__trimethylammonium--nitrosomethane_monA,-1,IHB100x10_02.012_NHk-O__trimethylammonium--nitrosomethane_monB"
IHB100x2_27,IHB100x2,-0.036966773,"1,IHB100x10_02.013_NHk-O__guanidinium--acetamide_080,-1,IHB100x10_02.013_NHk-O__guanidinium--acetamide_monA,-1,IHB100x10_02.013_NHk-O__guanidinium--acetamide_monB"
IHB100x2_28,IHB100x2,-0.033040139,"1,IHB100x10_02.013_NHk-O__guanidinium--acetamide_150,-1,IHB100x10_02.013_NHk-O__guanidinium--acetamide_monA,-1,IHB100x10_02.013_NHk-O__guanidinium--acetamide_monB"
IHB100x2_29,IHB100x2,-0.013414937,"1,IHB100x10_02.014_NHk-O__guanidinium--furan_080,-1,IHB100x10_02.014_NHk-O__guanidinium--furan_monA,-1,IHB100x10_02.014_NHk-O__guanidinium--furan_monB"
IHB100x2_30,IHB100x2,-0.012218142,"1,IHB100x10_02.014_NHk-O__guanidinium--furan_150,-1,IHB100x10_02.014_NHk-O__guanidinium--furan_monA,-1,IHB100x10_02.014_NHk-O__guanidinium--furan_monB"
IHB100x2_31,IHB100x2,-0.018981387,"1,IHB100x10_02.015_NHk-O__guanidinium--nitromethane_080,-1,IHB100x10_02.015_NHk-O__guanidinium--nitromethane_monA,-1,IHB100x10_02.015_NHk-O__guanidinium--nitromethane_monB"
IHB100x2_32,IHB100x2,-0.020559052,"1,IHB100x10_02.015_NHk-O__guanidinium--nitromethane_150,-1,IHB100x10_02.015_NHk-O__guanidinium--nitromethane_monA,-1,IHB100x10_02.015_NHk-O__guanidinium--nitromethane_monB"
IHB100x2_33,IHB100x2,-0.018178212,"1,IHB100x10_03.001_NHk-N__ammonium--methylazide_080,-1,IHB100x10_03.001_NHk-N__ammonium--methylazide_monA,-1,IHB100x10_03.001_NHk-N__ammonium--methylazide_monB"
IHB100x2_34,IHB100x2,-0.019384568,"1,IHB100x10_03.001_NHk-N__ammonium--methylazide_150,-1,IHB100x10_03.001_NHk-N__ammonium--methylazide_monA,-1,IHB100x10_03.001_NHk-N__ammonium--methylazide_monB"
IHB100x2_35,IHB100x2,-0.036168378,"1,IHB100x10_03.002_NHk-N__ammonium--methylcyanate_080,-1,IHB100x10_03.002_NHk-N__ammonium--methylcyanate_monA,-1,IHB100x10_03.002_NHk-N__ammonium--methylcyanate_monB"
IHB100x2_36,IHB100x2,-0.035016204,"1,IHB100x10_03.002_NHk-N__ammonium--methylcyanate_150,-1,IHB100x10_03.002_NHk-N__ammonium--methylcyanate_monA,-1,IHB100x10_03.002_NHk-N__ammonium--methylcyanate_monB"
IHB100x2_37,IHB100x2,-0.019711256,"1,IHB100x10_03.003_NHk-N__guanidinium--ammonia_080,-1,IHB100x10_03.003_NHk-N__guanidinium--ammonia_monA,-1,IHB100x10_03.003_NHk-N__guanidinium--ammonia_monB"
IHB100x2_38,IHB100x2,-0.018396535,"1,IHB100x10_03.003_NHk-N__guanidinium--ammonia_150,-1,IHB100x10_03.003_NHk-N__guanidinium--ammonia_monA,-1,IHB100x10_03.003_NHk-N__guanidinium--ammonia_monB"
IHB100x2_39,IHB100x2,-0.017013289,"1,IHB100x10_03.004_NHk-N__guanidinium--dimethyldiazene_080,-1,IHB100x10_03.004_NHk-N__guanidinium--dimethyldiazene_monA,-1,IHB100x10_03.004_NHk-N__guanidinium--dimethyldiazene_monB"
IHB100x2_40,IHB100x2,-0.016025256,"1,IHB100x10_03.004_NHk-N__guanidinium--dimethyldiazene_150,-1,IHB100x10_03.004_NHk-N__guanidinium--dimethyldiazene_monA,-1,IHB100x10_03.004_NHk-N__guanidinium--dimethyldiazene_monB"
IHB100x2_41,IHB100x2,-0.023534306,"1,IHB100x10_03.005_NHk-N__imidazolium--acetonitrile_080,-1,IHB100x10_03.005_NHk-N__imidazolium--acetonitrile_monA,-1,IHB100x10_03.005_NHk-N__imidazolium--acetonitrile_monB"
IHB100x2_42,IHB100x2,-0.023263394,"1,IHB100x10_03.005_NHk-N__imidazolium--acetonitrile_150,-1,IHB100x10_03.005_NHk-N__imidazolium--acetonitrile_monA,-1,IHB100x10_03.005_NHk-N__imidazolium--acetonitrile_monB"
IHB100x2_43,IHB100x2,-0.025325514,"1,IHB100x10_03.006_NHk-N__imidazolium--aniline_080,-1,IHB100x10_03.006_NHk-N__imidazolium--aniline_monA,-1,IHB100x10_03.006_NHk-N__imidazolium--aniline_monB"
IHB100x2_44,IHB100x2,-0.02252715,"1,IHB100x10_03.006_NHk-N__imidazolium--aniline_150,-1,IHB100x10_03.006_NHk-N__imidazolium--aniline_monA,-1,IHB100x10_03.006_NHk-N__imidazolium--aniline_monB"
IHB100x2_45,IHB100x2,-0.024393257,"1,IHB100x10_03.007_NHk-N__trimethylammonium--acetonitrile_080,-1,IHB100x10_03.007_NHk-N__trimethylammonium--acetonitrile_monA,-1,IHB100x10_03.007_NHk-N__trimethylammonium--acetonitrile_monB"
IHB100x2_46,IHB100x2,-0.02452712,"1,IHB100x10_03.007_NHk-N__trimethylammonium--acetonitrile_150,-1,IHB100x10_03.007_NHk-N__trimethylammonium--acetonitrile_monA,-1,IHB100x10_03.007_NHk-N__trimethylammonium--acetonitrile_monB"
IHB100x2_47,IHB100x2,-0.022329543,"1,IHB100x10_03.008_NHk-N__trimethylammonium--ammonia_080,-1,IHB100x10_03.008_NHk-N__trimethylammonium--ammonia_monA,-1,IHB100x10_03.008_NHk-N__trimethylammonium--ammonia_monB"
IHB100x2_48,IHB100x2,-0.021116813,"1,IHB100x10_03.008_NHk-N__trimethylammonium--ammonia_150,-1,IHB100x10_03.008_NHk-N__trimethylammonium--ammonia_monA,-1,IHB100x10_03.008_NHk-N__trimethylammonium--ammonia_monB"
IHB100x2_49,IHB100x2,-0.028254553,"1,IHB100x10_03.009_NHk-N__trimethylammonium--dimethylamine_080,-1,IHB100x10_03.009_NHk-N__trimethylammonium--dimethylamine_monA,-1,IHB100x10_03.009_NHk-N__trimethylammonium--dimethylamine_monB"
IHB100x2_50,IHB100x2,-0.025802001,"1,IHB100x10_03.009_NHk-N__trimethylammonium--dimethylamine_150,-1,IHB100x10_03.009_NHk-N__trimethylammonium--dimethylamine_monA,-1,IHB100x10_03.009_NHk-N__trimethylammonium--dimethylamine_monB"
IHB100x2_51,IHB100x2,-0.017543958,"1,IHB100x10_03.010_NHk-N__trimethylammonium--dimethyldiazene_080,-1,IHB100x10_03.010_NHk-N__trimethylammonium--dimethyldiazene_monA,-1,IHB100x10_03.010_NHk-N__trimethylammonium--dimethyldiazene_monB"
IHB100x2_52,IHB100x2,-0.017338384,"1,IHB100x10_03.010_NHk-N__trimethylammonium--dimethyldiazene_150,-1,IHB100x10_03.010_NHk-N__trimethylammonium--dimethyldiazene_monA,-1,IHB100x10_03.010_NHk-N__trimethylammonium--dimethyldiazene_monB"
IHB100x2_53,IHB100x2,-0.025688855,"1,IHB100x10_03.011_NHk-N__trimethylammonium--methylamine_080,-1,IHB100x10_03.011_NHk-N__trimethylammonium--methylamine_monA,-1,IHB100x10_03.011_NHk-N__trimethylammonium--methylamine_monB"
IHB100x2_54,IHB100x2,-0.02387693,"1,IHB100x10_03.011_NHk-N__trimethylammonium--methylamine_150,-1,IHB100x10_03.011_NHk-N__trimethylammonium--methylamine_monA,-1,IHB100x10_03.011_NHk-N__trimethylammonium--methylamine_monB"
IHB100x2_55,IHB100x2,-0.014157555,"1,IHB100x10_03.012_NHk-N__trimethylammonium--methylazide_080,-1,IHB100x10_03.012_NHk-N__trimethylammonium--methylazide_monA,-1,IHB100x10_03.012_NHk-N__trimethylammonium--methylazide_monB"
IHB100x2_56,IHB100x2,-0.014410938,"1,IHB100x10_03.012_NHk-N__trimethylammonium--methylazide_150,-1,IHB100x10_03.012_NHk-N__trimethylammonium--methylazide_monA,-1,IHB100x10_03.012_NHk-N__trimethylammonium--methylazide_monB"
IHB100x2_57,IHB100x2,-0.03009835,"1,IHB100x10_03.013_NHk-N__trimethylammonium--trimethylamine_080,-1,IHB100x10_03.013_NHk-N__trimethylammonium--trimethylamine_monA,-1,IHB100x10_03.013_NHk-N__trimethylammonium--trimethylamine_monB"
IHB100x2_58,IHB100x2,-0.027035448,"1,IHB100x10_03.013_NHk-N__trimethylammonium--trimethylamine_150,-1,IHB100x10_03.013_NHk-N__trimethylammonium--trimethylamine_monA,-1,IHB100x10_03.013_NHk-N__trimethylammonium--trimethylamine_monB"
IHB100x2_59,IHB100x2,-0.027806751,"1,IHB100x10_03.014_NHk-N__guanidinium--methylcyanate_080,-1,IHB100x10_03.014_NHk-N__guanidinium--methylcyanate_monA,-1,IHB100x10_03.014_NHk-N__guanidinium--methylcyanate_monB"
IHB100x2_60,IHB100x2,-0.025339856,"1,IHB100x10_03.014_NHk-N__guanidinium--methylcyanate_150,-1,IHB100x10_03.014_NHk-N__guanidinium--methylcyanate_monA,-1,IHB100x10_03.014_NHk-N__guanidinium--methylcyanate_monB"
IHB100x2_61,IHB100x2,-0.029837,"1,IHB100x10_03.015_NHk-N__guanidinium--Nmethyl2propanimine_080,-1,IHB100x10_03.015_NHk-N__guanidinium--Nmethyl2propanimine_monA,-1,IHB100x10_03.015_NHk-N__guanidinium--Nmethyl2propanimine_monB"
IHB100x2_62,IHB100x2,-0.026421912,"1,IHB100x10_03.015_NHk-N__guanidinium--Nmethyl2propanimine_150,-1,IHB100x10_03.015_NHk-N__guanidinium--Nmethyl2propanimine_monA,-1,IHB100x10_03.015_NHk-N__guanidinium--Nmethyl2propanimine_monB"
IHB100x2_63,IHB100x2,-0.033217028,"1,IHB100x10_04.001_NHk-C__ammonium--methylisocyanide_080,-1,IHB100x10_04.001_NHk-C__ammonium--methylisocyanide_monA,-1,IHB100x10_04.001_NHk-C__ammonium--methylisocyanide_monB"
IHB100x2_64,IHB100x2,-0.031486377,"1,IHB100x10_04.001_NHk-C__ammonium--methylisocyanide_150,-1,IHB100x10_04.001_NHk-C__ammonium--methylisocyanide_monA,-1,IHB100x10_04.001_NHk-C__ammonium--methylisocyanide_monB"
IHB100x2_65,IHB100x2,-0.023943862,"1,IHB100x10_04.002_NHk-C__imidazolium--methylisocyanide_080,-1,IHB100x10_04.002_NHk-C__imidazolium--methylisocyanide_monA,-1,IHB100x10_04.002_NHk-C__imidazolium--methylisocyanide_monB"
IHB100x2_66,IHB100x2,-0.023056226,"1,IHB100x10_04.002_NHk-C__imidazolium--methylisocyanide_150,-1,IHB100x10_04.002_NHk-C__imidazolium--methylisocyanide_monA,-1,IHB100x10_04.002_NHk-C__imidazolium--methylisocyanide_monB"
IHB100x2_67,IHB100x2,-0.02502273,"1,IHB100x10_04.003_NHk-C__trimethylammonium--methylisocyanide_080,-1,IHB100x10_04.003_NHk-C__trimethylammonium--methylisocyanide_monA,-1,IHB100x10_04.003_NHk-C__trimethylammonium--methylisocyanide_monB"
IHB100x2_68,IHB100x2,-0.024562179,"1,IHB100x10_04.003_NHk-C__trimethylammonium--methylisocyanide_150,-1,IHB100x10_04.003_NHk-C__trimethylammonium--methylisocyanide_monA,-1,IHB100x10_04.003_NHk-C__trimethylammonium--methylisocyanide_monB"
IHB100x2_69,IHB100x2,-0.023504028,"1,IHB100x10_04.004_NHk-C__guanidinium--methylisocyanide_080,-1,IHB100x10_04.004_NHk-C__guanidinium--methylisocyanide_monA,-1,IHB100x10_04.004_NHk-C__guanidinium--methylisocyanide_monB"
IHB100x2_70,IHB100x2,-0.02137657,"1,IHB100x10_04.004_NHk-C__guanidinium--methylisocyanide_150,-1,IHB100x10_04.004_NHk-C__guanidinium--methylisocyanide_monA,-1,IHB100x10_04.004_NHk-C__guanidinium--methylisocyanide_monB"
IHB100x2_71,IHB100x2,-0.035827348,"1,IHB100x10_05.001_OH-Oa__water--oxalate_080,-1,IHB100x10_05.001_OH-Oa__water--oxalate_monA,-1,IHB100x10_05.001_OH-Oa__water--oxalate_monB"
IHB100x2_72,IHB100x2,-0.03205848,"1,IHB100x10_05.001_OH-Oa__water--oxalate_150,-1,IHB100x10_05.001_OH-Oa__water--oxalate_monA,-1,IHB100x10_05.001_OH-Oa__water--oxalate_monB"
IHB100x2_73,IHB100x2,-0.034742105,"1,IHB100x10_05.002_OH-Oa__aceticacid--benzoate_080,-1,IHB100x10_05.002_OH-Oa__aceticacid--benzoate_monA,-1,IHB100x10_05.002_OH-Oa__aceticacid--benzoate_monB"
IHB100x2_74,IHB100x2,-0.031041762,"1,IHB100x10_05.002_OH-Oa__aceticacid--benzoate_150,-1,IHB100x10_05.002_OH-Oa__aceticacid--benzoate_monA,-1,IHB100x10_05.002_OH-Oa__aceticacid--benzoate_monB"
IHB100x2_75,IHB100x2,-0.047672587,"1,IHB100x10_05.003_OH-Oa__aceticacid--nitrite_080,-1,IHB100x10_05.003_OH-Oa__aceticacid--nitrite_monA,-1,IHB100x10_05.003_OH-Oa__aceticacid--nitrite_monB"
IHB100x2_76,IHB100x2,-0.040942808,"1,IHB100x10_05.003_OH-Oa__aceticacid--nitrite_150,-1,IHB100x10_05.003_OH-Oa__aceticacid--nitrite_monA,-1,IHB100x10_05.003_OH-Oa__aceticacid--nitrite_monB"
IHB100x2_77,IHB100x2,-0.022928737,"1,IHB100x10_05.004_OH-Oa__methanol--acetate_080,-1,IHB100x10_05.004_OH-Oa__methanol--acetate_monA,-1,IHB100x10_05.004_OH-Oa__methanol--acetate_monB"
IHB100x2_78,IHB100x2,-0.021392506,"1,IHB100x10_05.004_OH-Oa__methanol--acetate_150,-1,IHB100x10_05.004_OH-Oa__methanol--acetate_monA,-1,IHB100x10_05.004_OH-Oa__methanol--acetate_monB"
IHB100x2_79,IHB100x2,-0.020203679,"1,IHB100x10_05.005_OH-Oa__methanol--benzoate_080,-1,IHB100x10_05.005_OH-Oa__methanol--benzoate_monA,-1,IHB100x10_05.005_OH-Oa__methanol--benzoate_monB"
IHB100x2_80,IHB100x2,-0.019212459,"1,IHB100x10_05.005_OH-Oa__methanol--benzoate_150,-1,IHB100x10_05.005_OH-Oa__methanol--benzoate_monA,-1,IHB100x10_05.005_OH-Oa__methanol--benzoate_monB"
IHB100x2_81,IHB100x2,-0.016850742,"1,IHB100x10_05.006_OH-Oa__methanol--nitrate_080,-1,IHB100x10_05.006_OH-Oa__methanol--nitrate_monA,-1,IHB100x10_05.006_OH-Oa__methanol--nitrate_monB"
IHB100x2_82,IHB100x2,-0.016206927,"1,IHB100x10_05.006_OH-Oa__methanol--nitrate_150,-1,IHB100x10_05.006_OH-Oa__methanol--nitrate_monA,-1,IHB100x10_05.006_OH-Oa__methanol--nitrate_monB"
IHB100x2_83,IHB100x2,-0.020409254,"1,IHB100x10_05.007_OH-Oa__methanol--nitrite_080,-1,IHB100x10_05.007_OH-Oa__methanol--nitrite_monA,-1,IHB100x10_05.007_OH-Oa__methanol--nitrite_monB"
IHB100x2_84,IHB100x2,-0.019625202,"1,IHB100x10_05.007_OH-Oa__methanol--nitrite_150,-1,IHB100x10_05.007_OH-Oa__methanol--nitrite_monA,-1,IHB100x10_05.007_OH-Oa__methanol--nitrite_monB"
IHB100x2_85,IHB100x2,-0.037653615,"1,IHB100x10_05.008_OH-Oa__phenol--acetate_080,-1,IHB100x10_05.008_OH-Oa__phenol--acetate_monA,-1,IHB100x10_05.008_OH-Oa__phenol--acetate_monB"
IHB100x2_86,IHB100x2,-0.034128568,"1,IHB100x10_05.008_OH-Oa__phenol--acetate_150,-1,IHB100x10_05.008_OH-Oa__phenol--acetate_monA,-1,IHB100x10_05.008_OH-Oa__phenol--acetate_monB"
IHB100x2_87,IHB100x2,-0.031994736,"1,IHB100x10_05.009_OH-Oa__phenol--benzoate_080,-1,IHB100x10_05.009_OH-Oa__phenol--benzoate_monA,-1,IHB100x10_05.009_OH-Oa__phenol--benzoate_monB"
IHB100x2_88,IHB100x2,-0.02922665,"1,IHB100x10_05.009_OH-Oa__phenol--benzoate_150,-1,IHB100x10_05.009_OH-Oa__phenol--benzoate_monA,-1,IHB100x10_05.009_OH-Oa__phenol--benzoate_monB"
IHB100x2_89,IHB100x2,-0.02835017,"1,IHB100x10_05.010_OH-Oa__phenol--nitrate_080,-1,IHB100x10_05.010_OH-Oa__phenol--nitrate_monA,-1,IHB100x10_05.010_OH-Oa__phenol--nitrate_monB"
IHB100x2_90,IHB100x2,-0.025773316,"1,IHB100x10_05.010_OH-Oa__phenol--nitrate_150,-1,IHB100x10_05.010_OH-Oa__phenol--nitrate_monA,-1,IHB100x10_05.010_OH-Oa__phenol--nitrate_monB"
IHB100x2_91,IHB100x2,-0.034648082,"1,IHB100x10_05.011_OH-Oa__phenol--nitrite_080,-1,IHB100x10_05.011_OH-Oa__phenol--nitrite_monA,-1,IHB100x10_05.011_OH-Oa__phenol--nitrite_monB"
IHB100x2_92,IHB100x2,-0.031487971,"1,IHB100x10_05.011_OH-Oa__phenol--nitrite_150,-1,IHB100x10_05.011_OH-Oa__phenol--nitrite_monA,-1,IHB100x10_05.011_OH-Oa__phenol--nitrite_monB"
IHB100x2_93,IHB100x2,-0.049519571,"1,IHB100x10_05.012_OH-Oa__water--hydroxide_080,-1,IHB100x10_05.012_OH-Oa__water--hydroxide_monA,-1,IHB100x10_05.012_OH-Oa__water--hydroxide_monB"
IHB100x2_94,IHB100x2,-0.043259905,"1,IHB100x10_05.012_OH-Oa__water--hydroxide_150,-1,IHB100x10_05.012_OH-Oa__water--hydroxide_monA,-1,IHB100x10_05.012_OH-Oa__water--hydroxide_monB"
IHB100x2_95,IHB100x2,-0.013716128,"1,IHB100x10_05.013_OH-Oa__water--nitrate_080,-1,IHB100x10_05.013_OH-Oa__water--nitrate_monA,-1,IHB100x10_05.013_OH-Oa__water--nitrate_monB"
IHB100x2_96,IHB100x2,-0.013843616,"1,IHB100x10_05.013_OH-Oa__water--nitrate_150,-1,IHB100x10_05.013_OH-Oa__water--nitrate_monA,-1,IHB100x10_05.013_OH-Oa__water--nitrate_monB"
IHB100x2_97,IHB100x2,-0.01777025,"1,IHB100x10_05.014_OH-Oa__water--nitrite_080,-1,IHB100x10_05.014_OH-Oa__water--nitrite_monA,-1,IHB100x10_05.014_OH-Oa__water--nitrite_monB"
IHB100x2_98,IHB100x2,-0.017835587,"1,IHB100x10_05.014_OH-Oa__water--nitrite_150,-1,IHB100x10_05.014_OH-Oa__water--nitrite_monA,-1,IHB100x10_05.014_OH-Oa__water--nitrite_monB"
IHB100x2_99,IHB100x2,-0.019687352,"1,IHB100x10_05.015_OH-Oa__water--benzoate_080,-1,IHB100x10_05.015_OH-Oa__water--benzoate_monA,-1,IHB100x10_05.015_OH-Oa__water--benzoate_monB"
IHB100x2_100,IHB100x2,-0.018616452,"1,IHB100x10_05.015_OH-Oa__water--benzoate_150,-1,IHB100x10_05.015_OH-Oa__water--benzoate_monA,-1,IHB100x10_05.015_OH-Oa__water--benzoate_monB"
IHB100x2_101,IHB100x2,-0.033865624,"1,IHB100x10_06.001_OH-Na__aceticacid--cyanide_080,-1,IHB100x10_06.001_OH-Na__aceticacid--cyanide_monA,-1,IHB100x10_06.001_OH-Na__aceticacid--cyanide_monB"
IHB100x2_102,IHB100x2,-0.03100511,"1,IHB100x10_06.001_OH-Na__aceticacid--cyanide_150,-1,IHB100x10_06.001_OH-Na__aceticacid--cyanide_monA,-1,IHB100x10_06.001_OH-Na__aceticacid--cyanide_monB"
IHB100x2_103,IHB100x2,-0.033116631,"1,IHB100x10_06.002_OH-Na__phenol--cyanide_080,-1,IHB100x10_06.002_OH-Na__phenol--cyanide_monA,-1,IHB100x10_06.002_OH-Na__phenol--cyanide_monB"
IHB100x2_104,IHB100x2,-0.031022639,"1,IHB100x10_06.002_OH-Na__phenol--cyanide_150,-1,IHB100x10_06.002_OH-Na__phenol--cyanide_monA,-1,IHB100x10_06.002_OH-Na__phenol--cyanide_monB"
IHB100x2_105,IHB100x2,-0.016356725,"1,IHB100x10_06.003_OH-Na__water--cyanide_080,-1,IHB100x10_06.003_OH-Na__water--cyanide_monA,-1,IHB100x10_06.003_OH-Na__water--cyanide_monB"
IHB100x2_106,IHB100x2,-0.016645167,"1,IHB100x10_06.003_OH-Na__water--cyanide_150,-1,IHB100x10_06.003_OH-Na__water--cyanide_monA,-1,IHB100x10_06.003_OH-Na__water--cyanide_monB"
IHB100x2_107,IHB100x2,-0.019671416,"1,IHB100x10_07.001_OH-Ca__methanol--cyanide_080,-1,IHB100x10_07.001_OH-Ca__methanol--cyanide_monA,-1,IHB100x10_07.001_OH-Ca__methanol--cyanide_monB"
IHB100x2_108,IHB100x2,-0.018866647,"1,IHB100x10_07.001_OH-Ca__methanol--cyanide_150,-1,IHB100x10_07.001_OH-Ca__methanol--cyanide_monA,-1,IHB100x10_07.001_OH-Ca__methanol--cyanide_monB"
IHB100x2_109,IHB100x2,-0.016866678,"1,IHB100x10_07.002_OH-Ca__water--cyanide_080,-1,IHB100x10_07.002_OH-Ca__water--cyanide_monA,-1,IHB100x10_07.002_OH-Ca__water--cyanide_monB"
IHB100x2_110,IHB100x2,-0.016713692,"1,IHB100x10_07.002_OH-Ca__water--cyanide_150,-1,IHB100x10_07.002_OH-Ca__water--cyanide_monA,-1,IHB100x10_07.002_OH-Ca__water--cyanide_monB"
IHB100x2_111,IHB100x2,-0.031422633,"1,IHB100x10_08.001_NH-Oa__ammonia--carbonate_080,-1,IHB100x10_08.001_NH-Oa__ammonia--carbonate_monA,-1,IHB100x10_08.001_NH-Oa__ammonia--carbonate_monB"
IHB100x2_112,IHB100x2,-0.028216307,"1,IHB100x10_08.001_NH-Oa__ammonia--carbonate_150,-1,IHB100x10_08.001_NH-Oa__ammonia--carbonate_monA,-1,IHB100x10_08.001_NH-Oa__ammonia--carbonate_monB"
IHB100x2_113,IHB100x2,-0.019212459,"1,IHB100x10_08.002_NH-Oa__ammonia--oxalate_080,-1,IHB100x10_08.002_NH-Oa__ammonia--oxalate_monA,-1,IHB100x10_08.002_NH-Oa__ammonia--oxalate_monB"
IHB100x2_114,IHB100x2,-0.018291357,"1,IHB100x10_08.002_NH-Oa__ammonia--oxalate_150,-1,IHB100x10_08.002_NH-Oa__ammonia--oxalate_monA,-1,IHB100x10_08.002_NH-Oa__ammonia--oxalate_monB"
IHB100x2_115,IHB100x2,-0.031366857,"1,IHB100x10_08.003_NH-Oa__1Hpyrrole--acetate_080,-1,IHB100x10_08.003_NH-Oa__1Hpyrrole--acetate_monA,-1,IHB100x10_08.003_NH-Oa__1Hpyrrole--acetate_monB"
IHB100x2_116,IHB100x2,-0.028103161,"1,IHB100x10_08.003_NH-Oa__1Hpyrrole--acetate_150,-1,IHB100x10_08.003_NH-Oa__1Hpyrrole--acetate_monA,-1,IHB100x10_08.003_NH-Oa__1Hpyrrole--acetate_monB"
IHB100x2_117,IHB100x2,-0.027825875,"1,IHB100x10_08.004_NH-Oa__1Hpyrrole--benzoate_080,-1,IHB100x10_08.004_NH-Oa__1Hpyrrole--benzoate_monA,-1,IHB100x10_08.004_NH-Oa__1Hpyrrole--benzoate_monB"
IHB100x2_118,IHB100x2,-0.025174122,"1,IHB100x10_08.004_NH-Oa__1Hpyrrole--benzoate_150,-1,IHB100x10_08.004_NH-Oa__1Hpyrrole--benzoate_monA,-1,IHB100x10_08.004_NH-Oa__1Hpyrrole--benzoate_monB"
IHB100x2_119,IHB100x2,-0.028423475,"1,IHB100x10_08.005_NH-Oa__1Hpyrrole--nitrite_080,-1,IHB100x10_08.005_NH-Oa__1Hpyrrole--nitrite_monA,-1,IHB100x10_08.005_NH-Oa__1Hpyrrole--nitrite_monB"
IHB100x2_120,IHB100x2,-0.025719134,"1,IHB100x10_08.005_NH-Oa__1Hpyrrole--nitrite_150,-1,IHB100x10_08.005_NH-Oa__1Hpyrrole--nitrite_monA,-1,IHB100x10_08.005_NH-Oa__1Hpyrrole--nitrite_monB"
IHB100x2_121,IHB100x2,-0.008495489,"1,IHB100x10_08.006_NH-Oa__ammonia--acetate_080,-1,IHB100x10_08.006_NH-Oa__ammonia--acetate_monA,-1,IHB100x10_08.006_NH-Oa__ammonia--acetate_monB"
IHB100x2_122,IHB100x2,-0.009080341,"1,IHB100x10_08.006_NH-Oa__ammonia--acetate_150,-1,IHB100x10_08.006_NH-Oa__ammonia--acetate_monA,-1,IHB100x10_08.006_NH-Oa__ammonia--acetate_monB"
IHB100x2_123,IHB100x2,-0.00976559,"1,IHB100x10_08.007_NH-Oa__ammonia--benzoate_080,-1,IHB100x10_08.007_NH-Oa__ammonia--benzoate_monA,-1,IHB100x10_08.007_NH-Oa__ammonia--benzoate_monB"
IHB100x2_124,IHB100x2,-0.009808617,"1,IHB100x10_08.007_NH-Oa__ammonia--benzoate_150,-1,IHB100x10_08.007_NH-Oa__ammonia--benzoate_monA,-1,IHB100x10_08.007_NH-Oa__ammonia--benzoate_monB"
IHB100x2_125,IHB100x2,-0.020697695,"1,IHB100x10_08.008_NH-Oa__aniline--benzoate_080,-1,IHB100x10_08.008_NH-Oa__aniline--benzoate_monA,-1,IHB100x10_08.008_NH-Oa__aniline--benzoate_monB"
IHB100x2_126,IHB100x2,-0.019679384,"1,IHB100x10_08.008_NH-Oa__aniline--benzoate_150,-1,IHB100x10_08.008_NH-Oa__aniline--benzoate_monA,-1,IHB100x10_08.008_NH-Oa__aniline--benzoate_monB"
IHB100x2_127,IHB100x2,-0.023139093,"1,IHB100x10_08.009_NH-Oa__aniline--nitrite_080,-1,IHB100x10_08.009_NH-Oa__aniline--nitrite_monA,-1,IHB100x10_08.009_NH-Oa__aniline--nitrite_monB"
IHB100x2_128,IHB100x2,-0.021537523,"1,IHB100x10_08.009_NH-Oa__aniline--nitrite_150,-1,IHB100x10_08.009_NH-Oa__aniline--nitrite_monA,-1,IHB100x10_08.009_NH-Oa__aniline--nitrite_monB"
IHB100x2_129,IHB100x2,-0.014361536,"1,IHB100x10_08.010_NH-Oa__dimethylamine--acetate_080,-1,IHB100x10_08.010_NH-Oa__dimethylamine--acetate_monA,-1,IHB100x10_08.010_NH-Oa__dimethylamine--acetate_monB"
IHB100x2_130,IHB100x2,-0.013485055,"1,IHB100x10_08.010_NH-Oa__dimethylamine--acetate_150,-1,IHB100x10_08.010_NH-Oa__dimethylamine--acetate_monA,-1,IHB100x10_08.010_NH-Oa__dimethylamine--acetate_monB"
IHB100x2_131,IHB100x2,-0.02383231,"1,IHB100x10_08.011_NH-Oa__dimethylamine--hydroxide_080,-1,IHB100x10_08.011_NH-Oa__dimethylamine--hydroxide_monA,-1,IHB100x10_08.011_NH-Oa__dimethylamine--hydroxide_monB"
IHB100x2_132,IHB100x2,-0.023448252,"1,IHB100x10_08.011_NH-Oa__dimethylamine--hydroxide_150,-1,IHB100x10_08.011_NH-Oa__dimethylamine--hydroxide_monA,-1,IHB100x10_08.011_NH-Oa__dimethylamine--hydroxide_monB"
IHB100x2_133,IHB100x2,-0.011030909,"1,IHB100x10_08.012_NH-Oa__methylamine--acetate_080,-1,IHB100x10_08.012_NH-Oa__methylamine--acetate_monA,-1,IHB100x10_08.012_NH-Oa__methylamine--acetate_monB"
IHB100x2_134,IHB100x2,-0.011091466,"1,IHB100x10_08.012_NH-Oa__methylamine--acetate_150,-1,IHB100x10_08.012_NH-Oa__methylamine--acetate_monA,-1,IHB100x10_08.012_NH-Oa__methylamine--acetate_monB"
IHB100x2_135,IHB100x2,-0.011504209,"1,IHB100x10_08.013_NH-Oa__methylamine--benzoate_080,-1,IHB100x10_08.013_NH-Oa__methylamine--benzoate_monA,-1,IHB100x10_08.013_NH-Oa__methylamine--benzoate_monB"
IHB100x2_136,IHB100x2,-0.011222141,"1,IHB100x10_08.013_NH-Oa__methylamine--benzoate_150,-1,IHB100x10_08.013_NH-Oa__methylamine--benzoate_monA,-1,IHB100x10_08.013_NH-Oa__methylamine--benzoate_monB"
IHB100x2_137,IHB100x2,-0.0097879,"1,IHB100x10_08.014_NH-Oa__methylamine--nitrate_080,-1,IHB100x10_08.014_NH-Oa__methylamine--nitrate_monA,-1,IHB100x10_08.014_NH-Oa__methylamine--nitrate_monB"
IHB100x2_138,IHB100x2,-0.009743279,"1,IHB100x10_08.014_NH-Oa__methylamine--nitrate_150,-1,IHB100x10_08.014_NH-Oa__methylamine--nitrate_monA,-1,IHB100x10_08.014_NH-Oa__methylamine--nitrate_monB"
IHB100x2_139,IHB100x2,-0.011324132,"1,IHB100x10_08.015_NH-Oa__methylamine--nitrite_080,-1,IHB100x10_08.015_NH-Oa__methylamine--nitrite_monA,-1,IHB100x10_08.015_NH-Oa__methylamine--nitrite_monB"
IHB100x2_140,IHB100x2,-0.011515364,"1,IHB100x10_08.015_NH-Oa__methylamine--nitrite_150,-1,IHB100x10_08.015_NH-Oa__methylamine--nitrite_monA,-1,IHB100x10_08.015_NH-Oa__methylamine--nitrite_monB"
IHB100x2_141,IHB100x2,-0.024806,"1,IHB100x10_09.001_NH-Na__1Hpyrrole--cyanide_080,-1,IHB100x10_09.001_NH-Na__1Hpyrrole--cyanide_monA,-1,IHB100x10_09.001_NH-Na__1Hpyrrole--cyanide_monB"
IHB100x2_142,IHB100x2,-0.023806812,"1,IHB100x10_09.001_NH-Na__1Hpyrrole--cyanide_150,-1,IHB100x10_09.001_NH-Na__1Hpyrrole--cyanide_monA,-1,IHB100x10_09.001_NH-Na__1Hpyrrole--cyanide_monB"
IHB100x2_143,IHB100x2,-0.006877984,"1,IHB100x10_09.002_NH-Na__ammonia--cyanide_080,-1,IHB100x10_09.002_NH-Na__ammonia--cyanide_monA,-1,IHB100x10_09.002_NH-Na__ammonia--cyanide_monB"
IHB100x2_144,IHB100x2,-0.008490708,"1,IHB100x10_09.002_NH-Na__ammonia--cyanide_150,-1,IHB100x10_09.002_NH-Na__ammonia--cyanide_monA,-1,IHB100x10_09.002_NH-Na__ammonia--cyanide_monB"
IHB100x2_145,IHB100x2,-0.019086564,"1,IHB100x10_09.003_NH-Na__aniline--cyanide_080,-1,IHB100x10_09.003_NH-Na__aniline--cyanide_monA,-1,IHB100x10_09.003_NH-Na__aniline--cyanide_monB"
IHB100x2_146,IHB100x2,-0.019049912,"1,IHB100x10_09.003_NH-Na__aniline--cyanide_150,-1,IHB100x10_09.003_NH-Na__aniline--cyanide_monA,-1,IHB100x10_09.003_NH-Na__aniline--cyanide_monB"
IHB100x2_147,IHB100x2,-0.009422965,"1,IHB100x10_09.004_NH-Na__dimethylamine--cyanide_080,-1,IHB100x10_09.004_NH-Na__dimethylamine--cyanide_monA,-1,IHB100x10_09.004_NH-Na__dimethylamine--cyanide_monB"
IHB100x2_148,IHB100x2,-0.010930512,"1,IHB100x10_09.004_NH-Na__dimethylamine--cyanide_150,-1,IHB100x10_09.004_NH-Na__dimethylamine--cyanide_monA,-1,IHB100x10_09.004_NH-Na__dimethylamine--cyanide_monB"
IHB100x2_149,IHB100x2,-0.008136929,"1,IHB100x10_09.005_NH-Na__methylamine--cyanide_080,-1,IHB100x10_09.005_NH-Na__methylamine--cyanide_monA,-1,IHB100x10_09.005_NH-Na__methylamine--cyanide_monB"
IHB100x2_150,IHB100x2,-0.009625353,"1,IHB100x10_09.005_NH-Na__methylamine--cyanide_150,-1,IHB100x10_09.005_NH-Na__methylamine--cyanide_monA,-1,IHB100x10_09.005_NH-Na__methylamine--cyanide_monB"
IHB100x2_151,IHB100x2,-0.027849779,"1,IHB100x10_09.006_NH-Na__Nmethylacetamide--cyanide_080,-1,IHB100x10_09.006_NH-Na__Nmethylacetamide--cyanide_monA,-1,IHB100x10_09.006_NH-Na__Nmethylacetamide--cyanide_monB"
IHB100x2_152,IHB100x2,-0.026762943,"1,IHB100x10_09.006_NH-Na__Nmethylacetamide--cyanide_150,-1,IHB100x10_09.006_NH-Na__Nmethylacetamide--cyanide_monA,-1,IHB100x10_09.006_NH-Na__Nmethylacetamide--cyanide_monB"
IHB100x2_153,IHB100x2,-0.00669472,"1,IHB100x10_10.001_NH-Ca__ammonia--cyanide_080,-1,IHB100x10_10.001_NH-Ca__ammonia--cyanide_monA,-1,IHB100x10_10.001_NH-Ca__ammonia--cyanide_monB"
IHB100x2_154,IHB100x2,-0.00820386,"1,IHB100x10_10.001_NH-Ca__ammonia--cyanide_150,-1,IHB100x10_10.001_NH-Ca__ammonia--cyanide_monA,-1,IHB100x10_10.001_NH-Ca__ammonia--cyanide_monB"
IHB100x2_155,IHB100x2,-0.019089752,"1,IHB100x10_10.002_NH-Ca__aniline--cyanide_080,-1,IHB100x10_10.002_NH-Ca__aniline--cyanide_monA,-1,IHB100x10_10.002_NH-Ca__aniline--cyanide_monB"
IHB100x2_156,IHB100x2,-0.018393348,"1,IHB100x10_10.002_NH-Ca__aniline--cyanide_150,-1,IHB100x10_10.002_NH-Ca__aniline--cyanide_monA,-1,IHB100x10_10.002_NH-Ca__aniline--cyanide_monB"
IHB100x2_157,IHB100x2,-0.009625353,"1,IHB100x10_10.003_NH-Ca__dimethylamine--cyanide_080,-1,IHB100x10_10.003_NH-Ca__dimethylamine--cyanide_monA,-1,IHB100x10_10.003_NH-Ca__dimethylamine--cyanide_monB"
IHB100x2_158,IHB100x2,-0.010594262,"1,IHB100x10_10.003_NH-Ca__dimethylamine--cyanide_150,-1,IHB100x10_10.003_NH-Ca__dimethylamine--cyanide_monA,-1,IHB100x10_10.003_NH-Ca__dimethylamine--cyanide_monB"
IHB100x2_159,IHB100x2,-0.008031751,"1,IHB100x10_10.004_NH-Ca__methylamine--cyanide_080,-1,IHB100x10_10.004_NH-Ca__methylamine--cyanide_monA,-1,IHB100x10_10.004_NH-Ca__methylamine--cyanide_monB"
IHB100x2_160,IHB100x2,-0.009223765,"1,IHB100x10_10.004_NH-Ca__methylamine--cyanide_150,-1,IHB100x10_10.004_NH-Ca__methylamine--cyanide_monA,-1,IHB100x10_10.004_NH-Ca__methylamine--cyanide_monB"
IHB100x2_161,IHB100x2,-0.028323078,"1,IHB100x10_10.005_NH-Ca__Nmethylacetamide--cyanide_080,-1,IHB100x10_10.005_NH-Ca__Nmethylacetamide--cyanide_monA,-1,IHB100x10_10.005_NH-Ca__Nmethylacetamide--cyanide_monB"
IHB100x2_162,IHB100x2,-0.026468126,"1,IHB100x10_10.005_NH-Ca__Nmethylacetamide--cyanide_150,-1,IHB100x10_10.005_NH-Ca__Nmethylacetamide--cyanide_monA,-1,IHB100x10_10.005_NH-Ca__Nmethylacetamide--cyanide_monB"
IHB100x2_163,IHB100x2,-0.024538275,"1,IHB100x10_11.001_CH-Oa__ethyne--oxalate_080,-1,IHB100x10_11.001_CH-Oa__ethyne--oxalate_monA,-1,IHB100x10_11.001_CH-Oa__ethyne--oxalate_monB"
IHB100x2_164,IHB100x2,-0.024179715,"1,IHB100x10_11.001_CH-Oa__ethyne--oxalate_150,-1,IHB100x10_11.001_CH-Oa__ethyne--oxalate_monA,-1,IHB100x10_11.001_CH-Oa__ethyne--oxalate_monB"
IHB100x2_165,IHB100x2,-0.007797492,"1,IHB100x10_11.002_CH-Oa__ethene--oxalate_080,-1,IHB100x10_11.002_CH-Oa__ethene--oxalate_monA,-1,IHB100x10_11.002_CH-Oa__ethene--oxalate_monB"
IHB100x2_166,IHB100x2,-0.010157616,"1,IHB100x10_11.002_CH-Oa__ethene--oxalate_150,-1,IHB100x10_11.002_CH-Oa__ethene--oxalate_monA,-1,IHB100x10_11.002_CH-Oa__ethene--oxalate_monB"
IHB100x2_167,IHB100x2,-0.013626886,"1,IHB100x10_11.003_CH-Oa__benzene--hydroxide_080,-1,IHB100x10_11.003_CH-Oa__benzene--hydroxide_monA,-1,IHB100x10_11.003_CH-Oa__benzene--hydroxide_monB"
IHB100x2_168,IHB100x2,-0.014866708,"1,IHB100x10_11.003_CH-Oa__benzene--hydroxide_150,-1,IHB100x10_11.003_CH-Oa__benzene--hydroxide_monA,-1,IHB100x10_11.003_CH-Oa__benzene--hydroxide_monB"
IHB100x2_169,IHB100x2,-0.006449305,"1,IHB100x10_11.004_CH-Oa__benzene--nitrite_080,-1,IHB100x10_11.004_CH-Oa__benzene--nitrite_monA,-1,IHB100x10_11.004_CH-Oa__benzene--nitrite_monB"
IHB100x2_170,IHB100x2,-0.00848274,"1,IHB100x10_11.004_CH-Oa__benzene--nitrite_150,-1,IHB100x10_11.004_CH-Oa__benzene--nitrite_monA,-1,IHB100x10_11.004_CH-Oa__benzene--nitrite_monB"
IHB100x2_171,IHB100x2,-0.00711065,"1,IHB100x10_11.005_CH-Oa__ethene--hydroxide_080,-1,IHB100x10_11.005_CH-Oa__ethene--hydroxide_monA,-1,IHB100x10_11.005_CH-Oa__ethene--hydroxide_monB"
IHB100x2_172,IHB100x2,-0.010324944,"1,IHB100x10_11.005_CH-Oa__ethene--hydroxide_150,-1,IHB100x10_11.005_CH-Oa__ethene--hydroxide_monA,-1,IHB100x10_11.005_CH-Oa__ethene--hydroxide_monB"
IHB100x2_173,IHB100x2,-0.002097179,"1,IHB100x10_11.006_CH-Oa__ethene--nitrite_080,-1,IHB100x10_11.006_CH-Oa__ethene--nitrite_monA,-1,IHB100x10_11.006_CH-Oa__ethene--nitrite_monB"
IHB100x2_174,IHB100x2,-0.004699531,"1,IHB100x10_11.006_CH-Oa__ethene--nitrite_150,-1,IHB100x10_11.006_CH-Oa__ethene--nitrite_monA,-1,IHB100x10_11.006_CH-Oa__ethene--nitrite_monB"
IHB100x2_175,IHB100x2,-0.011408593,"1,IHB100x10_11.007_CH-Oa__ethyne--acetate_080,-1,IHB100x10_11.007_CH-Oa__ethyne--acetate_monA,-1,IHB100x10_11.007_CH-Oa__ethyne--acetate_monB"
IHB100x2_176,IHB100x2,-0.012329694,"1,IHB100x10_11.007_CH-Oa__ethyne--acetate_150,-1,IHB100x10_11.007_CH-Oa__ethyne--acetate_monA,-1,IHB100x10_11.007_CH-Oa__ethyne--acetate_monB"
IHB100x2_177,IHB100x2,-0.008672379,"1,IHB100x10_11.008_CH-Oa__ethyne--nitrate_080,-1,IHB100x10_11.008_CH-Oa__ethyne--nitrate_monA,-1,IHB100x10_11.008_CH-Oa__ethyne--nitrate_monB"
IHB100x2_178,IHB100x2,-0.009601449,"1,IHB100x10_11.008_CH-Oa__ethyne--nitrate_150,-1,IHB100x10_11.008_CH-Oa__ethyne--nitrate_monA,-1,IHB100x10_11.008_CH-Oa__ethyne--nitrate_monB"
IHB100x2_179,IHB100x2,-0.00138962,"1,IHB100x10_11.009_CH-Oa__methane--acetate_080,-1,IHB100x10_11.009_CH-Oa__methane--acetate_monA,-1,IHB100x10_11.009_CH-Oa__methane--acetate_monB"
IHB100x2_180,IHB100x2,-0.002709122,"1,IHB100x10_11.009_CH-Oa__methane--acetate_150,-1,IHB100x10_11.009_CH-Oa__methane--acetate_monA,-1,IHB100x10_11.009_CH-Oa__methane--acetate_monB"
IHB100x2_181,IHB100x2,-0.002133832,"1,IHB100x10_11.010_CH-Oa__methane--hydroxide_080,-1,IHB100x10_11.010_CH-Oa__methane--hydroxide_monA,-1,IHB100x10_11.010_CH-Oa__methane--hydroxide_monB"
IHB100x2_182,IHB100x2,-0.005489957,"1,IHB100x10_11.010_CH-Oa__methane--hydroxide_150,-1,IHB100x10_11.010_CH-Oa__methane--hydroxide_monA,-1,IHB100x10_11.010_CH-Oa__methane--hydroxide_monB"
IHB100x2_183,IHB100x2,-0.001163329,"1,IHB100x10_11.011_CH-Oa__methane--nitrate_080,-1,IHB100x10_11.011_CH-Oa__methane--nitrate_monA,-1,IHB100x10_11.011_CH-Oa__methane--nitrate_monB"
IHB100x2_184,IHB100x2,-0.002132239,"1,IHB100x10_11.011_CH-Oa__methane--nitrate_150,-1,IHB100x10_11.011_CH-Oa__methane--nitrate_monA,-1,IHB100x10_11.011_CH-Oa__methane--nitrate_monB"
IHB100x2_185,IHB100x2,-0.000463738,"1,IHB100x10_11.012_CH-Oa__methane--nitrite_080,-1,IHB100x10_11.012_CH-Oa__methane--nitrite_monA,-1,IHB100x10_11.012_CH-Oa__methane--nitrite_monB"
IHB100x2_186,IHB100x2,-0.002501954,"1,IHB100x10_11.012_CH-Oa__methane--nitrite_150,-1,IHB100x10_11.012_CH-Oa__methane--nitrite_monA,-1,IHB100x10_11.012_CH-Oa__methane--nitrite_monB"
IHB100x2_187,IHB100x2,-0.007540922,"1,IHB100x10_11.013_CH-Oa__benzene--acetate_080,-1,IHB100x10_11.013_CH-Oa__benzene--acetate_monA,-1,IHB100x10_11.013_CH-Oa__benzene--acetate_monB"
IHB100x2_188,IHB100x2,-0.009285916,"1,IHB100x10_11.013_CH-Oa__benzene--acetate_150,-1,IHB100x10_11.013_CH-Oa__benzene--acetate_monA,-1,IHB100x10_11.013_CH-Oa__benzene--acetate_monB"
IHB100x2_189,IHB100x2,-0.00635847,"1,IHB100x10_11.014_CH-Oa__benzene--benzoate_080,-1,IHB100x10_11.014_CH-Oa__benzene--benzoate_monA,-1,IHB100x10_11.014_CH-Oa__benzene--benzoate_monB"
IHB100x2_190,IHB100x2,-0.008251668,"1,IHB100x10_11.014_CH-Oa__benzene--benzoate_150,-1,IHB100x10_11.014_CH-Oa__benzene--benzoate_monA,-1,IHB100x10_11.014_CH-Oa__benzene--benzoate_monB"
IHB100x2_191,IHB100x2,-0.002995971,"1,IHB100x10_11.015_CH-Oa__ethene--acetate_080,-1,IHB100x10_11.015_CH-Oa__ethene--acetate_monA,-1,IHB100x10_11.015_CH-Oa__ethene--acetate_monB"
IHB100x2_192,IHB100x2,-0.005579199,"1,IHB100x10_11.015_CH-Oa__ethene--acetate_150,-1,IHB100x10_11.015_CH-Oa__ethene--acetate_monA,-1,IHB100x10_11.015_CH-Oa__ethene--acetate_monB"
IHB100x2_193,IHB100x2,-0.006630976,"1,IHB100x10_12.001_CH-Na__benzene--cyanide_080,-1,IHB100x10_12.001_CH-Na__benzene--cyanide_monA,-1,IHB100x10_12.001_CH-Na__benzene--cyanide_monB"
IHB100x2_194,IHB100x2,-0.007314631,"1,IHB100x10_12.001_CH-Na__benzene--cyanide_150,-1,IHB100x10_12.001_CH-Na__benzene--cyanide_monA,-1,IHB100x10_12.001_CH-Na__benzene--cyanide_monB"
IHB100x2_195,IHB100x2,-0.001717902,"1,IHB100x10_12.002_CH-Na__ethene--cyanide_080,-1,IHB100x10_12.002_CH-Na__ethene--cyanide_monA,-1,IHB100x10_12.002_CH-Na__ethene--cyanide_monB"
IHB100x2_196,IHB100x2,-0.004229418,"1,IHB100x10_12.002_CH-Na__ethene--cyanide_150,-1,IHB100x10_12.002_CH-Na__ethene--cyanide_monA,-1,IHB100x10_12.002_CH-Na__ethene--cyanide_monB"
IHB100x2_197,IHB100x2,-0.008583137,"1,IHB100x10_12.003_CH-Na__ethyne--cyanide_080,-1,IHB100x10_12.003_CH-Na__ethyne--cyanide_monA,-1,IHB100x10_12.003_CH-Na__ethyne--cyanide_monB"
IHB100x2_198,IHB100x2,-0.010830115,"1,IHB100x10_12.003_CH-Na__ethyne--cyanide_150,-1,IHB100x10_12.003_CH-Na__ethyne--cyanide_monA,-1,IHB100x10_12.003_CH-Na__ethyne--cyanide_monB"
IHB100x2_199,IHB100x2,0.000656564,"1,IHB100x10_13.001_CH-Ca__methane--cyanide_080,-1,IHB100x10_13.001_CH-Ca__methane--cyanide_monA,-1,IHB100x10_13.001_CH-Ca__methane--cyanide_monB"
IHB100x2_200,IHB100x2,-0.001933039,"1,IHB100x10_13.001_CH-Ca__methane--cyanide_150,-1,IHB100x10_13.001_CH-Ca__methane--cyanide_monA,-1,IHB100x10_13.001_CH-Ca__methane--cyanide_monB"
IL16_1,IL16,-0.160013641,"1,IL16_008,-1,IL16_008A,-1,IL16_008B"
IL16_2,IL16,-0.192507199,"1,IL16_144,-1,IL16_144A,-1,IL16_144B"
IL16_3,IL16,-0.186308085,"1,IL16_147,-1,IL16_147A,-1,IL16_147B"
IL16_4,IL16,-0.167344213,"1,IL16_148,-1,IL16_148A,-1,IL16_148B"
IL16_5,IL16,-0.16643586,"1,IL16_150,-1,IL16_150A,-1,IL16_150B"
IL16_6,IL16,-0.139312743,"1,IL16_152,-1,IL16_152A,-1,IL16_152B"
IL16_7,IL16,-0.181670701,"1,IL16_187,-1,IL16_187A,-1,IL16_187B"
IL16_8,IL16,-0.180889836,"1,IL16_202,-1,IL16_202A,-1,IL16_202B"
IL16_9,IL16,-0.18312088,"1,IL16_212,-1,IL16_212A,-1,IL16_212B"
IL16_10,IL16,-0.179678698,"1,IL16_213,-1,IL16_213A,-1,IL16_213B"
IL16_11,IL16,-0.166483668,"1,IL16_214,-1,IL16_214A,-1,IL16_214B"
IL16_12,IL16,-0.188347896,"1,IL16_227,-1,IL16_227A,-1,IL16_227B"
IL16_13,IL16,-0.178515368,"1,IL16_228,-1,IL16_228A,-1,IL16_228B"
IL16_14,IL16,-0.169766489,"1,IL16_229,-1,IL16_229A,-1,IL16_229B"
IL16_15,IL16,-0.176858021,"1,IL16_230,-1,IL16_230A,-1,IL16_230B"
IL16_16,IL16,-0.163137102,"1,IL16_231,-1,IL16_231A,-1,IL16_231B"
INV24_1,INV23,0.050517204,"-1,INV24_H2O,1,INV24_H2O_TS"
INV24_2,INV23,0.110436663,"-1,INV24_H2S,1,INV24_H2S_TS"
INV24_3,INV23,0.09657232,"-1,INV24_SO2,1,INV24_SO2_TS"
INV24_4,INV23,0.058963298,"-1,INV24_Ether,1,INV24_Ether_TS"
INV24_5,INV23,0.118245316,"-1,INV24_Thioether,1,INV24_Thioether_TS"
INV24_6,INV23,0.015457946,"-1,INV24_NMe3,1,INV24_NMe3_TS"
INV24_7,INV23,0.03011909,"-1,INV24_NCl3,1,INV24_NCl3_TS"
INV24_8,INV23,0.068843634,"-1,INV24_PMe3,1,INV24_PMe3_TS"
INV24_10,INV23,0.049720402,"-1,INV24_PH2Ph,1,INV24_PH2Ph_TS"
INV24_11,INV23,0.046692557,"-1,INV24_PPh3,1,INV24_PPh3_TS"
INV24_12,INV23,0.016414107,"-1,INV24_Dibenzocycloheptene,1,INV24_Dibenzocycloheptene_TS"
INV24_13,INV23,0.007171212,"-1,INV24_Tetrahelicene,1,INV24_Tetrahelicene_TS"
INV24_14,INV23,0.039361985,"-1,INV24_Pentahelicene,1,INV24_Pentahelicene_TS"
INV24_15,INV23,0.059919459,"-1,INV24_Hexahelicene,1,INV24_Hexahelicene_TS"
INV24_16,INV23,0.006533771,"-1,INV24_Dibenzocarbazole,1,INV24_Dibenzocarbazole_TS"
INV24_17,INV23,0.020876195,"-1,INV24_Methinecyanine,1,INV24_Methinecyanine_TS"
INV24_18,INV23,0.01784835,"-1,INV24_Corannulene,1,INV24_Corannulene_TS"
INV24_19,INV23,0.009880336,"-1,INV24_BN_Corannulene,1,INV24_BN_Corannulene_TS"
INV24_20,INV23,0.033943736,"-1,INV24_Sumanene,1,INV24_Sumanene_TS"
INV24_21,INV23,0.067409392,"-1,INV24_Triazasumanene,1,INV24_Triazasumanene_TS"
INV24_22,INV23,0.043345992,"-1,INV24_BN_Sumanene,1,INV24_BN_Sumanene_TS"
INV24_23,INV23,0.013386262,"-1,INV24_Tetrabenzopyracylene,1,INV24_Tetrabenzopyracylene_TS"
INV24_24,INV23,0.109321141,"-1,INV24_Triindenotriphenylene,1,INV24_Triindenotriphenylene_TS"
IP23_1,IP23,0.578397582,"1,IP23_Ar,-1,IP23_Ar_n"
IP23_2,IP23,0.36815471,"1,IP23_BeO,-1,IP23_BeO_n"
IP23_3,IP23,0.410673675,"1,IP23_BF,-1,IP23_BF_n"
IP23_4,IP23,0.489941963,"1,IP23_BH3,-1,IP23_BH3_n"
IP23_5,IP23,0.441690103,"1,IP23_BN,-1,IP23_BN_n"
IP23_6,IP23,0.459256279,"1,IP23_C2,-1,IP23_C2_n"
IP23_7,IP23,0.402552075,"1,IP23_CH2O,-1,IP23_CH2O_n"
IP23_8,IP23,0.529447485,"1,IP23_CH4,-1,IP23_CH4_n"
IP23_9,IP23,0.513571777,"1,IP23_CO,-1,IP23_CO_n"
IP23_10,IP23,0.50798588,"1,IP23_CO2,-1,IP23_CO2_n"
IP23_11,IP23,0.417288553,"1,IP23_CS,-1,IP23_CS_n"
IP23_12,IP23,0.580933285,"1,IP23_F2,-1,IP23_F2_n"
IP23_13,IP23,0.468076117,"1,IP23_H2O,-1,IP23_H2O_n"
IP23_14,IP23,0.384250913,"1,IP23_H2S,-1,IP23_H2S_n"
IP23_15,IP23,0.469288844,"1,IP23_HCl,-1,IP23_HCl_n"
IP23_16,IP23,0.59585351,"1,IP23_HF,-1,IP23_HF_n"
IP23_17,IP23,0.367750467,"1,IP23_LiCl,-1,IP23_LiCl_n"
IP23_18,IP23,0.424013679,"1,IP23_LiF,-1,IP23_LiF_n"
IP23_19,IP23,0.571121216,"1,IP23_N2,-1,IP23_N2_n"
IP23_20,IP23,0.791323154,"1,IP23_Ne,-1,IP23_Ne_n"
IP23_21,IP23,0.402221331,"1,IP23_NH3,-1,IP23_NH3_n"
IP23_22,IP23,0.390571796,"1,IP23_PH3,-1,IP23_PH3_n"
IP23_23,IP23,0.471052812,"1,IP23_SiH4,-1,IP23_SiH4_n"
IP30_1,IP30,0.388120616,"1,IP30_C2F4,-1,IP30_C2F4_n"
IP30_2,IP30,0.598683208,"1,IP30_CF4,-1,IP30_CF4_n"
IP30_3,IP30,0.604386702,"1,IP30_SiF4,-1,IP30_SiF4_n"
IP30_4,IP30,0.507405241,"1,IP30_HCN,-1,IP30_HCN_n"
IP30_5,IP30,0.422683354,"1,IP30_C2H2,-1,IP30_C2H2_n"
IP30_6,IP30,0.42073564,"1,IP30_HCCF,-1,IP30_HCCF_n"
IP30_7,IP30,0.43319366,"1,IP30_HCCCN,-1,IP30_HCCCN_n"
IP30_8,IP30,0.473878835,"1,IP30_NNO,-1,IP30_NNO_n"
IP30_9,IP30,0.499177068,"1,IP30_C2N2,-1,IP30_C2N2_n"
IP30_10,IP30,0.39550723,"1,IP30_C3O2,-1,IP30_C3O2_n"
IP30_11,IP30,0.41366507,"1,IP30_OCS,-1,IP30_OCS_n"
IP30_12,IP30,0.501139482,"1,IP30_FCN,-1,IP30_FCN_n"
IP30_13,IP30,0.378194624,"1,IP30_HC4H,-1,IP30_HC4H_n"
IP30_14,IP30,0.420915711,"1,IP30_SiO,-1,IP30_SiO_n"
IP30_15,IP30,0.388433023,"1,IP30_P2,-1,IP30_P2_n"
IP30_16,IP30,0.393919659,"1,IP30_C2H4,-1,IP30_C2H4_n"
IP30_17,IP30,0.344311749,"1,IP30_H2CS,-1,IP30_H2CS_n"
IP30_18,IP30,0.380517182,"1,IP30_HCONH2,-1,IP30_HCONH2_n"
IP30_19,IP30,0.422859751,"1,IP30_HCOOH,-1,IP30_HCOOH_n"
IP30_20,IP30,0.43429614,"1,IP30_NSF,-1,IP30_NSF_n"
IP30_21,IP30,0.468193714,"1,IP30_O3,-1,IP30_O3_n"
IP30_22,IP30,0.392284314,"1,IP30_C2H2F2,-1,IP30_C2H2F2_n"
IP30_23,IP30,0.387742098,"1,IP30_cis-C2H2F2,-1,IP30_cis-C2H2F2_n"
IP30_24,IP30,0.387554677,"1,IP30_CH3CCH,-1,IP30_CH3CCH_n"
IP30_25,IP30,0.461178269,"1,IP30_CH3CN,-1,IP30_CH3CN_n"
IP30_26,IP30,0.415906779,"1,IP30_CH3NC,-1,IP30_CH3NC_n"
IP30_27,IP30,0.489960338,"1,IP30_CH3F,-1,IP30_CH3F_n"
IP30_28,IP30,0.49444008,"1,IP30_CH2F2,-1,IP30_CH2F2_n"
IP30_29,IP30,0.549042223,"1,IP30_CHF3,-1,IP30_CHF3_n"
IP30_30,IP30,0.467910745,"1,IP30_C2H6,-1,IP30_C2H6_n"
ISO34_1,ISO34,0.002374468,"-1,ISO34_E1,1,ISO34_P1"
ISO34_2,ISO34,0.037226558,"-1,ISO34_E1,1,ISO34_P2"
ISO34_3,ISO34,0.011585491,"-1,ISO34_E3,1,ISO34_P3"
ISO34_4,ISO34,0.001689219,"-1,ISO34_E4,1,ISO34_P4"
ISO34_5,ISO34,0.001960131,"-1,ISO34_E5,1,ISO34_E4"
ISO34_6,ISO34,0.003968071,"-1,ISO34_E4,1,ISO34_P6"
ISO34_7,ISO34,0.017768669,"-1,ISO34_E7,1,ISO34_P7"
ISO34_8,ISO34,0.035999484,"-1,ISO34_E8,1,ISO34_P8"
ISO34_9,ISO34,0.010422161,"-1,ISO34_E9,1,ISO34_P9"
ISO34_10,ISO34,0.00605569,"-1,ISO34_E10,1,ISO34_P10"
ISO34_11,ISO34,0.002517892,"-1,ISO34_E11,1,ISO34_P11"
ISO34_12,ISO34,0.072747961,"-1,ISO34_E12,1,ISO34_P12"
ISO34_13,ISO34,0.058724257,"-1,ISO34_E13,1,ISO34_P13"
ISO34_14,ISO34,0.039170753,"-1,ISO34_E14,1,ISO34_P14"
ISO34_15,ISO34,0.013147222,"-1,ISO34_E15,1,ISO34_P15"
ISO34_16,ISO34,0.015967898,"-1,ISO34_E16,1,ISO34_P16"
ISO34_17,ISO34,0.045433611,"-1,ISO34_E17,1,ISO34_P17"
ISO34_18,ISO34,0.018613279,"-1,ISO34_E18,1,ISO34_P18"
ISO34_19,ISO34,0.0072987,"-1,ISO34_E19,1,ISO34_E20"
ISO34_20,ISO34,0.02887608,"-1,ISO34_E20,1,ISO34_P20"
ISO34_21,ISO34,0.001848579,"-1,ISO34_E21,1,ISO34_P21"
ISO34_22,ISO34,0.007410252,"-1,ISO34_E22,1,ISO34_E21"
ISO34_23,ISO34,0.008828559,"-1,ISO34_E23,1,ISO34_P23"
ISO34_24,ISO34,0.019537568,"-1,ISO34_E24,1,ISO34_P24"
ISO34_25,ISO34,0.041656773,"-1,ISO34_E25,1,ISO34_P25"
ISO34_26,ISO34,0.027314349,"-1,ISO34_E26,1,ISO34_P26"
ISO34_27,ISO34,0.105273391,"-1,ISO34_E27,1,ISO34_P27"
ISO34_28,ISO34,0.049816019,"-1,ISO34_E28,1,ISO34_P28"
ISO34_29,ISO34,0.020796514,"-1,ISO34_E29,1,ISO34_P29"
ISO34_30,ISO34,0.015904154,"-1,ISO34_E30,1,ISO34_P30"
ISO34_31,ISO34,0.024270568,"-1,ISO34_E31,1,ISO34_P31"
ISO34_32,ISO34,0.010581522,"-1,ISO34_E32,1,ISO34_P32"
ISO34_33,ISO34,0.013864343,"-1,ISO34_E33,1,ISO34_P33"
ISO34_34,ISO34,0.01078869,"-1,ISO34_E34,1,ISO34_P34"
ISOL24_1,ISOL23,0.113161724,"-1,ISOL24_i1e,1,ISOL24_i1p"
ISOL24_2,ISOL23,0.061353702,"-1,ISOL24_i2e,1,ISOL24_i2p"
ISOL24_3,ISOL23,0.017035612,"-1,ISOL24_i3e,1,ISOL24_i3p"
ISOL24_4,ISOL23,0.11000639,"-1,ISOL24_i4e,1,ISOL24_i4p"
ISOL24_5,ISOL23,0.052716375,"-1,ISOL24_i5e,1,ISOL24_i5p"
ISOL24_6,ISOL23,0.03889984,"-1,ISOL24_i6e,1,ISOL24_i6p"
ISOL24_7,ISOL23,0.028493615,"-1,ISOL24_i7e,1,ISOL24_i7p"
ISOL24_8,ISOL23,0.035123002,"-1,ISOL24_i8e,1,ISOL24_i8p"
ISOL24_9,ISOL23,0.03360908,"-1,ISOL24_i9e,1,ISOL24_i9p"
ISOL24_10,ISOL23,0.010342481,"-1,ISOL24_i10e,1,ISOL24_i10p"
ISOL24_12,ISOL23,0.000669313,"-1,ISOL24_i12e,1,ISOL24_i12p"
ISOL24_13,ISOL23,0.052620759,"-1,ISOL24_i13e,1,ISOL24_i13p"
ISOL24_14,ISOL23,0.008477966,"-1,ISOL24_i14e,1,ISOL24_i14p"
ISOL24_15,ISOL23,0.006597515,"-1,ISOL24_i15e,1,ISOL24_i15p"
ISOL24_16,ISOL23,0.036652861,"-1,ISOL24_i16e,1,ISOL24_i16p"
ISOL24_17,ISOL23,0.015665114,"-1,ISOL24_i17e,1,ISOL24_i17p"
ISOL24_18,ISOL23,0.038469568,"-1,ISOL24_i18e,1,ISOL24_i18p"
ISOL24_19,ISOL23,0.028748592,"-1,ISOL24_i19e,1,ISOL24_i19p"
ISOL24_20,ISOL23,0.007920205,"-1,ISOL24_i20e,1,ISOL24_i20p"
ISOL24_21,ISOL23,0.018963871,"-1,ISOL24_i21e,1,ISOL24_i21p"
ISOL24_22,ISOL23,0.000223104,"1,ISOL24_i22e,-1,ISOL24_i22p"
ISOL24_23,ISOL23,0.039218561,"-1,ISOL24_i23e,1,ISOL24_i23p"
ISOL24_24,ISOL23,0.024541481,"-1,ISOL24_i24e,1,ISOL24_i24p"
ISOMERIZATION20_1,ISOMERIZATION20,-0.002772866,"1,W4-17_oclo,-1,W4-17_cloo"
ISOMERIZATION20_2,ISOMERIZATION20,-0.000685249,"1,W4-17_t-hono,-1,W4-17_c-hono"
ISOMERIZATION20_3,ISOMERIZATION20,-0.024238677,"1,W4-17_hcn,-1,W4-17_hnc"
ISOMERIZATION20_4,ISOMERIZATION20,-0.039314146,"1,W4-17_hnco,-1,W4-17_hocn"
ISOMERIZATION20_5,ISOMERIZATION20,-0.13480274,"1,W4-17_hnco,-1,W4-17_honc"
ISOMERIZATION20_6,ISOMERIZATION20,-0.111185568,"1,W4-17_hnco,-1,W4-17_hcno"
ISOMERIZATION20_7,ISOMERIZATION20,-0.095488594,"1,W4-17_hocn,-1,W4-17_honc"
ISOMERIZATION20_8,ISOMERIZATION20,-0.071871422,"1,W4-17_hocn,-1,W4-17_hcno"
ISOMERIZATION20_9,ISOMERIZATION20,-0.023617172,"1,W4-17_hcno,-1,W4-17_honc"
ISOMERIZATION20_10,ISOMERIZATION20,-0.08315412,"1,W4-17_h2co,-1,W4-17_t-hcoh"
ISOMERIZATION20_11,ISOMERIZATION20,-0.007697095,"1,W4-17_t-hcoh,-1,W4-17_c-hcoh"
ISOMERIZATION20_12,ISOMERIZATION20,-0.072652287,"1,W4-17_c2h2,-1,W4-17_ch2c"
ISOMERIZATION20_13,ISOMERIZATION20,-0.000334656,"1,W4-17_t-hooo,-1,W4-17_c-hooo"
ISOMERIZATION20_14,ISOMERIZATION20,-0.008605447,"1,W4-17_t-n2h2,-1,W4-17_c-n2h2"
ISOMERIZATION20_15,ISOMERIZATION20,-0.002390402,"1,W4-17_propyne,-1,W4-17_allene"
ISOMERIZATION20_16,ISOMERIZATION20,-0.146404158,"1,W4-17_formic,-1,W4-17_dioxirane"
ISOMERIZATION20_17,ISOMERIZATION20,-0.12332881,"1,W4-17_ketene,-1,W4-17_oxirene"
ISOMERIZATION20_18,ISOMERIZATION20,-0.04197546,"1,W4-17_acetaldehyde,-1,W4-17_oxirane"
ISOMERIZATION20_19,ISOMERIZATION20,-0.01195201,"1,W4-17_h2cn,-1,W4-17_hcnh"
ISOMERIZATION20_20,ISOMERIZATION20,-0.01219105,"1,W4-17_ch2nh2,-1,W4-17_ch3nh"
MB08-165_1,MB08-165,0.205544462,"-2,MB08-165_001,2,MB08-165_170_c,1,MB08-165_172_o,2,MB08-165_166_h"
MB08-165_2,MB08-165,0.01625395,"-2,MB08-165_002,1,MB08-165_171_n,1,MB08-165_172_o,1,MB08-165_178_p,5,MB08-165_166_h"
MB08-165_3,MB08-165,-0.102818924,"-2,MB08-165_003,-8,MB08-165_166_h,4,MB08-165_169_b,2,MB08-165_170_c,2,MB08-165_167_li,1,MB08-165_171_n"
MB08-165_4,MB08-165,0.10233415,"-2,MB08-165_004,2,MB08-165_168_be,1,MB08-165_179_s,4,MB08-165_166_h"
MB08-165_5,MB08-165,0.164684491,"-2,MB08-165_005,2,MB08-165_168_be,1,MB08-165_180_cl,1,MB08-165_171_n,3,MB08-165_166_h"
MB08-165_6,MB08-165,0.151173131,"-2,MB08-165_006,-4,MB08-165_166_h,2,MB08-165_176_al,2,MB08-165_169_b,2,MB08-165_168_be,1,MB08-165_171_n"
MB08-165_7,MB08-165,-0.133531631,"-2,MB08-165_007,2,MB08-165_177_si,3,MB08-165_166_h"
MB08-165_8,MB08-165,-0.140015362,"-1,MB08-165_008,-2,MB08-165_166_h,2,MB08-165_170_c,1,MB08-165_167_li"
MB08-165_9,MB08-165,0.162316397,"-2,MB08-165_009,-4,MB08-165_166_h,2,MB08-165_176_al,2,MB08-165_169_b,2,MB08-165_168_be,1,MB08-165_173_f"
MB08-165_10,MB08-165,0.117020473,"-1,MB08-165_010,1,MB08-165_174_na,1,MB08-165_172_o,2,MB08-165_166_h"
MB08-165_11,MB08-165,-0.111435214,"-2,MB08-165_011,2,MB08-165_168_be,5,MB08-165_166_h"
MB08-165_12,MB08-165,0.010027761,"-1,MB08-165_012,1,MB08-165_169_b,2,MB08-165_166_h"
MB08-165_13,MB08-165,-0.012314453,"-2,MB08-165_013,2,MB08-165_168_be,1,MB08-165_178_p,4,MB08-165_166_h"
MB08-165_14,MB08-165,0.339182386,"-2,MB08-165_014,4,MB08-165_167_li,1,MB08-165_172_o,3,MB08-165_166_h"
MB08-165_15,MB08-165,0.267382619,"-2,MB08-165_015,2,MB08-165_168_be,1,MB08-165_172_o,4,MB08-165_166_h"
MB08-165_16,MB08-165,0.112592648,"-1,MB08-165_016,1,MB08-165_169_b,1,MB08-165_167_li,1,MB08-165_166_h"
MB08-165_17,MB08-165,0.149469729,"-2,MB08-165_017,2,MB08-165_168_be,1,MB08-165_180_cl,1,MB08-165_179_s,3,MB08-165_166_h"
MB08-165_18,MB08-165,-0.003411919,"-1,MB08-165_018,1,MB08-165_175_mg,1,MB08-165_177_si"
MB08-165_19,MB08-165,0.127184949,"-2,MB08-165_019,2,MB08-165_169_b,2,MB08-165_175_mg,1,MB08-165_178_p"
MB08-165_20,MB08-165,0.502190407,"-2,MB08-165_020,2,MB08-165_169_b,1,MB08-165_173_f,2,MB08-165_167_li,1,MB08-165_166_h"
MB08-165_21,MB08-165,0.231684326,"-2,MB08-165_021,-7,MB08-165_166_h,2,MB08-165_168_be,4,MB08-165_170_c,1,MB08-165_173_f,1,MB08-165_179_s"
MB08-165_22,MB08-165,0.130713822,"-2,MB08-165_022,1,MB08-165_172_o,1,MB08-165_178_p,6,MB08-165_166_h"
MB08-165_23,MB08-165,0.053237165,"-1,MB08-165_023,1,MB08-165_169_b,2,MB08-165_167_li"
MB08-165_24,MB08-165,0.265527666,"-2,MB08-165_024,2,MB08-165_169_b,2,MB08-165_168_be,1,MB08-165_179_s"
MB08-165_25,MB08-165,-0.055454344,"-2,MB08-165_025,1,MB08-165_171_n,1,MB08-165_179_s,6,MB08-165_166_h"
MB08-165_26,MB08-165,-0.085931995,"-1,MB08-165_026,1,MB08-165_169_b,1,MB08-165_171_n,1,MB08-165_166_h"
MB08-165_27,MB08-165,-0.102400922,"-1,MB08-165_027,-1,MB08-165_166_h,1,MB08-165_170_c,1,MB08-165_177_si"
MB08-165_28,MB08-165,0.363809921,"-2,MB08-165_028,2,MB08-165_169_b,1,MB08-165_173_f,1,MB08-165_172_o,2,MB08-165_166_h"
MB08-165_29,MB08-165,0.225529833,"-2,MB08-165_029,-2,MB08-165_166_h,2,MB08-165_170_c,1,MB08-165_173_f,2,MB08-165_175_mg,1,MB08-165_172_o"
MB08-165_30,MB08-165,-0.008348725,"-2,MB08-165_030,2,MB08-165_168_be,1,MB08-165_171_n,4,MB08-165_166_h"
MB08-165_31,MB08-165,0.317691061,"-2,MB08-165_031,2,MB08-165_169_b,1,MB08-165_173_f,3,MB08-165_166_h"
MB08-165_32,MB08-165,0.55260562,"-2,MB08-165_032,-7,MB08-165_166_h,2,MB08-165_176_al,4,MB08-165_167_li,1,MB08-165_171_n,1,MB08-165_172_o,2,MB08-165_177_si"
MB08-165_33,MB08-165,0.393361689,"-2,MB08-165_033,2,MB08-165_169_b,1,MB08-165_180_cl,1,MB08-165_173_f,2,MB08-165_166_h"
MB08-165_34,MB08-165,-0.015482933,"-2,MB08-165_034,2,MB08-165_170_c,1,MB08-165_173_f,2,MB08-165_167_li"
MB08-165_35,MB08-165,-0.00783686,"-1,MB08-165_035,-3,MB08-165_166_h,1,MB08-165_169_b,1,MB08-165_170_c,1,MB08-165_167_li,1,MB08-165_175_mg"
MB08-165_36,MB08-165,-0.054867898,"-2,MB08-165_036,-1,MB08-165_166_h,2,MB08-165_170_c,2,MB08-165_167_li,2,MB08-165_174_na"
MB08-165_37,MB08-165,-0.317700623,"-2,MB08-165_037,-5,MB08-165_166_h,2,MB08-165_170_c,2,MB08-165_175_mg,2,MB08-165_177_si"
MB08-165_38,MB08-165,0.066381359,"-2,MB08-165_038,-2,MB08-165_166_h,2,MB08-165_168_be,2,MB08-165_170_c,1,MB08-165_171_n,1,MB08-165_172_o"
MB08-165_39,MB08-165,0.040673201,"-2,MB08-165_039,-3,MB08-165_166_h,2,MB08-165_169_b,2,MB08-165_170_c,1,MB08-165_180_cl,1,MB08-165_178_p"
MB08-165_40,MB08-165,0.231037324,"-2,MB08-165_040,-3,MB08-165_166_h,4,MB08-165_168_be,1,MB08-165_180_cl,2,MB08-165_167_li,2,MB08-165_171_n"
MB08-165_41,MB08-165,0.435267064,"-2,MB08-165_041,2,MB08-165_176_al,2,MB08-165_173_f,1,MB08-165_178_p,1,MB08-165_166_h"
MB08-165_42,MB08-165,0.503710704,"-2,MB08-165_042,2,MB08-165_169_b,1,MB08-165_173_f,2,MB08-165_167_li,1,MB08-165_166_h"
MB08-165_43,MB08-165,0.050754651,"-2,MB08-165_043,-3,MB08-165_166_h,2,MB08-165_176_al,2,MB08-165_170_c,1,MB08-165_180_cl,1,MB08-165_179_s"
MB08-165_44,MB08-165,0.005977811,"-1,MB08-165_044,1,MB08-165_176_al,2,MB08-165_166_h"
MB08-165_45,MB08-165,0.104454438,"-1,MB08-165_045,1,MB08-165_169_b,1,MB08-165_174_na,1,MB08-165_166_h"
MB08-165_46,MB08-165,0.058363306,"-1,MB08-165_046,-3,MB08-165_166_h,1,MB08-165_169_b,1,MB08-165_168_be,1,MB08-165_174_na,1,MB08-165_177_si"
MB08-165_47,MB08-165,0.078908669,"-2,MB08-165_047,2,MB08-165_167_li,1,MB08-165_178_p,5,MB08-165_166_h"
MB08-165_48,MB08-165,0.153505527,"-2,MB08-165_048,-2,MB08-165_166_h,2,MB08-165_176_al,2,MB08-165_170_c,1,MB08-165_172_o"
MB08-165_49,MB08-165,0.149006787,"-2,MB08-165_049,2,MB08-165_168_be,1,MB08-165_179_s,4,MB08-165_166_h"
MB08-165_50,MB08-165,0.099794425,"-2,MB08-165_050,2,MB08-165_176_al,1,MB08-165_180_cl,3,MB08-165_166_h"
MB08-165_51,MB08-165,0.140706827,"-2,MB08-165_051,1,MB08-165_173_f,2,MB08-165_167_li,1,MB08-165_171_n,4,MB08-165_166_h"
MB08-165_52,MB08-165,-0.020229033,"-2,MB08-165_052,-2,MB08-165_166_h,2,MB08-165_169_b,2,MB08-165_170_c,1,MB08-165_179_s"
MB08-165_53,MB08-165,0.076465995,"-2,MB08-165_053,-2,MB08-165_166_h,2,MB08-165_169_b,2,MB08-165_170_c,1,MB08-165_172_o"
MB08-165_54,MB08-165,0.027008696,"-2,MB08-165_054,4,MB08-165_168_be,1,MB08-165_171_n,1,MB08-165_166_h"
MB08-165_55,MB08-165,0.691088096,"-2,MB08-165_055,1,MB08-165_180_cl,1,MB08-165_173_f,2,MB08-165_175_mg,1,MB08-165_179_s,2,MB08-165_166_h"
MB08-165_56,MB08-165,0.395941732,"-2,MB08-165_056,1,MB08-165_173_f,2,MB08-165_167_li,5,MB08-165_166_h"
MB08-165_57,MB08-165,0.104057153,"-1,MB08-165_057,1,MB08-165_169_b,1,MB08-165_174_na,1,MB08-165_166_h"
MB08-165_58,MB08-165,0.021069499,"-1,MB08-165_058,1,MB08-165_167_li,1,MB08-165_171_n,2,MB08-165_166_h"
MB08-165_59,MB08-165,0.079385634,"-2,MB08-165_059,1,MB08-165_180_cl,7,MB08-165_166_h"
MB08-165_60,MB08-165,0.449590364,"-2,MB08-165_060,2,MB08-165_169_b,1,MB08-165_173_f,1,MB08-165_171_n,2,MB08-165_166_h"
MB08-165_61,MB08-165,0.154483681,"-2,MB08-165_061,2,MB08-165_168_be,1,MB08-165_179_s,4,MB08-165_166_h"
MB08-165_62,MB08-165,0.003520507,"-1,MB08-165_062,1,MB08-165_174_na,3,MB08-165_166_h"
MB08-165_63,MB08-165,0.527640241,"-2,MB08-165_063,-1,MB08-165_166_h,2,MB08-165_176_al,1,MB08-165_173_f,2,MB08-165_175_mg,1,MB08-165_179_s"
MB08-165_64,MB08-165,-0.072281672,"-2,MB08-165_064,-3,MB08-165_166_h,2,MB08-165_170_c,1,MB08-165_171_n,2,MB08-165_177_si"
MB08-165_65,MB08-165,0.295386998,"-2,MB08-165_065,2,MB08-165_175_mg,1,MB08-165_172_o,4,MB08-165_166_h"
MB08-165_66,MB08-165,0.012551597,"-2,MB08-165_066,2,MB08-165_176_al,1,MB08-165_171_n,3,MB08-165_166_h"
MB08-165_67,MB08-165,0.213090171,"-2,MB08-165_067,-1,MB08-165_166_h,2,MB08-165_176_al,2,MB08-165_169_b,1,MB08-165_171_n"
MB08-165_68,MB08-165,0.16533468,"-2,MB08-165_068,2,MB08-165_169_b,1,MB08-165_171_n,3,MB08-165_166_h"
MB08-165_69,MB08-165,0.320709344,"-2,MB08-165_069,1,MB08-165_173_f,1,MB08-165_171_n,6,MB08-165_166_h"
MB08-165_70,MB08-165,0.099749645,"-2,MB08-165_070,-1,MB08-165_166_h,2,MB08-165_168_be,2,MB08-165_170_c,1,MB08-165_173_f"
MB08-165_71,MB08-165,0.151895033,"-2,MB08-165_071,-2,MB08-165_166_h,2,MB08-165_176_al,2,MB08-165_170_c,1,MB08-165_172_o"
MB08-165_72,MB08-165,0.237346397,"-2,MB08-165_072,2,MB08-165_174_na,1,MB08-165_172_o,2,MB08-165_177_si"
MB08-165_73,MB08-165,-0.059765039,"-1,MB08-165_073,-2,MB08-165_166_h,1,MB08-165_169_b,1,MB08-165_168_be,1,MB08-165_170_c"
MB08-165_74,MB08-165,0.027714503,"-1,MB08-165_074,-5,MB08-165_166_h,2,MB08-165_169_b,1,MB08-165_168_be,1,MB08-165_167_li,1,MB08-165_177_si"
MB08-165_75,MB08-165,0.051882602,"-2,MB08-165_075,2,MB08-165_170_c,1,MB08-165_173_f,1,MB08-165_171_n,1,MB08-165_172_o"
MB08-165_76,MB08-165,0.104375395,"-1,MB08-165_076,1,MB08-165_169_b,1,MB08-165_167_li,1,MB08-165_166_h"
MB08-165_77,MB08-165,0.146034081,"-2,MB08-165_077,2,MB08-165_169_b,1,MB08-165_173_f,2,MB08-165_171_n,1,MB08-165_166_h"
MB08-165_78,MB08-165,0.358938278,"-2,MB08-165_078,2,MB08-165_176_al,2,MB08-165_168_be,1,MB08-165_172_o"
MB08-165_79,MB08-165,0.222366532,"-2,MB08-165_079,1,MB08-165_173_f,7,MB08-165_166_h"
MB08-165_80,MB08-165,0.05931389,"-1,MB08-165_080,-3,MB08-165_166_h,1,MB08-165_169_b,1,MB08-165_168_be,1,MB08-165_170_c,1,MB08-165_167_li"
MB08-165_81,MB08-165,0.138365665,"-2,MB08-165_081,2,MB08-165_167_li,1,MB08-165_178_p,5,MB08-165_166_h"
MB08-165_82,MB08-165,-0.191933502,"-2,MB08-165_082,-3,MB08-165_166_h,4,MB08-165_170_c,1,MB08-165_171_n"
MB08-165_83,MB08-165,-0.269395339,"-2,MB08-165_083,-10,MB08-165_166_h,6,MB08-165_170_c,1,MB08-165_173_f,2,MB08-165_167_li"
MB08-165_84,MB08-165,-0.029231772,"-1,MB08-165_084,-1,MB08-165_166_h,2,MB08-165_170_c"
MB08-165_85,MB08-165,-0.187594122,"-2,MB08-165_085,-3,MB08-165_166_h,4,MB08-165_170_c,1,MB08-165_172_o"
MB08-165_86,MB08-165,0.010132906,"-1,MB08-165_086,1,MB08-165_169_b,2,MB08-165_166_h"
MB08-165_87,MB08-165,-0.08679015,"-1,MB08-165_087,-4,MB08-165_166_h,1,MB08-165_176_al,1,MB08-165_169_b,1,MB08-165_170_c,1,MB08-165_175_mg"
MB08-165_88,MB08-165,-0.629291373,"-2,MB08-165_088,-9,MB08-165_166_h,6,MB08-165_170_c,1,MB08-165_171_n,1,MB08-165_179_s"
MB08-165_89,MB08-165,-0.319005783,"-2,MB08-165_089,-7,MB08-165_166_h,2,MB08-165_169_b,4,MB08-165_170_c,1,MB08-165_171_n"
MB08-165_90,MB08-165,-0.173701094,"-2,MB08-165_090,2,MB08-165_170_c,3,MB08-165_166_h"
MB08-165_91,MB08-165,0.060019378,"-2,MB08-165_091,-3,MB08-165_166_h,2,MB08-165_169_b,2,MB08-165_170_c,2,MB08-165_172_o"
MB08-165_92,MB08-165,-0.012497685,"-1,MB08-165_092,1,MB08-165_170_c,1,MB08-165_175_mg"
MB08-165_93,MB08-165,0.027734901,"-2,MB08-165_093,1,MB08-165_171_n,1,MB08-165_178_p,2,MB08-165_177_si,1,MB08-165_166_h"
MB08-165_94,MB08-165,0.071108781,"-2,MB08-165_094,2,MB08-165_170_c,1,MB08-165_172_o,1,MB08-165_179_s,1,MB08-165_166_h"
MB08-165_95,MB08-165,-0.544718881,"-2,MB08-165_095,-11,MB08-165_166_h,6,MB08-165_170_c,2,MB08-165_175_mg,1,MB08-165_178_p"
MB08-165_96,MB08-165,-0.139837038,"-2,MB08-165_096,-3,MB08-165_166_h,4,MB08-165_170_c,1,MB08-165_178_p"
MB08-165_97,MB08-165,-0.209496597,"-2,MB08-165_097,-3,MB08-165_166_h,4,MB08-165_170_c,1,MB08-165_179_s"
MB08-165_98,MB08-165,0.289406208,"-2,MB08-165_098,1,MB08-165_172_o,1,MB08-165_179_s,6,MB08-165_166_h"
MB08-165_99,MB08-165,0.108153509,"-2,MB08-165_099,2,MB08-165_170_c,1,MB08-165_172_o,2,MB08-165_166_h"
MB08-165_100,MB08-165,-0.157531605,"-1,MB08-165_100,-3,MB08-165_166_h,1,MB08-165_169_b,2,MB08-165_170_c"
MB08-165_101,MB08-165,0.032593477,"-2,MB08-165_101,1,MB08-165_172_o,7,MB08-165_166_h"
MB08-165_102,MB08-165,-0.016780795,"-2,MB08-165_102,-1,MB08-165_166_h,2,MB08-165_170_c,2,MB08-165_175_mg,1,MB08-165_172_o"
MB08-165_103,MB08-165,-0.273616793,"-2,MB08-165_103,-4,MB08-165_166_h,4,MB08-165_170_c,1,MB08-165_171_n,1,MB08-165_172_o"
MB08-165_104,MB08-165,-0.331311583,"-2,MB08-165_104,-9,MB08-165_166_h,4,MB08-165_170_c,2,MB08-165_167_li,2,MB08-165_177_si"
MB08-165_105,MB08-165,-0.170972847,"-2,MB08-165_105,-3,MB08-165_166_h,4,MB08-165_170_c,1,MB08-165_171_n"
MB08-165_106,MB08-165,-0.160821598,"-2,MB08-165_106,-4,MB08-165_166_h,4,MB08-165_170_c,1,MB08-165_173_f,1,MB08-165_178_p"
MB08-165_107,MB08-165,-0.198875235,"-2,MB08-165_107,2,MB08-165_170_c,2,MB08-165_171_n,1,MB08-165_166_h"
MB08-165_108,MB08-165,-0.200730189,"-2,MB08-165_108,2,MB08-165_170_c,1,MB08-165_171_n,1,MB08-165_178_p,1,MB08-165_179_s"
MB08-165_109,MB08-165,-0.013505878,"-1,MB08-165_109,1,MB08-165_171_n,3,MB08-165_166_h"
MB08-165_110,MB08-165,-0.298024411,"-1,MB08-165_110,-5,MB08-165_166_h,3,MB08-165_170_c,1,MB08-165_175_mg"
MB08-165_111,MB08-165,-0.577448292,"-2,MB08-165_111,-8,MB08-165_166_h,6,MB08-165_170_c,1,MB08-165_171_n"
MB08-165_112,MB08-165,-0.573443568,"-2,MB08-165_112,-9,MB08-165_166_h,6,MB08-165_170_c,1,MB08-165_172_o,1,MB08-165_178_p"
MB08-165_113,MB08-165,0.072455535,"-2,MB08-165_113,-8,MB08-165_166_h,4,MB08-165_170_c,2,MB08-165_167_li,2,MB08-165_175_mg,1,MB08-165_172_o"
MB08-165_114,MB08-165,-0.234098634,"-2,MB08-165_114,-2,MB08-165_166_h,2,MB08-165_176_al,2,MB08-165_170_c,1,MB08-165_171_n"
MB08-165_115,MB08-165,-0.108274622,"-2,MB08-165_115,2,MB08-165_170_c,1,MB08-165_171_n,1,MB08-165_172_o,1,MB08-165_166_h"
MB08-165_116,MB08-165,0.438486141,"-2,MB08-165_116,2,MB08-165_176_al,1,MB08-165_173_f,1,MB08-165_172_o,1,MB08-165_178_p,1,MB08-165_166_h"
MB08-165_117,MB08-165,-0.040569458,"-2,MB08-165_117,-3,MB08-165_166_h,4,MB08-165_170_c,1,MB08-165_173_f"
MB08-165_118,MB08-165,0.083771229,"-1,MB08-165_118,1,MB08-165_176_al,1,MB08-165_172_o,1,MB08-165_166_h"
MB08-165_119,MB08-165,0.384644682,"-2,MB08-165_119,1,MB08-165_173_f,1,MB08-165_172_o,1,MB08-165_178_p,5,MB08-165_166_h"
MB08-165_120,MB08-165,0.07199084,"-2,MB08-165_120,2,MB08-165_167_li,1,MB08-165_179_s,5,MB08-165_166_h"
MB08-165_121,MB08-165,-0.094738083,"-1,MB08-165_121,-3,MB08-165_166_h,1,MB08-165_176_al,2,MB08-165_170_c"
MB08-165_122,MB08-165,0.307350173,"-2,MB08-165_122,-5,MB08-165_166_h,2,MB08-165_170_c,2,MB08-165_172_o,1,MB08-165_178_p,2,MB08-165_177_si"
MB08-165_123,MB08-165,-0.200108684,"-2,MB08-165_123,2,MB08-165_170_c,1,MB08-165_171_n,2,MB08-165_166_h"
MB08-165_124,MB08-165,-0.496223959,"-2,MB08-165_124,-8,MB08-165_166_h,4,MB08-165_170_c,1,MB08-165_178_p,2,MB08-165_177_si"
MB08-165_125,MB08-165,0.099796178,"-2,MB08-165_125,-1,MB08-165_166_h,2,MB08-165_170_c,1,MB08-165_180_cl,2,MB08-165_167_li,1,MB08-165_179_s"
MB08-165_126,MB08-165,0.095694723,"-2,MB08-165_126,-2,MB08-165_166_h,2,MB08-165_169_b,2,MB08-165_170_c,1,MB08-165_172_o"
MB08-165_127,MB08-165,-0.102149929,"-1,MB08-165_127,-1,MB08-165_166_h,1,MB08-165_170_c,1,MB08-165_177_si"
MB08-165_128,MB08-165,-0.099090531,"-2,MB08-165_128,-1,MB08-165_166_h,2,MB08-165_170_c,2,MB08-165_175_mg,1,MB08-165_178_p"
MB08-165_129,MB08-165,-0.909335165,"-2,MB08-165_129,-18,MB08-165_166_h,10,MB08-165_170_c,1,MB08-165_172_o"
MB08-165_130,MB08-165,-0.306142223,"-2,MB08-165_130,-8,MB08-165_166_h,4,MB08-165_170_c,1,MB08-165_179_s,2,MB08-165_177_si"
MB08-165_131,MB08-165,-0.152985057,"-2,MB08-165_131,-3,MB08-165_166_h,4,MB08-165_170_c,1,MB08-165_178_p"
MB08-165_132,MB08-165,-0.060411245,"-2,MB08-165_132,-7,MB08-165_166_h,2,MB08-165_169_b,4,MB08-165_170_c,1,MB08-165_173_f"
MB08-165_133,MB08-165,0.171548137,"-2,MB08-165_133,1,MB08-165_173_f,1,MB08-165_178_p,6,MB08-165_166_h"
MB08-165_134,MB08-165,-0.130576454,"-1,MB08-165_134,-2,MB08-165_166_h,1,MB08-165_170_c,1,MB08-165_171_n,1,MB08-165_177_si"
MB08-165_135,MB08-165,0.0629634,"-2,MB08-165_135,1,MB08-165_180_cl,2,MB08-165_171_n,1,MB08-165_178_p,4,MB08-165_166_h"
MB08-165_136,MB08-165,0.078366685,"-2,MB08-165_136,-2,MB08-165_166_h,2,MB08-165_169_b,2,MB08-165_170_c,1,MB08-165_172_o"
MB08-165_137,MB08-165,-0.010117353,"-1,MB08-165_137,-1,MB08-165_166_h,1,MB08-165_170_c,1,MB08-165_177_si"
MB08-165_138,MB08-165,0.075647839,"-2,MB08-165_138,1,MB08-165_171_n,2,MB08-165_174_na,5,MB08-165_166_h"
MB08-165_139,MB08-165,-0.42500745,"-2,MB08-165_139,-3,MB08-165_166_h,4,MB08-165_170_c,1,MB08-165_171_n"
MB08-165_140,MB08-165,0.040458703,"-2,MB08-165_140,-2,MB08-165_166_h,2,MB08-165_169_b,2,MB08-165_170_c,1,MB08-165_172_o"
MB08-165_141,MB08-165,-0.182940802,"-2,MB08-165_141,2,MB08-165_170_c,1,MB08-165_179_s,2,MB08-165_166_h"
MB08-165_142,MB08-165,-0.137475638,"-2,MB08-165_142,-4,MB08-165_166_h,4,MB08-165_170_c,1,MB08-165_172_o,1,MB08-165_179_s"
MB08-165_143,MB08-165,-0.306633052,"-2,MB08-165_143,-3,MB08-165_166_h,4,MB08-165_170_c,1,MB08-165_171_n"
MB08-165_144,MB08-165,0.285348895,"-2,MB08-165_144,2,MB08-165_176_al,1,MB08-165_180_cl,1,MB08-165_178_p,2,MB08-165_166_h"
MB08-165_145,MB08-165,-0.277111563,"-2,MB08-165_145,-11,MB08-165_166_h,4,MB08-165_169_b,4,MB08-165_170_c,1,MB08-165_178_p"
MB08-165_146,MB08-165,-0.087657069,"-1,MB08-165_146,-4,MB08-165_166_h,1,MB08-165_176_al,2,MB08-165_170_c,1,MB08-165_174_na"
MB08-165_147,MB08-165,-0.108455496,"-2,MB08-165_147,-3,MB08-165_166_h,2,MB08-165_170_c,1,MB08-165_173_f,2,MB08-165_177_si"
MB08-165_148,MB08-165,-0.413976533,"-2,MB08-165_148,-12,MB08-165_166_h,2,MB08-165_169_b,4,MB08-165_170_c,1,MB08-165_179_s,2,MB08-165_177_si"
MB08-165_149,MB08-165,-0.186445135,"-2,MB08-165_149,2,MB08-165_170_c,1,MB08-165_171_n,1,MB08-165_179_s,1,MB08-165_166_h"
MB08-165_150,MB08-165,-0.190221973,"-2,MB08-165_150,-7,MB08-165_166_h,2,MB08-165_176_al,4,MB08-165_170_c,1,MB08-165_171_n"
MB08-165_151,MB08-165,-0.358892064,"-2,MB08-165_151,-3,MB08-165_166_h,4,MB08-165_170_c,1,MB08-165_171_n"
MB08-165_152,MB08-165,0.094319922,"-2,MB08-165_152,2,MB08-165_170_c,1,MB08-165_171_n,1,MB08-165_172_o,1,MB08-165_166_h"
MB08-165_153,MB08-165,0.480713424,"-2,MB08-165_153,2,MB08-165_180_cl,1,MB08-165_172_o,2,MB08-165_177_si"
MB08-165_154,MB08-165,-0.498251021,"-2,MB08-165_154,-13,MB08-165_166_h,6,MB08-165_170_c,1,MB08-165_173_f,2,MB08-165_177_si"
MB08-165_155,MB08-165,-0.1151107,"-1,MB08-165_155,-6,MB08-165_166_h,2,MB08-165_176_al,2,MB08-165_170_c,1,MB08-165_167_li"
MB08-165_156,MB08-165,-0.123964597,"-2,MB08-165_156,-3,MB08-165_166_h,1,MB08-165_180_cl,4,MB08-165_177_si"
MB08-165_157,MB08-165,-0.383549877,"-1,MB08-165_157,-6,MB08-165_166_h,4,MB08-165_170_c"
MB08-165_158,MB08-165,-0.261546846,"-2,MB08-165_158,-8,MB08-165_166_h,4,MB08-165_170_c,1,MB08-165_172_o,2,MB08-165_177_si"
MB08-165_159,MB08-165,0.287471574,"-2,MB08-165_159,2,MB08-165_175_mg,1,MB08-165_172_o,1,MB08-165_178_p,3,MB08-165_166_h"
MB08-165_160,MB08-165,0.20369429,"-2,MB08-165_160,2,MB08-165_180_cl,1,MB08-165_178_p,5,MB08-165_166_h"
MB08-165_161,MB08-165,-0.126460656,"-2,MB08-165_161,1,MB08-165_180_cl,2,MB08-165_171_n,5,MB08-165_166_h"
MB08-165_162,MB08-165,-0.102385783,"-1,MB08-165_162,-1,MB08-165_166_h,1,MB08-165_170_c,1,MB08-165_177_si"
MB08-165_163,MB08-165,-0.067701021,"-2,MB08-165_163,-4,MB08-165_166_h,4,MB08-165_170_c,1,MB08-165_172_o,1,MB08-165_179_s"
MB08-165_164,MB08-165,0.083324861,"-2,MB08-165_164,2,MB08-165_170_c,1,MB08-165_171_n,1,MB08-165_172_o,1,MB08-165_166_h"
MB08-165_165,MB08-165,-0.217733929,"-2,MB08-165_165,-10,MB08-165_166_h,6,MB08-165_170_c,2,MB08-165_167_li,1,MB08-165_172_o"
MB16-43_1,MB16-43,1.385792236,"-2,MB16-43_01,-4,MB16-43_H2,4,MB16-43_BH3,2,MB16-43_N2,2,MB16-43_O2,1,MB16-43_F2,2,MB16-43_NaH,2,MB16-43_AlH3,1,MB16-43_Cl2"
MB16-43_2,MB16-43,1.175738515,"-2,MB16-43_02,-6,MB16-43_H2,2,MB16-43_LiH,4,MB16-43_BH3,1,MB16-43_O2,1,MB16-43_F2,2,MB16-43_MgH2,2,MB16-43_SiH4,2,MB16-43_S2"
MB16-43_3,MB16-43,0.826534121,"-2,MB16-43_03,-13,MB16-43_H2,2,MB16-43_LiH,6,MB16-43_CH4,1,MB16-43_O2,1,MB16-43_F2,2,MB16-43_NaH,2,MB16-43_MgH2,2,MB16-43_AlH3,1,MB16-43_S2"
MB16-43_4,MB16-43,0.568674075,"-2,MB16-43_04,-17,MB16-43_H2,6,MB16-43_BH3,2,MB16-43_CH4,1,MB16-43_O2,1,MB16-43_F2,2,MB16-43_AlH3,4,MB16-43_SiH4"
MB16-43_5,MB16-43,0.2353477,"-2,MB16-43_05,-4,MB16-43_H2,4,MB16-43_BH3,2,MB16-43_N2,2,MB16-43_SiH4,4,MB16-43_P2,1,MB16-43_Cl2"
MB16-43_6,MB16-43,0.587233171,"-2,MB16-43_06,-10,MB16-43_H2,6,MB16-43_BH3,2,MB16-43_CH4,1,MB16-43_N2,1,MB16-43_O2,2,MB16-43_MgH2,2,MB16-43_AlH3"
MB16-43_7,MB16-43,0.889204139,"-2,MB16-43_07,-7,MB16-43_H2,2,MB16-43_BH3,4,MB16-43_CH4,1,MB16-43_N2,1,MB16-43_O2,2,MB16-43_F2,2,MB16-43_MgH2,1,MB16-43_S2,1,MB16-43_Cl2"
MB16-43_8,MB16-43,1.086772939,"-2,MB16-43_08,-17,MB16-43_H2,2,MB16-43_BeH2,6,MB16-43_BH3,4,MB16-43_CH4,2,MB16-43_O2,2,MB16-43_F2,2,MB16-43_AlH3"
MB16-43_9,MB16-43,0.607848015,"-2,MB16-43_09,-6,MB16-43_H2,2,MB16-43_LiH,4,MB16-43_BH3,2,MB16-43_CH4,1,MB16-43_F2,2,MB16-43_SiH4,1,MB16-43_Cl2"
MB16-43_10,MB16-43,0.073795436,"-2,MB16-43_10,-14,MB16-43_H2,2,MB16-43_BH3,6,MB16-43_CH4,1,MB16-43_N2,1,MB16-43_F2,2,MB16-43_MgH2,2,MB16-43_SiH4,1,MB16-43_Cl2"
MB16-43_11,MB16-43,0.469165861,"-2,MB16-43_11,-12,MB16-43_H2,4,MB16-43_BH3,4,MB16-43_CH4,1,MB16-43_N2,1,MB16-43_O2,1,MB16-43_F2,2,MB16-43_MgH2,2,MB16-43_AlH3"
MB16-43_12,MB16-43,0.722005103,"-2,MB16-43_12,-11,MB16-43_H2,4,MB16-43_BH3,2,MB16-43_CH4,2,MB16-43_N2,1,MB16-43_O2,1,MB16-43_F2,4,MB16-43_AlH3,1,MB16-43_P2,1,MB16-43_Cl2"
MB16-43_13,MB16-43,0.031673012,"-2,MB16-43_13,-5,MB16-43_H2,4,MB16-43_CH4,4,MB16-43_N2,2,MB16-43_O2,2,MB16-43_MgH2,2,MB16-43_S2"
MB16-43_14,MB16-43,0.613360924,"-2,MB16-43_14,-9,MB16-43_H2,2,MB16-43_LiH,4,MB16-43_BH3,1,MB16-43_O2,4,MB16-43_AlH3,2,MB16-43_SiH4,1,MB16-43_Cl2"
MB16-43_15,MB16-43,0.344371316,"-2,MB16-43_15,-15,MB16-43_H2,4,MB16-43_BH3,2,MB16-43_CH4,2,MB16-43_NaH,2,MB16-43_AlH3,4,MB16-43_SiH4,1,MB16-43_S2,1,MB16-43_Cl2"
MB16-43_16,MB16-43,0.52072034,"-2,MB16-43_16,-19,MB16-43_H2,2,MB16-43_LiH,6,MB16-43_BH3,1,MB16-43_O2,4,MB16-43_MgH2,2,MB16-43_AlH3,4,MB16-43_SiH4"
MB16-43_17,MB16-43,1.041567691,"-2,MB16-43_17,-9,MB16-43_H2,4,MB16-43_BH3,2,MB16-43_CH4,1,MB16-43_O2,3,MB16-43_F2,2,MB16-43_MgH2,2,MB16-43_SiH4"
MB16-43_18,MB16-43,0.925661624,"-2,MB16-43_18,-4,MB16-43_H2,6,MB16-43_BH3,1,MB16-43_N2,1,MB16-43_O2,1,MB16-43_F2,2,MB16-43_AlH3,1,MB16-43_Cl2"
MB16-43_19,MB16-43,1.059044571,"-2,MB16-43_19,-7,MB16-43_H2,2,MB16-43_LiH,4,MB16-43_BH3,1,MB16-43_O2,1,MB16-43_F2,4,MB16-43_AlH3,2,MB16-43_P2,1,MB16-43_S2"
MB16-43_20,MB16-43,0.386935486,"-2,MB16-43_20,-11,MB16-43_H2,6,MB16-43_BH3,4,MB16-43_CH4,2,MB16-43_N2,2,MB16-43_F2,1,MB16-43_P2"
MB16-43_21,MB16-43,1.284802768,"-2,MB16-43_21,-7,MB16-43_H2,2,MB16-43_BH3,2,MB16-43_O2,2,MB16-43_NaH,4,MB16-43_MgH2,4,MB16-43_AlH3,1,MB16-43_Cl2"
MB16-43_22,MB16-43,1.125408082,"-2,MB16-43_22,-3,MB16-43_H2,6,MB16-43_BH3,2,MB16-43_O2,1,MB16-43_F2,2,MB16-43_MgH2,1,MB16-43_P2"
MB16-43_23,MB16-43,0.343250535,"-2,MB16-43_23,-20,MB16-43_H2,8,MB16-43_BH3,2,MB16-43_CH4,1,MB16-43_F2,2,MB16-43_MgH2,4,MB16-43_SiH4,1,MB16-43_Cl2"
MB16-43_24,MB16-43,1.706173935,"-2,MB16-43_24,-8,MB16-43_H2,2,MB16-43_BH3,1,MB16-43_O2,4,MB16-43_F2,2,MB16-43_AlH3,4,MB16-43_SiH4,1,MB16-43_S2"
MB16-43_25,MB16-43,0.513921553,"-1,MB16-43_25,-5,MB16-43_H2,2,MB16-43_BH3,1,MB16-43_O2,1,MB16-43_F2,1,MB16-43_AlH3,2,MB16-43_SiH4"
MB16-43_26,MB16-43,0.595478312,"-2,MB16-43_26,-8,MB16-43_H2,2,MB16-43_BH3,2,MB16-43_CH4,2,MB16-43_O2,2,MB16-43_MgH2,2,MB16-43_AlH3,2,MB16-43_SiH4,1,MB16-43_P2"
MB16-43_27,MB16-43,0.183211077,"-2,MB16-43_27,-12,MB16-43_H2,2,MB16-43_BH3,6,MB16-43_CH4,2,MB16-43_N2,1,MB16-43_O2,2,MB16-43_AlH3,1,MB16-43_S2,1,MB16-43_Cl2"
MB16-43_28,MB16-43,0.518114163,"-2,MB16-43_28,4,MB16-43_BH3,2,MB16-43_N2,1,MB16-43_O2,1,MB16-43_F2,2,MB16-43_AlH3"
MB16-43_29,MB16-43,1.107718296,"-2,MB16-43_29,-9,MB16-43_H2,2,MB16-43_LiH,4,MB16-43_BH3,2,MB16-43_CH4,1,MB16-43_N2,3,MB16-43_F2,2,MB16-43_SiH4,1,MB16-43_S2"
MB16-43_30,MB16-43,2.05691998,"-2,MB16-43_30,-12,MB16-43_H2,4,MB16-43_LiH,2,MB16-43_BH3,2,MB16-43_CH4,5,MB16-43_F2,2,MB16-43_AlH3,2,MB16-43_SiH4,1,MB16-43_S2"
MB16-43_31,MB16-43,0.852418531,"-2,MB16-43_31,-8,MB16-43_H2,4,MB16-43_BH3,2,MB16-43_CH4,1,MB16-43_O2,1,MB16-43_F2,2,MB16-43_AlH3,4,MB16-43_P2,1,MB16-43_Cl2"
MB16-43_32,MB16-43,1.092544967,"-2,MB16-43_32,-11,MB16-43_H2,2,MB16-43_LiH,6,MB16-43_BH3,1,MB16-43_N2,2,MB16-43_F2,2,MB16-43_AlH3,2,MB16-43_SiH4,1,MB16-43_S2"
MB16-43_33,MB16-43,0.498307594,"-2,MB16-43_33,-6,MB16-43_H2,4,MB16-43_BH3,2,MB16-43_CH4,2,MB16-43_N2,1,MB16-43_F2,2,MB16-43_AlH3,2,MB16-43_S2"
MB16-43_34,MB16-43,0.857779251,"-2,MB16-43_34,-10,MB16-43_H2,2,MB16-43_BH3,2,MB16-43_CH4,1,MB16-43_N2,2,MB16-43_O2,1,MB16-43_F2,2,MB16-43_MgH2,2,MB16-43_AlH3,2,MB16-43_SiH4,1,MB16-43_P2"
MB16-43_35,MB16-43,0.363619964,"-2,MB16-43_35,-20,MB16-43_H2,2,MB16-43_LiH,4,MB16-43_BH3,4,MB16-43_CH4,1,MB16-43_O2,4,MB16-43_AlH3,2,MB16-43_SiH4,1,MB16-43_P2,1,MB16-43_Cl2"
MB16-43_36,MB16-43,0.88102322,"-2,MB16-43_36,3,MB16-43_H2,2,MB16-43_LiH,2,MB16-43_CH4,1,MB16-43_N2,2,MB16-43_O2,1,MB16-43_F2,1,MB16-43_P2,1,MB16-43_Cl2"
MB16-43_37,MB16-43,1.003625765,"-2,MB16-43_37,-19,MB16-43_H2,8,MB16-43_BH3,2,MB16-43_CH4,2,MB16-43_O2,1,MB16-43_F2,2,MB16-43_AlH3,2,MB16-43_SiH4,2,MB16-43_S2"
MB16-43_38,MB16-43,0.156482696,"-2,MB16-43_38,-12,MB16-43_H2,2,MB16-43_BH3,2,MB16-43_CH4,2,MB16-43_N2,1,MB16-43_F2,2,MB16-43_AlH3,4,MB16-43_SiH4,1,MB16-43_P2,1,MB16-43_S2"
MB16-43_39,MB16-43,0.695455205,"-2,MB16-43_39,-5,MB16-43_H2,2,MB16-43_LiH,2,MB16-43_BH3,4,MB16-43_CH4,2,MB16-43_F2,2,MB16-43_NaH,1,MB16-43_Cl2"
MB16-43_40,MB16-43,-0.578446843,"-2,MB16-43_40,-26,MB16-43_H2,6,MB16-43_BH3,6,MB16-43_CH4,1,MB16-43_N2,2,MB16-43_AlH3,4,MB16-43_SiH4"
MB16-43_41,MB16-43,0.255440002,"-2,MB16-43_41,-16,MB16-43_H2,4,MB16-43_BH3,6,MB16-43_CH4,1,MB16-43_F2,2,MB16-43_NaH,2,MB16-43_AlH3,2,MB16-43_S2"
MB16-43_42,MB16-43,1.20260554,"-2,MB16-43_42,-11,MB16-43_H2,4,MB16-43_BH3,2,MB16-43_CH4,1,MB16-43_N2,2,MB16-43_O2,2,MB16-43_F2,4,MB16-43_AlH3,1,MB16-43_P2"
MB16-43_43,MB16-43,0.672449798,"-2,MB16-43_43,-7,MB16-43_H2,2,MB16-43_BH3,3,MB16-43_N2,1,MB16-43_O2,1,MB16-43_F2,2,MB16-43_AlH3,4,MB16-43_SiH4"
MCONF_1,MCONF,0.000621505,"-1,MCONF_1,1,MCONF_2"
MCONF_2,MCONF,0.002772869,"-1,MCONF_1,1,MCONF_3"
MCONF_3,MCONF,0.001848579,"-1,MCONF_1,1,MCONF_4"
MCONF_4,MCONF,0.003505926,"-1,MCONF_1,1,MCONF_5"
MCONF_5,MCONF,0.003505926,"-1,MCONF_1,1,MCONF_6"
MCONF_6,MCONF,0.004270855,"-1,MCONF_1,1,MCONF_7"
MCONF_7,MCONF,0.00465332,"-1,MCONF_1,1,MCONF_8"
MCONF_8,MCONF,0.003553734,"-1,MCONF_1,1,MCONF_9"
MCONF_9,MCONF,0.004525832,"-1,MCONF_1,1,MCONF_10"
MCONF_10,MCONF,0.006756875,"-1,MCONF_1,1,MCONF_11"
MCONF_11,MCONF,0.007091532,"-1,MCONF_1,1,MCONF_12"
MCONF_12,MCONF,0.00573697,"-1,MCONF_1,1,MCONF_13"
MCONF_13,MCONF,0.003585606,"-1,MCONF_1,1,MCONF_14"
MCONF_14,MCONF,0.005960074,"-1,MCONF_1,1,MCONF_15"
MCONF_15,MCONF,0.007968013,"-1,MCONF_1,1,MCONF_16"
MCONF_16,MCONF,0.008143309,"-1,MCONF_1,1,MCONF_17"
MCONF_17,MCONF,0.005067656,"-1,MCONF_1,1,MCONF_18"
MCONF_18,MCONF,0.006103498,"-1,MCONF_1,1,MCONF_19"
MCONF_19,MCONF,0.00605569,"-1,MCONF_1,1,MCONF_20"
MCONF_20,MCONF,0.004956104,"-1,MCONF_1,1,MCONF_21"
MCONF_21,MCONF,0.008398286,"-1,MCONF_1,1,MCONF_22"
MCONF_22,MCONF,0.00846203,"-1,MCONF_1,1,MCONF_23"
MCONF_23,MCONF,0.007171212,"-1,MCONF_1,1,MCONF_24"
MCONF_24,MCONF,0.00613537,"-1,MCONF_1,1,MCONF_25"
MCONF_25,MCONF,0.007250892,"-1,MCONF_1,1,MCONF_26"
MCONF_26,MCONF,0.007585549,"-1,MCONF_1,1,MCONF_27"
MCONF_27,MCONF,0.006964044,"-1,MCONF_1,1,MCONF_28"
MCONF_28,MCONF,0.008398286,"-1,MCONF_1,1,MCONF_29"
MCONF_29,MCONF,0.009035727,"-1,MCONF_1,1,MCONF_30"
MCONF_30,MCONF,0.007744909,"-1,MCONF_1,1,MCONF_31"
MCONF_31,MCONF,0.00994408,"-1,MCONF_1,1,MCONF_32"
MCONF_32,MCONF,0.009975953,"-1,MCONF_1,1,MCONF_33"
MCONF_33,MCONF,0.009322575,"-1,MCONF_1,1,MCONF_34"
MCONF_34,MCONF,0.008557646,"-1,MCONF_1,1,MCONF_35"
MCONF_35,MCONF,0.008812623,"-1,MCONF_1,1,MCONF_36"
MCONF_36,MCONF,0.011999828,"-1,MCONF_1,1,MCONF_37"
MCONF_37,MCONF,0.009370384,"-1,MCONF_1,1,MCONF_38"
MCONF_38,MCONF,0.008892303,"-1,MCONF_1,1,MCONF_39"
MCONF_39,MCONF,0.011123346,"-1,MCONF_1,1,MCONF_40"
MCONF_40,MCONF,0.011266771,"-1,MCONF_1,1,MCONF_41"
MCONF_41,MCONF,0.010183121,"-1,MCONF_1,1,MCONF_42"
MCONF_42,MCONF,0.011665171,"-1,MCONF_1,1,MCONF_43"
MCONF_43,MCONF,0.011776724,"-1,MCONF_1,1,MCONF_44"
MCONF_44,MCONF,0.009848464,"-1,MCONF_1,1,MCONF_45"
MCONF_45,MCONF,0.012461973,"-1,MCONF_1,1,MCONF_46"
MCONF_46,MCONF,0.012573525,"-1,MCONF_1,1,MCONF_47"
MCONF_47,MCONF,0.010740882,"-1,MCONF_1,1,MCONF_48"
MCONF_48,MCONF,0.013051606,"-1,MCONF_1,1,MCONF_49"
MCONF_49,MCONF,0.013067542,"-1,MCONF_1,1,MCONF_50"
MCONF_50,MCONF,0.011601427,"-1,MCONF_1,1,MCONF_51"
MCONF_51,MCONF,0.013944023,"-1,MCONF_1,1,MCONF_52"
MME55_1,MME52,-0.001349355,"1,MME55_DMML_INT1,-1,MME55_DMML_REACT"
MME55_2,MME52,0.03847638,"1,MME55_DMML_PROD1,-1,MME55_DMML_INT2"
MME55_3,MME52,0.103673662,"1,MME55_DMML_INT3,-1,MME55_DMML_INT2"
MME55_4,MME52,-0.014607082,"1,MME55_DMML_INT4,-1,MME55_DMML_INT3"
MME55_5,MME52,-0.0505902,"1,MME55_DMML_PROD1,-1,MME55_DMML_INT4"
MME55_6,MME52,-0.001861326,"1,MME55_CDO_1B,-1,MME55_CDO_1A"
MME55_8,MME52,-0.004211889,"1,MME55_CDO_3B,-1,MME55_CDO_3A"
MME55_9,MME52,-0.12322045,"1,MME55_CDO_3D,-1,MME55_CDO_3Cprime"
MME55_10,MME52,-0.069014097,"1,MME55_CDO_5B,-1,MME55_CDO_5A"
MME55_11,MME52,-0.107985621,"1,MME55_CDO_5C,-1,MME55_CDO_5B"
MME55_12,MME52,-0.016377442,"1,MME55_CDO_5Cprime,-1,MME55_CDO_5C"
MME55_13,MME52,-0.001724277,"1,MME55_CDO_5D,-1,MME55_CDO_5Cprime"
MME55_14,MME52,0.044784981,"1,MME55_CoNHase_INT1,-1,MME55_CoNHase_ES"
MME55_15,MME52,-0.043941966,"1,MME55_CoNHase_INT2,-1,MME55_CoNHase_INT1"
MME55_16,MME52,0.013340038,"1,MME55_CoNHase_EP,-1,MME55_CoNHase_INT2"
MME55_17,MME52,0.012817336,"1,MME55_NiSOD_4prime_singlet,-1,MME55_NiSOD_4_singlet"
MME55_18,MME52,0.040541221,"1,MME55_NiSOD_4prime_triplet,-1,MME55_NiSOD_4_triplet"
MME55_19,MME52,0.044259093,"1,MME55_NiSOD_TS4,-1,MME55_NiSOD_4_triplet"
MME55_20,MME52,0.003717872,"1,MME55_NiSOD_TS4,-1,MME55_NiSOD_4prime_triplet"
MME55_23,MME52,0.011081904,"1,MME55_Hc_3_2a,-1,MME55_Hc_3_1"
MME55_24,MME52,-0.009617385,"1,MME55_Hc_3_3,-1,MME55_Hc_3_2a"
MME55_25,MME52,0.008332942,"1,MME55_Hc_3_TS1,-1,MME55_Hc_3_1"
MME55_26,MME52,0.00663735,"1,MME55_Hc_3_TS2,-1,MME55_Hc_3_2a"
MME55_27,MME52,0.006595916,"1,MME55_AAP_int1b,-1,MME55_AAP_int1a"
MME55_28,MME52,0.001152174,"1,MME55_AAP_int2,-1,MME55_AAP_int1b"
MME55_29,MME52,0.001177671,"1,MME55_AAP_int3,-1,MME55_AAP_int2"
MME55_30,MME52,-0.005437368,"1,MME55_AAP_p,-1,MME55_AAP_int3"
MME55_31,MME52,0.014018912,"1,MME55_AAP_ts1,-1,MME55_AAP_r"
MME55_32,MME52,0.003727434,"1,MME55_AAP_ts2,-1,MME55_AAP_int1b"
MME55_33,MME52,0.002718684,"1,MME55_AAP_ts3,-1,MME55_AAP_int2"
MME55_34,MME52,0.002363311,"1,MME55_AAP_ts4,-1,MME55_AAP_int3"
MME55_35,MME52,0.003971255,"1,MME55_PTE_i,-1,MME55_PTE_r"
MME55_36,MME52,0.010600637,"1,MME55_PTE_ts1,-1,MME55_PTE_r"
MME55_37,MME52,0.013230079,"1,MME55_PTE_ts2,-1,MME55_PTE_i"
MME55_38,MME52,-0.013480275,"1,MME55_AH_int1,-1,MME55_AH_r"
MME55_39,MME52,0.015862709,"1,MME55_AH_int2,-1,MME55_AH_int1"
MME55_40,MME52,-0.035916589,"1,MME55_AH_int3,-1,MME55_AH_int2"
MME55_41,MME52,-0.00427882,"1,MME55_AH_int4,-1,MME55_AH_int3"
MME55_42,MME52,-0.00544693,"1,MME55_AH_p,-1,MME55_AH_int4"
MME55_43,MME52,0.026627486,"1,MME55_AH_ts1,-1,MME55_AH_int1"
MME55_44,MME52,0.023362197,"1,MME55_AH_ts2,-1,MME55_AH_int2"
MME55_45,MME52,0.013547206,"1,MME55_AH_ts3,-1,MME55_AH_int3"
MME55_46,MME52,0.027258553,"1,MME55_AH_ts4,-1,MME55_AH_int4"
MME55_47,MME52,-0.005115461,"1,MME55_WFOR_int,-1,MME55_WFOR_r"
MME55_48,MME52,-0.023806812,"1,MME55_WFOR_p,-1,MME55_WFOR_int"
MME55_49,MME52,0.02274388,"1,MME55_WFOR_ts1,-1,MME55_WFOR_r"
MME55_50,MME52,0.031392355,"1,MME55_WFOR_ts2,-1,MME55_WFOR_int"
MME55_51,MME52,0.017085001,"1,MME55_MoCuCODH_Int2A,-1,MME55_MoCuCODH_Int1A"
MME55_52,MME52,-0.009231733,"1,MME55_MoCuCODH_Int3A,-1,MME55_MoCuCODH_Int2A"
MME55_53,MME52,-0.004191172,"1,MME55_MoCuCODH_Int4A,-1,MME55_MoCuCODH_Int3A"
MME55_54,MME52,0.00937197,"1,MME55_MoCuCODH_Int5A,-1,MME55_MoCuCODH_Int3A"
MME55_55,MME52,0.002868483,"1,MME55_MoCuCODH_Int6A,-1,MME55_MoCuCODH_Int5A"
MOBH28_01,MOBH28,0.041752358,"1,MOBH35_01_ts,-1,MOBH35_01_start"
MOBH28_02,MOBH28,0.009099464,"1,MOBH35_02_ts,-1,MOBH35_02_start"
MOBH28_03,MOBH28,0.001466113,"1,MOBH35_03_ts,-1,MOBH35_03_start"
MOBH28_04,MOBH28,0.002167298,"1,MOBH35_04_ts,-1,MOBH35_04_start"
MOBH28_05,MOBH28,0.007378375,"1,MOBH35_05_ts,-1,MOBH35_05_start"
MOBH28_06,MOBH28,0.025115159,"1,MOBH35_06_ts,-1,MOBH35_06_start"
MOBH28_07,MOBH28,0.043967464,"1,MOBH35_07_ts,-1,MOBH35_07_start"
MOBH28_08,MOBH28,0.055090802,"1,MOBH35_08_ts,-1,MOBH35_08_start"
MOBH28_09,MOBH28,-0.00683655,"1,MOBH35_10_ts_MAI,-1,MOBH35_10_start_MAI"
MOBH28_10,MOBH28,0.046995306,"1,MOBH35_11_ts,-1,MOBH35_11_start"
MOBH28_11,MOBH28,0.008764808,"1,MOBH35_12_ts,-1,MOBH35_12_start"
MOBH28_12,MOBH28,0.03290787,"1,MOBH35_13_ts,-1,MOBH35_13_start"
MOBH28_13,MOBH28,0.016095375,"1,MOBH35_14_ts,-1,MOBH35_14_start"
MOBH28_14,MOBH28,0.032923806,"1,MOBH35_15_ts,-1,MOBH35_15_start"
MOBH28_15,MOBH28,0.056493171,"1,MOBH35_16_ts,-1,MOBH35_16_start"
MOBH28_16,MOBH28,0.013402188,"1,MOBH35_21_ts,-1,MOBH35_21_start"
MOBH28_17,MOBH28,0.022055444,"1,MOBH35_22_ts,-1,MOBH35_22_start"
MOBH28_18,MOBH28,0.046931562,"1,MOBH35_23_ts,-1,MOBH35_23_start"
MOBH28_19,MOBH28,0.041162725,"1,MOBH35_26_ts,-1,MOBH35_26_start"
MOBH28_20,MOBH28,0.0223901,"1,MOBH35_27_ts,-1,MOBH35_27_start"
MOBH28_21,MOBH28,0.048094891,"1,MOBH35_28_ts,-1,MOBH35_28_start"
MOBH28_22,MOBH28,0.023457813,"1,MOBH35_29_ts,-1,MOBH35_29_start"
MOBH28_23,MOBH28,0.015601358,"1,MOBH35_30_ts,-1,MOBH35_30_start"
MOBH28_24,MOBH28,0.00463738,"1,MOBH35_31_ts,-1,MOBH35_31_start"
MOBH28_25,MOBH28,0.032158877,"1,MOBH35_32_ts,-1,MOBH35_32_start"
MOBH28_26,MOBH28,0.001673282,"1,MOBH35_33_ts,-1,MOBH35_33_start"
MOBH28_27,MOBH28,0.046469418,"1,MOBH35_34_ts,-1,MOBH35_34_start"
MOBH28_28,MOBH28,0.027537433,"1,MOBH35_35_ts_MAI,-1,MOBH35_35_start_MAI"
MOBH28_29,MOBH28,0.022342292,"1,MOBH35_01_ts,-1,MOBH35_01_end"
MOBH28_30,MOBH28,0.035457632,"1,MOBH35_02_ts,-1,MOBH35_02_end"
MOBH28_31,MOBH28,0.042899751,"1,MOBH35_03_ts,-1,MOBH35_03_end"
MOBH28_32,MOBH28,0.013147212,"1,MOBH35_04_ts,-1,MOBH35_04_end"
MOBH28_33,MOBH28,0.036015392,"1,MOBH35_05_ts,-1,MOBH35_05_end_correct"
MOBH28_34,MOBH28,0.023282517,"1,MOBH35_06_ts,-1,MOBH35_06_end"
MOBH28_35,MOBH28,0.029609115,"1,MOBH35_07_ts,-1,MOBH35_07_end"
MOBH28_36,MOBH28,0.050708398,"1,MOBH35_08_ts,-1,MOBH35_08_end"
MOBH28_37,MOBH28,0.013099404,"1,MOBH35_10_ts_MAI,-1,MOBH35_10_end_MAI,-1,MOBH35_prodCO"
MOBH28_38,MOBH28,0.131217142,"1,MOBH35_11_ts,-1,MOBH35_11_end"
MOBH28_39,MOBH28,0.059250101,"1,MOBH35_12_ts,-1,MOBH35_12_end"
MOBH28_40,MOBH28,0.076476933,"1,MOBH35_13_ts,-1,MOBH35_13_end"
MOBH28_41,MOBH28,0.022900053,"1,MOBH35_14_ts,-1,MOBH35_14_end"
MOBH28_42,MOBH28,0.119488236,"1,MOBH35_15_ts,-1,MOBH35_15_end"
MOBH28_43,MOBH28,0.085687949,"1,MOBH35_16_ts,-1,MOBH35_16_end"
MOBH28_44,MOBH28,0.013402188,"1,MOBH35_21_ts,-1,MOBH35_21_end"
MOBH28_45,MOBH28,0.043043175,"1,MOBH35_22_ts,-1,MOBH35_22_end"
MOBH28_46,MOBH28,0.032429789,"1,MOBH35_23_ts,-1,MOBH35_23_end"
MOBH28_47,MOBH28,0.000175296,"1,MOBH35_26_ts,-1,MOBH35_26_end"
MOBH28_48,MOBH28,0.003649347,"1,MOBH35_27_ts,-1,MOBH35_27_end"
MOBH28_49,MOBH28,0.024732694,"1,MOBH35_28_ts,-1,MOBH35_28_end"
MOBH28_50,MOBH28,0.049704429,"1,MOBH35_29_ts,-1,MOBH35_29_end"
MOBH28_51,MOBH28,0.026453784,"1,MOBH35_30_ts,-1,MOBH35_30_end"
MOBH28_52,MOBH28,0.020557459,"1,MOBH35_31_ts,-1,MOBH35_31_end"
MOBH28_53,MOBH28,0.099791322,"1,MOBH35_32_ts,-1,MOBH35_32_end"
MOBH28_54,MOBH28,0.012525707,"1,MOBH35_33_ts,-1,MOBH35_33_end"
MOBH28_55,MOBH28,0.004844548,"1,MOBH35_34_ts,-1,MOBH35_34_end"
MOBH28_56,MOBH28,-0.003888388,"1,MOBH35_35_ts_MAI,-1,MOBH35_35_end_MAI,-1,MOBH35_prodCH4"
MX35_1,MX34,0.18333651,"-1,MX35_1109_NaF_01,1,MX35_Na,1,MX35_F"
MX35_2,MX34,0.46020605,"-1,MX35_1109_NaF_02,2,MX35_Na,2,MX35_F"
MX35_3,MX34,1.01699927,"-1,MX35_1109_NaF_04,4,MX35_Na,4,MX35_F"
MX35_4,MX34,1.56291585,"-1,MX35_1109_NaF_006,6,MX35_Na,6,MX35_F"
MX35_5,MX34,2.11190964,"-1,MX35_1109_NaF_008,8,MX35_Na,8,MX35_F"
MX35_6,MX34,0.1575036,"-1,MX35_1117_NaCl_01,1,MX35_Na,1,MX35_Cl"
MX35_7,MX34,0.38784619,"-1,MX35_1117_NaCl_02,2,MX35_Na,2,MX35_Cl"
MX35_8,MX34,0.84654952,"-1,MX35_1117_NaCl_04,4,MX35_Na,4,MX35_Cl"
MX35_9,MX34,1.30101602,"-1,MX35_1117_NaCl_006,6,MX35_Na,6,MX35_Cl"
MX35_10,MX34,1.75747812,"-1,MX35_1117_NaCl_008,8,MX35_Na,8,MX35_Cl"
MX35_12,MX34,0.3948693,"-1,MX35_1208_MgO_02,2,MX35_Mg,2,MX35_O"
MX35_13,MX34,1.06577806,"-1,MX35_1208_MgO_04,4,MX35_Mg,4,MX35_O"
MX35_14,MX34,1.72222532,"-1,MX35_1208_MgO_006,6,MX35_Mg,6,MX35_O"
MX35_15,MX34,2.3849101,"-1,MX35_1208_MgO_008,8,MX35_Mg,8,MX35_O"
MX35_16,MX34,0.08330138,"-1,MX35_1216_MgS_01,1,MX35_Mg,1,MX35_S"
MX35_17,MX34,0.30664059,"-1,MX35_1216_MgS_02,2,MX35_Mg,2,MX35_S"
MX35_18,MX34,0.81501,"-1,MX35_1216_MgS_04,4,MX35_Mg,4,MX35_S"
MX35_19,MX34,1.31871111,"-1,MX35_1216_MgS_006,6,MX35_Mg,6,MX35_S"
MX35_20,MX34,1.82124545,"-1,MX35_1216_MgS_008,8,MX35_Mg,8,MX35_S"
MX35_21,MX34,0.19104742,"-1,MX35_1909_KF_01,1,MX35_K,1,MX35_F"
MX35_22,MX34,0.46423814,"-1,MX35_1909_KF_02,2,MX35_K,2,MX35_F"
MX35_23,MX34,1.01822424,"-1,MX35_1909_KF_04,4,MX35_K,4,MX35_F"
MX35_24,MX34,1.56288364,"-1,MX35_1909_KF_006,6,MX35_K,6,MX35_F"
MX35_25,MX34,2.1113463,"-1,MX35_1909_KF_008,8,MX35_K,8,MX35_F"
MX35_26,MX34,0.15897564,"-1,MX35_2008_CaO_01,1,MX35_Ca,1,MX35_O"
MX35_27,MX34,0.51123882,"-1,MX35_2008_CaO_02,2,MX35_Ca,2,MX35_O"
MX35_28,MX34,1.24871768,"-1,MX35_2008_CaO_04,4,MX35_Ca,4,MX35_O"
MX35_29,MX34,1.95226461,"-1,MX35_2008_CaO_006,6,MX35_Ca,6,MX35_O"
MX35_30,MX34,2.66905679,"-1,MX35_2008_CaO_008,8,MX35_Ca,8,MX35_O"
MX35_31,MX34,0.12532158,"-1,MX35_2016_CaS_01,1,MX35_Ca,1,MX35_S"
MX35_32,MX34,0.42556668,"-1,MX35_2016_CaS_02,2,MX35_Ca,2,MX35_S"
MX35_33,MX34,1.0609339,"-1,MX35_2016_CaS_04,4,MX35_Ca,4,MX35_S"
MX35_34,MX34,1.67124214,"-1,MX35_2016_CaS_006,6,MX35_Ca,6,MX35_S"
MX35_35,MX34,2.28890792,"-1,MX35_2016_CaS_008,8,MX35_Ca,8,MX35_S"
NBC10_1,NBC10,0.005164862046,"1,101_BzBz_PD32-0p2_dim_NBC10,-1,101_BzBz_PD32-0p2_monA_NBC10,-1,101_BzBz_PD32-0p2_monB_NBC10"
NBC10_2,NBC10,0.004173641993,"1,102_BzBz_PD32-0p4_dim_NBC10,-1,101_BzBz_PD32-0p2_monA_NBC10,-1,101_BzBz_PD32-0p2_monB_NBC10"
NBC10_3,NBC10,0.002750555968,"1,103_BzBz_PD32-0p6_dim_NBC10,-1,101_BzBz_PD32-0p2_monA_NBC10,-1,101_BzBz_PD32-0p2_monB_NBC10"
NBC10_4,NBC10,0.001156954596,"1,104_BzBz_PD32-0p8_dim_NBC10,-1,101_BzBz_PD32-0p2_monA_NBC10,-1,101_BzBz_PD32-0p2_monB_NBC10"
NBC10_5,NBC10,-0.000353779505,"1,105_BzBz_PD32-1p0_dim_NBC10,-1,101_BzBz_PD32-0p2_monA_NBC10,-1,101_BzBz_PD32-0p2_monB_NBC10"
NBC10_6,NBC10,-0.001596788575,"1,106_BzBz_PD32-1p2_dim_NBC10,-1,101_BzBz_PD32-0p2_monA_NBC10,-1,101_BzBz_PD32-0p2_monB_NBC10"
NBC10_7,NBC10,-0.00247486293,"1,107_BzBz_PD32-1p4_dim_NBC10,-1,101_BzBz_PD32-0p2_monA_NBC10,-1,101_BzBz_PD32-0p2_monB_NBC10"
NBC10_8,NBC10,-0.002769679184,"1,108_BzBz_PD32-1p5_dim_NBC10,-1,101_BzBz_PD32-0p2_monA_NBC10,-1,101_BzBz_PD32-0p2_monB_NBC10"
NBC10_9,NBC10,-0.002976847362,"1,109_BzBz_PD32-1p6_dim_NBC10,-1,101_BzBz_PD32-0p2_monA_NBC10,-1,101_BzBz_PD32-0p2_monB_NBC10"
NBC10_10,NBC10,-0.003105929074,"1,110_BzBz_PD32-1p7_dim_NBC10,-1,101_BzBz_PD32-0p2_monA_NBC10,-1,101_BzBz_PD32-0p2_monB_NBC10"
NBC10_11,NBC10,-0.003168079527,"1,111_BzBz_PD32-1p8_dim_NBC10,-1,101_BzBz_PD32-0p2_monA_NBC10,-1,101_BzBz_PD32-0p2_monB_NBC10"
NBC10_12,NBC10,-0.003174453933,"1,112_BzBz_PD32-1p9_dim_NBC10,-1,101_BzBz_PD32-0p2_monA_NBC10,-1,101_BzBz_PD32-0p2_monB_NBC10"
NBC10_13,NBC10,-0.003140988304,"1,113_BzBz_PD32-2p0_dim_NBC10,-1,101_BzBz_PD32-0p2_monA_NBC10,-1,101_BzBz_PD32-0p2_monB_NBC10"
NBC10_14,NBC10,-0.003013500194,"1,114_BzBz_PD32-2p2_dim_NBC10,-1,101_BzBz_PD32-0p2_monA_NBC10,-1,101_BzBz_PD32-0p2_monB_NBC10"
NBC10_15,NBC10,-0.002860514462,"1,115_BzBz_PD32-2p4_dim_NBC10,-1,101_BzBz_PD32-0p2_monA_NBC10,-1,101_BzBz_PD32-0p2_monB_NBC10"
NBC10_16,NBC10,-0.002752149569,"1,116_BzBz_PD32-2p6_dim_NBC10,-1,101_BzBz_PD32-0p2_monA_NBC10,-1,101_BzBz_PD32-0p2_monB_NBC10"
NBC10_17,NBC10,-0.002712309535,"1,117_BzBz_PD32-2p8_dim_NBC10,-1,101_BzBz_PD32-0p2_monA_NBC10,-1,101_BzBz_PD32-0p2_monB_NBC10"
NBC10_18,NBC10,-0.002748962366,"1,118_BzBz_PD32-3p0_dim_NBC10,-1,101_BzBz_PD32-0p2_monA_NBC10,-1,101_BzBz_PD32-0p2_monB_NBC10"
NBC10_19,NBC10,0.00004621444,"1,119_BzBz_PD34-0p2_dim_NBC10,-1,119_BzBz_PD34-0p2_monA_NBC10,-1,119_BzBz_PD34-0p2_monB_NBC10"
NBC10_20,NBC10,-0.000474893209,"1,120_BzBz_PD34-0p4_dim_NBC10,-1,119_BzBz_PD34-0p2_monA_NBC10,-1,119_BzBz_PD34-0p2_monB_NBC10"
NBC10_21,NBC10,-0.001223885854,"1,121_BzBz_PD34-0p6_dim_NBC10,-1,119_BzBz_PD34-0p2_monA_NBC10,-1,119_BzBz_PD34-0p2_monB_NBC10"
NBC10_22,NBC10,-0.002068494581,"1,122_BzBz_PD34-0p8_dim_NBC10,-1,119_BzBz_PD34-0p2_monA_NBC10,-1,119_BzBz_PD34-0p2_monB_NBC10"
NBC10_23,NBC10,-0.002871669672,"1,123_BzBz_PD34-1p0_dim_NBC10,-1,119_BzBz_PD34-0p2_monA_NBC10,-1,119_BzBz_PD34-0p2_monB_NBC10"
NBC10_24,NBC10,-0.003526639836,"1,124_BzBz_PD34-1p2_dim_NBC10,-1,119_BzBz_PD34-0p2_monA_NBC10,-1,119_BzBz_PD34-0p2_monB_NBC10"
NBC10_25,NBC10,-0.003979222625,"1,125_BzBz_PD34-1p4_dim_NBC10,-1,119_BzBz_PD34-0p2_monA_NBC10,-1,119_BzBz_PD34-0p2_monB_NBC10"
NBC10_26,NBC10,-0.004121053147,"1,126_BzBz_PD34-1p5_dim_NBC10,-1,119_BzBz_PD34-0p2_monA_NBC10,-1,119_BzBz_PD34-0p2_monB_NBC10"
NBC10_27,NBC10,-0.004211888426,"1,127_BzBz_PD34-1p6_dim_NBC10,-1,119_BzBz_PD34-0p2_monA_NBC10,-1,119_BzBz_PD34-0p2_monB_NBC10"
NBC10_28,NBC10,-0.00425172846,"1,128_BzBz_PD34-1p7_dim_NBC10,-1,119_BzBz_PD34-0p2_monA_NBC10,-1,119_BzBz_PD34-0p2_monB_NBC10"
NBC10_29,NBC10,-0.004254915663,"1,129_BzBz_PD34-1p8_dim_NBC10,-1,119_BzBz_PD34-0p2_monA_NBC10,-1,119_BzBz_PD34-0p2_monB_NBC10"
NBC10_30,NBC10,-0.004221450034,"1,130_BzBz_PD34-1p9_dim_NBC10,-1,119_BzBz_PD34-0p2_monA_NBC10,-1,119_BzBz_PD34-0p2_monB_NBC10"
NBC10_31,NBC10,-0.004160893182,"1,131_BzBz_PD34-2p0_dim_NBC10,-1,119_BzBz_PD34-0p2_monA_NBC10,-1,119_BzBz_PD34-0p2_monB_NBC10"
NBC10_32,NBC10,-0.003985597031,"1,132_BzBz_PD34-2p2_dim_NBC10,-1,119_BzBz_PD34-0p2_monA_NBC10,-1,119_BzBz_PD34-0p2_monB_NBC10"
NBC10_33,NBC10,-0.003787990461,"1,133_BzBz_PD34-2p4_dim_NBC10,-1,119_BzBz_PD34-0p2_monA_NBC10,-1,119_BzBz_PD34-0p2_monB_NBC10"
NBC10_34,NBC10,-0.0036015391,"1,134_BzBz_PD34-2p6_dim_NBC10,-1,119_BzBz_PD34-0p2_monA_NBC10,-1,119_BzBz_PD34-0p2_monB_NBC10"
NBC10_35,NBC10,-0.003446959767,"1,135_BzBz_PD34-2p8_dim_NBC10,-1,119_BzBz_PD34-0p2_monA_NBC10,-1,119_BzBz_PD34-0p2_monB_NBC10"
NBC10_36,NBC10,-0.003335407671,"1,136_BzBz_PD34-3p0_dim_NBC10,-1,119_BzBz_PD34-0p2_monA_NBC10,-1,119_BzBz_PD34-0p2_monB_NBC10"
NBC10_37,NBC10,-0.002105147412,"1,137_BzBz_PD36-0p2_dim_NBC10,-1,137_BzBz_PD36-0p2_monA_NBC10,-1,137_BzBz_PD36-0p2_monB_NBC10"
NBC10_38,NBC10,-0.002374466044,"1,138_BzBz_PD36-0p4_dim_NBC10,-1,137_BzBz_PD36-0p2_monA_NBC10,-1,137_BzBz_PD36-0p2_monB_NBC10"
NBC10_39,NBC10,-0.00276489838,"1,139_BzBz_PD36-0p6_dim_NBC10,-1,137_BzBz_PD36-0p2_monA_NBC10,-1,137_BzBz_PD36-0p2_monB_NBC10"
NBC10_40,NBC10,-0.003204732359,"1,140_BzBz_PD36-0p8_dim_NBC10,-1,137_BzBz_PD36-0p2_monA_NBC10,-1,137_BzBz_PD36-0p2_monB_NBC10"
NBC10_41,NBC10,-0.003622255918,"1,141_BzBz_PD36-1p0_dim_NBC10,-1,137_BzBz_PD36-0p2_monA_NBC10,-1,137_BzBz_PD36-0p2_monB_NBC10"
NBC10_42,NBC10,-0.003955318605,"1,142_BzBz_PD36-1p2_dim_NBC10,-1,137_BzBz_PD36-0p2_monA_NBC10,-1,137_BzBz_PD36-0p2_monB_NBC10"
NBC10_43,NBC10,-0.004173641993,"1,143_BzBz_PD36-1p4_dim_NBC10,-1,137_BzBz_PD36-0p2_monA_NBC10,-1,137_BzBz_PD36-0p2_monB_NBC10"
NBC10_44,NBC10,-0.004234198845,"1,144_BzBz_PD36-1p5_dim_NBC10,-1,137_BzBz_PD36-0p2_monA_NBC10,-1,137_BzBz_PD36-0p2_monB_NBC10"
NBC10_45,NBC10,-0.004261290068,"1,145_BzBz_PD36-1p6_dim_NBC10,-1,137_BzBz_PD36-0p2_monA_NBC10,-1,137_BzBz_PD36-0p2_monB_NBC10"
NBC10_46,NBC10,-0.004262883669,"1,146_BzBz_PD36-1p7_dim_NBC10,-1,137_BzBz_PD36-0p2_monA_NBC10,-1,137_BzBz_PD36-0p2_monB_NBC10"
NBC10_47,NBC10,-0.004242166852,"1,147_BzBz_PD36-1p8_dim_NBC10,-1,137_BzBz_PD36-0p2_monA_NBC10,-1,137_BzBz_PD36-0p2_monB_NBC10"
NBC10_48,NBC10,-0.004195952412,"1,148_BzBz_PD36-1p9_dim_NBC10,-1,137_BzBz_PD36-0p2_monA_NBC10,-1,137_BzBz_PD36-0p2_monB_NBC10"
NBC10_49,NBC10,-0.004132208357,"1,149_BzBz_PD36-2p0_dim_NBC10,-1,137_BzBz_PD36-0p2_monA_NBC10,-1,137_BzBz_PD36-0p2_monB_NBC10"
NBC10_50,NBC10,-0.003966473814,"1,150_BzBz_PD36-2p2_dim_NBC10,-1,137_BzBz_PD36-0p2_monA_NBC10,-1,137_BzBz_PD36-0p2_monB_NBC10"
NBC10_51,NBC10,-0.003778428852,"1,151_BzBz_PD36-2p4_dim_NBC10,-1,137_BzBz_PD36-0p2_monA_NBC10,-1,137_BzBz_PD36-0p2_monB_NBC10"
NBC10_52,NBC10,-0.003590383891,"1,152_BzBz_PD36-2p6_dim_NBC10,-1,137_BzBz_PD36-0p2_monA_NBC10,-1,137_BzBz_PD36-0p2_monB_NBC10"
NBC10_53,NBC10,-0.00341508774,"1,153_BzBz_PD36-2p8_dim_NBC10,-1,137_BzBz_PD36-0p2_monA_NBC10,-1,137_BzBz_PD36-0p2_monB_NBC10"
NBC10_54,NBC10,-0.003260508407,"1,154_BzBz_PD36-3p0_dim_NBC10,-1,137_BzBz_PD36-0p2_monA_NBC10,-1,137_BzBz_PD36-0p2_monB_NBC10"
NBC10_55,NBC10,0.005517047949,"1,155_BzBz_S-3p2_dim_NBC10,-1,155_BzBz_S-3p2_monA_NBC10,-1,155_BzBz_S-3p2_monB_NBC10"
NBC10_56,NBC10,0.002364904436,"1,156_BzBz_S-3p3_dim_NBC10,-1,155_BzBz_S-3p2_monA_NBC10,-1,155_BzBz_S-3p2_monB_NBC10"
NBC10_57,NBC10,0.000234259402,"1,157_BzBz_S-3p4_dim_NBC10,-1,155_BzBz_S-3p2_monA_NBC10,-1,155_BzBz_S-3p2_monB_NBC10"
NBC10_58,NBC10,-0.001153767393,"1,158_BzBz_S-3p5_dim_NBC10,-1,155_BzBz_S-3p2_monA_NBC10,-1,155_BzBz_S-3p2_monB_NBC10"
NBC10_59,NBC10,-0.002006344127,"1,159_BzBz_S-3p6_dim_NBC10,-1,155_BzBz_S-3p2_monA_NBC10,-1,155_BzBz_S-3p2_monB_NBC10"
NBC10_60,NBC10,-0.002482830937,"1,160_BzBz_S-3p7_dim_NBC10,-1,155_BzBz_S-3p2_monA_NBC10,-1,155_BzBz_S-3p2_monB_NBC10"
NBC10_61,NBC10,-0.002697967122,"1,161_BzBz_S-3p8_dim_NBC10,-1,155_BzBz_S-3p2_monA_NBC10,-1,155_BzBz_S-3p2_monB_NBC10"
NBC10_62,NBC10,-0.002736213555,"1,162_BzBz_S-3p9_dim_NBC10,-1,155_BzBz_S-3p2_monA_NBC10,-1,155_BzBz_S-3p2_monB_NBC10"
NBC10_63,NBC10,-0.002659720689,"1,163_BzBz_S-4p0_dim_NBC10,-1,155_BzBz_S-3p2_monA_NBC10,-1,155_BzBz_S-3p2_monB_NBC10"
NBC10_64,NBC10,-0.002513109363,"1,164_BzBz_S-4p1_dim_NBC10,-1,155_BzBz_S-3p2_monA_NBC10,-1,155_BzBz_S-3p2_monB_NBC10"
NBC10_65,NBC10,-0.002325064401,"1,165_BzBz_S-4p2_dim_NBC10,-1,155_BzBz_S-3p2_monA_NBC10,-1,155_BzBz_S-3p2_monB_NBC10"
NBC10_66,NBC10,-0.001698779062,"1,166_BzBz_S-4p5_dim_NBC10,-1,155_BzBz_S-3p2_monA_NBC10,-1,155_BzBz_S-3p2_monB_NBC10"
NBC10_67,NBC10,-0.000870106349,"1,167_BzBz_S-5p0_dim_NBC10,-1,155_BzBz_S-3p2_monA_NBC10,-1,155_BzBz_S-3p2_monB_NBC10"
NBC10_68,NBC10,-0.000399993944,"1,168_BzBz_S-5p5_dim_NBC10,-1,155_BzBz_S-3p2_monA_NBC10,-1,155_BzBz_S-3p2_monB_NBC10"
NBC10_69,NBC10,-0.000160953739,"1,169_BzBz_S-6p0_dim_NBC10,-1,155_BzBz_S-3p2_monA_NBC10,-1,155_BzBz_S-3p2_monB_NBC10"
NBC10_70,NBC10,-0.00004621444,"1,170_BzBz_S-6p5_dim_NBC10,-1,155_BzBz_S-3p2_monA_NBC10,-1,155_BzBz_S-3p2_monB_NBC10"
NBC10_71,NBC10,0.000028684825,"1,171_BzBz_S-10p0_dim_NBC10,-1,155_BzBz_S-3p2_monA_NBC10,-1,155_BzBz_S-3p2_monB_NBC10"
NBC10_72,NBC10,0.000983252046,"1,172_BzBz_T-4p4_dim_NBC10,-1,172_BzBz_T-4p4_monA_NBC10,-1,172_BzBz_T-4p4_monB_NBC10"
NBC10_73,NBC10,-0.001225479455,"1,173_BzBz_T-4p5_dim_NBC10,-1,172_BzBz_T-4p4_monA_NBC10,-1,172_BzBz_T-4p4_monB_NBC10"
NBC10_74,NBC10,-0.002680437507,"1,174_BzBz_T-4p6_dim_NBC10,-1,172_BzBz_T-4p4_monA_NBC10,-1,172_BzBz_T-4p4_monB_NBC10"
NBC10_75,NBC10,-0.003579228681,"1,175_BzBz_T-4p7_dim_NBC10,-1,172_BzBz_T-4p4_monA_NBC10,-1,172_BzBz_T-4p4_monB_NBC10"
NBC10_76,NBC10,-0.00407802591,"1,176_BzBz_T-4p8_dim_NBC10,-1,172_BzBz_T-4p4_monA_NBC10,-1,172_BzBz_T-4p4_monB_NBC10"
NBC10_77,NBC10,-0.004291568494,"1,177_BzBz_T-4p9_dim_NBC10,-1,172_BzBz_T-4p4_monA_NBC10,-1,172_BzBz_T-4p4_monB_NBC10"
NBC10_78,NBC10,-0.004307504508,"1,178_BzBz_T-5p0_dim_NBC10,-1,172_BzBz_T-4p4_monA_NBC10,-1,172_BzBz_T-4p4_monB_NBC10"
NBC10_79,NBC10,-0.004191171608,"1,179_BzBz_T-5p1_dim_NBC10,-1,172_BzBz_T-4p4_monA_NBC10,-1,172_BzBz_T-4p4_monB_NBC10"
NBC10_80,NBC10,-0.003993565038,"1,180_BzBz_T-5p2_dim_NBC10,-1,172_BzBz_T-4p4_monA_NBC10,-1,172_BzBz_T-4p4_monB_NBC10"
NBC10_81,NBC10,-0.003746556825,"1,181_BzBz_T-5p3_dim_NBC10,-1,172_BzBz_T-4p4_monA_NBC10,-1,172_BzBz_T-4p4_monB_NBC10"
NBC10_82,NBC10,-0.003475644592,"1,182_BzBz_T-5p4_dim_NBC10,-1,172_BzBz_T-4p4_monA_NBC10,-1,172_BzBz_T-4p4_monB_NBC10"
NBC10_83,NBC10,-0.003196764352,"1,183_BzBz_T-5p5_dim_NBC10,-1,172_BzBz_T-4p4_monA_NBC10,-1,172_BzBz_T-4p4_monB_NBC10"
NBC10_84,NBC10,-0.002922664916,"1,184_BzBz_T-5p6_dim_NBC10,-1,172_BzBz_T-4p4_monA_NBC10,-1,172_BzBz_T-4p4_monB_NBC10"
NBC10_85,NBC10,-0.001979252904,"1,185_BzBz_T-6p0_dim_NBC10,-1,172_BzBz_T-4p4_monA_NBC10,-1,172_BzBz_T-4p4_monB_NBC10"
NBC10_86,NBC10,-0.001198388232,"1,186_BzBz_T-6p5_dim_NBC10,-1,172_BzBz_T-4p4_monA_NBC10,-1,172_BzBz_T-4p4_monB_NBC10"
NBC10_87,NBC10,-0.000745805442,"1,187_BzBz_T-7p0_dim_NBC10,-1,172_BzBz_T-4p4_monA_NBC10,-1,172_BzBz_T-4p4_monB_NBC10"
NBC10_88,NBC10,-0.000481267614,"1,188_BzBz_T-7p5_dim_NBC10,-1,172_BzBz_T-4p4_monA_NBC10,-1,172_BzBz_T-4p4_monB_NBC10"
NBC10_89,NBC10,-0.000323501078,"1,189_BzBz_T-8p0_dim_NBC10,-1,172_BzBz_T-4p4_monA_NBC10,-1,172_BzBz_T-4p4_monB_NBC10"
NBC10_90,NBC10,0.001969691296,"1,190_BzH2S-3p2_dim_NBC10,-1,190_BzH2S-3p2_monA_NBC10,-1,190_BzH2S-3p2_monB_NBC10"
NBC10_91,NBC10,-0.002524264573,"1,191_BzH2S-3p4_dim_NBC10,-1,190_BzH2S-3p2_monA_NBC10,-1,190_BzH2S-3p2_monB_NBC10"
NBC10_92,NBC10,-0.003615881513,"1,192_BzH2S-3p5_dim_NBC10,-1,190_BzH2S-3p2_monA_NBC10,-1,190_BzH2S-3p2_monB_NBC10"
NBC10_93,NBC10,-0.004221450034,"1,193_BzH2S-3p6_dim_NBC10,-1,190_BzH2S-3p2_monA_NBC10,-1,190_BzH2S-3p2_monB_NBC10"
NBC10_94,NBC10,-0.004490768666,"1,194_BzH2S-3p7_dim_NBC10,-1,190_BzH2S-3p2_monA_NBC10,-1,190_BzH2S-3p2_monB_NBC10"
NBC10_95,NBC10,-0.0045306087,"1,195_BzH2S-3p8_dim_NBC10,-1,190_BzH2S-3p2_monA_NBC10,-1,190_BzH2S-3p2_monB_NBC10"
NBC10_96,NBC10,-0.004419056604,"1,196_BzH2S-3p9_dim_NBC10,-1,190_BzH2S-3p2_monA_NBC10,-1,190_BzH2S-3p2_monB_NBC10"
NBC10_97,NBC10,-0.004215075628,"1,197_BzH2S-4p0_dim_NBC10,-1,190_BzH2S-3p2_monA_NBC10,-1,190_BzH2S-3p2_monB_NBC10"
NBC10_98,NBC10,-0.003956912206,"1,198_BzH2S-4p1_dim_NBC10,-1,190_BzH2S-3p2_monA_NBC10,-1,190_BzH2S-3p2_monB_NBC10"
NBC10_99,NBC10,-0.003673251162,"1,199_BzH2S-4p2_dim_NBC10,-1,190_BzH2S-3p2_monA_NBC10,-1,190_BzH2S-3p2_monB_NBC10"
NBC10_100,NBC10,-0.002822268029,"1,200_BzH2S-4p5_dim_NBC10,-1,190_BzH2S-3p2_monA_NBC10,-1,190_BzH2S-3p2_monB_NBC10"
NBC10_101,NBC10,-0.002219886711,"1,201_BzH2S-4p75_dim_NBC10,-1,190_BzH2S-3p2_monA_NBC10,-1,190_BzH2S-3p2_monB_NBC10"
NBC10_102,NBC10,-0.001740212698,"1,202_BzH2S-5p0_dim_NBC10,-1,190_BzH2S-3p2_monA_NBC10,-1,190_BzH2S-3p2_monB_NBC10"
NBC10_103,NBC10,-0.001368903578,"1,203_BzH2S-5p25_dim_NBC10,-1,190_BzH2S-3p2_monA_NBC10,-1,190_BzH2S-3p2_monB_NBC10"
NBC10_104,NBC10,-0.001086836136,"1,204_BzH2S-5p5_dim_NBC10,-1,190_BzH2S-3p2_monA_NBC10,-1,190_BzH2S-3p2_monB_NBC10"
NBC10_105,NBC10,-0.000707559009,"1,205_BzH2S-6p0_dim_NBC10,-1,190_BzH2S-3p2_monA_NBC10,-1,190_BzH2S-3p2_monB_NBC10"
NBC10_106,NBC10,-0.000479674013,"1,206_BzH2S-6p5_dim_NBC10,-1,190_BzH2S-3p2_monA_NBC10,-1,190_BzH2S-3p2_monB_NBC10"
NBC10_107,NBC10,-0.000337843491,"1,207_BzH2S-7p0_dim_NBC10,-1,190_BzH2S-3p2_monA_NBC10,-1,190_BzH2S-3p2_monB_NBC10"
NBC10_108,NBC10,-0.000245414611,"1,208_BzH2S-7p5_dim_NBC10,-1,190_BzH2S-3p2_monA_NBC10,-1,190_BzH2S-3p2_monB_NBC10"
NBC10_109,NBC10,0.001093210541,"1,209_BzMe-3p2_dim_NBC10,-1,209_BzMe-3p2_monA_NBC10,-1,209_BzMe-3p2_monB_NBC10"
NBC10_110,NBC10,-0.000339437092,"1,210_BzMe-3p3_dim_NBC10,-1,209_BzMe-3p2_monA_NBC10,-1,209_BzMe-3p2_monB_NBC10"
NBC10_111,NBC10,-0.001282849104,"1,211_BzMe-3p4_dim_NBC10,-1,209_BzMe-3p2_monA_NBC10,-1,209_BzMe-3p2_monB_NBC10"
NBC10_112,NBC10,-0.001869294409,"1,212_BzMe-3p5_dim_NBC10,-1,209_BzMe-3p2_monA_NBC10,-1,209_BzMe-3p2_monB_NBC10"
NBC10_113,NBC10,-0.00219598269,"1,213_BzMe-3p6_dim_NBC10,-1,209_BzMe-3p2_monA_NBC10,-1,209_BzMe-3p2_monB_NBC10"
NBC10_114,NBC10,-0.002342594017,"1,214_BzMe-3p7_dim_NBC10,-1,209_BzMe-3p2_monA_NBC10,-1,209_BzMe-3p2_monB_NBC10"
NBC10_115,NBC10,-0.002364904436,"1,215_BzMe-3p8_dim_NBC10,-1,209_BzMe-3p2_monA_NBC10,-1,209_BzMe-3p2_monB_NBC10"
NBC10_116,NBC10,-0.002302753982,"1,216_BzMe-3p9_dim_NBC10,-1,209_BzMe-3p2_monA_NBC10,-1,209_BzMe-3p2_monB_NBC10"
NBC10_117,NBC10,-0.002189608285,"1,217_BzMe-4p0_dim_NBC10,-1,209_BzMe-3p2_monA_NBC10,-1,209_BzMe-3p2_monB_NBC10"
NBC10_118,NBC10,-0.002046184161,"1,218_BzMe-4p1_dim_NBC10,-1,209_BzMe-3p2_monA_NBC10,-1,209_BzMe-3p2_monB_NBC10"
NBC10_119,NBC10,-0.001888417626,"1,219_BzMe-4p2_dim_NBC10,-1,209_BzMe-3p2_monA_NBC10,-1,209_BzMe-3p2_monB_NBC10"
NBC10_120,NBC10,-0.00156810375,"1,220_BzMe-4p4_dim_NBC10,-1,209_BzMe-3p2_monA_NBC10,-1,209_BzMe-3p2_monB_NBC10"
NBC10_121,NBC10,-0.001274881097,"1,221_BzMe-4p6_dim_NBC10,-1,209_BzMe-3p2_monA_NBC10,-1,209_BzMe-3p2_monB_NBC10"
NBC10_122,NBC10,-0.001024685682,"1,222_BzMe-4p8_dim_NBC10,-1,209_BzMe-3p2_monA_NBC10,-1,209_BzMe-3p2_monB_NBC10"
NBC10_123,NBC10,-0.000820704706,"1,223_BzMe-5p0_dim_NBC10,-1,209_BzMe-3p2_monA_NBC10,-1,209_BzMe-3p2_monB_NBC10"
NBC10_124,NBC10,-0.000658157367,"1,224_BzMe-5p2_dim_NBC10,-1,209_BzMe-3p2_monA_NBC10,-1,209_BzMe-3p2_monB_NBC10"
NBC10_125,NBC10,-0.000529075655,"1,225_BzMe-5p4_dim_NBC10,-1,209_BzMe-3p2_monA_NBC10,-1,209_BzMe-3p2_monB_NBC10"
NBC10_126,NBC10,-0.000427085168,"1,226_BzMe-5p6_dim_NBC10,-1,209_BzMe-3p2_monA_NBC10,-1,209_BzMe-3p2_monB_NBC10"
NBC10_127,NBC10,-0.000282067443,"1,227_BzMe-6p0_dim_NBC10,-1,209_BzMe-3p2_monA_NBC10,-1,209_BzMe-3p2_monB_NBC10"
NBC10_128,NBC10,0.000109958495,"1,228_MeMe-3p2_dim_NBC10,-1,228_MeMe-3p2_monA_NBC10,-1,228_MeMe-3p2_monB_NBC10"
NBC10_129,NBC10,-0.000380870728,"1,229_MeMe-3p3_dim_NBC10,-1,228_MeMe-3p2_monA_NBC10,-1,228_MeMe-3p2_monB_NBC10"
NBC10_130,NBC10,-0.000664531772,"1,230_MeMe-3p4_dim_NBC10,-1,228_MeMe-3p2_monA_NBC10,-1,228_MeMe-3p2_monB_NBC10"
NBC10_131,NBC10,-0.000809549497,"1,231_MeMe-3p5_dim_NBC10,-1,228_MeMe-3p2_monA_NBC10,-1,228_MeMe-3p2_monB_NBC10"
NBC10_132,NBC10,-0.000862138342,"1,232_MeMe-3p6_dim_NBC10,-1,228_MeMe-3p2_monA_NBC10,-1,228_MeMe-3p2_monB_NBC10"
NBC10_133,NBC10,-0.000858951139,"1,233_MeMe-3p7_dim_NBC10,-1,228_MeMe-3p2_monA_NBC10,-1,228_MeMe-3p2_monB_NBC10"
NBC10_134,NBC10,-0.000820704706,"1,234_MeMe-3p8_dim_NBC10,-1,228_MeMe-3p2_monA_NBC10,-1,228_MeMe-3p2_monB_NBC10"
NBC10_135,NBC10,-0.000764928658,"1,235_MeMe-3p9_dim_NBC10,-1,228_MeMe-3p2_monA_NBC10,-1,228_MeMe-3p2_monB_NBC10"
NBC10_136,NBC10,-0.000699591002,"1,236_MeMe-4p0_dim_NBC10,-1,228_MeMe-3p2_monA_NBC10,-1,228_MeMe-3p2_monB_NBC10"
NBC10_137,NBC10,-0.000631066143,"1,237_MeMe-4p1_dim_NBC10,-1,228_MeMe-3p2_monA_NBC10,-1,228_MeMe-3p2_monB_NBC10"
NBC10_138,NBC10,-0.000564134886,"1,238_MeMe-4p2_dim_NBC10,-1,228_MeMe-3p2_monA_NBC10,-1,228_MeMe-3p2_monB_NBC10"
NBC10_139,NBC10,-0.000501984432,"1,239_MeMe-4p3_dim_NBC10,-1,228_MeMe-3p2_monA_NBC10,-1,228_MeMe-3p2_monB_NBC10"
NBC10_140,NBC10,-0.000444614783,"1,240_MeMe-4p4_dim_NBC10,-1,228_MeMe-3p2_monA_NBC10,-1,228_MeMe-3p2_monB_NBC10"
NBC10_141,NBC10,-0.000345811498,"1,241_MeMe-4p6_dim_NBC10,-1,228_MeMe-3p2_monA_NBC10,-1,228_MeMe-3p2_monB_NBC10"
NBC10_142,NBC10,-0.00026772503,"1,242_MeMe-4p8_dim_NBC10,-1,228_MeMe-3p2_monA_NBC10,-1,228_MeMe-3p2_monB_NBC10"
NBC10_143,NBC10,-0.000207168178,"1,243_MeMe-5p0_dim_NBC10,-1,228_MeMe-3p2_monA_NBC10,-1,228_MeMe-3p2_monB_NBC10"
NBC10_144,NBC10,-0.00012748811,"1,244_MeMe-5p4_dim_NBC10,-1,228_MeMe-3p2_monA_NBC10,-1,228_MeMe-3p2_monB_NBC10"
NBC10_145,NBC10,-0.000079680069,"1,245_MeMe-5p8_dim_NBC10,-1,228_MeMe-3p2_monA_NBC10,-1,228_MeMe-3p2_monB_NBC10"
NBC10_146,NBC10,0.003803926474,"1,246_PyPy_S2-3p1_dim_NBC10,-1,246_PyPy_S2-3p1_monA_NBC10,-1,246_PyPy_S2-3p1_monB_NBC10"
NBC10_147,NBC10,-0.001856545598,"1,247_PyPy_S2-3p3_dim_NBC10,-1,246_PyPy_S2-3p1_monA_NBC10,-1,246_PyPy_S2-3p1_monB_NBC10"
NBC10_148,NBC10,-0.003266882812,"1,248_PyPy_S2-3p4_dim_NBC10,-1,246_PyPy_S2-3p1_monA_NBC10,-1,246_PyPy_S2-3p1_monB_NBC10"
NBC10_149,NBC10,-0.004082806714,"1,249_PyPy_S2-3p5_dim_NBC10,-1,246_PyPy_S2-3p1_monA_NBC10,-1,246_PyPy_S2-3p1_monB_NBC10"
NBC10_150,NBC10,-0.004485987862,"1,250_PyPy_S2-3p6_dim_NBC10,-1,246_PyPy_S2-3p1_monA_NBC10,-1,246_PyPy_S2-3p1_monB_NBC10"
NBC10_151,NBC10,-0.004605507964,"1,251_PyPy_S2-3p7_dim_NBC10,-1,246_PyPy_S2-3p1_monA_NBC10,-1,246_PyPy_S2-3p1_monB_NBC10"
NBC10_152,NBC10,-0.004540170308,"1,252_PyPy_S2-3p8_dim_NBC10,-1,246_PyPy_S2-3p1_monA_NBC10,-1,246_PyPy_S2-3p1_monB_NBC10"
NBC10_153,NBC10,-0.004355312549,"1,253_PyPy_S2-3p9_dim_NBC10,-1,246_PyPy_S2-3p1_monA_NBC10,-1,246_PyPy_S2-3p1_monB_NBC10"
NBC10_154,NBC10,-0.00410033633,"1,254_PyPy_S2-4p0_dim_NBC10,-1,246_PyPy_S2-3p1_monA_NBC10,-1,246_PyPy_S2-3p1_monB_NBC10"
NBC10_155,NBC10,-0.00381030088,"1,255_PyPy_S2-4p1_dim_NBC10,-1,246_PyPy_S2-3p1_monA_NBC10,-1,246_PyPy_S2-3p1_monB_NBC10"
NBC10_156,NBC10,-0.003507516619,"1,256_PyPy_S2-4p2_dim_NBC10,-1,246_PyPy_S2-3p1_monA_NBC10,-1,246_PyPy_S2-3p1_monB_NBC10"
NBC10_157,NBC10,-0.00320632596,"1,257_PyPy_S2-4p3_dim_NBC10,-1,246_PyPy_S2-3p1_monA_NBC10,-1,246_PyPy_S2-3p1_monB_NBC10"
NBC10_158,NBC10,-0.00291629051,"1,258_PyPy_S2-4p4_dim_NBC10,-1,246_PyPy_S2-3p1_monA_NBC10,-1,246_PyPy_S2-3p1_monB_NBC10"
NBC10_159,NBC10,-0.002645378277,"1,259_PyPy_S2-4p5_dim_NBC10,-1,246_PyPy_S2-3p1_monA_NBC10,-1,246_PyPy_S2-3p1_monB_NBC10"
NBC10_160,NBC10,-0.002162517061,"1,260_PyPy_S2-4p7_dim_NBC10,-1,246_PyPy_S2-3p1_monA_NBC10,-1,246_PyPy_S2-3p1_monB_NBC10"
NBC10_161,NBC10,-0.001596788575,"1,261_PyPy_S2-5p0_dim_NBC10,-1,246_PyPy_S2-3p1_monA_NBC10,-1,246_PyPy_S2-3p1_monB_NBC10"
NBC10_162,NBC10,-0.000986439249,"1,262_PyPy_S2-5p5_dim_NBC10,-1,246_PyPy_S2-3p1_monA_NBC10,-1,246_PyPy_S2-3p1_monB_NBC10"
NBC10_163,NBC10,-0.000640627751,"1,263_PyPy_S2-6p0_dim_NBC10,-1,246_PyPy_S2-3p1_monA_NBC10,-1,246_PyPy_S2-3p1_monB_NBC10"
NBC10_164,NBC10,-0.000439833979,"1,264_PyPy_S2-6p5_dim_NBC10,-1,246_PyPy_S2-3p1_monA_NBC10,-1,246_PyPy_S2-3p1_monB_NBC10"
NBC10_165,NBC10,-0.000318720274,"1,265_PyPy_S2-7p0_dim_NBC10,-1,246_PyPy_S2-3p1_monA_NBC10,-1,246_PyPy_S2-3p1_monB_NBC10"
NBC10_166,NBC10,0.01488583041,"1,266_PyPy_T3-4p1_dim_NBC10,-1,266_PyPy_T3-4p1_monA_NBC10,-1,266_PyPy_T3-4p1_monB_NBC10"
NBC10_167,NBC10,0.003172860331,"1,267_PyPy_T3-4p3_dim_NBC10,-1,266_PyPy_T3-4p1_monA_NBC10,-1,266_PyPy_T3-4p1_monB_NBC10"
NBC10_168,NBC10,-0.002194389089,"1,268_PyPy_T3-4p5_dim_NBC10,-1,266_PyPy_T3-4p1_monA_NBC10,-1,266_PyPy_T3-4p1_monB_NBC10"
NBC10_169,NBC10,-0.003510703822,"1,269_PyPy_T3-4p6_dim_NBC10,-1,266_PyPy_T3-4p1_monA_NBC10,-1,266_PyPy_T3-4p1_monB_NBC10"
NBC10_170,NBC10,-0.004259696467,"1,270_PyPy_T3-4p7_dim_NBC10,-1,266_PyPy_T3-4p1_monA_NBC10,-1,266_PyPy_T3-4p1_monB_NBC10"
NBC10_171,NBC10,-0.004615069573,"1,271_PyPy_T3-4p8_dim_NBC10,-1,266_PyPy_T3-4p1_monA_NBC10,-1,266_PyPy_T3-4p1_monB_NBC10"
NBC10_172,NBC10,-0.004707498452,"1,272_PyPy_T3-4p9_dim_NBC10,-1,266_PyPy_T3-4p1_monA_NBC10,-1,266_PyPy_T3-4p1_monB_NBC10"
NBC10_173,NBC10,-0.004626224782,"1,273_PyPy_T3-5p0_dim_NBC10,-1,266_PyPy_T3-4p1_monA_NBC10,-1,266_PyPy_T3-4p1_monB_NBC10"
NBC10_174,NBC10,-0.004434992618,"1,274_PyPy_T3-5p1_dim_NBC10,-1,266_PyPy_T3-4p1_monA_NBC10,-1,266_PyPy_T3-4p1_monB_NBC10"
NBC10_175,NBC10,-0.004183203601,"1,275_PyPy_T3-5p2_dim_NBC10,-1,266_PyPy_T3-4p1_monA_NBC10,-1,266_PyPy_T3-4p1_monB_NBC10"
NBC10_176,NBC10,-0.003899542557,"1,276_PyPy_T3-5p3_dim_NBC10,-1,266_PyPy_T3-4p1_monA_NBC10,-1,266_PyPy_T3-4p1_monB_NBC10"
NBC10_177,NBC10,-0.003604726303,"1,277_PyPy_T3-5p4_dim_NBC10,-1,266_PyPy_T3-4p1_monA_NBC10,-1,266_PyPy_T3-4p1_monB_NBC10"
NBC10_178,NBC10,-0.003314690853,"1,278_PyPy_T3-5p5_dim_NBC10,-1,266_PyPy_T3-4p1_monA_NBC10,-1,266_PyPy_T3-4p1_monB_NBC10"
NBC10_179,NBC10,-0.002774459988,"1,279_PyPy_T3-5p7_dim_NBC10,-1,266_PyPy_T3-4p1_monA_NBC10,-1,266_PyPy_T3-4p1_monB_NBC10"
NBC10_180,NBC10,-0.002108334615,"1,280_PyPy_T3-6p0_dim_NBC10,-1,266_PyPy_T3-4p1_monA_NBC10,-1,266_PyPy_T3-4p1_monB_NBC10"
NBC10_181,NBC10,-0.001357748369,"1,281_PyPy_T3-6p5_dim_NBC10,-1,266_PyPy_T3-4p1_monA_NBC10,-1,266_PyPy_T3-4p1_monB_NBC10"
NBC10_182,NBC10,-0.000913133586,"1,282_PyPy_T3-7p0_dim_NBC10,-1,266_PyPy_T3-4p1_monA_NBC10,-1,266_PyPy_T3-4p1_monB_NBC10"
NBC10_183,NBC10,-0.000471706006,"1,283_PyPy_T3-8p0_dim_NBC10,-1,266_PyPy_T3-4p1_monA_NBC10,-1,266_PyPy_T3-4p1_monB_NBC10"
NBC10_184,NBC10,-0.000277286639,"1,284_PyPy_T3-9p0_dim_NBC10,-1,266_PyPy_T3-4p1_monA_NBC10,-1,266_PyPy_T3-4p1_monB_NBC10"
NBPRC_1,NBPRC,-0.05115460615,"-1,NBPRC_nh3,-1,NBPRC_BH3,1,NBPRC_nh3-bh3"
NBPRC_2,NBPRC,-0.000318720288,"-1,NBPRC_nh3-bh3,1,NBPRC_nh2-bh2,1,NBPRC_H2"
NBPRC_3,NBPRC,0.05991941406,"-1,NBPRC_nh2-bh2,1,NBPRC_nh-bh,1,NBPRC_H2"
NBPRC_4,NBPRC,-0.03107522803,"-2,NBPRC_nh2-bh2,1,NBPRC_cbut"
NBPRC_5,NBPRC,-0.0779271103,"-3,NBPRC_nh2-bh2,1,NBPRC_bz,3,NBPRC_H2"
NBPRC_6,NBPRC,-0.07346502628,"-3,NBPRC_nh2-bh2,1,NBPRC_ch"
NBPRC_7,NBPRC,-0.04015875623,"1,NBPRC_BH3PH3,-1,NBPRC_BH3,-1,NBPRC_PH3"
NBPRC_8,NBPRC,0.06438149808,"1,NBPRC_K_H,-1,NBPRC_BH3PH3,-1,NBPRC_H2"
NBPRC_9,NBPRC,-0.02422274185,"1,NBPRC_BF3PMe3,-1,NBPRC_BF3,-1,NBPRC_PMe3"
NBPRC_10,NBPRC,0.0294816266,"1,NBPRC_K_F,-1,NBPRC_BF3PMe3,-1,NBPRC_H2"
NBPRC_11,NBPRC,-0.04972036486,"1,NBPRC_BCl3PMe3,-1,NBPRC_BCl3,-1,NBPRC_PMe3"
NBPRC_12,NBPRC,0.0280473853,"1,NBPRC_K_Cl,-1,NBPRC_BCl3PMe3,-1,NBPRC_H2"
NC11_2,NC11,-0.000997441,"1,12_Ar-HF_dim_NC15,-1,12_Ar-HF_monA_NC15,-1,12_Ar-HF_monB_NC15"
NC11_3,NC11,-0.000123522,"1,13_C3-He_dim_NC15,-1,13_C3-He_monA_NC15,-1,13_C3-He_monB_NC15"
NC11_4,NC11,-0.000426573,"1,14_H2-CO_dim_NC15,-1,14_H2-CO_monA_NC15,-1,14_H2-CO_monB_NC15"
NC11_5,NC11,-0.000180162,"1,15_H2-H2_dim_NC15,-1,15_H2-H2_monA_NC15,-1,15_H2-H2_monB_NC15"
NC11_6,NC11,-0.000955354,"1,16_H2-HCl_dim_NC15,-1,16_H2-HCl_monA_NC15,-1,16_H2-HCl_monB_NC15"
NC11_7,NC11,-0.001821846,"1,17_H2-HF_dim_NC15,-1,17_H2-HF_monA_NC15,-1,17_H2-HF_monB_NC15"
NC11_9,NC11,-0.0000500741,"1,19_He-H2_dim_NC15,-1,19_He-H2_monA_NC15,-1,19_He-H2_monB_NC15"
NC11_11,NC11,-0.000683209,"1,21_He-LiH_dim_NC15,-1,21_He-LiH_monA_NC15,-1,21_He-LiH_monB_NC15"
NC11_12,NC11,-0.000361928,"1,22_N2-N2_D2h_dim_NC15,-1,22_N2-N2_D2h_monA_NC15,-1,22_N2-N2_D2h_monB_NC15"
NC11_13,NC11,-0.000496003,"1,23_N2-N2_dim_NC15,-1,23_N2-N2_monA_NC15,-1,23_N2-N2_monB_NC15"
NC11_14,NC11,-0.000408785,"1,24_Ne-HF_dim_NC15,-1,24_Ne-HF_monA_NC15,-1,24_Ne-HF_monB_NC15"
O24_1,O24,-0.000159198,"1,O24x5_c2h3-c2h4_1.0,-1,O24x5_c2h3-c2h4_monA,-1,O24x5_c2h3-c2h4_monB"
O24_2,O24,-0.003002352,"1,O24x5_c2h3-co2_1.0,-1,O24x5_c2h3-co2_monA,-1,O24x5_c2h3-co2_monB"
O24_3,O24,-0.004680769,"1,O24x5_ch2o-nh2_1.0,-1,O24x5_ch2o-nh2_monA,-1,O24x5_ch2o-nh2_monB"
O24_4,O24,-0.000503156,"1,O24x5_cn-ar_1.0,-1,O24x5_cn-ar_monA,-1,O24x5_cn-ar_monB"
O24_5,O24,-0.000229685,"1,O24x5_cn-h2_1.0,-1,O24x5_cn-h2_monA,-1,O24x5_cn-h2_monB"
O24_6,O24,-0.000089213,"1,O24x5_cn-he_1.0,-1,O24x5_cn-he_monA,-1,O24x5_cn-he_monB"
O24_7,O24,-0.001213307,"1,O24x5_co2-o2_1.0,-1,O24x5_co2-o2_monA,-1,O24x5_co2-o2_monB"
O24_8,O24,-0.008160761,"1,O24x5_h2o-na_1.0,-1,O24x5_h2o-na_monA,-1,O24x5_h2o-na_monB"
O24_9,O24,-0.012061485,"1,O24x5_h2o-o2h_1.0,-1,O24x5_h2o-o2h_monA,-1,O24x5_h2o-o2h_monB"
O24_10,O24,-0.001017065,"1,O24x5_h2o-o2_gm_1.0,-1,O24x5_h2o-o2_gm_monA,-1,O24x5_h2o-o2_gm_monB"
O24_11,O24,-0.000569587,"1,O24x5_h2o-o2_sp_1.0,-1,O24x5_h2o-o2_sp_monA,-1,O24x5_h2o-o2_sp_monB"
O24_12,O24,-0.009038767,"1,O24x5_h2o-oh_1.0,-1,O24x5_h2o-oh_monA,-1,O24x5_h2o-oh_monB"
O24_13,O24,-0.00464245,"1,O24x5_he2_1.0,-1,O24x5_he2_monA,-1,O24x5_he2_monB"
O24_14,O24,-0.047044116,"1,O24x5_hf-co+_1.0,-1,O24x5_hf-co+_monA,-1,O24x5_hf-co+_monB"
O24_15,O24,-0.022848108,"1,O24x5_li-nh3_gm_1.0,-1,O24x5_li-nh3_gm_monA,-1,O24x5_li-nh3_gm_monB"
O24_16,O24,-0.000472811,"1,O24x5_li-nh3_lm_1.0,-1,O24x5_li-nh3_lm_monA,-1,O24x5_li-nh3_lm_monB"
O24_17,O24,-0.000165441,"1,O24x5_li-o2_1.0,-1,O24x5_li-o2_monA,-1,O24x5_li-o2_monB"
O24_18,O24,-0.001181321,"1,O24x5_na-li_1.0,-1,O24x5_na-li_monA,-1,O24x5_na-li_monB"
O24_19,O24,-0.000448526,"1,O24x5_nh-ar_1.0,-1,O24x5_nh-ar_monA,-1,O24x5_nh-ar_monB"
O24_20,O24,-0.0000897142,"1,O24x5_nh-he_1.0,-1,O24x5_nh-he_monA,-1,O24x5_nh-he_monB"
O24_21,O24,-0.003177907,"1,O24x5_nh-nh_1.0,-1,O24x5_nh-nh_monA,-1,O24x5_nh-nh_monB"
O24_22,O24,-0.000248776,"1,O24x5_o2-h2_1.0,-1,O24x5_o2-h2_monA,-1,O24x5_o2-h2_monB"
O24_23,O24,-0.000517782,"1,O24x5_o2-n2_1.0,-1,O24x5_o2-n2_monA,-1,O24x5_o2-n2_monB"
O24_24,O24,-0.000612371,"1,O24x5_o2-o2_1.0,-1,O24x5_o2-o2_monA,-1,O24x5_o2-o2_monB"
O24x4_1,O24x4,0.00000811027675,"1,O24x5_c2h3-c2h4_0.9,-1,O24x5_c2h3-c2h4_monA,-1,O24x5_c2h3-c2h4_monB"
O24x4_2,O24x4,-0.0000499374,"1,O24x5_c2h3-c2h4_1.2,-1,O24x5_c2h3-c2h4_monA,-1,O24x5_c2h3-c2h4_monB"
O24x4_3,O24x4,0.00001252992195,"1,O24x5_c2h3-c2h4_1.5,-1,O24x5_c2h3-c2h4_monA,-1,O24x5_c2h3-c2h4_monB"
O24x4_4,O24x4,0.00001034288102,"1,O24x5_c2h3-c2h4_2.0,-1,O24x5_c2h3-c2h4_monA,-1,O24x5_c2h3-c2h4_monB"
O24x4_5,O24x4,-0.001669532,"1,O24x5_c2h3-co2_0.9,-1,O24x5_c2h3-co2_monA,-1,O24x5_c2h3-co2_monB"
O24x4_6,O24x4,-0.001891107,"1,O24x5_c2h3-co2_1.2,-1,O24x5_c2h3-co2_monA,-1,O24x5_c2h3-co2_monB"
O24x4_7,O24x4,-0.000641486,"1,O24x5_c2h3-co2_1.5,-1,O24x5_c2h3-co2_monA,-1,O24x5_c2h3-co2_monB"
O24x4_8,O24x4,-0.000143707,"1,O24x5_c2h3-co2_2.0,-1,O24x5_c2h3-co2_monA,-1,O24x5_c2h3-co2_monB"
O24x4_9,O24x4,-0.003474342,"1,O24x5_ch2o-nh2_0.9,-1,O24x5_ch2o-nh2_monA,-1,O24x5_ch2o-nh2_monB"
O24x4_10,O24x4,-0.003332549,"1,O24x5_ch2o-nh2_1.2,-1,O24x5_ch2o-nh2_monA,-1,O24x5_ch2o-nh2_monB"
O24x4_11,O24x4,-0.001547833,"1,O24x5_ch2o-nh2_1.5,-1,O24x5_ch2o-nh2_monA,-1,O24x5_ch2o-nh2_monB"
O24x4_12,O24x4,-0.000569587,"1,O24x5_ch2o-nh2_2.0,-1,O24x5_ch2o-nh2_monA,-1,O24x5_ch2o-nh2_monB"
O24x4_13,O24x4,0.000240073,"1,O24x5_cn-ar_0.9,-1,O24x5_cn-ar_monA,-1,O24x5_cn-ar_monB"
O24x4_14,O24x4,-0.000302768,"1,O24x5_cn-ar_1.2,-1,O24x5_cn-ar_monA,-1,O24x5_cn-ar_monB"
O24x4_15,O24x4,-0.0000754985,"1,O24x5_cn-ar_1.5,-1,O24x5_cn-ar_monA,-1,O24x5_cn-ar_monB"
O24x4_16,O24x4,-0.0000118009,"1,O24x5_cn-ar_2.0,-1,O24x5_cn-ar_monA,-1,O24x5_cn-ar_monB"
O24x4_17,O24x4,-0.0000731292,"1,O24x5_cn-h2_0.9,-1,O24x5_cn-h2_monA,-1,O24x5_cn-h2_monB"
O24x4_18,O24x4,-0.000129901,"1,O24x5_cn-h2_1.2,-1,O24x5_cn-h2_monA,-1,O24x5_cn-h2_monB"
O24x4_19,O24x4,-0.0000351293,"1,O24x5_cn-h2_1.5,-1,O24x5_cn-h2_monA,-1,O24x5_cn-h2_monB"
O24x4_20,O24x4,-0.00000574098,"1,O24x5_cn-h2_2.0,-1,O24x5_cn-h2_monA,-1,O24x5_cn-h2_monB"
O24x4_21,O24x4,0.00001940998818,"1,O24x5_cn-he_0.9,-1,O24x5_cn-he_monA,-1,O24x5_cn-he_monB"
O24x4_22,O24x4,-0.0000512132,"1,O24x5_cn-he_1.2,-1,O24x5_cn-he_monA,-1,O24x5_cn-he_monB"
O24x4_23,O24x4,-0.0000132589,"1,O24x5_cn-he_1.5,-1,O24x5_cn-he_monA,-1,O24x5_cn-he_monB"
O24x4_24,O24x4,-0.00000218704,"1,O24x5_cn-he_2.0,-1,O24x5_cn-he_monA,-1,O24x5_cn-he_monB"
O24x4_25,O24x4,-0.000852946,"1,O24x5_co2-o2_0.9,-1,O24x5_co2-o2_monA,-1,O24x5_co2-o2_monB"
O24x4_26,O24x4,-0.000603806,"1,O24x5_co2-o2_1.2,-1,O24x5_co2-o2_monA,-1,O24x5_co2-o2_monB"
O24x4_27,O24x4,-0.000164666,"1,O24x5_co2-o2_1.5,-1,O24x5_co2-o2_monA,-1,O24x5_co2-o2_monB"
O24x4_28,O24x4,-0.0000290239,"1,O24x5_co2-o2_2.0,-1,O24x5_co2-o2_monA,-1,O24x5_co2-o2_monB"
O24x4_29,O24x4,-0.00293993,"1,O24x5_h2o-na_0.9,-1,O24x5_h2o-na_monA,-1,O24x5_h2o-na_monB"
O24x4_30,O24x4,-0.005846234,"1,O24x5_h2o-na_1.2,-1,O24x5_h2o-na_monA,-1,O24x5_h2o-na_monB"
O24x4_31,O24x4,-0.002376539,"1,O24x5_h2o-na_1.5,-1,O24x5_h2o-na_monA,-1,O24x5_h2o-na_monB"
O24x4_32,O24x4,-0.00062481,"1,O24x5_h2o-na_2.0,-1,O24x5_h2o-na_monA,-1,O24x5_h2o-na_monB"
O24x4_33,O24x4,-0.010974708,"1,O24x5_h2o-o2h_0.9,-1,O24x5_h2o-o2h_monA,-1,O24x5_h2o-o2h_monB"
O24x4_34,O24x4,-0.007276559,"1,O24x5_h2o-o2h_1.2,-1,O24x5_h2o-o2h_monA,-1,O24x5_h2o-o2h_monB"
O24x4_35,O24x4,-0.00309079,"1,O24x5_h2o-o2h_1.5,-1,O24x5_h2o-o2h_monA,-1,O24x5_h2o-o2h_monB"
O24x4_36,O24x4,-0.001069873,"1,O24x5_h2o-o2h_2.0,-1,O24x5_h2o-o2h_monA,-1,O24x5_h2o-o2h_monB"
O24x4_37,O24x4,-0.000334298,"1,O24x5_h2o-o2_gm_0.9,-1,O24x5_h2o-o2_gm_monA,-1,O24x5_h2o-o2_gm_monB"
O24x4_38,O24x4,-0.000576376,"1,O24x5_h2o-o2_gm_1.2,-1,O24x5_h2o-o2_gm_monA,-1,O24x5_h2o-o2_gm_monB"
O24x4_39,O24x4,-0.000163983,"1,O24x5_h2o-o2_gm_1.5,-1,O24x5_h2o-o2_gm_monA,-1,O24x5_h2o-o2_gm_monB"
O24x4_40,O24x4,-0.0000308464,"1,O24x5_h2o-o2_gm_2.0,-1,O24x5_h2o-o2_gm_monA,-1,O24x5_h2o-o2_gm_monB"
O24x4_41,O24x4,-0.0000596424,"1,O24x5_h2o-o2_sp_0.9,-1,O24x5_h2o-o2_sp_monA,-1,O24x5_h2o-o2_sp_monB"
O24x4_42,O24x4,-0.000270737,"1,O24x5_h2o-o2_sp_1.2,-1,O24x5_h2o-o2_sp_monA,-1,O24x5_h2o-o2_sp_monB"
O24x4_43,O24x4,-0.0000407336,"1,O24x5_h2o-o2_sp_1.5,-1,O24x5_h2o-o2_sp_monA,-1,O24x5_h2o-o2_sp_monB"
O24x4_44,O24x4,0.00000432851849,"1,O24x5_h2o-o2_sp_2.0,-1,O24x5_h2o-o2_sp_monA,-1,O24x5_h2o-o2_sp_monB"
O24x4_45,O24x4,-0.006522667,"1,O24x5_h2o-oh_0.9,-1,O24x5_h2o-oh_monA,-1,O24x5_h2o-oh_monB"
O24x4_46,O24x4,-0.006162443,"1,O24x5_h2o-oh_1.2,-1,O24x5_h2o-oh_monA,-1,O24x5_h2o-oh_monB"
O24x4_47,O24x4,-0.0027256,"1,O24x5_h2o-oh_1.5,-1,O24x5_h2o-oh_monA,-1,O24x5_h2o-oh_monB"
O24x4_48,O24x4,-0.000942524,"1,O24x5_h2o-oh_2.0,-1,O24x5_h2o-oh_monA,-1,O24x5_h2o-oh_monB"
O24x4_49,O24x4,-0.003767679,"1,O24x5_he2_0.9,-1,O24x5_he2_monA,-1,O24x5_he2_monB"
O24x4_50,O24x4,-0.003600598,"1,O24x5_he2_1.2,-1,O24x5_he2_monA,-1,O24x5_he2_monB"
O24x4_51,O24x4,-0.001555032,"1,O24x5_he2_1.5,-1,O24x5_he2_monA,-1,O24x5_he2_monB"
O24x4_52,O24x4,-0.000337989,"1,O24x5_he2_2.0,-1,O24x5_he2_monA,-1,O24x5_he2_monB"
O24x4_53,O24x4,-0.040655086,"1,O24x5_hf-co+_0.9,-1,O24x5_hf-co+_monA,-1,O24x5_hf-co+_monB"
O24x4_54,O24x4,-0.034883713,"1,O24x5_hf-co+_1.2,-1,O24x5_hf-co+_monA,-1,O24x5_hf-co+_monB"
O24x4_55,O24x4,-0.016872155,"1,O24x5_hf-co+_1.5,-1,O24x5_hf-co+_monA,-1,O24x5_hf-co+_monB"
O24x4_56,O24x4,-0.007479589,"1,O24x5_hf-co+_2.0,-1,O24x5_hf-co+_monA,-1,O24x5_hf-co+_monB"
O24x4_57,O24x4,-0.018069195,"1,O24x5_li-nh3_gm_0.9,-1,O24x5_li-nh3_gm_monA,-1,O24x5_li-nh3_gm_monB"
O24x4_58,O24x4,-0.017363282,"1,O24x5_li-nh3_gm_1.2,-1,O24x5_li-nh3_gm_monA,-1,O24x5_li-nh3_gm_monB"
O24x4_59,O24x4,-0.007624754,"1,O24x5_li-nh3_gm_1.5,-1,O24x5_li-nh3_gm_monA,-1,O24x5_li-nh3_gm_monB"
O24x4_60,O24x4,-0.001924505,"1,O24x5_li-nh3_gm_2.0,-1,O24x5_li-nh3_gm_monA,-1,O24x5_li-nh3_gm_monB"
O24x4_61,O24x4,-0.000397449,"1,O24x5_li-nh3_lm_0.9,-1,O24x5_li-nh3_lm_monA,-1,O24x5_li-nh3_lm_monB"
O24x4_62,O24x4,-0.000333068,"1,O24x5_li-nh3_lm_1.2,-1,O24x5_li-nh3_lm_monA,-1,O24x5_li-nh3_lm_monB"
O24x4_63,O24x4,-0.000117235,"1,O24x5_li-nh3_lm_1.5,-1,O24x5_li-nh3_lm_monA,-1,O24x5_li-nh3_lm_monB"
O24x4_64,O24x4,-0.0000196834,"1,O24x5_li-nh3_lm_2.0,-1,O24x5_li-nh3_lm_monA,-1,O24x5_li-nh3_lm_monB"
O24x4_65,O24x4,-0.0000669781,"1,O24x5_li-o2_0.9,-1,O24x5_li-o2_monA,-1,O24x5_li-o2_monB"
O24x4_66,O24x4,-0.00011122,"1,O24x5_li-o2_1.2,-1,O24x5_li-o2_monA,-1,O24x5_li-o2_monB"
O24x4_67,O24x4,-0.0000327601,"1,O24x5_li-o2_1.5,-1,O24x5_li-o2_monA,-1,O24x5_li-o2_monB"
O24x4_68,O24x4,-0.00000514866,"1,O24x5_li-o2_2.0,-1,O24x5_li-o2_monA,-1,O24x5_li-o2_monB"
O24x4_69,O24x4,-0.000958653,"1,O24x5_na-li_0.9,-1,O24x5_na-li_monA,-1,O24x5_na-li_monB"
O24x4_70,O24x4,-0.000857411,"1,O24x5_na-li_1.2,-1,O24x5_na-li_monA,-1,O24x5_na-li_monB"
O24x4_71,O24x4,-0.0003425,"1,O24x5_na-li_1.5,-1,O24x5_na-li_monA,-1,O24x5_na-li_monB"
O24x4_72,O24x4,-0.0000649278,"1,O24x5_na-li_2.0,-1,O24x5_na-li_monA,-1,O24x5_na-li_monB"
O24x4_73,O24x4,-0.000404193,"1,O24x5_nh-ar_0.9,-1,O24x5_nh-ar_monA,-1,O24x5_nh-ar_monB"
O24x4_74,O24x4,-0.000192551,"1,O24x5_nh-ar_1.2,-1,O24x5_nh-ar_monA,-1,O24x5_nh-ar_monB"
O24x4_75,O24x4,-0.0000469303,"1,O24x5_nh-ar_1.5,-1,O24x5_nh-ar_monA,-1,O24x5_nh-ar_monB"
O24x4_76,O24x4,-0.00000724457,"1,O24x5_nh-ar_2.0,-1,O24x5_nh-ar_monA,-1,O24x5_nh-ar_monB"
O24x4_77,O24x4,-0.0000331701,"1,O24x5_nh-he_0.9,-1,O24x5_nh-he_monA,-1,O24x5_nh-he_monB"
O24x4_78,O24x4,-0.0000472948,"1,O24x5_nh-he_1.2,-1,O24x5_nh-he_monA,-1,O24x5_nh-he_monB"
O24x4_79,O24x4,-0.0000124388,"1,O24x5_nh-he_1.5,-1,O24x5_nh-he_monA,-1,O24x5_nh-he_monB"
O24x4_80,O24x4,-0.0000018681,"1,O24x5_nh-he_2.0,-1,O24x5_nh-he_monA,-1,O24x5_nh-he_monB"
O24x4_81,O24x4,-0.002122387,"1,O24x5_nh-nh_0.9,-1,O24x5_nh-nh_monA,-1,O24x5_nh-nh_monB"
O24x4_82,O24x4,-0.002095504,"1,O24x5_nh-nh_1.2,-1,O24x5_nh-nh_monA,-1,O24x5_nh-nh_monB"
O24x4_83,O24x4,-0.000937238,"1,O24x5_nh-nh_1.5,-1,O24x5_nh-nh_monA,-1,O24x5_nh-nh_monB"
O24x4_84,O24x4,-0.000349334,"1,O24x5_nh-nh_2.0,-1,O24x5_nh-nh_monA,-1,O24x5_nh-nh_monB"
O24x4_85,O24x4,-0.0000758174,"1,O24x5_o2-h2_0.9,-1,O24x5_o2-h2_monA,-1,O24x5_o2-h2_monB"
O24x4_86,O24x4,-0.000141748,"1,O24x5_o2-h2_1.2,-1,O24x5_o2-h2_monA,-1,O24x5_o2-h2_monB"
O24x4_87,O24x4,-0.0000385466,"1,O24x5_o2-h2_1.5,-1,O24x5_o2-h2_monA,-1,O24x5_o2-h2_monB"
O24x4_88,O24x4,-0.00000637887,"1,O24x5_o2-h2_2.0,-1,O24x5_o2-h2_monA,-1,O24x5_o2-h2_monB"
O24x4_89,O24x4,-0.000144071,"1,O24x5_o2-n2_0.9,-1,O24x5_o2-n2_monA,-1,O24x5_o2-n2_monB"
O24x4_90,O24x4,-0.000285637,"1,O24x5_o2-n2_1.2,-1,O24x5_o2-n2_monA,-1,O24x5_o2-n2_monB"
O24x4_91,O24x4,-0.0000761364,"1,O24x5_o2-n2_1.5,-1,O24x5_o2-n2_monA,-1,O24x5_o2-n2_monB"
O24x4_92,O24x4,-0.0000125299,"1,O24x5_o2-n2_2.0,-1,O24x5_o2-n2_monA,-1,O24x5_o2-n2_monB"
O24x4_93,O24x4,-0.000302814,"1,O24x5_o2-o2_0.9,-1,O24x5_o2-o2_monA,-1,O24x5_o2-o2_monB"
O24x4_94,O24x4,-0.000325049,"1,O24x5_o2-o2_1.2,-1,O24x5_o2-o2_monA,-1,O24x5_o2-o2_monB"
O24x4_95,O24x4,-0.0000876639,"1,O24x5_o2-o2_1.5,-1,O24x5_o2-o2_monA,-1,O24x5_o2-o2_monB"
O24x4_96,O24x4,-0.0000143525,"1,O24x5_o2-o2_2.0,-1,O24x5_o2-o2_monA,-1,O24x5_o2-o2_monB"
OEEF_1,OEEF,-0.00154279,"1,OEEF_c2h2_0.01,-1,OEEF_c2h2_0.0"
OEEF_2,OEEF,-0.006197648,"1,OEEF_c2h2_0.02,-1,OEEF_c2h2_0.0"
OEEF_3,OEEF,-0.014051684,"1,OEEF_c2h2_0.03,-1,OEEF_c2h2_0.0"
OEEF_4,OEEF,-0.025269611,"1,OEEF_c2h2_0.04,-1,OEEF_c2h2_0.0"
OEEF_6,OEEF,-0.001713998,"1,OEEF_c2h4_0.01,-1,OEEF_c2h4_0.0"
OEEF_7,OEEF,-0.006891938,"1,OEEF_c2h4_0.02,-1,OEEF_c2h4_0.0"
OEEF_8,OEEF,-0.015648115,"1,OEEF_c2h4_0.03,-1,OEEF_c2h4_0.0"
OEEF_9,OEEF,-0.028203565,"1,OEEF_c2h4_0.04,-1,OEEF_c2h4_0.0"
OEEF_11,OEEF,-0.001545097,"1,OEEF_c2h6_0.01,-1,OEEF_c2h6_0.0"
OEEF_12,OEEF,-0.006220005,"1,OEEF_c2h6_0.02,-1,OEEF_c2h6_0.0"
OEEF_13,OEEF,-0.014159426,"1,OEEF_c2h6_0.03,-1,OEEF_c2h6_0.0"
OEEF_14,OEEF,-0.025684275,"1,OEEF_c2h6_0.04,-1,OEEF_c2h6_0.0"
OEEF_15,OEEF,-0.002108656,"1,OEEF_cl2_0.01,-1,OEEF_cl2_0.0"
OEEF_16,OEEF,-0.008475866,"1,OEEF_cl2_0.02,-1,OEEF_cl2_0.0"
OEEF_17,OEEF,-0.019232927,"1,OEEF_cl2_0.03,-1,OEEF_cl2_0.0"
OEEF_18,OEEF,-0.034629023,"1,OEEF_cl2_0.04,-1,OEEF_cl2_0.0"
OEEF_19,OEEF,-0.055108265,"1,OEEF_cl2_0.05,-1,OEEF_cl2_0.0"
OEEF_20,OEEF,-0.001214161,"1,OEEF_co_-0.01,-1,OEEF_co_0.0"
OEEF_21,OEEF,-0.004043582,"1,OEEF_co_-0.02,-1,OEEF_co_0.0"
OEEF_22,OEEF,-0.008534189,"1,OEEF_co_-0.03,-1,OEEF_co_0.0"
OEEF_23,OEEF,-0.0147675,"1,OEEF_co_-0.04,-1,OEEF_co_0.0"
OEEF_24,OEEF,-0.022884583,"1,OEEF_co_-0.05,-1,OEEF_co_0.0"
OEEF_25,OEEF,-0.000380386,"1,OEEF_co_0.01,-1,OEEF_co_0.0"
OEEF_26,OEEF,-0.002355907,"1,OEEF_co_0.02,-1,OEEF_co_0.0"
OEEF_27,OEEF,-0.005948914,"1,OEEF_co_0.03,-1,OEEF_co_0.0"
OEEF_28,OEEF,-0.011209614,"1,OEEF_co_0.04,-1,OEEF_co_0.0"
OEEF_29,OEEF,-0.018234661,"1,OEEF_co_0.05,-1,OEEF_co_0.0"
OEEF_30,OEEF,-0.000615419,"1,OEEF_f2_0.01,-1,OEEF_f2_0.0"
OEEF_31,OEEF,-0.00246637,"1,OEEF_f2_0.02,-1,OEEF_f2_0.0"
OEEF_32,OEEF,-0.00556731,"1,OEEF_f2_0.03,-1,OEEF_f2_0.0"
OEEF_33,OEEF,-0.009942718,"1,OEEF_f2_0.04,-1,OEEF_f2_0.0"
OEEF_34,OEEF,-0.015629328,"1,OEEF_f2_0.05,-1,OEEF_f2_0.0"
OEEF_35,OEEF,0.006355608,"1,OEEF_fluoromethane_-0.01,-1,OEEF_fluoromethane_0.0"
OEEF_36,OEEF,0.010686953,"1,OEEF_fluoromethane_-0.02,-1,OEEF_fluoromethane_0.0"
OEEF_37,OEEF,0.012968671,"1,OEEF_fluoromethane_-0.03,-1,OEEF_fluoromethane_0.0"
OEEF_38,OEEF,0.013133678,"1,OEEF_fluoromethane_-0.04,-1,OEEF_fluoromethane_0.0"
OEEF_39,OEEF,0.011059266,"1,OEEF_fluoromethane_-0.05,-1,OEEF_fluoromethane_0.0"
OEEF_40,OEEF,-0.008392103,"1,OEEF_fluoromethane_0.01,-1,OEEF_fluoromethane_0.0"
OEEF_41,OEEF,-0.018872683,"1,OEEF_fluoromethane_0.02,-1,OEEF_fluoromethane_0.0"
OEEF_42,OEEF,-0.031544076,"1,OEEF_fluoromethane_0.03,-1,OEEF_fluoromethane_0.0"
OEEF_43,OEEF,-0.046584747,"1,OEEF_fluoromethane_0.04,-1,OEEF_fluoromethane_0.0"
OEEF_44,OEEF,-0.064314678,"1,OEEF_fluoromethane_0.05,-1,OEEF_fluoromethane_0.0"
OEEF_45,OEEF,0.008265065,"1,OEEF_formaldehyde_-0.01,-1,OEEF_formaldehyde_0.0"
OEEF_46,OEEF,0.014175088,"1,OEEF_formaldehyde_-0.02,-1,OEEF_formaldehyde_0.0"
OEEF_47,OEEF,0.017634582,"1,OEEF_formaldehyde_-0.03,-1,OEEF_formaldehyde_0.0"
OEEF_48,OEEF,0.018464032,"1,OEEF_formaldehyde_-0.04,-1,OEEF_formaldehyde_0.0"
OEEF_49,OEEF,0.016320598,"1,OEEF_formaldehyde_-0.05,-1,OEEF_formaldehyde_0.0"
OEEF_50,OEEF,-0.010579737,"1,OEEF_formaldehyde_0.01,-1,OEEF_formaldehyde_0.0"
OEEF_51,OEEF,-0.023475601,"1,OEEF_formaldehyde_0.02,-1,OEEF_formaldehyde_0.0"
OEEF_52,OEEF,-0.038729886,"1,OEEF_formaldehyde_0.03,-1,OEEF_formaldehyde_0.0"
OEEF_53,OEEF,-0.056432183,"1,OEEF_formaldehyde_0.04,-1,OEEF_formaldehyde_0.0"
OEEF_54,OEEF,-0.076739678,"1,OEEF_formaldehyde_0.05,-1,OEEF_formaldehyde_0.0"
OEEF_55,OEEF,0.012627743,"1,OEEF_formamide_-0.01,-1,OEEF_formamide_0.0"
OEEF_56,OEEF,0.0213366,"1,OEEF_formamide_-0.02,-1,OEEF_formamide_0.0"
OEEF_57,OEEF,0.025820029,"1,OEEF_formamide_-0.03,-1,OEEF_formamide_0.0"
OEEF_58,OEEF,-0.016486065,"1,OEEF_formamide_0.01,-1,OEEF_formamide_0.0"
OEEF_59,OEEF,-0.036878274,"1,OEEF_formamide_0.02,-1,OEEF_formamide_0.0"
OEEF_60,OEEF,-0.06131486,"1,OEEF_formamide_0.03,-1,OEEF_formamide_0.0"
OEEF_61,OEEF,-0.0900459,"1,OEEF_formamide_0.04,-1,OEEF_formamide_0.0"
OEEF_62,OEEF,-0.123530423,"1,OEEF_formamide_0.05,-1,OEEF_formamide_0.0"
OEEF_63,OEEF,0.003727602,"1,OEEF_formicacid_-0.01,-1,OEEF_formicacid_0.0"
OEEF_64,OEEF,0.004344794,"1,OEEF_formicacid_-0.02,-1,OEEF_formicacid_0.0"
OEEF_65,OEEF,0.001751211,"1,OEEF_formicacid_-0.03,-1,OEEF_formicacid_0.0"
OEEF_66,OEEF,-0.004316263,"1,OEEF_formicacid_-0.04,-1,OEEF_formicacid_0.0"
OEEF_67,OEEF,-0.014813285,"1,OEEF_formicacid_-0.05,-1,OEEF_formicacid_0.0"
OEEF_68,OEEF,-0.00681627,"1,OEEF_formicacid_0.01,-1,OEEF_formicacid_0.0"
OEEF_69,OEEF,-0.016757192,"1,OEEF_formicacid_0.02,-1,OEEF_formicacid_0.0"
OEEF_70,OEEF,-0.029915918,"1,OEEF_formicacid_0.03,-1,OEEF_formicacid_0.0"
OEEF_71,OEEF,-0.046459135,"1,OEEF_formicacid_0.04,-1,OEEF_formicacid_0.0"
OEEF_72,OEEF,-0.066676554,"1,OEEF_formicacid_0.05,-1,OEEF_formicacid_0.0"
OEEF_73,OEEF,-0.000320945,"1,OEEF_h2_0.01,-1,OEEF_h2_0.0"
OEEF_74,OEEF,-0.0012885,"1,OEEF_h2_0.02,-1,OEEF_h2_0.0"
OEEF_75,OEEF,-0.002919556,"1,OEEF_h2_0.03,-1,OEEF_h2_0.0"
OEEF_76,OEEF,-0.005244267,"1,OEEF_h2_0.04,-1,OEEF_h2_0.0"
OEEF_77,OEEF,-0.008311583,"1,OEEF_h2_0.05,-1,OEEF_h2_0.0"
OEEF_78,OEEF,0.003408757,"1,OEEF_hcl_-0.01,-1,OEEF_hcl_0.0"
OEEF_79,OEEF,0.004956561,"1,OEEF_hcl_-0.02,-1,OEEF_hcl_0.0"
OEEF_80,OEEF,0.004607456,"1,OEEF_hcl_-0.03,-1,OEEF_hcl_0.0"
OEEF_81,OEEF,0.002292251,"1,OEEF_hcl_-0.04,-1,OEEF_hcl_0.0"
OEEF_82,OEEF,-0.002103307,"1,OEEF_hcl_-0.05,-1,OEEF_hcl_0.0"
OEEF_83,OEEF,-0.005260872,"1,OEEF_hcl_0.01,-1,OEEF_hcl_0.0"
OEEF_84,OEEF,-0.01238936,"1,OEEF_hcl_0.02,-1,OEEF_hcl_0.0"
OEEF_85,OEEF,-0.0214259,"1,OEEF_hcl_0.03,-1,OEEF_hcl_0.0"
OEEF_86,OEEF,-0.032439061,"1,OEEF_hcl_0.04,-1,OEEF_hcl_0.0"
OEEF_87,OEEF,-0.045533585,"1,OEEF_hcl_0.05,-1,OEEF_hcl_0.0"
OEEF_88,OEEF,0.01074259,"1,OEEF_hcn_-0.01,-1,OEEF_hcn_0.0"
OEEF_89,OEEF,0.019217786,"1,OEEF_hcn_-0.02,-1,OEEF_hcn_0.0"
OEEF_90,OEEF,0.025375795,"1,OEEF_hcn_-0.03,-1,OEEF_hcn_0.0"
OEEF_91,OEEF,0.029104364,"1,OEEF_hcn_-0.04,-1,OEEF_hcn_0.0"
OEEF_92,OEEF,0.030084324,"1,OEEF_hcn_-0.05,-1,OEEF_hcn_0.0"
OEEF_93,OEEF,-0.012997895,"1,OEEF_hcn_0.01,-1,OEEF_hcn_0.0"
OEEF_94,OEEF,-0.028274479,"1,OEEF_hcn_0.02,-1,OEEF_hcn_0.0"
OEEF_95,OEEF,-0.045888772,"1,OEEF_hcn_0.03,-1,OEEF_hcn_0.0"
OEEF_96,OEEF,-0.065947871,"1,OEEF_hcn_0.04,-1,OEEF_hcn_0.0"
OEEF_97,OEEF,-0.088641383,"1,OEEF_hcn_0.05,-1,OEEF_hcn_0.0"
OEEF_98,OEEF,0.006749967,"1,OEEF_hf_-0.01,-1,OEEF_hf_0.0"
OEEF_99,OEEF,0.012846974,"1,OEEF_hf_-0.02,-1,OEEF_hf_0.0"
OEEF_100,OEEF,0.018282435,"1,OEEF_hf_-0.03,-1,OEEF_hf_0.0"
OEEF_101,OEEF,0.023041736,"1,OEEF_hf_-0.04,-1,OEEF_hf_0.0"
OEEF_102,OEEF,0.027102956,"1,OEEF_hf_-0.05,-1,OEEF_hf_0.0"
OEEF_103,OEEF,-0.007399614,"1,OEEF_hf_0.01,-1,OEEF_hf_0.0"
OEEF_104,OEEF,-0.015450594,"1,OEEF_hf_0.02,-1,OEEF_hf_0.0"
OEEF_105,OEEF,-0.024158905,"1,OEEF_hf_0.03,-1,OEEF_hf_0.0"
OEEF_106,OEEF,-0.033537797,"1,OEEF_hf_0.04,-1,OEEF_hf_0.0"
OEEF_107,OEEF,-0.043604296,"1,OEEF_hf_0.05,-1,OEEF_hf_0.0"
OEEF_108,OEEF,0.002655703,"1,OEEF_meoh_-0.01,-1,OEEF_meoh_0.0"
OEEF_109,OEEF,0.002643187,"1,OEEF_meoh_-0.02,-1,OEEF_meoh_0.0"
OEEF_110,OEEF,-0.000166818,"1,OEEF_meoh_-0.03,-1,OEEF_meoh_0.0"
OEEF_111,OEEF,-0.006042112,"1,OEEF_meoh_-0.04,-1,OEEF_meoh_0.0"
OEEF_112,OEEF,-0.015624593,"1,OEEF_meoh_-0.05,-1,OEEF_meoh_0.0"
OEEF_113,OEEF,-0.005272928,"1,OEEF_meoh_0.01,-1,OEEF_meoh_0.0"
OEEF_114,OEEF,-0.013184236,"1,OEEF_meoh_0.02,-1,OEEF_meoh_0.0"
OEEF_115,OEEF,-0.023830633,"1,OEEF_meoh_0.03,-1,OEEF_meoh_0.0"
OEEF_116,OEEF,-0.037418623,"1,OEEF_meoh_0.04,-1,OEEF_meoh_0.0"
OEEF_117,OEEF,-0.054376668,"1,OEEF_meoh_0.05,-1,OEEF_meoh_0.0"
OEEF_118,OEEF,0.000161513,"1,OEEF_methylamine_-0.01,-1,OEEF_methylamine_0.0"
OEEF_119,OEEF,-0.002875852,"1,OEEF_methylamine_-0.02,-1,OEEF_methylamine_0.0"
OEEF_120,OEEF,-0.009451986,"1,OEEF_methylamine_-0.03,-1,OEEF_methylamine_0.0"
OEEF_121,OEEF,-0.003248907,"1,OEEF_methylamine_0.01,-1,OEEF_methylamine_0.0"
OEEF_122,OEEF,-0.009600178,"1,OEEF_methylamine_0.02,-1,OEEF_methylamine_0.0"
OEEF_123,OEEF,-0.019204251,"1,OEEF_methylamine_0.03,-1,OEEF_methylamine_0.0"
OEEF_124,OEEF,-0.032545301,"1,OEEF_methylamine_0.04,-1,OEEF_methylamine_0.0"
OEEF_125,OEEF,0.004462519,"1,OEEF_methylene-imine_-0.01,-1,OEEF_methylene-imine_0.0"
OEEF_126,OEEF,0.005840203,"1,OEEF_methylene-imine_-0.02,-1,OEEF_methylene-imine_0.0"
OEEF_127,OEEF,0.003916116,"1,OEEF_methylene-imine_-0.03,-1,OEEF_methylene-imine_0.0"
OEEF_128,OEEF,-0.002050588,"1,OEEF_methylene-imine_-0.04,-1,OEEF_methylene-imine_0.0"
OEEF_130,OEEF,-0.007461175,"1,OEEF_methylene-imine_0.01,-1,OEEF_methylene-imine_0.0"
OEEF_131,OEEF,-0.017919051,"1,OEEF_methylene-imine_0.02,-1,OEEF_methylene-imine_0.0"
OEEF_132,OEEF,-0.031457948,"1,OEEF_methylene-imine_0.03,-1,OEEF_methylene-imine_0.0"
OEEF_133,OEEF,-0.048311242,"1,OEEF_methylene-imine_0.04,-1,OEEF_methylene-imine_0.0"
OEEF_134,OEEF,-0.06941577,"1,OEEF_methylene-imine_0.05,-1,OEEF_methylene-imine_0.0"
OEEF_135,OEEF,-0.000743895,"1,OEEF_n2_0.01,-1,OEEF_n2_0.0"
OEEF_136,OEEF,-0.002983089,"1,OEEF_n2_0.02,-1,OEEF_n2_0.0"
OEEF_137,OEEF,-0.006739969,"1,OEEF_n2_0.03,-1,OEEF_n2_0.0"
OEEF_138,OEEF,-0.01205628,"1,OEEF_n2_0.04,-1,OEEF_n2_0.0"
OEEF_139,OEEF,-0.019002662,"1,OEEF_n2_0.05,-1,OEEF_n2_0.0"
ORBH35_VO_1,ORBH35,0.067141009,"1,ORBH35_VO_TS5,-1,ORBH35_VO_W1"
ORBH35_VO_2,ORBH35,0.038479315,"1,ORBH35_VO_TS6,-1,ORBH35_VO_W1"
ORBH35_VO_3,ORBH35,0.061408908,"1,ORBH35_VO_TS7,-1,ORBH35_VO_W1"
ORBH35_VO_4,ORBH35,-0.0015277,"1,ORBH35_VO_TS10,-1,ORBH35_VO_W3"
ORBH35_VO_5,ORBH35,0.004145501,"1,ORBH35_VO_TS11,-1,ORBH35_VO_W4"
ORBH35_VO_6,ORBH35,0.00036297,"1,ORBH35_VO_TS12,-1,ORBH35_VO_W5"
ORBH35_VO_7,ORBH35,0.00193273,"1,ORBH35_VO_TS13,-1,ORBH35_VO_W5"
ORBH35_VO_8,ORBH35,0.066632469,"1,ORBH35_VO_TS14,-1,ORBH35_VO_W7"
ORBH35_VO_9,ORBH35,0.022587203,"1,ORBH35_VO_TS5,-1,ORBH35_VO_W2"
ORBH35_VO_10,ORBH35,0.020402213,"1,ORBH35_VO_TS6,-1,ORBH35_VO_W3"
ORBH35_VO_11,ORBH35,0.029673404,"1,ORBH35_VO_TS7,-1,ORBH35_VO_W4"
ORBH35_VO_12,ORBH35,0.07374691,"1,ORBH35_VO_TS10,-1,ORBH35_VO_W5"
ORBH35_VO_13,ORBH35,0.107555615,"1,ORBH35_VO_TS11,-1,ORBH35_VO_W6"
ORBH35_VO_14,ORBH35,0.045309866,"1,ORBH35_VO_TS12,-1,ORBH35_VO_W7"
ORBH35_VO_15,ORBH35,0.016409832,"1,ORBH35_VO_TS13,-1,ORBH35_VO_W6"
ORBH35_VO_16,ORBH35,0.069166209,"1,ORBH35_VO_TS14,-1,ORBH35_VO_W8"
ORBH35_CO3_17,ORBH35,0.034668895,"1,ORBH35_CO3B_T09T,-1,ORBH35_CO3X_CO2,-1,ORBH35_CO3X_O_t"
ORBH35_CO3_18,ORBH35,0.122215397,"1,ORBH35_CO3B_T05T,-1,ORBH35_CO3X_CO2,-1,ORBH35_CO3X_O_t"
ORBH35_CO3_19,ORBH35,0.099687124,"1,ORBH35_CO3B_T06T,-1,ORBH35_CO3X_CO2,-1,ORBH35_CO3X_O_t"
ORBH35_CO3_20,ORBH35,0.011785992,"1,ORBH35_CO3B_T07T,-1,ORBH35_CO3B_T01"
ORBH35_CO3_21,ORBH35,-0.00082636,"1,ORBH35_CO3B_T03T,-1,ORBH35_CO3B_T01"
ORBH35_CO3_22,ORBH35,-0.00036268,"1,ORBH35_CO3B_T04T,-1,ORBH35_CO3B_T02"
ORBH35_CO3_23,ORBH35,0.008767761,"1,ORBH35_CO3B_S04T,-1,ORBH35_CO3B_S02"
ORBH35_CO3_24,ORBH35,0.116029926,"1,ORBH35_CO3C_T02T,-1,ORBH35_CO3X_CO2,-1,ORBH35_CO3X_HO"
ORBH35_CO3_25,ORBH35,0.020066833,"1,ORBH35_CO3C_T01T,-1,ORBH35_CO3C_tHOOCO"
ORBH35_CO3_26,ORBH35,0.006687921,"1,ORBH35_CO3B_T09T,-1,ORBH35_CO3B_T08"
ORBH35_CO3_27,ORBH35,0.028462164,"1,ORBH35_CO3B_T05T,-1,ORBH35_CO3B_T01"
ORBH35_CO3_28,ORBH35,0.005214221,"1,ORBH35_CO3B_T06T,-1,ORBH35_CO3B_T02"
ORBH35_CO3_29,ORBH35,0.011066322,"1,ORBH35_CO3B_T07T,-1,ORBH35_CO3B_T02"
ORBH35_CO3_30,ORBH35,0.076581261,"1,ORBH35_CO3B_T03T,-1,ORBH35_CO3X_CO,-1,ORBH35_CO3X_O2_t"
ORBH35_CO3_31,ORBH35,0.077764611,"1,ORBH35_CO3B_T04T,-1,ORBH35_CO3X_CO,-1,ORBH35_CO3X_O2_t"
ORBH35_CO3_32,ORBH35,0.044160956,"1,ORBH35_CO3B_S03T,-1,ORBH35_CO3B_S02"
ORBH35_CO3_33,ORBH35,0.004837071,"1,ORBH35_CO3B_S04T,-1,ORBH35_CO3B_S01"
ORBH35_CO3_34,ORBH35,0.011354492,"1,ORBH35_CO3C_T02T,-1,ORBH35_CO3C_tHOOCO"
ORBH35_CO3_35,ORBH35,0.025257063,"1,ORBH35_CO3C_T01T,-1,ORBH35_CO3X_CO,-1,ORBH35_CO3X_HO2"
P34AE_1,P34AE,0.051505153,"-1,P34_P01_Ga2,2,P34_A31_Ga"
P34AE_2,P34AE,0.148281162,"-1,P34_P02_As2,2,P34_A33_As"
P34AE_3,P34AE,0.083797899,"-1,P34_P03_Br2,2,P34_A35_Br"
P34AE_4,P34AE,0.18744566,"-1,P34_P04_AsN,1,P34_A33_As,1,P34_A07_N"
P34AE_5,P34AE,0.093843418,"-1,P34_P05_BrO,1,P34_A35_Br,1,P34_A08_O"
P34AE_6,P34AE,0.149068996,"-1,P34_P06_HBr,1,P34_A01_H,1,P34_A35_Br"
P34AE_7,P34AE,0.227351764,"-1,P34_P07_GaF,1,P34_A31_Ga,1,P34_A09_F"
P34AE_8,P34AE,0.181363344,"-1,P34_P08_GaCl,1,P34_A31_Ga,1,P34_A17_Cl"
P34AE_9,P34AE,0.163680335,"-1,P34_P09_GaBr,1,P34_A31_Ga,1,P34_A35_Br"
P34AE_10,P34AE,0.155615237,"-1,P34_P10_AsF,1,P34_A33_As,1,P34_A09_F"
P34AE_11,P34AE,0.116767339,"-1,P34_P11_AsCl,1,P34_A33_As,1,P34_A17_Cl"
P34AE_12,P34AE,0.101312703,"-1,P34_P12_BrF,1,P34_A35_Br,1,P34_A09_F"
P34AE_13,P34AE,0.089999978,"-1,P34_P13_BrCl,1,P34_A35_Br,1,P34_A17_Cl"
P34AE_14,P34AE,0.077409559,"-1,P34_P14_I2,2,P34_A53_I"
P34AE_15,P34AE,0.128165644,"-1,P34_P15_HI,1,P34_A53_I,1,P34_A01_H"
P34AE_16,P34AE,0.094501432,"-1,P34_P16_IO,1,P34_A53_I,1,P34_A08_O"
P34AE_17,P34AE,0.090611158,"-1,P34_P17_ICl,1,P34_A53_I,1,P34_A17_Cl"
P34AE_18,P34AE,0.082373929,"-1,P34_P18_IBr,1,P34_A53_I,1,P34_A35_Br"
P34AE_19,P34AE,0.261506453,"-1,P34_P19_IOH,1,P34_A08_O,1,P34_A01_H,1,P34_A53_I"
P34AE_20,P34AE,0.423975344,"-1,P34_P20_ICN,1,P34_A53_I,1,P34_A06_C,1,P34_A07_N"
P34AE_21,P34AE,0.596482882,"-1,P34_P21_MeI,1,P34_A53_I,1,P34_A06_C,3,P34_A01_H"
P34AE_22,P34AE,1.067800596,"-1,P34_P22_EtI,1,P34_A53_I,2,P34_A06_C,5,P34_A01_H"
P34AE_23,P34AE,0.828856154,"-1,P34_P23_CH2CHI,1,P34_A53_I,2,P34_A06_C,3,P34_A01_H"
P34AE_24,P34AE,0.648073182,"-1,P34_P24_CF3I,1,P34_A53_I,1,P34_A06_C,3,P34_A09_F"
P34AE_25,P34AE,1.222805216,"-1,P34_P25_IC2H4OH,1,P34_A53_I,2,P34_A06_C,5,P34_A01_H,1,P34_A08_O"
P34AE_26,P34AE,2.113322473,"-1,P34_P26_PhI,1,P34_A53_I,6,P34_A06_C,5,P34_A01_H"
P34AE_27,P34AE,0.418022309,"-1,P34_P27_SnH4,1,P34_A50_Sn,4,P34_A01_H"
P34AE_28,P34AE,0.667707549,"-1,P34_P28_SnF4,1,P34_A50_Sn,4,P34_A09_F"
P34AE_29,P34AE,0.508238327,"-1,P34_P29_SnCl4,1,P34_A50_Sn,4,P34_A17_Cl"
P34AE_30,P34AE,0.446144684,"-1,P34_P30_SnBr4,1,P34_A50_Sn,4,P34_A35_Br"
P34AE_31,P34AE,0.377747467,"-1,P34_P31_SnI4,1,P34_A50_Sn,4,P34_A53_I"
P34AE_32,P34AE,2.339225763,"-1,P34_P32_SnMe4,1,P34_A50_Sn,4,P34_A06_C,12,P34_A01_H"
P34AE_33,P34AE,1.858482811,"-1,P34_P33_SnMe3H,1,P34_A50_Sn,3,P34_A06_C,10,P34_A01_H"
P34AE_34,P34AE,1.933748964,"-1,P34_P34_SnMe3F,1,P34_A50_Sn,3,P34_A06_C,9,P34_A01_H,1,P34_A09_F"
P34AE_35,P34AE,1.893339875,"-1,P34_P35_SnMe3Cl,1,P34_A50_Sn,3,P34_A06_C,9,P34_A01_H,1,P34_A17_Cl"
P34AE_36,P34AE,1.876830564,"-1,P34_P36_SnMe3Br,1,P34_A50_Sn,3,P34_A06_C,9,P34_A01_H,1,P34_A35_Br"
P34AE_37,P34AE,1.858232135,"-1,P34_P37_SnMe3I,1,P34_A50_Sn,3,P34_A06_C,9,P34_A01_H,1,P34_A53_I"
P34AE_38,P34AE,0.614926976,"-1,P34_P38_SnF3H,1,P34_A50_Sn,1,P34_A01_H,3,P34_A09_F"
P34AE_39,P34AE,0.489531209,"-1,P34_P39_SnCl3H,1,P34_A50_Sn,1,P34_A01_H,3,P34_A17_Cl"
P34AE_40,P34AE,0.441345297,"-1,P34_P40_SnBr3H,1,P34_A50_Sn,1,P34_A01_H,3,P34_A35_Br"
P34AE_41,P34AE,1.378022955,"-1,P34_P41_SnMe2H2,1,P34_A50_Sn,2,P34_A06_C,8,P34_A01_H"
P34AE_42,P34AE,1.524380755,"-1,P34_P42_SnMe2F2,1,P34_A50_Sn,2,P34_A06_C,6,P34_A01_H,2,P34_A09_F"
P34AE_43,P34AE,1.440370113,"-1,P34_P43_SnMe2Cl2,1,P34_A50_Sn,2,P34_A06_C,6,P34_A01_H,2,P34_A17_Cl"
P34AE_44,P34AE,1.407352602,"-1,P34_P44_SnMe2Br2,1,P34_A50_Sn,2,P34_A06_C,6,P34_A01_H,2,P34_A35_Br"
P34IP_1,P34IP,0.21810931,"1,P34_P45C_Ga,-1,P34_A31_Ga"
P34IP_2,P34IP,0.291152688,"1,P34_P46C_Ge,-1,P34_A32_Ge"
P34IP_3,P34IP,0.368075481,"1,P34_P47C_As,-1,P34_A33_As"
P34IP_4,P34IP,0.354249655,"1,P34_P48C_Se,-1,P34_A34_Se"
P34IP_5,P34IP,0.436149991,"1,P34_P49C_Br,-1,P34_A35_Br"
P34IP_6,P34IP,0.522544784,"1,P34_P50C_Kr,-1,P34_A36_Kr"
P34IP_7,P34IP,0.205851569,"1,P34_P51C_In,-1,P34_A49_In"
P34IP_8,P34IP,0.270253505,"1,P34_P52C_Sn,-1,P34_A50_Sn"
P34IP_9,P34IP,0.336281189,"1,P34_P53C_Sb,-1,P34_A51_Sb"
P34IP_10,P34IP,0.32357047,"1,P34_P54C_Te,-1,P34_A52_Te"
P34IP_11,P34IP,0.391153969,"1,P34_P55C_I,-1,P34_A53_I"
P34IP_12,P34IP,0.461037041,"1,P34_P56C_Xe,-1,P34_A54_Xe"
P34IP_13,P34IP,0.35700532,"1,P34_P57C_IO,-1,P34_P16_IO"
P34IP_14,P34IP,0.362707757,"1,P34_P58C_MeI,-1,P34_P21_MeI"
P34IP_15,P34IP,0.324725937,"1,P34_P59C_PhI,-1,P34_P26_PhI"
P34EA_1,P34EA,0.011750194,"1,P34_A31_Ga,-1,P34_P60A_Ga"
P34EA_2,P34EA,0.04968314,"1,P34_A32_Ge,-1,P34_P61A_Ge"
P34EA_3,P34EA,0.026940195,"1,P34_A33_As,-1,P34_P62A_As"
P34EA_4,P34EA,0.075304605,"1,P34_A34_Se,-1,P34_P63A_Se"
P34EA_5,P34EA,0.128767148,"1,P34_A35_Br,-1,P34_P64A_Br"
P34EA_6,P34EA,0.015564741,"1,P34_A49_In,-1,P34_P65A_In"
P34EA_7,P34EA,0.052351548,"1,P34_A50_Sn,-1,P34_P66A_Sn"
P34EA_8,P34EA,0.033445774,"1,P34_A51_Sb,-1,P34_P67A_Sb"
P34EA_9,P34EA,0.123037594,"1,P34_A53_I,-1,P34_P68A_I"
PA26_1,PA26,0.266450362,"1,PA26_p2,-1,PA26_p2p"
PA26_2,PA26,0.30740595,"1,PA26_p4,-1,PA26_p4p"
PA26_3,PA26,0.333381673,"1,PA26_p6,-1,PA26_p6p"
PA26_4,PA26,0.349317699,"1,PA26_p8,-1,PA26_p8p"
PA26_5,PA26,0.3376844,"1,PA26_nh3,-1,PA26_nh3p"
PA26_6,PA26,0.273143493,"1,PA26_h2o,-1,PA26_h2op"
PA26_7,PA26,0.250833056,"1,PA26_c2h2,-1,PA26_c2h2p"
PA26_8,PA26,0.250036254,"1,PA26_sih4,-1,PA26_sih4p"
PA26_9,PA26,0.307246589,"1,PA26_ph3,-1,PA26_ph3p"
PA26_10,PA26,0.27776494,"1,PA26_h2s,-1,PA26_h2sp"
PA26_11,PA26,0.219598444,"1,PA26_hcl,-1,PA26_hclp"
PA26_12,PA26,0.169240601,"1,PA26_h2,-1,PA26_h2p"
PA26_13,PA26,0.192507199,"1,PA26_c2f6,-1,PA26_c2f6p"
PA26_14,PA26,0.305812347,"1,PA26_ethanol,-1,PA26_ethanolp"
PA26_15,PA26,0.304218744,"1,PA26_ch3cooh,-1,PA26_ch3coohp"
PA26_16,PA26,0.347724096,"1,PA26_gly,-1,PA26_glyp"
PA26_17,PA26,0.319357969,"1,PA26_phenol,-1,PA26_phenolp"
PA26_18,PA26,0.334975275,"1,PA26_ass,-1,PA26_assp"
PA26_19,PA26,0.300075377,"1,PA26_ch2s,-1,PA26_ch2sp"
PA26_20,PA26,0.28987632,"1,PA26_si2h6,-1,PA26_si2h6p"
PA26_21,PA26,0.352664265,"1,PA26_cys,-1,PA26_cysp"
PA26_22,PA26,0.34995514,"1,PA26_phosphapyrrol,-1,PA26_phosphapyrrolp"
PA26_23,PA26,0.30740595,"1,PA26_A,-1,PA26_Ap"
PA26_24,PA26,0.335772077,"1,PA26_T,-1,PA26_Tp"
PA26_25,PA26,0.376090223,"1,PA26_G,-1,PA26_Gp"
PA26_26,PA26,0.374655981,"1,PA26_C,-1,PA26_Cp"
PArel_1,PArel,0.0025657,"-1,PArel_A0,1,PArel_A1"
PArel_2,PArel,0.013545622,"-1,PArel_A0,1,PArel_A2"
PArel_3,PArel,0.004685192,"-1,PArel_T1,1,PArel_T0"
PArel_4,PArel,0.009912208,"-1,PArel_T1,1,PArel_T2"
PArel_5,PArel,0.011458003,"-1,PArel_T1,1,PArel_T3"
PArel_6,PArel,0.003792774,"-1,PArel_arg2,1,PArel_arg0"
PArel_7,PArel,0.001896387,"-1,PArel_his1,1,PArel_his2"
PArel_8,PArel,0.001258946,"-1,PArel_his1,1,PArel_his0"
PArel_9,PArel,0.011234899,"-1,PArel_his1,1,PArel_his3"
PArel_10,PArel,0.004748936,"-1,PArel_sugar0,1,PArel_sugar2"
PArel_11,PArel,0.005434185,"-1,PArel_sugar0,1,PArel_sugar4"
PArel_12,PArel,0.005115464,"-1,PArel_sugar0,1,PArel_sugar3"
PArel_13,PArel,0.000956162,"-1,PArel_aminocoohbz2,1,PArel_aminocoohbz1"
PArel_14,PArel,0.011489875,"-1,PArel_aminocoohbz2,1,PArel_aminocoohbz3"
PArel_15,PArel,0.003760902,"-1,PArel_h4p2o71,1,PArel_h4p2o72"
PArel_16,PArel,0.028493615,"-1,PArel_h2s2o71,1,PArel_h2s2o72"
PArel_17,PArel,0.01784835,"-1,PArel_s4o42,1,PArel_s4o41"
PArel_18,PArel,0.002023875,"-1,PArel_c2h2f41,1,PArel_c2h2f42"
PArel_19,PArel,0.003936199,"-1,PArel_c2cl43,1,PArel_c2cl42"
PArel_20,PArel,0.003426246,"-1,PArel_c2cl43,1,PArel_c2cl41"
PCONF21_1,PCONF21,0.0000319,"-1,PCONF21_99,1,PCONF21_444"
PCONF21_2,PCONF21,0.001609539,"-1,PCONF21_99,1,PCONF21_357"
PCONF21_3,PCONF21,0.001115522,"-1,PCONF21_99,1,PCONF21_366"
PCONF21_4,PCONF21,0.001354562,"-1,PCONF21_99,1,PCONF21_215"
PCONF21_5,PCONF21,0.00124301,"-1,PCONF21_99,1,PCONF21_300"
PCONF21_6,PCONF21,0.003059717,"-1,PCONF21_99,1,PCONF21_114"
PCONF21_7,PCONF21,0.003474054,"-1,PCONF21_99,1,PCONF21_412"
PCONF21_8,PCONF21,0.0025657,"-1,PCONF21_99,1,PCONF21_691"
PCONF21_9,PCONF21,0.003011909,"-1,PCONF21_99,1,PCONF21_470"
PCONF21_10,PCONF21,0.003298757,"-1,PCONF21_99,1,PCONF21_224"
PCONF21_11,PCONF21,0.001705155,"-1,PCONF21_GLY_ab,1,PCONF21_GLY_aR"
PCONF21_12,PCONF21,0.001960131,"-1,PCONF21_GLY_ab,1,PCONF21_GLY_pII"
PCONF21_13,PCONF21,0.00388839,"-1,PCONF21_GLY_ab,1,PCONF21_GLY_aL"
PCONF21_14,PCONF21,0.00341031,"-1,PCONF21_GLY_ab,1,PCONF21_GLY_b"
PCONF21_15,PCONF21,0.002342596,"-1,PCONF21_SER_ab,1,PCONF21_SER_aR"
PCONF21_16,PCONF21,0.004462087,"-1,PCONF21_SER_ab,1,PCONF21_SER_pII"
PCONF21_17,PCONF21,0.003617478,"-1,PCONF21_SER_ab,1,PCONF21_SER_aL"
PCONF21_18,PCONF21,0.004366471,"-1,PCONF21_SER_ab,1,PCONF21_SER_b"
PNICO23_1,PNICO23,0.002278852,"-1,PNICO23_1,1,PNICO23_1a,1,PNICO23_1b"
PNICO23_2,PNICO23,0.012780693,"-1,PNICO23_2,1,PNICO23_2a,1,PNICO23_2b"
PNICO23_3,PNICO23,0.001019906,"-1,PNICO23_3,1,PNICO23_3a,1,PNICO23_3b"
PNICO23_4,PNICO23,0.006788747,"-1,PNICO23_4,1,PNICO23_4a,1,PNICO23_4b"
PNICO23_5,PNICO23,0.004557704,"-1,PNICO23_5,1,PNICO23_5a,1,PNICO23_5b"
PNICO23_6,PNICO23,0.002103555,"-1,PNICO23_6,1,PNICO23_6a,1,PNICO23_6b"
PNICO23_7,PNICO23,0.006836555,"-1,PNICO23_7,1,PNICO23_7a,1,PNICO23_7b"
PNICO23_8,PNICO23,0.004191175,"-1,PNICO23_8,1,PNICO23_8a,1,PNICO23_8b"
PNICO23_9,PNICO23,0.007824589,"-1,PNICO23_9,1,PNICO23_9a,1,PNICO23_9b"
PNICO23_10,PNICO23,0.003521862,"-1,PNICO23_10,1,PNICO23_10a,1,PNICO23_10b"
PNICO23_11,PNICO23,0.002231044,"-1,PNICO23_11,1,PNICO23_11a,1,PNICO23_11b"
PNICO23_12,PNICO23,0.004175239,"-1,PNICO23_12,1,PNICO23_12a,1,PNICO23_12b"
PNICO23_13,PNICO23,0.006342539,"-1,PNICO23_13,1,PNICO23_13a,1,PNICO23_13b"
PNICO23_14,PNICO23,0.006533771,"-1,PNICO23_14,1,PNICO23_14a,1,PNICO23_14b"
PNICO23_15,PNICO23,0.006916235,"-1,PNICO23_15,1,PNICO23_15a,1,PNICO23_15b"
PNICO23_16,PNICO23,0.002836613,"-1,PNICO23_16,1,PNICO23_16a,1,PNICO23_16b"
PNICO23_17,PNICO23,0.011314579,"-1,PNICO23_17,1,PNICO23_17a,1,PNICO23_17b"
PNICO23_18,PNICO23,0.003744966,"-1,PNICO23_18,1,PNICO23_18a,1,PNICO23_18b"
PNICO23_19,PNICO23,0.009481936,"-1,PNICO23_19,1,PNICO23_19a,1,PNICO23_19b"
PNICO23_20,PNICO23,0.01303567,"-1,PNICO23_20,1,PNICO23_20a,1,PNICO23_20b"
PNICO23_21,PNICO23,0.007840525,"-1,PNICO23_21,1,PNICO23_21a,1,PNICO23_21b"
PNICO23_22,PNICO23,0.012796629,"-1,PNICO23_22,1,PNICO23_22a,1,PNICO23_22b"
PNICO23_23,PNICO23,0.017481821,"-1,PNICO23_23,1,PNICO23_23a,1,PNICO23_23b"
PX13_1,PX9,0.094500637,"-1,PX13_nh3_2,1,PX13_nh3_2_ts"
PX13_2,PX9,0.074739964,"-1,PX13_nh3_3,1,PX13_nh3_3_ts"
PX13_4,PX9,0.077449088,"-1,PX13_h2o_2,1,PX13_h2o_2_ts"
PX13_5,PX9,0.047489359,"-1,PX13_h2o_3,1,PX13_h2o_3_ts"
PX13_7,PX9,0.04796744,"-1,PX13_h2o_5,1,PX13_h2o_5_ts"
PX13_8,PX9,0.055935453,"-1,PX13_h2o_6,1,PX13_h2o_6_ts"
PX13_9,PX9,0.067409392,"-1,PX13_hf_2,1,PX13_hf_2_ts"
PX13_10,PX9,0.032987575,"-1,PX13_hf_3,1,PX13_hf_3_ts"
PX13_13,PX9,0.026453804,"-1,PX13_hf_6,1,PX13_hf_6_ts"
Pentane14_1,Pentane13,0.026385259,"1,11_000-000-SP_Pentane14,-1,24_TT_Pentane14"
Pentane14_2,Pentane13,0.01123010933,"1,12_080-000-TS_Pentane14,-1,24_TT_Pentane14"
Pentane14_3,Pentane13,0.01477905973,"1,13_120-000-SP_Pentane14,-1,24_TT_Pentane14"
Pentane14_4,Pentane13,0.00556485622,"1,14_120-070-TS_Pentane14,-1,24_TT_Pentane14"
Pentane14_5,Pentane13,0.01139584388,"1,15_120-120-SP_Pentane14,-1,24_TT_Pentane14"
Pentane14_6,Pentane13,0.008505050873,"1,16_180-000-TS_Pentane14,-1,24_TT_Pentane14"
Pentane14_7,Pentane13,0.005336971215,"1,17_240-070-TS_Pentane14,-1,24_TT_Pentane14"
Pentane14_8,Pentane13,0.01132094461,"1,18_240-120-SP_Pentane14,-1,24_TT_Pentane14"
Pentane14_9,Pentane13,0.004936977254,"1,19_240-180-TS_Pentane14,-1,24_TT_Pentane14"
Pentane14_10,Pentane13,0.005140958238,"1,20_280-080-TS_Pentane14,-1,24_TT_Pentane14"
Pentane14_11,Pentane13,0.001480455736,"1,21_GG_Pentane14,-1,24_TT_Pentane14"
Pentane14_12,Pentane13,0.004462084025,"1,22_GX-_Pentane14,-1,24_TT_Pentane14"
Pentane14_13,Pentane13,0.00095297366,"1,23_TG_Pentane14,-1,24_TT_Pentane14"
PlatonicHD6_1,PlatonicRE18,0.231008455,"1,11_C4H4_Platonic24,6,21_C2H6_Platonic24,-4,22_C4H10_Platonic24"
PlatonicHD6_2,PlatonicRE18,0.245382739,"1,12_C6H6_Platonic24,9,21_C2H6_Platonic24,-6,22_C4H10_Platonic24"
PlatonicHD6_3,PlatonicRE18,0.272744875,"1,13_C8H8_Platonic24,12,21_C2H6_Platonic24,-8,22_C4H10_Platonic24"
PlatonicHD6_4,PlatonicRE18,0.241000335,"1,14_C10H10_Platonic24,15,21_C2H6_Platonic24,-10,22_C4H10_Platonic24"
PlatonicHD6_5,PlatonicRE18,0.157654984,"1,15_C12H12_Platonic24,18,21_C2H6_Platonic24,-12,22_C4H10_Platonic24"
PlatonicHD6_6,PlatonicRE18,0.117767141,"1,16_C20H20_Platonic24,30,21_C2H6_Platonic24,-20,22_C4H10_Platonic24"
PlatonicID6_1,PlatonicRE18,0.193542887,"1,11_C4H4_Platonic24,8,20_CH4_Platonic24,-6,21_C2H6_Platonic24"
PlatonicID6_2,PlatonicRE18,0.189192355,"1,12_C6H6_Platonic24,12,20_CH4_Platonic24,-9,21_C2H6_Platonic24"
PlatonicID6_3,PlatonicRE18,0.197829674,"1,13_C8H8_Platonic24,16,20_CH4_Platonic24,-12,21_C2H6_Platonic24"
PlatonicID6_4,PlatonicRE18,0.147344383,"1,14_C10H10_Platonic24,20,20_CH4_Platonic24,-15,21_C2H6_Platonic24"
PlatonicID6_5,PlatonicRE18,0.045258279,"1,15_C12H12_Platonic24,24,20_CH4_Platonic24,-18,21_C2H6_Platonic24"
PlatonicID6_6,PlatonicRE18,-0.069544764,"1,16_C20H20_Platonic24,40,20_CH4_Platonic24,-30,21_C2H6_Platonic24"
PlatonicIG6_1,PlatonicRE18,0.367404796,"1,11_C4H4_Platonic24,6,19_H2_Platonic24,-4,20_CH4_Platonic24"
PlatonicIG6_2,PlatonicRE18,0.449969283,"1,12_C6H6_Platonic24,9,19_H2_Platonic24,-6,20_CH4_Platonic24"
PlatonicIG6_3,PlatonicRE18,0.545537558,"1,13_C8H8_Platonic24,12,19_H2_Platonic24,-8,20_CH4_Platonic24"
PlatonicIG6_4,PlatonicRE18,0.581983221,"1,14_C10H10_Platonic24,15,19_H2_Platonic24,-10,20_CH4_Platonic24"
PlatonicIG6_5,PlatonicRE18,0.566844008,"1,15_C12H12_Platonic24,18,19_H2_Platonic24,-12,20_CH4_Platonic24"
PlatonicIG6_6,PlatonicRE18,0.799748848,"1,16_C20H20_Platonic24,30,19_H2_Platonic24,-20,20_CH4_Platonic24"
PlatonicTAE6_1,PlatonicTAE6,1.265160129,"-1,11_C4H4_Platonic24,4,17_H_Platonic24,4,18_C_Platonic24"
PlatonicTAE6_2,PlatonicTAE6,1.998886073,"-1,12_C6H6_Platonic24,6,17_H_Platonic24,6,18_C_Platonic24"
PlatonicTAE6_3,PlatonicTAE6,2.719624165,"-1,13_C8H8_Platonic24,8,17_H_Platonic24,8,18_C_Platonic24"
PlatonicTAE6_4,PlatonicTAE6,3.500281669,"-1,14_C10H10_Platonic24,10,17_H_Platonic24,10,18_C_Platonic24"
PlatonicTAE6_5,PlatonicTAE6,4.331870673,"-1,15_C12H12_Platonic24,12,17_H_Platonic24,12,18_C_Platonic24"
PlatonicTAE6_6,PlatonicTAE6,7.364764996,"-1,16_C20H20_Platonic24,20,17_H_Platonic24,20,18_C_Platonic24"
Pol130_1,Pol130,0.004029431,"-1,Pol130_AlF0+,-1,Pol130_AlF0-,2,Pol130_AlF"
Pol130_2,Pol130,0.003463245,"-1,Pol130_AlF2+,-1,Pol130_AlF2-,2,Pol130_AlF"
Pol130_3,Pol130,0.001102678,"-1,Pol130_Ar0+,-1,Pol130_Ar0-,2,Pol130_Ar"
Pol130_4,Pol130,0.003793914,"-1,Pol130_Be0+,-1,Pol130_Be0-,2,Pol130_Be"
Pol130_5,Pol130,0.003640726,"-1,Pol130_BeH0+,-1,Pol130_BeH0-,2,Pol130_BeH"
Pol130_6,Pol130,0.002581238,"-1,Pol130_BeH2+,-1,Pol130_BeH2-,2,Pol130_BeH"
Pol130_7,Pol130,0.00196579,"-1,Pol130_BeH21+,-1,Pol130_BeH21-,2,Pol130_BeH2"
Pol130_8,Pol130,0.002006955,"-1,Pol130_BeH22+,-1,Pol130_BeH22-,2,Pol130_BeH2"
Pol130_9,Pol130,0.001990759,"-1,Pol130_BF0+,-1,Pol130_BF0-,2,Pol130_BF"
Pol130_10,Pol130,0.001812603,"-1,Pol130_BF2+,-1,Pol130_BF2-,2,Pol130_BF"
Pol130_11,Pol130,0.001911128,"-1,Pol130_BH20+,-1,Pol130_BH20-,2,Pol130_BH2"
Pol130_12,Pol130,0.002037322,"-1,Pol130_BH21+,-1,Pol130_BH21-,2,Pol130_BH2"
Pol130_13,Pol130,0.001966465,"-1,Pol130_BH22+,-1,Pol130_BH22-,2,Pol130_BH2"
Pol130_14,Pol130,0.002394309,"-1,Pol130_BH2Cl0+,-1,Pol130_BH2Cl0-,2,Pol130_BH2Cl"
Pol130_15,Pol130,0.002729026,"-1,Pol130_BH2Cl1+,-1,Pol130_BH2Cl1-,2,Pol130_BH2Cl"
Pol130_16,Pol130,0.003703486,"-1,Pol130_BH2Cl2+,-1,Pol130_BH2Cl2-,2,Pol130_BH2Cl"
Pol130_17,Pol130,0.001405678,"-1,Pol130_BH2F0+,-1,Pol130_BH2F0-,2,Pol130_BH2F"
Pol130_18,Pol130,0.001786959,"-1,Pol130_BH2F1+,-1,Pol130_BH2F1-,2,Pol130_BH2F"
Pol130_19,Pol130,0.001768064,"-1,Pol130_BH2F2+,-1,Pol130_BH2F2-,2,Pol130_BH2F"
Pol130_20,Pol130,0.001842295,"-1,Pol130_BH30+,-1,Pol130_BH30-,2,Pol130_BH3"
Pol130_21,Pol130,0.001416475,"-1,Pol130_BH32+,-1,Pol130_BH32-,2,Pol130_BH3"
Pol130_22,Pol130,0.001382059,"-1,Pol130_BHF20+,-1,Pol130_BHF20-,2,Pol130_BHF2"
Pol130_23,Pol130,0.001756591,"-1,Pol130_BHF21+,-1,Pol130_BHF21-,2,Pol130_BHF2"
Pol130_24,Pol130,0.001689783,"-1,Pol130_BHF22+,-1,Pol130_BHF22-,2,Pol130_BHF2"
Pol130_25,Pol130,0.001515676,"-1,Pol130_BO0+,-1,Pol130_BO0-,2,Pol130_BO"
Pol130_26,Pol130,0.001887509,"-1,Pol130_BO2+,-1,Pol130_BO2-,2,Pol130_BO"
Pol130_27,Pol130,0.002929452,"-1,Pol130_BS0+,-1,Pol130_BS0-,2,Pol130_BS"
Pol130_28,Pol130,0.004237954,"-1,Pol130_BS2+,-1,Pol130_BS2-,2,Pol130_BS"
Pol130_29,Pol130,0.002037997,"-1,Pol130_C2H0+,-1,Pol130_C2H0-,2,Pol130_C2H"
Pol130_30,Pol130,0.00261228,"-1,Pol130_C2H2+,-1,Pol130_C2H2-,2,Pol130_C2H"
Pol130_31,Pol130,0.001861191,"-1,Pol130_C2H20+,-1,Pol130_C2H20-,2,Pol130_C2H2"
Pol130_32,Pol130,0.003037425,"-1,Pol130_C2H22+,-1,Pol130_C2H22-,2,Pol130_C2H2"
Pol130_33,Pol130,0.002318053,"-1,Pol130_C2H30+,-1,Pol130_C2H30-,2,Pol130_C2H3"
Pol130_34,Pol130,0.003372818,"-1,Pol130_C2H31+,-1,Pol130_C2H31-,2,Pol130_C2H3"
Pol130_35,Pol130,0.002113578,"-1,Pol130_C2H32+,-1,Pol130_C2H32-,2,Pol130_C2H3"
Pol130_36,Pol130,0.002193209,"-1,Pol130_C2H40+,-1,Pol130_C2H40-,2,Pol130_C2H4"
Pol130_37,Pol130,0.002497559,"-1,Pol130_C2H41+,-1,Pol130_C2H41-,2,Pol130_C2H4"
Pol130_38,Pol130,0.003420731,"-1,Pol130_C2H42+,-1,Pol130_C2H42-,2,Pol130_C2H4"
Pol130_39,Pol130,0.002778289,"-1,Pol130_CH2BH0+,-1,Pol130_CH2BH0-,2,Pol130_CH2BH"
Pol130_40,Pol130,0.002436149,"-1,Pol130_CH2BH1+,-1,Pol130_CH2BH1-,2,Pol130_CH2BH"
Pol130_41,Pol130,0.00388839,"-1,Pol130_CH2BH2+,-1,Pol130_CH2BH2-,2,Pol130_CH2BH"
Pol130_42,Pol130,0.001506903,"-1,Pol130_CH2F0+,-1,Pol130_CH2F0-,2,Pol130_CH2F"
Pol130_43,Pol130,0.001720825,"-1,Pol130_CH2F1+,-1,Pol130_CH2F1-,2,Pol130_CH2F"
Pol130_44,Pol130,0.001565614,"-1,Pol130_CH2F2+,-1,Pol130_CH2F2-,2,Pol130_CH2F"
Pol130_45,Pol130,0.00216689,"-1,Pol130_CH2NH0+,-1,Pol130_CH2NH0-,2,Pol130_CH2NH"
Pol130_46,Pol130,0.001702605,"-1,Pol130_CH2NH1+,-1,Pol130_CH2NH1-,2,Pol130_CH2NH"
Pol130_47,Pol130,0.002719579,"-1,Pol130_CH2NH2+,-1,Pol130_CH2NH2-,2,Pol130_CH2NH"
Pol130_48,Pol130,0.005136157,"-1,Pol130_CH2PH0+,-1,Pol130_CH2PH0-,2,Pol130_CH2PH"
Pol130_49,Pol130,0.003326254,"-1,Pol130_CH2PH1+,-1,Pol130_CH2PH1-,2,Pol130_CH2PH"
Pol130_50,Pol130,0.003806735,"-1,Pol130_CH2PH2+,-1,Pol130_CH2PH2-,2,Pol130_CH2PH"
Pol130_51,Pol130,0.001421199,"-1,Pol130_CH2-t0+,-1,Pol130_CH2-t0-,2,Pol130_CH2-t"
Pol130_52,Pol130,0.001552792,"-1,Pol130_CH2-t1+,-1,Pol130_CH2-t1-,2,Pol130_CH2-t"
Pol130_53,Pol130,0.001365188,"-1,Pol130_CH2-t2+,-1,Pol130_CH2-t2-,2,Pol130_CH2-t"
Pol130_54,Pol130,0.001579785,"-1,Pol130_CH30+,-1,Pol130_CH30-,2,Pol130_CH3"
Pol130_55,Pol130,0.001579785,"-1,Pol130_CH32+,-1,Pol130_CH32-,2,Pol130_CH3"
Pol130_56,Pol130,0.002495534,"-1,Pol130_CH3BH20+,-1,Pol130_CH3BH20-,2,Pol130_CH3BH2"
Pol130_57,Pol130,0.003284414,"-1,Pol130_CH3BH21+,-1,Pol130_CH3BH21-,2,Pol130_CH3BH2"
Pol130_58,Pol130,0.002868717,"-1,Pol130_CH3BH22+,-1,Pol130_CH3BH22-,2,Pol130_CH3BH2"
Pol130_59,Pol130,0.002652095,"-1,Pol130_CH3Cl0+,-1,Pol130_CH3Cl0-,2,Pol130_CH3Cl"
Pol130_60,Pol130,0.003637352,"-1,Pol130_CH3Cl2+,-1,Pol130_CH3Cl2-,2,Pol130_CH3Cl"
Pol130_61,Pol130,0.00160003,"-1,Pol130_CH3F0+,-1,Pol130_CH3F0-,2,Pol130_CH3F"
Pol130_62,Pol130,0.001728923,"-1,Pol130_CH3F2+,-1,Pol130_CH3F2-,2,Pol130_CH3F"
Pol130_63,Pol130,0.002772216,"-1,Pol130_CH3NH20+,-1,Pol130_CH3NH20-,2,Pol130_CH3NH2"
Pol130_64,Pol130,0.002435474,"-1,Pol130_CH3NH21+,-1,Pol130_CH3NH21-,2,Pol130_CH3NH2"
Pol130_65,Pol130,0.00236934,"-1,Pol130_CH3NH22+,-1,Pol130_CH3NH22-,2,Pol130_CH3NH2"
Pol130_66,Pol130,0.002821479,"-1,Pol130_CH3O0+,-1,Pol130_CH3O0-,2,Pol130_CH3O"
Pol130_67,Pol130,0.002293759,"-1,Pol130_CH3O2+,-1,Pol130_CH3O2-,2,Pol130_CH3O"
Pol130_68,Pol130,0.002023151,"-1,Pol130_CH3OH0+,-1,Pol130_CH3OH0-,2,Pol130_CH3OH"
Pol130_69,Pol130,0.002293084,"-1,Pol130_CH3OH1+,-1,Pol130_CH3OH1-,2,Pol130_CH3OH"
Pol130_70,Pol130,0.001968489,"-1,Pol130_CH3OH2+,-1,Pol130_CH3OH2-,2,Pol130_CH3OH"
Pol130_71,Pol130,0.004241328,"-1,Pol130_CH3SH0+,-1,Pol130_CH3SH0-,2,Pol130_CH3SH"
Pol130_72,Pol130,0.00336337,"-1,Pol130_CH3SH1+,-1,Pol130_CH3SH1-,2,Pol130_CH3SH"
Pol130_73,Pol130,0.003361345,"-1,Pol130_CH3SH2+,-1,Pol130_CH3SH2-,2,Pol130_CH3SH"
Pol130_74,Pol130,0.001637146,"-1,Pol130_CH40+,-1,Pol130_CH40-,2,Pol130_CH4"
Pol130_75,Pol130,0.002473939,"-1,Pol130_Cl20+,-1,Pol130_Cl20-,2,Pol130_Cl2"
Pol130_76,Pol130,0.004166422,"-1,Pol130_Cl22+,-1,Pol130_Cl22-,2,Pol130_Cl2"
Pol130_77,Pol130,0.002284311,"-1,Pol130_ClCN0+,-1,Pol130_ClCN0-,2,Pol130_ClCN"
Pol130_78,Pol130,0.004483593,"-1,Pol130_ClCN2+,-1,Pol130_ClCN2-,2,Pol130_ClCN"
Pol130_79,Pol130,0.001589908,"-1,Pol130_ClF1+,-1,Pol130_ClF1-,2,Pol130_ClF"
Pol130_80,Pol130,0.002251919,"-1,Pol130_ClF2+,-1,Pol130_ClF2-,2,Pol130_ClF"
Pol130_81,Pol130,0.001622974,"-1,Pol130_CN0+,-1,Pol130_CN0-,2,Pol130_CN"
Pol130_82,Pol130,0.00255222,"-1,Pol130_CN2+,-1,Pol130_CN2-,2,Pol130_CN"
Pol130_83,Pol130,0.001182983,"-1,Pol130_CO0+,-1,Pol130_CO0-,2,Pol130_CO"
Pol130_84,Pol130,0.001540645,"-1,Pol130_CO2+,-1,Pol130_CO2-,2,Pol130_CO"
Pol130_85,Pol130,0.00127611,"-1,Pol130_CO20+,-1,Pol130_CO20-,2,Pol130_CO2"
Pol130_86,Pol130,0.002668291,"-1,Pol130_CO22+,-1,Pol130_CO22-,2,Pol130_CO2"
Pol130_87,Pol130,0.002366641,"-1,Pol130_CS0+,-1,Pol130_CS0-,2,Pol130_CS"
Pol130_88,Pol130,0.003784466,"-1,Pol130_CS2+,-1,Pol130_CS2-,2,Pol130_CS"
Pol130_89,Pol130,0.002551545,"-1,Pol130_CSO0+,-1,Pol130_CSO0-,2,Pol130_CSO"
Pol130_90,Pol130,0.005248855,"-1,Pol130_CSO2+,-1,Pol130_CSO2-,2,Pol130_CSO"
Pol130_91,Pol130,0.000638392,"-1,Pol130_F20+,-1,Pol130_F20-,2,Pol130_F2"
Pol130_92,Pol130,0.001241019,"-1,Pol130_F22+,-1,Pol130_F22-,2,Pol130_F2"
Pol130_93,Pol130,0.00145899,"-1,Pol130_FCN0+,-1,Pol130_FCN0-,2,Pol130_FCN"
Pol130_94,Pol130,0.002512405,"-1,Pol130_FCN2+,-1,Pol130_FCN2-,2,Pol130_FCN"
Pol130_95,Pol130,0.002240447,"-1,Pol130_FCO0+,-1,Pol130_FCO0-,2,Pol130_FCO"
Pol130_96,Pol130,0.0016223,"-1,Pol130_FCO1+,-1,Pol130_FCO1-,2,Pol130_FCO"
Pol130_97,Pol130,0.001367887,"-1,Pol130_FCO2+,-1,Pol130_FCO2-,2,Pol130_FCO"
Pol130_98,Pol130,0.001272736,"-1,Pol130_FH-OH0+,-1,Pol130_FH-OH0-,2,Pol130_FH-OH"
Pol130_99,Pol130,0.001081083,"-1,Pol130_FH-OH1+,-1,Pol130_FH-OH1-,2,Pol130_FH-OH"
Pol130_100,Pol130,0.00153862,"-1,Pol130_FH-OH2+,-1,Pol130_FH-OH2-,2,Pol130_FH-OH"
Pol130_101,Pol130,0.002324801,"-1,Pol130_FNO0+,-1,Pol130_FNO0-,2,Pol130_FNO"
Pol130_102,Pol130,0.001663464,"-1,Pol130_FNO1+,-1,Pol130_FNO1-,2,Pol130_FNO"
Pol130_103,Pol130,0.001178934,"-1,Pol130_FNO2+,-1,Pol130_FNO2-,2,Pol130_FNO"
Pol130_104,Pol130,0.000450114,"-1,Pol130_H0+,-1,Pol130_H0-,2,Pol130_H"
Pol130_105,Pol130,0.000457537,"-1,Pol130_H20+,-1,Pol130_H20-,2,Pol130_H2"
Pol130_106,Pol130,0.000639742,"-1,Pol130_H22+,-1,Pol130_H22-,2,Pol130_H2"
Pol130_107,Pol130,0.001526473,"-1,Pol130_H2CN0+,-1,Pol130_H2CN0-,2,Pol130_H2CN"
Pol130_108,Pol130,0.001871313,"-1,Pol130_H2CN1+,-1,Pol130_H2CN1-,2,Pol130_H2CN"
Pol130_109,Pol130,0.002467866,"-1,Pol130_H2CN2+,-1,Pol130_H2CN2-,2,Pol130_H2CN"
Pol130_110,Pol130,0.000919123,"-1,Pol130_H2O0+,-1,Pol130_H2O0-,2,Pol130_H2O"
Pol130_111,Pol130,0.000985257,"-1,Pol130_H2O1+,-1,Pol130_H2O1-,2,Pol130_H2O"
Pol130_112,Pol130,0.000948816,"-1,Pol130_H2O2+,-1,Pol130_H2O2-,2,Pol130_H2O"
Pol130_113,Pol130,0.000259993,"-1,Pol130_H2O-Li0+,-1,Pol130_H2O-Li0-,2,Pol130_H2O-Li"
Pol130_114,Pol130,0.000226251,"-1,Pol130_H2O-Li1+,-1,Pol130_H2O-Li1-,2,Pol130_H2O-Li"
Pol130_115,Pol130,0.000295084,"-1,Pol130_H2O-Li2+,-1,Pol130_H2O-Li2-,2,Pol130_H2O-Li"
Pol130_116,Pol130,0.00141715,"-1,Pol130_HBO0+,-1,Pol130_HBO0-,2,Pol130_HBO"
Pol130_117,Pol130,0.002139897,"-1,Pol130_HBO2+,-1,Pol130_HBO2-,2,Pol130_HBO"
Pol130_118,Pol130,0.002841724,"-1,Pol130_HBS0+,-1,Pol130_HBS0-,2,Pol130_HBS"
Pol130_119,Pol130,0.004506538,"-1,Pol130_HBS2+,-1,Pol130_HBS2-,2,Pol130_HBS"
Pol130_120,Pol130,0.002685837,"-1,Pol130_HCCCl0+,-1,Pol130_HCCCl0-,2,Pol130_HCCCl"
Pol130_121,Pol130,0.005504616,"-1,Pol130_HCCCl2+,-1,Pol130_HCCCl2-,2,Pol130_HCCCl"
Pol130_122,Pol130,0.001854442,"-1,Pol130_HCCF0+,-1,Pol130_HCCF0-,2,Pol130_HCCF"
Pol130_123,Pol130,0.003221655,"-1,Pol130_HCCF2+,-1,Pol130_HCCF2-,2,Pol130_HCCF"
Pol130_124,Pol130,0.001290282,"-1,Pol130_HCHO0+,-1,Pol130_HCHO0-,2,Pol130_HCHO"
Pol130_125,Pol130,0.001776836,"-1,Pol130_HCHO1+,-1,Pol130_HCHO1-,2,Pol130_HCHO"
Pol130_126,Pol130,0.002218852,"-1,Pol130_HCHO2+,-1,Pol130_HCHO2-,2,Pol130_HCHO"
Pol130_127,Pol130,0.002625777,"-1,Pol130_HCHS0+,-1,Pol130_HCHS0-,2,Pol130_HCHS"
Pol130_128,Pol130,0.003084664,"-1,Pol130_HCHS1+,-1,Pol130_HCHS1-,2,Pol130_HCHS"
Pol130_129,Pol130,0.004503164,"-1,Pol130_HCHS2+,-1,Pol130_HCHS2-,2,Pol130_HCHS"
Pol130_130,Pol130,0.001658741,"-1,Pol130_HCl0+,-1,Pol130_HCl0-,2,Pol130_HCl"
Pol130_131,Pol130,0.001828124,"-1,Pol130_HCl2+,-1,Pol130_HCl2-,2,Pol130_HCl"
Pol130_132,Pol130,0.001390832,"-1,Pol130_HCN0+,-1,Pol130_HCN0-,2,Pol130_HCN"
Pol130_133,Pol130,0.002223576,"-1,Pol130_HCN2+,-1,Pol130_HCN2-,2,Pol130_HCN"
Pol130_134,Pol130,0.001776836,"-1,Pol130_HCO0+,-1,Pol130_HCO0-,2,Pol130_HCO"
Pol130_135,Pol130,0.001951618,"-1,Pol130_HCO1+,-1,Pol130_HCO1-,2,Pol130_HCO"
Pol130_136,Pol130,0.001302429,"-1,Pol130_HCO2+,-1,Pol130_HCO2-,2,Pol130_HCO"
Pol130_137,Pol130,0.003501711,"-1,Pol130_HCONH20+,-1,Pol130_HCONH20-,2,Pol130_HCONH2"
Pol130_138,Pol130,0.002758044,"-1,Pol130_HCONH21+,-1,Pol130_HCONH21-,2,Pol130_HCONH2"
Pol130_139,Pol130,0.002002231,"-1,Pol130_HCONH22+,-1,Pol130_HCONH22-,2,Pol130_HCONH2"
Pol130_140,Pol130,0.002702708,"-1,Pol130_HCOOH0+,-1,Pol130_HCOOH0-,2,Pol130_HCOOH"
Pol130_141,Pol130,0.002375414,"-1,Pol130_HCOOH1+,-1,Pol130_HCOOH1-,2,Pol130_HCOOH"
Pol130_142,Pol130,0.001620275,"-1,Pol130_HCOOH2+,-1,Pol130_HCOOH2-,2,Pol130_HCOOH"
Pol130_143,Pol130,0.002994911,"-1,Pol130_HCP0+,-1,Pol130_HCP0-,2,Pol130_HCP"
Pol130_144,Pol130,0.004655001,"-1,Pol130_HCP2+,-1,Pol130_HCP2-,2,Pol130_HCP"
Pol130_145,Pol130,0.000138341,"-1,Pol130_He0+,-1,Pol130_He0-,2,Pol130_He"
Pol130_146,Pol130,0.000514223,"-1,Pol130_HF0+,-1,Pol130_HF0-,2,Pol130_HF"
Pol130_147,Pol130,0.000628945,"-1,Pol130_HF2+,-1,Pol130_HF2-,2,Pol130_HF"
Pol130_148,Pol130,0.001560215,"-1,Pol130_HNC0+,-1,Pol130_HNC0-,2,Pol130_HNC"
Pol130_149,Pol130,0.002345046,"-1,Pol130_HNC2+,-1,Pol130_HNC2-,2,Pol130_HNC"
Pol130_150,Pol130,0.00107231,"-1,Pol130_HNO0+,-1,Pol130_HNO0-,2,Pol130_HNO"
Pol130_151,Pol130,0.001547393,"-1,Pol130_HNO1+,-1,Pol130_HNO1-,2,Pol130_HNO"
Pol130_152,Pol130,0.001869289,"-1,Pol130_HNO2+,-1,Pol130_HNO2-,2,Pol130_HNO"
Pol130_153,Pol130,0.003795938,"-1,Pol130_HNS0+,-1,Pol130_HNS0-,2,Pol130_HNS"
Pol130_154,Pol130,0.002646022,"-1,Pol130_HNS1+,-1,Pol130_HNS1-,2,Pol130_HNS"
Pol130_155,Pol130,0.002318728,"-1,Pol130_HNS2+,-1,Pol130_HNS2-,2,Pol130_HNS"
Pol130_156,Pol130,0.001172861,"-1,Pol130_HO20+,-1,Pol130_HO20-,2,Pol130_HO2"
Pol130_157,Pol130,0.0018234,"-1,Pol130_HO21+,-1,Pol130_HO21-,2,Pol130_HO2"
Pol130_158,Pol130,0.000996729,"-1,Pol130_HO22+,-1,Pol130_HO22-,2,Pol130_HO2"
Pol130_159,Pol130,0.001979961,"-1,Pol130_HOCl0+,-1,Pol130_HOCl0-,2,Pol130_HOCl"
Pol130_160,Pol130,0.00188481,"-1,Pol130_HOCl1+,-1,Pol130_HOCl1-,2,Pol130_HOCl"
Pol130_161,Pol130,0.002841049,"-1,Pol130_HOCl2+,-1,Pol130_HOCl2-,2,Pol130_HOCl"
Pol130_162,Pol130,0.001023048,"-1,Pol130_HOF0+,-1,Pol130_HOF0-,2,Pol130_HOF"
Pol130_163,Pol130,0.000907651,"-1,Pol130_HOF1+,-1,Pol130_HOF1-,2,Pol130_HOF"
Pol130_164,Pol130,0.001586533,"-1,Pol130_HOF2+,-1,Pol130_HOF2-,2,Pol130_HOF"
Pol130_165,Pol130,0.001353716,"-1,Pol130_HOOH0+,-1,Pol130_HOOH0-,2,Pol130_HOOH"
Pol130_166,Pol130,0.001880086,"-1,Pol130_HOOH1+,-1,Pol130_HOOH1-,2,Pol130_HOOH"
Pol130_167,Pol130,0.001251816,"-1,Pol130_HOOH2+,-1,Pol130_HOOH2-,2,Pol130_HOOH"
Pol130_168,Pol130,0.0001649225466,"-1,Pol130_Li20+,-1,Pol130_Li20-,2,Pol130_Li2"
Pol130_169,Pol130,0.0002963733542,"-1,Pol130_Li22+,-1,Pol130_Li22-,2,Pol130_Li2"
Pol130_170,Pol130,0.002900434,"-1,Pol130_LiBH40+,-1,Pol130_LiBH40-,2,Pol130_LiBH4"
Pol130_171,Pol130,0.003148098,"-1,Pol130_LiBH42+,-1,Pol130_LiBH42-,2,Pol130_LiBH4"
Pol130_172,Pol130,0.002547496,"-1,Pol130_LiCl0+,-1,Pol130_LiCl0-,2,Pol130_LiCl"
Pol130_173,Pol130,0.002683138,"-1,Pol130_LiCl2+,-1,Pol130_LiCl2-,2,Pol130_LiCl"
Pol130_174,Pol130,0.002511055,"-1,Pol130_LiCN0+,-1,Pol130_LiCN0-,2,Pol130_LiCN"
Pol130_175,Pol130,0.00261363,"-1,Pol130_LiCN1+,-1,Pol130_LiCN1-,2,Pol130_LiCN"
Pol130_176,Pol130,0.002125725,"-1,Pol130_LiCN2+,-1,Pol130_LiCN2-,2,Pol130_LiCN"
Pol130_177,Pol130,0.00002951721506,"-1,Pol130_LiH0+,-1,Pol130_LiH0-,2,Pol130_LiH"
Pol130_178,Pol130,0.00002571115441,"-1,Pol130_LiH2+,-1,Pol130_LiH2-,2,Pol130_LiH"
Pol130_179,Pol130,0.00007147161059,"-1,Pol130_Mg0+,-1,Pol130_Mg0-,2,Pol130_Mg"
Pol130_180,Pol130,0.000124176103,"-1,Pol130_Mg20+,-1,Pol130_Mg20-,2,Pol130_Mg2"
Pol130_181,Pol130,0.0002186527858,"-1,Pol130_Mg22+,-1,Pol130_Mg22-,2,Pol130_Mg2"
Pol130_182,Pol130,0.000726796,"-1,Pol130_N0+,-1,Pol130_N0-,2,Pol130_N"
Pol130_183,Pol130,0.001016299,"-1,Pol130_N20+,-1,Pol130_N20-,2,Pol130_N2"
Pol130_184,Pol130,0.001473836,"-1,Pol130_N22+,-1,Pol130_N22-,2,Pol130_N2"
Pol130_185,Pol130,0.002360567,"-1,Pol130_N2H20+,-1,Pol130_N2H20-,2,Pol130_N2H2"
Pol130_186,Pol130,0.001395556,"-1,Pol130_N2H21+,-1,Pol130_N2H21-,2,Pol130_N2H2"
Pol130_187,Pol130,0.001938122,"-1,Pol130_N2H22+,-1,Pol130_N2H22-,2,Pol130_N2H2"
Pol130_188,Pol130,0.002106155,"-1,Pol130_N2H40+,-1,Pol130_N2H40-,2,Pol130_N2H4"
Pol130_189,Pol130,0.002511055,"-1,Pol130_N2H41+,-1,Pol130_N2H41-,2,Pol130_N2H4"
Pol130_190,Pol130,0.002130449,"-1,Pol130_N2H42+,-1,Pol130_N2H42-,2,Pol130_N2H4"
Pol130_191,Pol130,0.00147707541,"-1,Pol130_Na0+,-1,Pol130_Na0-,2,Pol130_Na"
Pol130_192,Pol130,0.0002053788119,"-1,Pol130_Na20+,-1,Pol130_Na20-,2,Pol130_Na2"
Pol130_193,Pol130,0.0003719344555,"-1,Pol130_Na22+,-1,Pol130_Na22-,2,Pol130_Na2"
Pol130_194,Pol130,0.00002821478651,"-1,Pol130_NaCl0+,-1,Pol130_NaCl0-,2,Pol130_NaCl"
Pol130_195,Pol130,0.00003268218394,"-1,Pol130_NaCl2+,-1,Pol130_NaCl2-,2,Pol130_NaCl"
Pol130_196,Pol130,0.003008408,"-1,Pol130_NaCN0+,-1,Pol130_NaCN0-,2,Pol130_NaCN"
Pol130_197,Pol130,0.002763443,"-1,Pol130_NaCN1+,-1,Pol130_NaCN1-,2,Pol130_NaCN"
Pol130_198,Pol130,0.002339648,"-1,Pol130_NaCN2+,-1,Pol130_NaCN2-,2,Pol130_NaCN"
Pol130_199,Pol130,0.00003920782339,"-1,Pol130_NaH0+,-1,Pol130_NaH0-,2,Pol130_NaH"
Pol130_200,Pol130,0.00005512714446,"-1,Pol130_NaH2+,-1,Pol130_NaH2-,2,Pol130_NaH"
Pol130_201,Pol130,0.0001856601785,"-1,Pol130_NaLi0+,-1,Pol130_NaLi0-,2,Pol130_NaLi"
Pol130_202,Pol130,0.0003397583966,"-1,Pol130_NaLi2+,-1,Pol130_NaLi2-,2,Pol130_NaLi"
Pol130_203,Pol130,0.00154132,"-1,Pol130_NCO0+,-1,Pol130_NCO0-,2,Pol130_NCO"
Pol130_204,Pol130,0.003256746,"-1,Pol130_NCO2+,-1,Pol130_NCO2-,2,Pol130_NCO"
Pol130_205,Pol130,0.00026521,"-1,Pol130_Ne0+,-1,Pol130_Ne0-,2,Pol130_Ne"
Pol130_206,Pol130,0.000896854,"-1,Pol130_NH0+,-1,Pol130_NH0-,2,Pol130_NH"
Pol130_207,Pol130,0.001145192,"-1,Pol130_NH2+,-1,Pol130_NH2-,2,Pol130_NH"
Pol130_208,Pol130,0.001062188,"-1,Pol130_NH20+,-1,Pol130_NH20-,2,Pol130_NH2"
Pol130_209,Pol130,0.001255865,"-1,Pol130_NH21+,-1,Pol130_NH21-,2,Pol130_NH2"
Pol130_210,Pol130,0.001294331,"-1,Pol130_NH22+,-1,Pol130_NH22-,2,Pol130_NH2"
Pol130_211,Pol130,0.002316703,"-1,Pol130_NH2Cl0+,-1,Pol130_NH2Cl0-,2,Pol130_NH2Cl"
Pol130_212,Pol130,0.002313329,"-1,Pol130_NH2Cl1+,-1,Pol130_NH2Cl1-,2,Pol130_NH2Cl"
Pol130_213,Pol130,0.003375517,"-1,Pol130_NH2Cl2+,-1,Pol130_NH2Cl2-,2,Pol130_NH2Cl"
Pol130_214,Pol130,0.001411752,"-1,Pol130_NH2F0+,-1,Pol130_NH2F0-,2,Pol130_NH2F"
Pol130_215,Pol130,0.001629723,"-1,Pol130_NH2F1+,-1,Pol130_NH2F1-,2,Pol130_NH2F"
Pol130_216,Pol130,0.001390832,"-1,Pol130_NH2F2+,-1,Pol130_NH2F2-,2,Pol130_NH2F"
Pol130_217,Pol130,0.001789658,"-1,Pol130_NH2OH0+,-1,Pol130_NH2OH0-,2,Pol130_NH2OH"
Pol130_218,Pol130,0.002183086,"-1,Pol130_NH2OH1+,-1,Pol130_NH2OH1-,2,Pol130_NH2OH"
Pol130_219,Pol130,0.001672912,"-1,Pol130_NH2OH2+,-1,Pol130_NH2OH2-,2,Pol130_NH2OH"
Pol130_220,Pol130,0.001349667,"-1,Pol130_NH30+,-1,Pol130_NH30-,2,Pol130_NH3"
Pol130_221,Pol130,0.001512977,"-1,Pol130_NH32+,-1,Pol130_NH32-,2,Pol130_NH3"
Pol130_222,Pol130,0.001797756,"-1,Pol130_NH3O0+,-1,Pol130_NH3O0-,2,Pol130_NH3O"
Pol130_223,Pol130,0.002498233,"-1,Pol130_NH3O2+,-1,Pol130_NH3O2-,2,Pol130_NH3O"
Pol130_224,Pol130,0.001004152,"-1,Pol130_NO0+,-1,Pol130_NO0-,2,Pol130_NO"
Pol130_225,Pol130,0.00147991,"-1,Pol130_NO2+,-1,Pol130_NO2-,2,Pol130_NO"
Pol130_226,Pol130,0.003168343,"-1,Pol130_NOCl0+,-1,Pol130_NOCl0-,2,Pol130_NOCl"
Pol130_227,Pol130,0.004758251,"-1,Pol130_NOCl1+,-1,Pol130_NOCl1-,2,Pol130_NOCl"
Pol130_228,Pol130,0.002287011,"-1,Pol130_NOCl2+,-1,Pol130_NOCl2-,2,Pol130_NOCl"
Pol130_229,Pol130,0.002373389,"-1,Pol130_NP0+,-1,Pol130_NP0-,2,Pol130_NP"
Pol130_230,Pol130,0.003658947,"-1,Pol130_NP2+,-1,Pol130_NP2-,2,Pol130_NP"
Pol130_231,Pol130,0.000816548,"-1,Pol130_O20+,-1,Pol130_O20-,2,Pol130_O2"
Pol130_232,Pol130,0.001527148,"-1,Pol130_O22+,-1,Pol130_O22-,2,Pol130_O2"
Pol130_233,Pol130,0.001177584,"-1,Pol130_O30+,-1,Pol130_O30-,2,Pol130_O3"
Pol130_234,Pol130,0.003094786,"-1,Pol130_O31+,-1,Pol130_O31-,2,Pol130_O3"
Pol130_235,Pol130,0.001434696,"-1,Pol130_O32+,-1,Pol130_O32-,2,Pol130_O3"
Pol130_236,Pol130,0.001633772,"-1,Pol130_OCl0+,-1,Pol130_OCl0-,2,Pol130_OCl"
Pol130_237,Pol130,0.00281473,"-1,Pol130_OCl2+,-1,Pol130_OCl2-,2,Pol130_OCl"
Pol130_238,Pol130,0.002841049,"-1,Pol130_OCl20+,-1,Pol130_OCl20-,2,Pol130_OCl2"
Pol130_239,Pol130,0.005218487,"-1,Pol130_OCl21+,-1,Pol130_OCl21-,2,Pol130_OCl2"
Pol130_240,Pol130,0.003121105,"-1,Pol130_OCl22+,-1,Pol130_OCl22-,2,Pol130_OCl2"
Pol130_241,Pol130,0.000738268,"-1,Pol130_OF0+,-1,Pol130_OF0-,2,Pol130_OF"
Pol130_242,Pol130,0.001371936,"-1,Pol130_OF2+,-1,Pol130_OF2-,2,Pol130_OF"
Pol130_243,Pol130,0.000980533,"-1,Pol130_OF20+,-1,Pol130_OF20-,2,Pol130_OF2"
Pol130_244,Pol130,0.001992783,"-1,Pol130_OF21+,-1,Pol130_OF21-,2,Pol130_OF2"
Pol130_245,Pol130,0.001336845,"-1,Pol130_OF22+,-1,Pol130_OF22-,2,Pol130_OF2"
Pol130_246,Pol130,0.00084894,"-1,Pol130_OH2+,-1,Pol130_OH2-,2,Pol130_OH"
Pol130_247,Pol130,0.002500258,"-1,Pol130_P0+,-1,Pol130_P0-,2,Pol130_P"
Pol130_248,Pol130,0.003997039,"-1,Pol130_P20+,-1,Pol130_P20-,2,Pol130_P2"
Pol130_249,Pol130,0.006852934,"-1,Pol130_P22+,-1,Pol130_P22-,2,Pol130_P2"
Pol130_250,Pol130,0.00498567,"-1,Pol130_P2H40+,-1,Pol130_P2H40-,2,Pol130_P2H4"
Pol130_251,Pol130,0.007219368,"-1,Pol130_P2H41+,-1,Pol130_P2H41-,2,Pol130_P2H4"
Pol130_252,Pol130,0.005001866,"-1,Pol130_P2H42+,-1,Pol130_P2H42-,2,Pol130_P2H4"
Pol130_253,Pol130,0.002635899,"-1,Pol130_PH0+,-1,Pol130_PH0-,2,Pol130_PH"
Pol130_254,Pol130,0.002944973,"-1,Pol130_PH2+,-1,Pol130_PH2-,2,Pol130_PH"
Pol130_255,Pol130,0.002753995,"-1,Pol130_PH20+,-1,Pol130_PH20-,2,Pol130_PH2"
Pol130_256,Pol130,0.00297669,"-1,Pol130_PH21+,-1,Pol130_PH21-,2,Pol130_PH2"
Pol130_257,Pol130,0.003034051,"-1,Pol130_PH22+,-1,Pol130_PH22-,2,Pol130_PH2"
Pol130_258,Pol130,0.003287789,"-1,Pol130_PH2OH0+,-1,Pol130_PH2OH0-,2,Pol130_PH2OH"
Pol130_259,Pol130,0.003339751,"-1,Pol130_PH2OH1+,-1,Pol130_PH2OH1-,2,Pol130_PH2OH"
Pol130_260,Pol130,0.003275642,"-1,Pol130_PH2OH2+,-1,Pol130_PH2OH2-,2,Pol130_PH2OH"
Pol130_261,Pol130,0.002972641,"-1,Pol130_PH30+,-1,Pol130_PH30-,2,Pol130_PH3"
Pol130_262,Pol130,0.003115031,"-1,Pol130_PH32+,-1,Pol130_PH32-,2,Pol130_PH3"
Pol130_263,Pol130,0.002761418,"-1,Pol130_PH3O0+,-1,Pol130_PH3O0-,2,Pol130_PH3O"
Pol130_264,Pol130,0.003318831,"-1,Pol130_PH3O2+,-1,Pol130_PH3O2-,2,Pol130_PH3O"
Pol130_265,Pol130,0.006325214,"-1,Pol130_PS2+,-1,Pol130_PS2-,2,Pol130_PS"
Pol130_266,Pol130,0.003142699,"-1,Pol130_S20+,-1,Pol130_S20-,2,Pol130_S2"
Pol130_267,Pol130,0.005861603,"-1,Pol130_S22+,-1,Pol130_S22-,2,Pol130_S2"
Pol130_268,Pol130,0.003816183,"-1,Pol130_S2H20+,-1,Pol130_S2H20-,2,Pol130_S2H2"
Pol130_269,Pol130,0.005592345,"-1,Pol130_S2H21+,-1,Pol130_S2H21-,2,Pol130_S2H2"
Pol130_270,Pol130,0.003796613,"-1,Pol130_S2H22+,-1,Pol130_S2H22-,2,Pol130_S2H2"
Pol130_271,Pol130,0.004856101,"-1,Pol130_SCl2+,-1,Pol130_SCl2-,2,Pol130_SCl"
Pol130_272,Pol130,0.00376692,"-1,Pol130_SCl20+,-1,Pol130_SCl20-,2,Pol130_SCl2"
Pol130_273,Pol130,0.006794898,"-1,Pol130_SCl21+,-1,Pol130_SCl21-,2,Pol130_SCl2"
Pol130_274,Pol130,0.004749478,"-1,Pol130_SCl22+,-1,Pol130_SCl22-,2,Pol130_SCl2"
Pol130_275,Pol130,0.0024321,"-1,Pol130_SF2+,-1,Pol130_SF2-,2,Pol130_SF"
Pol130_276,Pol130,0.002141247,"-1,Pol130_SF20+,-1,Pol130_SF20-,2,Pol130_SF2"
Pol130_277,Pol130,0.00257449,"-1,Pol130_SF21+,-1,Pol130_SF21-,2,Pol130_SF2"
Pol130_278,Pol130,0.002324801,"-1,Pol130_SF22+,-1,Pol130_SF22-,2,Pol130_SF2"
Pol130_279,Pol130,0.002327501,"-1,Pol130_SH2+,-1,Pol130_SH2-,2,Pol130_SH"
Pol130_280,Pol130,0.002452345,"-1,Pol130_SH20+,-1,Pol130_SH20-,2,Pol130_SH2"
Pol130_281,Pol130,0.002409155,"-1,Pol130_SH21+,-1,Pol130_SH21-,2,Pol130_SH2"
Pol130_282,Pol130,0.002401057,"-1,Pol130_SH22+,-1,Pol130_SH22-,2,Pol130_SH2"
Pol130_283,Pol130,0.00338294,"-1,Pol130_SiH30+,-1,Pol130_SiH30-,2,Pol130_SiH3"
Pol130_284,Pol130,0.00336202,"-1,Pol130_SiH32+,-1,Pol130_SiH32-,2,Pol130_SiH3"
Pol130_285,Pol130,0.003818208,"-1,Pol130_SiH3Cl0+,-1,Pol130_SiH3Cl0-,2,Pol130_SiH3Cl"
Pol130_286,Pol130,0.004834507,"-1,Pol130_SiH3Cl2+,-1,Pol130_SiH3Cl2-,2,Pol130_SiH3Cl"
Pol130_287,Pol130,0.00285522,"-1,Pol130_SiH3F0+,-1,Pol130_SiH3F0-,2,Pol130_SiH3F"
Pol130_288,Pol130,0.002617679,"-1,Pol130_SiH3F2+,-1,Pol130_SiH3F2-,2,Pol130_SiH3F"
Pol130_289,Pol130,0.003096811,"-1,Pol130_SiH40+,-1,Pol130_SiH40-,2,Pol130_SiH4"
Pol130_290,Pol130,0.00271283,"-1,Pol130_SiO0+,-1,Pol130_SiO0-,2,Pol130_SiO"
Pol130_291,Pol130,0.00342478,"-1,Pol130_SiO2+,-1,Pol130_SiO2-,2,Pol130_SiO"
Pol130_292,Pol130,0.001951618,"-1,Pol130_SO20+,-1,Pol130_SO20-,2,Pol130_SO2"
Pol130_293,Pol130,0.003385639,"-1,Pol130_SO21+,-1,Pol130_SO21-,2,Pol130_SO2"
Pol130_294,Pol130,0.002282287,"-1,Pol130_SO22+,-1,Pol130_SO22-,2,Pol130_SO2"
Pol130_295,Pol130,0.00198536,"-1,Pol130_SO-trip0+,-1,Pol130_SO-trip0-,2,Pol130_SO-trip"
Pol130_296,Pol130,0.0029362,"-1,Pol130_SO-trip2+,-1,Pol130_SO-trip2-,2,Pol130_SO-trip"
RC21_1,RC21,0.03733811,"-1,RC21_1e,1,RC21_1p1,1,RC21_me"
RC21_2,RC21,0.042485446,"-1,RC21_1e,1,RC21_1p2,1,RC21_1p3"
RC21_3,RC21,0.039425729,"-1,RC21_2e,1,RC21_2p1,1,RC21_me"
RC21_4,RC21,0.094723741,"-1,RC21_2e,1,RC21_2p2,1,RC21_2p3"
RC21_5,RC21,0.092317401,"-1,RC21_3e,1,RC21_3p1,1,RC21_3p2"
RC21_6,RC21,0.058262113,"-1,RC21_3e,1,RC21_3int1"
RC21_7,RC21,0.028541423,"-1,RC21_3e,1,RC21_3int2"
RC21_8,RC21,0.026772524,"-1,RC21_3e,1,RC21_3int3"
RC21_9,RC21,0.079441092,"-1,RC21_3e,1,RC21_3p2,1,RC21_3p3"
RC21_10,RC21,0.071967095,"-1,RC21_4e,1,RC21_4p,1,RC21_me"
RC21_11,RC21,0.035441723,"-1,RC21_5e,1,RC21_5p,1,RC21_me"
RC21_12,RC21,-0.01070901,"-1,RC21_6e,1,RC21_6int"
RC21_13,RC21,0.033800312,"-1,RC21_6e,1,RC21_6p1,1,RC21_ethylene"
RC21_14,RC21,0.035107066,"-1,RC21_6e,1,RC21_6p3,1,RC21_me"
RC21_15,RC21,0.044812106,"-1,RC21_6e,1,RC21_1p2,1,RC21_pr"
RC21_16,RC21,-0.00116333,"-1,RC21_7e,1,RC21_7p1,1,RC21_7p2"
RC21_17,RC21,0.08073191,"-1,RC21_7e,1,RC21_7p3,1,RC21_7p4"
RC21_18,RC21,0.048413648,"-1,RC21_7e,1,RC21_7p5,1,RC21_7p6"
RC21_19,RC21,0.079249859,"-1,RC21_8e,1,RC21_8p1,1,RC21_ethylene"
RC21_20,RC21,0.052286103,"-1,RC21_9e,1,RC21_9p1,1,RC21_9p2"
RC21_21,RC21,0.20168635,"-1,RC21_10e,1,RC21_10p1,1,RC21_10p2"
RG10N_1,RG10N,0.0119317,"1,RG10N_HeHe_1p588,-1,RG10N_He,-1,RG10N_He"
RG10N_2,RG10N,0.000926552,"1,RG10N_HeHe_2p117,-1,RG10N_He,-1,RG10N_He"
RG10N_3,RG10N,-0.00000149201,"1,RG10N_HeHe_2p646,-1,RG10N_He,-1,RG10N_He"
RG10N_4,RG10N,-0.0000348372,"1,RG10N_HeHe_2p963,-1,RG10N_He,-1,RG10N_He"
RG10N_5,RG10N,-0.0000306572,"1,RG10N_HeHe_3p175,-1,RG10N_He,-1,RG10N_He"
RG10N_6,RG10N,-0.0000146389,"1,RG10N_HeHe_3p704,-1,RG10N_He,-1,RG10N_He"
RG10N_7,RG10N,-0.00000313422,"1,RG10N_HeHe_4p763,-1,RG10N_He,-1,RG10N_He"
RG10N_8,RG10N,0.004652316,"1,RG10N_HeNe_1p984,-1,RG10N_He,-1,RG10N_Ne"
RG10N_9,RG10N,0.001161085,"1,RG10N_HeNe_2p249,-1,RG10N_He,-1,RG10N_Ne"
RG10N_10,RG10N,0.000194335,"1,RG10N_HeNe_2p514,-1,RG10N_He,-1,RG10N_Ne"
RG10N_11,RG10N,0.0000358377,"1,RG10N_HeNe_2p646,-1,RG10N_He,-1,RG10N_Ne"
RG10N_12,RG10N,-0.0000350111,"1,RG10N_HeNe_2p778,-1,RG10N_He,-1,RG10N_Ne"
RG10N_13,RG10N,-0.0000614825,"1,RG10N_HeNe_2p910,-1,RG10N_He,-1,RG10N_Ne"
RG10N_14,RG10N,-0.0000661552,"1,RG10N_HeNe_2p990,-1,RG10N_He,-1,RG10N_Ne"
RG10N_15,RG10N,-0.000066552,"1,RG10N_HeNe_3p043,-1,RG10N_He,-1,RG10N_Ne"
RG10N_16,RG10N,-0.0000654959,"1,RG10N_HeNe_3p096,-1,RG10N_He,-1,RG10N_Ne"
RG10N_17,RG10N,-0.0000621448,"1,RG10N_HeNe_3p175,-1,RG10N_He,-1,RG10N_Ne"
RG10N_18,RG10N,-0.0000457368,"1,RG10N_HeNe_3p440,-1,RG10N_He,-1,RG10N_Ne"
RG10N_19,RG10N,-0.0000310195,"1,RG10N_HeNe_3p704,-1,RG10N_He,-1,RG10N_Ne"
RG10N_20,RG10N,-0.0000206777,"1,RG10N_HeNe_3p969,-1,RG10N_He,-1,RG10N_Ne"
RG10N_21,RG10N,-0.000013884,"1,RG10N_HeNe_4p233,-1,RG10N_He,-1,RG10N_Ne"
RG10N_22,RG10N,-0.0000066048,"1,RG10N_HeNe_4p763,-1,RG10N_He,-1,RG10N_Ne"
RG10N_23,RG10N,-0.0000033983,"1,RG10N_HeNe_5p292,-1,RG10N_He,-1,RG10N_Ne"
RG10N_24,RG10N,-0.0000010907,"1,RG10N_HeNe_6p350,-1,RG10N_He,-1,RG10N_Ne"
RG10N_25,RG10N,-0.0000004235,"1,RG10N_HeNe_7p408,-1,RG10N_He,-1,RG10N_Ne"
RG10N_26,RG10N,-0.0000001882,"1,RG10N_HeNe_8p467,-1,RG10N_He,-1,RG10N_Ne"
RG10N_27,RG10N,-0.0000001305,"1,RG10N_HeNe_8p996,-1,RG10N_He,-1,RG10N_Ne"
RG10N_28,RG10N,-0.0000000926,"1,RG10N_HeNe_9p525,-1,RG10N_He,-1,RG10N_Ne"
RG10N_29,RG10N,-0.0000000669,"1,RG10N_HeNe_10p054,-1,RG10N_He,-1,RG10N_Ne"
RG10N_30,RG10N,-0.0000000491,"1,RG10N_HeNe_10p584,-1,RG10N_He,-1,RG10N_Ne"
RG10N_31,RG10N,0.039414,"1,RG10N_HeAr_1p852,-1,RG10N_He,-1,RG10N_Ar"
RG10N_32,RG10N,0.013916,"1,RG10N_HeAr_2p117,-1,RG10N_He,-1,RG10N_Ar"
RG10N_33,RG10N,0.008064,"1,RG10N_HeAr_2p249,-1,RG10N_He,-1,RG10N_Ar"
RG10N_34,RG10N,0.004568,"1,RG10N_HeAr_2p381,-1,RG10N_He,-1,RG10N_Ar"
RG10N_35,RG10N,0.002509,"1,RG10N_HeAr_2p514,-1,RG10N_He,-1,RG10N_Ar"
RG10N_36,RG10N,0.001315,"1,RG10N_HeAr_2p646,-1,RG10N_He,-1,RG10N_Ar"
RG10N_37,RG10N,0.0006372,"1,RG10N_HeAr_2p778,-1,RG10N_He,-1,RG10N_Ar"
RG10N_38,RG10N,0.0002624,"1,RG10N_HeAr_2p910,-1,RG10N_He,-1,RG10N_Ar"
RG10N_39,RG10N,0.00006328,"1,RG10N_HeAr_3p043,-1,RG10N_He,-1,RG10N_Ar"
RG10N_40,RG10N,-0.00003595,"1,RG10N_HeAr_3p175,-1,RG10N_He,-1,RG10N_Ar"
RG10N_41,RG10N,-0.00007977,"1,RG10N_HeAr_3p307,-1,RG10N_He,-1,RG10N_Ar"
RG10N_42,RG10N,-0.00009391,"1,RG10N_HeAr_3p440,-1,RG10N_He,-1,RG10N_Ar"
RG10N_43,RG10N,-0.00009301,"1,RG10N_HeAr_3p572,-1,RG10N_He,-1,RG10N_Ar"
RG10N_44,RG10N,-0.00008521,"1,RG10N_HeAr_3p704,-1,RG10N_He,-1,RG10N_Ar"
RG10N_45,RG10N,-0.00006424,"1,RG10N_HeAr_3p969,-1,RG10N_He,-1,RG10N_Ar"
RG10N_46,RG10N,-0.00004566,"1,RG10N_HeAr_4p233,-1,RG10N_He,-1,RG10N_Ar"
RG10N_47,RG10N,-0.00003195,"1,RG10N_HeAr_4p498,-1,RG10N_He,-1,RG10N_Ar"
RG10N_48,RG10N,-0.00002244,"1,RG10N_HeAr_4p763,-1,RG10N_He,-1,RG10N_Ar"
RG10N_49,RG10N,-0.00001594,"1,RG10N_HeAr_5p027,-1,RG10N_He,-1,RG10N_Ar"
RG10N_50,RG10N,-0.0000115,"1,RG10N_HeAr_5p292,-1,RG10N_He,-1,RG10N_Ar"
RG10N_51,RG10N,-0.000006264,"1,RG10N_HeAr_5p821,-1,RG10N_He,-1,RG10N_Ar"
RG10N_52,RG10N,-0.000003613,"1,RG10N_HeAr_6p350,-1,RG10N_He,-1,RG10N_Ar"
RG10N_53,RG10N,-0.000002188,"1,RG10N_HeAr_6p879,-1,RG10N_He,-1,RG10N_Ar"
RG10N_54,RG10N,-0.000001379,"1,RG10N_HeAr_7p408,-1,RG10N_He,-1,RG10N_Ar"
RG10N_55,RG10N,-0.000000605,"1,RG10N_HeAr_8p467,-1,RG10N_He,-1,RG10N_Ar"
RG10N_56,RG10N,-0.000000294,"1,RG10N_HeAr_9p525,-1,RG10N_He,-1,RG10N_Ar"
RG10N_57,RG10N,-0.000000154,"1,RG10N_HeAr_10p584,-1,RG10N_He,-1,RG10N_Ar"
RG10N_58,RG10N,-0.00000004,"1,RG10N_HeAr_13p229,-1,RG10N_He,-1,RG10N_Ar"
RG10N_59,RG10N,0.379908994,"1,RG10N_HeKr_1p300,-1,RG10N_He,-1,RG10N_Kr"
RG10N_60,RG10N,0.201144621,"1,RG10N_HeKr_1p500,-1,RG10N_He,-1,RG10N_Kr"
RG10N_61,RG10N,0.102971013,"1,RG10N_HeKr_1p700,-1,RG10N_He,-1,RG10N_Kr"
RG10N_62,RG10N,0.051164112,"1,RG10N_HeKr_1p900,-1,RG10N_He,-1,RG10N_Kr"
RG10N_63,RG10N,0.024701749,"1,RG10N_HeKr_2p100,-1,RG10N_He,-1,RG10N_Kr"
RG10N_64,RG10N,0.011549105,"1,RG10N_HeKr_2p300,-1,RG10N_He,-1,RG10N_Kr"
RG10N_65,RG10N,0.005179889,"1,RG10N_HeKr_2p500,-1,RG10N_He,-1,RG10N_Kr"
RG10N_66,RG10N,0.002181714,"1,RG10N_HeKr_2p700,-1,RG10N_He,-1,RG10N_Kr"
RG10N_67,RG10N,0.000818896,"1,RG10N_HeKr_2p900,-1,RG10N_He,-1,RG10N_Kr"
RG10N_68,RG10N,0.000460647,"1,RG10N_HeKr_3p000,-1,RG10N_He,-1,RG10N_Kr"
RG10N_69,RG10N,0.000229233,"1,RG10N_HeKr_3p100,-1,RG10N_He,-1,RG10N_Kr"
RG10N_70,RG10N,0.0000832206,"1,RG10N_HeKr_3p200,-1,RG10N_He,-1,RG10N_Kr"
RG10N_71,RG10N,-0.0000058776,"1,RG10N_HeKr_3p300,-1,RG10N_He,-1,RG10N_Kr"
RG10N_72,RG10N,-0.0000575219,"1,RG10N_HeKr_3p400,-1,RG10N_He,-1,RG10N_Kr"
RG10N_73,RG10N,-0.0000849054,"1,RG10N_HeKr_3p500,-1,RG10N_He,-1,RG10N_Kr"
RG10N_74,RG10N,-0.0000968949,"1,RG10N_HeKr_3p600,-1,RG10N_He,-1,RG10N_Kr"
RG10N_75,RG10N,-0.000099403,"1,RG10N_HeKr_3p700,-1,RG10N_He,-1,RG10N_Kr"
RG10N_76,RG10N,-0.0000963185,"1,RG10N_HeKr_3p800,-1,RG10N_He,-1,RG10N_Kr"
RG10N_77,RG10N,-0.0000901623,"1,RG10N_HeKr_3p900,-1,RG10N_He,-1,RG10N_Kr"
RG10N_78,RG10N,-0.0000825461,"1,RG10N_HeKr_4p000,-1,RG10N_He,-1,RG10N_Kr"
RG10N_79,RG10N,-0.000074458,"1,RG10N_HeKr_4p100,-1,RG10N_He,-1,RG10N_Kr"
RG10N_80,RG10N,-0.0000664872,"1,RG10N_HeKr_4p200,-1,RG10N_He,-1,RG10N_Kr"
RG10N_81,RG10N,-0.0000589755,"1,RG10N_HeKr_4p300,-1,RG10N_He,-1,RG10N_Kr"
RG10N_82,RG10N,-0.0000520845,"1,RG10N_HeKr_4p400,-1,RG10N_He,-1,RG10N_Kr"
RG10N_83,RG10N,-0.0000458713,"1,RG10N_HeKr_4p500,-1,RG10N_He,-1,RG10N_Kr"
RG10N_84,RG10N,-0.0000354651,"1,RG10N_HeKr_4p700,-1,RG10N_He,-1,RG10N_Kr"
RG10N_85,RG10N,-0.0000274436,"1,RG10N_HeKr_4p900,-1,RG10N_He,-1,RG10N_Kr"
RG10N_86,RG10N,-0.0000188584,"1,RG10N_HeKr_5p200,-1,RG10N_He,-1,RG10N_Kr"
RG10N_87,RG10N,-0.0000131803,"1,RG10N_HeKr_5p500,-1,RG10N_He,-1,RG10N_Kr"
RG10N_88,RG10N,-0.00000754968,"1,RG10N_HeKr_6p000,-1,RG10N_He,-1,RG10N_Kr"
RG10N_89,RG10N,-0.00000453804,"1,RG10N_HeKr_6p500,-1,RG10N_He,-1,RG10N_Kr"
RG10N_90,RG10N,-0.0000028438,"1,RG10N_HeKr_7p000,-1,RG10N_He,-1,RG10N_Kr"
RG10N_91,RG10N,-0.00000123506,"1,RG10N_HeKr_8p000,-1,RG10N_He,-1,RG10N_Kr"
RG10N_92,RG10N,-0.000000598527,"1,RG10N_HeKr_9p000,-1,RG10N_He,-1,RG10N_Kr"
RG10N_93,RG10N,0.217977477,"1,RG10N_NeNe_1p400,-1,RG10N_Ne,-1,RG10N_Ne"
RG10N_94,RG10N,0.085370377,"1,RG10N_NeNe_1p600,-1,RG10N_Ne,-1,RG10N_Ne"
RG10N_95,RG10N,0.033036129,"1,RG10N_NeNe_1p800,-1,RG10N_Ne,-1,RG10N_Ne"
RG10N_96,RG10N,0.012445895,"1,RG10N_NeNe_2p000,-1,RG10N_Ne,-1,RG10N_Ne"
RG10N_97,RG10N,0.004443988,"1,RG10N_NeNe_2p200,-1,RG10N_Ne,-1,RG10N_Ne"
RG10N_98,RG10N,0.001412179,"1,RG10N_NeNe_2p400,-1,RG10N_Ne,-1,RG10N_Ne"
RG10N_99,RG10N,0.000723287,"1,RG10N_NeNe_2p500,-1,RG10N_Ne,-1,RG10N_Ne"
RG10N_100,RG10N,0.000318318,"1,RG10N_NeNe_2p600,-1,RG10N_Ne,-1,RG10N_Ne"
RG10N_101,RG10N,0.0000872171,"1,RG10N_NeNe_2p700,-1,RG10N_Ne,-1,RG10N_Ne"
RG10N_102,RG10N,-0.0000384894,"1,RG10N_NeNe_2p800,-1,RG10N_Ne,-1,RG10N_Ne"
RG10N_103,RG10N,-0.000101351,"1,RG10N_NeNe_2p900,-1,RG10N_Ne,-1,RG10N_Ne"
RG10N_104,RG10N,-0.000127546,"1,RG10N_NeNe_3p000,-1,RG10N_Ne,-1,RG10N_Ne"
RG10N_105,RG10N,-0.000133145,"1,RG10N_NeNe_3p100,-1,RG10N_Ne,-1,RG10N_Ne"
RG10N_106,RG10N,-0.000127793,"1,RG10N_NeNe_3p200,-1,RG10N_Ne,-1,RG10N_Ne"
RG10N_107,RG10N,-0.000117121,"1,RG10N_NeNe_3p300,-1,RG10N_Ne,-1,RG10N_Ne"
RG10N_108,RG10N,-0.000104457,"1,RG10N_NeNe_3p400,-1,RG10N_Ne,-1,RG10N_Ne"
RG10N_109,RG10N,-0.0000916253,"1,RG10N_NeNe_3p500,-1,RG10N_Ne,-1,RG10N_Ne"
RG10N_110,RG10N,-0.0000794996,"1,RG10N_NeNe_3p600,-1,RG10N_Ne,-1,RG10N_Ne"
RG10N_111,RG10N,-0.0000685583,"1,RG10N_NeNe_3p700,-1,RG10N_Ne,-1,RG10N_Ne"
RG10N_112,RG10N,-0.0000589185,"1,RG10N_NeNe_3p800,-1,RG10N_Ne,-1,RG10N_Ne"
RG10N_113,RG10N,-0.000043398,"1,RG10N_NeNe_4p000,-1,RG10N_Ne,-1,RG10N_Ne"
RG10N_114,RG10N,-0.0000320576,"1,RG10N_NeNe_4p200,-1,RG10N_Ne,-1,RG10N_Ne"
RG10N_115,RG10N,-0.0000238873,"1,RG10N_NeNe_4p400,-1,RG10N_Ne,-1,RG10N_Ne"
RG10N_116,RG10N,-0.0000179907,"1,RG10N_NeNe_4p600,-1,RG10N_Ne,-1,RG10N_Ne"
RG10N_117,RG10N,-0.000013725,"1,RG10N_NeNe_4p800,-1,RG10N_Ne,-1,RG10N_Ne"
RG10N_118,RG10N,-0.0000105771,"1,RG10N_NeNe_5p000,-1,RG10N_Ne,-1,RG10N_Ne"
RG10N_119,RG10N,-0.00000823371,"1,RG10N_NeNe_5p200,-1,RG10N_Ne,-1,RG10N_Ne"
RG10N_120,RG10N,-0.00000515557,"1,RG10N_NeNe_5p600,-1,RG10N_Ne,-1,RG10N_Ne"
RG10N_121,RG10N,-0.00000334415,"1,RG10N_NeNe_6p000,-1,RG10N_Ne,-1,RG10N_Ne"
RG10N_122,RG10N,-0.00000202993,"1,RG10N_NeNe_6p500,-1,RG10N_Ne,-1,RG10N_Ne"
RG10N_123,RG10N,-0.00000128573,"1,RG10N_NeNe_7p000,-1,RG10N_Ne,-1,RG10N_Ne"
RG10N_124,RG10N,-0.000000566859,"1,RG10N_NeNe_8p000,-1,RG10N_Ne,-1,RG10N_Ne"
RG10N_125,RG10N,0.005870245,"1,RG10N_NeAr_2p514,-1,RG10N_Ne,-1,RG10N_Ar"
RG10N_126,RG10N,0.001482573,"1,RG10N_NeAr_2p778,-1,RG10N_Ne,-1,RG10N_Ar"
RG10N_127,RG10N,0.000156151,"1,RG10N_NeAr_3p043,-1,RG10N_Ne,-1,RG10N_Ar"
RG10N_128,RG10N,-0.0000712144,"1,RG10N_NeAr_3p175,-1,RG10N_Ne,-1,RG10N_Ar"
RG10N_129,RG10N,-0.000171344,"1,RG10N_NeAr_3p307,-1,RG10N_Ne,-1,RG10N_Ar"
RG10N_130,RG10N,-0.000203799,"1,RG10N_NeAr_3p440,-1,RG10N_Ne,-1,RG10N_Ar"
RG10N_131,RG10N,-0.000205484,"1,RG10N_NeAr_3p519,-1,RG10N_Ne,-1,RG10N_Ar"
RG10N_132,RG10N,-0.000202182,"1,RG10N_NeAr_3p572,-1,RG10N_Ne,-1,RG10N_Ar"
RG10N_133,RG10N,-0.000185025,"1,RG10N_NeAr_3p704,-1,RG10N_Ne,-1,RG10N_Ar"
RG10N_134,RG10N,-0.000138806,"1,RG10N_NeAr_3p969,-1,RG10N_Ne,-1,RG10N_Ar"
RG10N_135,RG10N,-0.0000980725,"1,RG10N_NeAr_4p233,-1,RG10N_Ne,-1,RG10N_Ar"
RG10N_136,RG10N,-0.0000682407,"1,RG10N_NeAr_4p498,-1,RG10N_Ne,-1,RG10N_Ar"
RG10N_137,RG10N,-0.0000337042,"1,RG10N_NeAr_5p027,-1,RG10N_Ne,-1,RG10N_Ar"
RG10N_138,RG10N,-0.0000176746,"1,RG10N_NeAr_5p556,-1,RG10N_Ne,-1,RG10N_Ar"
RG10N_139,RG10N,-0.0000098666,"1,RG10N_NeAr_6p086,-1,RG10N_Ne,-1,RG10N_Ar"
RG10N_140,RG10N,-0.0000045419,"1,RG10N_NeAr_6p879,-1,RG10N_Ne,-1,RG10N_Ar"
RG10N_141,RG10N,-0.0000018604,"1,RG10N_NeAr_7p938,-1,RG10N_Ne,-1,RG10N_Ar"
RG10N_142,RG10N,-0.0000012484,"1,RG10N_NeAr_8p467,-1,RG10N_Ne,-1,RG10N_Ar"
RG10N_143,RG10N,-0.0000008598,"1,RG10N_NeAr_8p996,-1,RG10N_Ne,-1,RG10N_Ar"
RG10N_144,RG10N,-0.0000006057,"1,RG10N_NeAr_9p525,-1,RG10N_Ne,-1,RG10N_Ar"
RG10N_145,RG10N,-0.0000004351,"1,RG10N_NeAr_10p054,-1,RG10N_Ne,-1,RG10N_Ar"
RG10N_146,RG10N,-0.0000003187,"1,RG10N_NeAr_10p584,-1,RG10N_Ne,-1,RG10N_Ar"
RG10N_147,RG10N,0.017021607,"1,RG10N_NeKr_2p400,-1,RG10N_Ne,-1,RG10N_Kr"
RG10N_148,RG10N,0.007291262,"1,RG10N_NeKr_2p600,-1,RG10N_Ne,-1,RG10N_Kr"
RG10N_149,RG10N,0.002861078,"1,RG10N_NeKr_2p800,-1,RG10N_Ne,-1,RG10N_Kr"
RG10N_150,RG10N,0.000926385,"1,RG10N_NeKr_3p000,-1,RG10N_Ne,-1,RG10N_Kr"
RG10N_151,RG10N,0.000135341,"1,RG10N_NeKr_3p200,-1,RG10N_Ne,-1,RG10N_Kr"
RG10N_152,RG10N,-0.000149698,"1,RG10N_NeKr_3p400,-1,RG10N_Ne,-1,RG10N_Kr"
RG10N_153,RG10N,-0.000222399,"1,RG10N_NeKr_3p600,-1,RG10N_Ne,-1,RG10N_Kr"
RG10N_154,RG10N,-0.000213883,"1,RG10N_NeKr_3p800,-1,RG10N_Ne,-1,RG10N_Kr"
RG10N_155,RG10N,-0.000180135,"1,RG10N_NeKr_4p000,-1,RG10N_Ne,-1,RG10N_Kr"
RG10N_156,RG10N,-0.000143397,"1,RG10N_NeKr_4p200,-1,RG10N_Ne,-1,RG10N_Kr"
RG10N_157,RG10N,-0.000111334,"1,RG10N_NeKr_4p400,-1,RG10N_Ne,-1,RG10N_Kr"
RG10N_158,RG10N,-0.0000856272,"1,RG10N_NeKr_4p600,-1,RG10N_Ne,-1,RG10N_Kr"
RG10N_159,RG10N,-0.0000658117,"1,RG10N_NeKr_4p800,-1,RG10N_Ne,-1,RG10N_Kr"
RG10N_160,RG10N,-0.0000507849,"1,RG10N_NeKr_5p000,-1,RG10N_Ne,-1,RG10N_Kr"
RG10N_161,RG10N,-0.0000394533,"1,RG10N_NeKr_5p200,-1,RG10N_Ne,-1,RG10N_Kr"
RG10N_162,RG10N,-0.0000309011,"1,RG10N_NeKr_5p400,-1,RG10N_Ne,-1,RG10N_Kr"
RG10N_163,RG10N,-0.0000244037,"1,RG10N_NeKr_5p600,-1,RG10N_Ne,-1,RG10N_Kr"
RG10N_164,RG10N,-0.0000194556,"1,RG10N_NeKr_5p800,-1,RG10N_Ne,-1,RG10N_Kr"
RG10N_165,RG10N,-0.0000156282,"1,RG10N_NeKr_6p000,-1,RG10N_Ne,-1,RG10N_Kr"
RG10N_166,RG10N,-0.0000126529,"1,RG10N_NeKr_6p200,-1,RG10N_Ne,-1,RG10N_Kr"
RG10N_167,RG10N,-0.00000848845,"1,RG10N_NeKr_6p600,-1,RG10N_Ne,-1,RG10N_Kr"
RG10N_168,RG10N,-0.00000639709,"1,RG10N_NeKr_6p900,-1,RG10N_Ne,-1,RG10N_Kr"
RG10N_169,RG10N,-0.0000048935,"1,RG10N_NeKr_7p200,-1,RG10N_Ne,-1,RG10N_Kr"
RG10N_170,RG10N,-0.00000378631,"1,RG10N_NeKr_7p500,-1,RG10N_Ne,-1,RG10N_Kr"
RG10N_171,RG10N,-0.00000252877,"1,RG10N_NeKr_8p000,-1,RG10N_Ne,-1,RG10N_Kr"
RG10N_172,RG10N,-0.00000173141,"1,RG10N_NeKr_8p500,-1,RG10N_Ne,-1,RG10N_Kr"
RG10N_173,RG10N,-0.0000012211,"1,RG10N_NeKr_9p000,-1,RG10N_Ne,-1,RG10N_Kr"
RG10N_174,RG10N,-0.000000637887,"1,RG10N_NeKr_10p000,-1,RG10N_Ne,-1,RG10N_Kr"
RG10N_175,RG10N,-0.000000209591,"1,RG10N_NeKr_12p000,-1,RG10N_Ne,-1,RG10N_Kr"
RG10N_176,RG10N,-0.000000054676,"1,RG10N_NeKr_15p000,-1,RG10N_Ne,-1,RG10N_Kr"
RG10N_177,RG10N,0.163986105,"1,RG10N_ArAr_2p000,-1,RG10N_Ar,-1,RG10N_Ar"
RG10N_178,RG10N,0.082180295,"1,RG10N_ArAr_2p200,-1,RG10N_Ar,-1,RG10N_Ar"
RG10N_179,RG10N,0.039645129,"1,RG10N_ArAr_2p400,-1,RG10N_Ar,-1,RG10N_Ar"
RG10N_180,RG10N,0.018240878,"1,RG10N_ArAr_2p600,-1,RG10N_Ar,-1,RG10N_Ar"
RG10N_181,RG10N,0.007816165,"1,RG10N_ArAr_2p800,-1,RG10N_Ar,-1,RG10N_Ar"
RG10N_182,RG10N,0.002934289,"1,RG10N_ArAr_3p000,-1,RG10N_Ar,-1,RG10N_Ar"
RG10N_183,RG10N,0.000768964,"1,RG10N_ArAr_3p200,-1,RG10N_Ar,-1,RG10N_Ar"
RG10N_184,RG10N,-0.000108445,"1,RG10N_ArAr_3p400,-1,RG10N_Ar,-1,RG10N_Ar"
RG10N_185,RG10N,-0.000301183,"1,RG10N_ArAr_3p500,-1,RG10N_Ar,-1,RG10N_Ar"
RG10N_186,RG10N,-0.000402028,"1,RG10N_ArAr_3p600,-1,RG10N_Ar,-1,RG10N_Ar"
RG10N_187,RG10N,-0.000428806,"1,RG10N_ArAr_3p650,-1,RG10N_Ar,-1,RG10N_Ar"
RG10N_188,RG10N,-0.000443646,"1,RG10N_ArAr_3p700,-1,RG10N_Ar,-1,RG10N_Ar"
RG10N_189,RG10N,-0.000449601,"1,RG10N_ArAr_3p750,-1,RG10N_Ar,-1,RG10N_Ar"
RG10N_190,RG10N,-0.000448521,"1,RG10N_ArAr_3p800,-1,RG10N_Ar,-1,RG10N_Ar"
RG10N_191,RG10N,-0.000442074,"1,RG10N_ArAr_3p850,-1,RG10N_Ar,-1,RG10N_Ar"
RG10N_192,RG10N,-0.00043159,"1,RG10N_ArAr_3p900,-1,RG10N_Ar,-1,RG10N_Ar"
RG10N_193,RG10N,-0.000403094,"1,RG10N_ArAr_4p000,-1,RG10N_Ar,-1,RG10N_Ar"
RG10N_194,RG10N,-0.000332088,"1,RG10N_ArAr_4p200,-1,RG10N_Ar,-1,RG10N_Ar"
RG10N_195,RG10N,-0.000263142,"1,RG10N_ArAr_4p400,-1,RG10N_Ar,-1,RG10N_Ar"
RG10N_196,RG10N,-0.000204926,"1,RG10N_ArAr_4p600,-1,RG10N_Ar,-1,RG10N_Ar"
RG10N_197,RG10N,-0.000158592,"1,RG10N_ArAr_4p800,-1,RG10N_Ar,-1,RG10N_Ar"
RG10N_198,RG10N,-0.000122789,"1,RG10N_ArAr_5p000,-1,RG10N_Ar,-1,RG10N_Ar"
RG10N_199,RG10N,-0.0000843651,"1,RG10N_ArAr_5p300,-1,RG10N_Ar,-1,RG10N_Ar"
RG10N_200,RG10N,-0.0000590182,"1,RG10N_ArAr_5p600,-1,RG10N_Ar,-1,RG10N_Ar"
RG10N_201,RG10N,-0.0000376809,"1,RG10N_ArAr_6p000,-1,RG10N_Ar,-1,RG10N_Ar"
RG10N_202,RG10N,-0.0000224673,"1,RG10N_ArAr_6p500,-1,RG10N_Ar,-1,RG10N_Ar"
RG10N_203,RG10N,-0.000013993,"1,RG10N_ArAr_7p000,-1,RG10N_Ar,-1,RG10N_Ar"
RG10N_204,RG10N,-0.00000603168,"1,RG10N_ArAr_8p000,-1,RG10N_Ar,-1,RG10N_Ar"
RG10N_205,RG10N,-0.00000151043,"1,RG10N_ArAr_10p000,-1,RG10N_Ar,-1,RG10N_Ar"
RG10N_206,RG10N,-0.000000495046,"1,RG10N_ArAr_12p000,-1,RG10N_Ar,-1,RG10N_Ar"
RG10N_207,RG10N,-0.000000194009,"1,RG10N_ArAr_14p000,-1,RG10N_Ar,-1,RG10N_Ar"
RG10N_208,RG10N,-0.000000086297,"1,RG10N_ArAr_16p000,-1,RG10N_Ar,-1,RG10N_Ar"
RG10N_209,RG10N,-0.0000000223716,"1,RG10N_ArAr_20p000,-1,RG10N_Ar,-1,RG10N_Ar"
RG10N_210,RG10N,0.061345564,"1,RG10N_ArKr_2p400,-1,RG10N_Ar,-1,RG10N_Kr"
RG10N_211,RG10N,0.029876683,"1,RG10N_ArKr_2p600,-1,RG10N_Ar,-1,RG10N_Kr"
RG10N_212,RG10N,0.013783443,"1,RG10N_ArKr_2p800,-1,RG10N_Ar,-1,RG10N_Kr"
RG10N_213,RG10N,0.005822085,"1,RG10N_ArKr_3p000,-1,RG10N_Ar,-1,RG10N_Kr"
RG10N_214,RG10N,0.002047959,"1,RG10N_ArKr_3p200,-1,RG10N_Ar,-1,RG10N_Kr"
RG10N_215,RG10N,0.000368102,"1,RG10N_ArKr_3p400,-1,RG10N_Ar,-1,RG10N_Kr"
RG10N_216,RG10N,-0.000301119,"1,RG10N_ArKr_3p600,-1,RG10N_Ar,-1,RG10N_Kr"
RG10N_217,RG10N,-0.000506068,"1,RG10N_ArKr_3p800,-1,RG10N_Ar,-1,RG10N_Kr"
RG10N_218,RG10N,-0.000513786,"1,RG10N_ArKr_4p000,-1,RG10N_Ar,-1,RG10N_Kr"
RG10N_219,RG10N,-0.000449551,"1,RG10N_ArKr_4p200,-1,RG10N_Ar,-1,RG10N_Kr"
RG10N_220,RG10N,-0.000368621,"1,RG10N_ArKr_4p400,-1,RG10N_Ar,-1,RG10N_Kr"
RG10N_221,RG10N,-0.000292959,"1,RG10N_ArKr_4p600,-1,RG10N_Ar,-1,RG10N_Kr"
RG10N_222,RG10N,-0.000229544,"1,RG10N_ArKr_4p800,-1,RG10N_Ar,-1,RG10N_Kr"
RG10N_223,RG10N,-0.000179032,"1,RG10N_ArKr_5p000,-1,RG10N_Ar,-1,RG10N_Kr"
RG10N_224,RG10N,-0.000139807,"1,RG10N_ArKr_5p200,-1,RG10N_Ar,-1,RG10N_Kr"
RG10N_225,RG10N,-0.000109653,"1,RG10N_ArKr_5p400,-1,RG10N_Ar,-1,RG10N_Kr"
RG10N_226,RG10N,-0.0000865521,"1,RG10N_ArKr_5p600,-1,RG10N_Ar,-1,RG10N_Kr"
RG10N_227,RG10N,-0.0000688098,"1,RG10N_ArKr_5p800,-1,RG10N_Ar,-1,RG10N_Kr"
RG10N_228,RG10N,-0.0000551271,"1,RG10N_ArKr_6p000,-1,RG10N_Ar,-1,RG10N_Kr"
RG10N_229,RG10N,-0.00004452,"1,RG10N_ArKr_6p200,-1,RG10N_Ar,-1,RG10N_Kr"
RG10N_230,RG10N,-0.0000296709,"1,RG10N_ArKr_6p600,-1,RG10N_Ar,-1,RG10N_Kr"
RG10N_231,RG10N,-0.0000222805,"1,RG10N_ArKr_6p900,-1,RG10N_Ar,-1,RG10N_Kr"
RG10N_232,RG10N,-0.0000169587,"1,RG10N_ArKr_7p200,-1,RG10N_Ar,-1,RG10N_Kr"
RG10N_233,RG10N,-0.0000130767,"1,RG10N_ArKr_7p500,-1,RG10N_Ar,-1,RG10N_Kr"
RG10N_234,RG10N,-0.00000869804,"1,RG10N_ArKr_8p000,-1,RG10N_Ar,-1,RG10N_Kr"
RG10N_235,RG10N,-0.00000594146,"1,RG10N_ArKr_8p500,-1,RG10N_Ar,-1,RG10N_Kr"
RG10N_236,RG10N,-0.00000416449,"1,RG10N_ArKr_9p000,-1,RG10N_Ar,-1,RG10N_Kr"
RG10N_237,RG10N,-0.0000021597,"1,RG10N_ArKr_10p000,-1,RG10N_Ar,-1,RG10N_Kr"
RG10N_238,RG10N,-0.000000701676,"1,RG10N_ArKr_12p000,-1,RG10N_Ar,-1,RG10N_Kr"
RG10N_239,RG10N,-0.000000182253,"1,RG10N_ArKr_15p000,-1,RG10N_Ar,-1,RG10N_Kr"
RG10N_240,RG10N,0.174203035,"1,RG10N_KrKr_2p200,-1,RG10N_Kr,-1,RG10N_Kr"
RG10N_241,RG10N,0.091834626,"1,RG10N_KrKr_2p400,-1,RG10N_Kr,-1,RG10N_Kr"
RG10N_242,RG10N,0.046818431,"1,RG10N_KrKr_2p600,-1,RG10N_Kr,-1,RG10N_Kr"
RG10N_243,RG10N,0.022845111,"1,RG10N_KrKr_2p800,-1,RG10N_Kr,-1,RG10N_Kr"
RG10N_244,RG10N,0.01044137,"1,RG10N_KrKr_3p000,-1,RG10N_Kr,-1,RG10N_Kr"
RG10N_245,RG10N,0.004246968,"1,RG10N_KrKr_3p200,-1,RG10N_Kr,-1,RG10N_Kr"
RG10N_246,RG10N,0.002490788,"1,RG10N_KrKr_3p300,-1,RG10N_Kr,-1,RG10N_Kr"
RG10N_247,RG10N,0.001300055,"1,RG10N_KrKr_3p400,-1,RG10N_Kr,-1,RG10N_Kr"
RG10N_248,RG10N,0.00050979,"1,RG10N_KrKr_3p500,-1,RG10N_Kr,-1,RG10N_Kr"
RG10N_249,RG10N,0.000000449687,"1,RG10N_KrKr_3p600,-1,RG10N_Kr,-1,RG10N_Kr"
RG10N_250,RG10N,-0.000314125,"1,RG10N_KrKr_3p700,-1,RG10N_Kr,-1,RG10N_Kr"
RG10N_251,RG10N,-0.000495562,"1,RG10N_KrKr_3p800,-1,RG10N_Kr,-1,RG10N_Kr"
RG10N_252,RG10N,-0.000587586,"1,RG10N_KrKr_3p900,-1,RG10N_Kr,-1,RG10N_Kr"
RG10N_253,RG10N,-0.000620936,"1,RG10N_KrKr_4p000,-1,RG10N_Kr,-1,RG10N_Kr"
RG10N_254,RG10N,-0.000617015,"1,RG10N_KrKr_4p100,-1,RG10N_Kr,-1,RG10N_Kr"
RG10N_255,RG10N,-0.00059049,"1,RG10N_KrKr_4p200,-1,RG10N_Kr,-1,RG10N_Kr"
RG10N_256,RG10N,-0.000551316,"1,RG10N_KrKr_4p300,-1,RG10N_Kr,-1,RG10N_Kr"
RG10N_257,RG10N,-0.000506091,"1,RG10N_KrKr_4p400,-1,RG10N_Kr,-1,RG10N_Kr"
RG10N_258,RG10N,-0.000459086,"1,RG10N_KrKr_4p500,-1,RG10N_Kr,-1,RG10N_Kr"
RG10N_259,RG10N,-0.000412949,"1,RG10N_KrKr_4p600,-1,RG10N_Kr,-1,RG10N_Kr"
RG10N_260,RG10N,-0.000369269,"1,RG10N_KrKr_4p700,-1,RG10N_Kr,-1,RG10N_Kr"
RG10N_261,RG10N,-0.000328873,"1,RG10N_KrKr_4p800,-1,RG10N_Kr,-1,RG10N_Kr"
RG10N_262,RG10N,-0.000259074,"1,RG10N_KrKr_5p000,-1,RG10N_Kr,-1,RG10N_Kr"
RG10N_263,RG10N,-0.000203474,"1,RG10N_KrKr_5p200,-1,RG10N_Kr,-1,RG10N_Kr"
RG10N_264,RG10N,-0.00016007,"1,RG10N_KrKr_5p400,-1,RG10N_Kr,-1,RG10N_Kr"
RG10N_265,RG10N,-0.000126492,"1,RG10N_KrKr_5p600,-1,RG10N_Kr,-1,RG10N_Kr"
RG10N_266,RG10N,-0.0000899058,"1,RG10N_KrKr_5p900,-1,RG10N_Kr,-1,RG10N_Kr"
RG10N_267,RG10N,-0.0000649228,"1,RG10N_KrKr_6p200,-1,RG10N_Kr,-1,RG10N_Kr"
RG10N_268,RG10N,-0.0000476637,"1,RG10N_KrKr_6p500,-1,RG10N_Kr,-1,RG10N_Kr"
RG10N_269,RG10N,-0.0000294767,"1,RG10N_KrKr_7p000,-1,RG10N_Kr,-1,RG10N_Kr"
RG10N_270,RG10N,-0.0000189249,"1,RG10N_KrKr_7p500,-1,RG10N_Kr,-1,RG10N_Kr"
RG10N_271,RG10N,-0.0000125501,"1,RG10N_KrKr_8p000,-1,RG10N_Kr,-1,RG10N_Kr"
RG10N_272,RG10N,-0.00000598527,"1,RG10N_KrKr_9p000,-1,RG10N_Kr,-1,RG10N_Kr"
RG10N_273,RG10N,-0.00000310664,"1,RG10N_KrKr_10p000,-1,RG10N_Kr,-1,RG10N_Kr"
RG10N_274,RG10N,-0.00000101021,"1,RG10N_KrKr_12p000,-1,RG10N_Kr,-1,RG10N_Kr"
RG10N_275,RG10N,-0.000000256512,"1,RG10N_KrKr_15p000,-1,RG10N_Kr,-1,RG10N_Kr"
RG18_1,RG18,0.000127488,"-1,RG18_ne2,2,RG18_ne"
RG18_2,RG18,0.000430273,"-1,RG18_ar2,2,RG18_ar"
RG18_3,RG18,0.000637441,"-1,RG18_kr2,2,RG18_kr"
RG18_4,RG18,0.000430273,"-1,RG18_ne3,3,RG18_ne"
RG18_5,RG18,0.001227074,"-1,RG18_ar3,3,RG18_ar"
RG18_6,RG18,0.001880451,"-1,RG18_kr3,3,RG18_kr"
RG18_7,RG18,0.000860545,"-1,RG18_ne4,4,RG18_ne"
RG18_8,RG18,0.00240634,"-1,RG18_ar4,4,RG18_ar"
RG18_9,RG18,0.001800771,"-1,RG18_ne6,6,RG18_ne"
RG18_10,RG18,0.000366529,"-1,RG18_hfNe,1,RG18_ne,1,RG18_hf"
RG18_11,RG18,0.000940226,"-1,RG18_hfAr,1,RG18_ar,1,RG18_hf"
RG18_12,RG18,0.001147394,"-1,RG18_hfKr,1,RG18_kr,1,RG18_hf"
RG18_13,RG18,0.000191232,"-1,RG18_c2h2Ne,1,RG18_ne,1,RG18_c2h2"
RG18_14,RG18,0.000525889,"-1,RG18_c2h2Ar,1,RG18_ar,1,RG18_c2h2"
RG18_15,RG18,0.000382465,"-1,RG18_c2h6Ne,1,RG18_ne,1,RG18_c2h6"
RG18_16,RG18,0.000860545,"-1,RG18_c2h6Ar,1,RG18_ar,1,RG18_c2h6"
RG18_17,RG18,0.000637441,"-1,RG18_bzNe,1,RG18_ne,1,RG18_bz"
RG18_18,RG18,0.001784835,"-1,RG18_bzAr,1,RG18_ar,1,RG18_bz"
ROST61_1,ROST61,-0.063823738,"-1,ROST61_m1,-1,ROST61_m2,1,ROST61_m3"
ROST61_2,ROST61,-0.06009471,"-1,ROST61_m3,1,ROST61_m4"
ROST61_3,ROST61,-0.020063442,"-1,ROST61_m1,-1,ROST61_m5,1,ROST61_m4,1,ROST61_m6"
ROST61_4,ROST61,-0.027154968,"-1,ROST61_m7,-1,ROST61_m8,1,ROST61_m9"
ROST61_5,ROST61,-0.016987791,"-1,ROST61_m9,-1,ROST61_m8,1,ROST61_m10"
ROST61_6,ROST61,-0.020174994,"-1,ROST61_m10,1,ROST61_m11"
ROST61_7,ROST61,-0.023473749,"-1,ROST61_m11,-1,ROST61_m8,1,ROST61_m12"
ROST61_8,ROST61,-0.016748751,"-1,ROST61_m12,1,ROST61_m13"
ROST61_9,ROST61,-0.020334354,"-1,ROST61_m14,1,ROST61_m13"
ROST61_10,ROST61,-0.03378435,"-1,ROST61_m14,1,ROST61_m15"
ROST61_11,ROST61,-0.013449996,"-1,ROST61_m13,1,ROST61_m15"
ROST61_12,ROST61,-0.004446148,"-1,ROST61_m9,-1,ROST61_m16,1,ROST61_m15,1,ROST61_m8"
ROST61_13,ROST61,-0.285190913,"-1,ROST61_m19,-1,ROST61_m20,-1,ROST61_m21,1,ROST61_m22,1,ROST61_m23"
ROST61_14,ROST61,-0.067457149,"-1,ROST61_m24,-1,ROST61_m25,1,ROST61_m26"
ROST61_15,ROST61,-0.011426122,"-1,ROST61_m26,-1,ROST61_m27,1,ROST61_m28,1,ROST61_m29"
ROST61_16,ROST61,-0.308250326,"-1,ROST61_m30,-1,ROST61_m31,1,ROST61_m32"
ROST61_17,ROST61,-0.318879648,"-1,ROST61_m33,-1,ROST61_m31,1,ROST61_m34"
ROST61_18,ROST61,-0.323644516,"-1,ROST61_m35,-1,ROST61_m31,1,ROST61_m36"
ROST61_19,ROST61,-0.007872391,"-1,ROST61_m37,-0.5,ROST61_m38,1,ROST61_m39"
ROST61_20,ROST61,-0.043059111,"-1,ROST61_m40,-1,ROST61_m41,1,ROST61_m42"
ROST61_21,ROST61,-0.03998346,"-1,ROST61_m43,-1,ROST61_m44,1,ROST61_m45,1,ROST61_m46"
ROST61_22,ROST61,-0.074421187,"-1,ROST61_m43,-1,ROST61_m46,1,ROST61_m47"
ROST61_23,ROST61,-0.183821926,"-1,ROST61_m49,-1,ROST61_m50,1,ROST61_m51"
ROST61_24,ROST61,-0.073895299,"-1,ROST61_m51,-1,ROST61_m52,1,ROST61_m53"
ROST61_25,ROST61,-0.030899932,"-1,ROST61_m54,-2,ROST61_m55,1,ROST61_m56,2,ROST61_m17,2,ROST61_m41"
ROST61_26,ROST61,-0.076062597,"-1,ROST61_m56,-1,ROST61_m57,1,ROST61_m58,1,ROST61_m18,1,ROST61_m59"
ROST61_27,ROST61,-0.041210533,"-1,ROST61_m60,-1,ROST61_m48,1,ROST61_m61,1,ROST61_m62"
ROST61_28,ROST61,-0.045847913,"-1,ROST61_m63,-1,ROST61_m48,1,ROST61_m64,1,ROST61_m62"
ROST61_29,ROST61,-0.017736784,"-1,ROST61_m65,1,ROST61_m66"
ROST61_30,ROST61,-0.225207755,"-1,ROST61_m67,-1,ROST61_m41,1,ROST61_m65"
ROST61_31,ROST61,-0.10156022,"-1,ROST61_m68,-1,ROST61_m31,1,ROST61_m69"
ROST61_32,ROST61,-0.079281672,"-1,ROST61_m70,-1,ROST61_m20,1,ROST61_m71,1,ROST61_m41"
ROST61_33,ROST61,-0.016955919,"-1,ROST61_m72,1,ROST61_m73,1,ROST61_m74"
ROST61_34,ROST61,-0.001035841,"-1,ROST61_m75,-1,ROST61_m76,1,ROST61_m77,1,ROST61_m17"
ROST61_35,ROST61,-0.008701064,"-1,ROST61_m78,1,ROST61_m77"
ROST61_36,ROST61,-0.078150215,"-1,ROST61_m79,-4,ROST61_m80,1,ROST61_m81,4,ROST61_m21"
ROST61_37,ROST61,-0.06473209,"-1,ROST61_m82,-1,ROST61_m83,1,ROST61_m84"
ROST61_38,ROST61,-0.04414276,"-1,ROST61_m85,-1,ROST61_m86,1,ROST61_m87"
ROST61_39,ROST61,-0.071696129,"-1,ROST61_m88,-1,ROST61_m89,1,ROST61_m90,1,ROST61_m91"
ROST61_40,ROST61,-0.039059171,"-1,ROST61_m92,-1,ROST61_m93,1,ROST61_m94,1,ROST61_m91"
ROST61_41,ROST61,-0.009497865,"-1,ROST61_m94,-1,ROST61_m95,1,ROST61_m96,1,ROST61_m93"
ROST61_42,ROST61,-0.042963495,"-1,ROST61_m96,-1,ROST61_m97,1,ROST61_m98,0.5,ROST61_m99"
ROST61_43,ROST61,-0.128412404,"-1,ROST61_m100,-1,ROST61_m101,-1,ROST61_m102,-2,ROST61_m17,1,ROST61_m103,1,ROST61_m104,1,ROST61_m105"
ROST61_44,ROST61,-0.105416735,"-1,ROST61_m106,-1,ROST61_m102,-1,ROST61_m107,-1,ROST61_m101,1,ROST61_m108,1,ROST61_m104,1,ROST61_m105"
ROST61_45,ROST61,-0.06825395,"-1,ROST61_m109,-1,ROST61_m83,1,ROST61_m110"
ROST61_46,ROST61,-0.05301912,"-1,ROST61_m111,-1,ROST61_m112,1,ROST61_m113"
ROST61_47,ROST61,-0.093177876,"-1,ROST61_m114,-1,ROST61_m115,1,ROST61_m116,2,ROST61_m41,1,ROST61_m107"
ROST61_48,ROST61,-0.00675687,"-1,ROST61_m117,-1,ROST61_m91,1,ROST61_m118"
ROST61_49,ROST61,-0.056190387,"-1,ROST61_m119,-1,ROST61_m120,1,ROST61_m121,1,ROST61_m41"
ROST61_50,ROST61,-0.004366468,"-1,ROST61_m121,1,ROST61_m122,1,ROST61_m91"
ROST61_51,ROST61,-0.047441515,"-1,ROST61_m122,-1,ROST61_m123,1,ROST61_m124"
ROST61_52,ROST61,-0.068078653,"-1,ROST61_m125,1,ROST61_m126"
ROST61_53,ROST61,-0.049051052,"-1,ROST61_m127,-1,ROST61_m120,1,ROST61_m128,1,ROST61_m41"
ROST61_54,ROST61,-0.019649106,"-1,ROST61_m129,-1,ROST61_m130,1,ROST61_m131"
ROST61_55,ROST61,-0.007346503,"-1,ROST61_m132,1,ROST61_m133"
ROST61_56,ROST61,-0.02175266,"-1,ROST61_m134,-1,ROST61_m135,1,ROST61_m136,1,ROST61_m137"
ROST61_57,ROST61,-0.05081995,"-1,ROST61_m138,1,ROST61_m139"
ROST61_58,ROST61,-0.062628536,"-1,ROST61_m140,1,ROST61_m141"
ROST61_59,ROST61,-0.047632747,"-1,ROST61_m142,-1,ROST61_m143,1,ROST61_m144"
ROST61_60,ROST61,-0.105177695,"-1,ROST61_m145,-1,ROST61_m146,1,ROST61_m147"
ROST61_61,ROST61,-0.110723428,"-1,ROST61_m148,-1,ROST61_m149,1,ROST61_m150"
RSE43_1,RSE43,-0.02438212,"-1,RSE43_E2,-1,RSE43_P1,1,RSE43_E1,1,RSE43_P2"
RSE43_2,RSE43,0.003187205,"-1,RSE43_E3,-1,RSE43_P1,1,RSE43_E1,1,RSE43_P3"
RSE43_3,RSE43,0.010995858,"-1,RSE43_E4,-1,RSE43_P1,1,RSE43_E1,1,RSE43_P4"
RSE43_4,RSE43,-0.001115522,"-1,RSE43_E5,-1,RSE43_P1,1,RSE43_E1,1,RSE43_P5"
RSE43_5,RSE43,0.00015936,"-1,RSE43_E6,-1,RSE43_P1,1,RSE43_E1,1,RSE43_P6"
RSE43_6,RSE43,0.002231044,"-1,RSE43_E7,-1,RSE43_P1,1,RSE43_E1,1,RSE43_P7"
RSE43_7,RSE43,-0.004780808,"-1,RSE43_E8,-1,RSE43_P1,1,RSE43_E1,1,RSE43_P8"
RSE43_8,RSE43,-0.002390404,"-1,RSE43_E9,-1,RSE43_P1,1,RSE43_E1,1,RSE43_P9"
RSE43_9,RSE43,-0.003187205,"-1,RSE43_E10,-1,RSE43_P1,1,RSE43_E1,1,RSE43_P10"
RSE43_10,RSE43,-0.028206767,"-1,RSE43_E11,-1,RSE43_P1,1,RSE43_E1,1,RSE43_P11"
RSE43_11,RSE43,-0.016095387,"-1,RSE43_E12,-1,RSE43_P1,1,RSE43_E1,1,RSE43_P12"
RSE43_12,RSE43,-0.013386262,"-1,RSE43_E13,-1,RSE43_P1,1,RSE43_E1,1,RSE43_P13"
RSE43_13,RSE43,-0.010199057,"-1,RSE43_E15,-1,RSE43_P1,1,RSE43_E1,1,RSE43_P15"
RSE43_14,RSE43,-0.010358417,"-1,RSE43_E16,-1,RSE43_P1,1,RSE43_E1,1,RSE43_P16"
RSE43_15,RSE43,-0.010517777,"-1,RSE43_E17,-1,RSE43_P1,1,RSE43_E1,1,RSE43_P17"
RSE43_16,RSE43,-0.010358417,"-1,RSE43_E18,-1,RSE43_P1,1,RSE43_E1,1,RSE43_P18"
RSE43_17,RSE43,-0.004940168,"-1,RSE43_E19,-1,RSE43_P1,1,RSE43_E1,1,RSE43_P19"
RSE43_18,RSE43,-0.00605569,"-1,RSE43_E20,-1,RSE43_P1,1,RSE43_E1,1,RSE43_P20"
RSE43_19,RSE43,-0.019920033,"-1,RSE43_E21,-1,RSE43_P1,1,RSE43_E1,1,RSE43_P21"
RSE43_20,RSE43,0.007489932,"-1,RSE43_E22,-1,RSE43_P1,1,RSE43_E1,1,RSE43_P22"
RSE43_21,RSE43,-0.020876195,"-1,RSE43_E23,-1,RSE43_P1,1,RSE43_E1,1,RSE43_P23"
RSE43_22,RSE43,-0.01784835,"-1,RSE43_E24,-1,RSE43_P1,1,RSE43_E1,1,RSE43_P24"
RSE43_23,RSE43,-0.014183064,"-1,RSE43_E25,-1,RSE43_P1,1,RSE43_E1,1,RSE43_P25"
RSE43_24,RSE43,-0.021194915,"-1,RSE43_E26,-1,RSE43_P1,1,RSE43_E1,1,RSE43_P26"
RSE43_25,RSE43,-0.005577609,"-1,RSE43_E27,-1,RSE43_P1,1,RSE43_E1,1,RSE43_P27"
RSE43_26,RSE43,-0.00605569,"-1,RSE43_E28,-1,RSE43_P1,1,RSE43_E1,1,RSE43_P28"
RSE43_27,RSE43,-0.004621448,"-1,RSE43_E29,-1,RSE43_P1,1,RSE43_E1,1,RSE43_P29"
RSE43_28,RSE43,-0.009561616,"-1,RSE43_E30,-1,RSE43_P1,1,RSE43_E1,1,RSE43_P30"
RSE43_29,RSE43,-0.010199057,"-1,RSE43_E31,-1,RSE43_P1,1,RSE43_E1,1,RSE43_P31"
RSE43_30,RSE43,-0.006852491,"-1,RSE43_E32,-1,RSE43_P1,1,RSE43_E1,1,RSE43_P32"
RSE43_31,RSE43,0.000956162,"-1,RSE43_E33,-1,RSE43_P1,1,RSE43_E1,1,RSE43_P33"
RSE43_32,RSE43,-0.01832643,"-1,RSE43_E34,-1,RSE43_P1,1,RSE43_E1,1,RSE43_P34"
RSE43_33,RSE43,-0.014501784,"-1,RSE43_E35,-1,RSE43_P1,1,RSE43_E1,1,RSE43_P35"
RSE43_34,RSE43,0.003824646,"-1,RSE43_E36,-1,RSE43_P1,1,RSE43_E1,1,RSE43_P36"
RSE43_35,RSE43,-0.016095387,"-1,RSE43_E37,-1,RSE43_P1,1,RSE43_E1,1,RSE43_P37"
RSE43_36,RSE43,-0.000637441,"-1,RSE43_E38,-1,RSE43_P1,1,RSE43_E1,1,RSE43_P38"
RSE43_37,RSE43,-0.005577609,"-1,RSE43_E39,-1,RSE43_P1,1,RSE43_E1,1,RSE43_P39"
RSE43_38,RSE43,-0.036812221,"-1,RSE43_E40,-1,RSE43_P1,1,RSE43_E1,1,RSE43_P40"
RSE43_39,RSE43,-0.039999426,"-1,RSE43_E41,-1,RSE43_P1,1,RSE43_E1,1,RSE43_P41"
RSE43_40,RSE43,-0.04207111,"-1,RSE43_E42,-1,RSE43_P1,1,RSE43_E1,1,RSE43_P42"
RSE43_41,RSE43,-0.020876195,"-1,RSE43_E43,-1,RSE43_P1,1,RSE43_E1,1,RSE43_P43"
RSE43_42,RSE43,-0.010677138,"-1,RSE43_E44,-1,RSE43_P1,1,RSE43_E1,1,RSE43_P44"
RSE43_43,RSE43,-0.003665286,"-1,RSE43_E45,-1,RSE43_P1,1,RSE43_E1,1,RSE43_P45"
S22_1,S22,0.004992757,"-1,S22_01,2,S22_01a"
S22_2,S22,0.007950484,"-1,S22_02,1,S22_02a,1,S22_02b"
S22_3,S22,0.02988483,"-1,S22_03,2,S22_03a"
S22_4,S22,0.025596446,"-1,S22_04,2,S22_04a"
S22_5,S22,0.032893552,"-1,S22_05,2,S22_05a"
S22_6,S22,0.026986067,"-1,S22_06,1,S22_06a,1,S22_06b"
S22_7,S22,0.02654942,"-1,S22_07,1,S22_07a,1,S22_07b"
S22_8,S22,0.000839829,"-1,S22_08,2,S22_08a"
S22_9,S22,0.002345783,"-1,S22_09,2,S22_09a"
S22_10,S22,0.002307537,"-1,S22_10,1,S22_10a,1,S22_10b"
S22_11,S22,0.004229421,"-1,S22_11,2,S22_11a"
S22_12,S22,0.006780779,"-1,S22_12,2,S22_12a"
S22_13,S22,0.015625274,"-1,S22_13,2,S22_13a"
S22_14,S22,0.007209458,"-1,S22_14,1,S22_14a,1,S22_14b"
S22_15,S22,0.018692959,"-1,S22_15,1,S22_15a,1,S22_15b"
S22_16,S22,0.00238403,"-1,S22_16,1,S22_16a,1,S22_16b"
S22_17,S22,0.005219049,"-1,S22_17,1,S22_17a,1,S22_17b"
S22_18,S22,0.003684409,"-1,S22_18,1,S22_18a,1,S22_18b"
S22_19,S22,0.00723655,"-1,S22_19,1,S22_19a,1,S22_19b"
S22_20,S22,0.004329818,"-1,S22_20,1,S22_20a,1,S22_20b"
S22_21,S22,0.008967202,"-1,S22_21,1,S22_21a,1,S22_21b"
S22_22,S22,0.011309798,"-1,S22_22,1,S22_22a,1,S22_22b"
S66_1,S66,-0.007940500498,"1,4113_01WaterWater_dim_S66,-1,4113_01WaterWater_monA_S66,-1,4113_01WaterWater_monB_S66"
S66_2,S66,-0.009030849962,"1,4114_02WaterMeOH_dim_S66,-1,4114_02WaterMeOH_monA_S66,-1,4114_02WaterMeOH_monB_S66"
S66_3,S66,-0.0111310934,"1,4115_03WaterMeNH2_dim_S66,-1,4115_03WaterMeNH2_monA_S66,-1,4115_03WaterMeNH2_monB_S66"
S66_4,S66,-0.01307279332,"1,4116_04WaterPeptide_dim_S66,-1,4116_04WaterPeptide_monA_S66,-1,4116_04WaterPeptide_monB_S66"
S66_5,S66,-0.009271072877,"1,4117_05MeOHMeOH_dim_S66,-1,4117_05MeOHMeOH_monA_S66,-1,4117_05MeOHMeOH_monB_S66"
S66_6,S66,-0.01211458492,"1,4118_06MeOHMeNH2_dim_S66,-1,4118_06MeOHMeNH2_monA_S66,-1,4118_06MeOHMeNH2_monB_S66"
S66_7,S66,-0.0132536937,"1,4119_07MeOHPeptide_dim_S66,-1,4119_07MeOHPeptide_monA_S66,-1,4119_07MeOHPeptide_monB_S66"
S66_8,S66,-0.008063211903,"1,4120_08MeOHWater_dim_S66,-1,4120_08MeOHWater_monA_S66,-1,4120_08MeOHWater_monB_S66"
S66_9,S66,-0.004904160148,"1,4121_09MeNH2MeOH_dim_S66,-1,4121_09MeNH2MeOH_monA_S66,-1,4121_09MeNH2MeOH_monB_S66"
S66_10,S66,-0.00664419142,"1,4122_10MeNH2MeNH2_dim_S66,-1,4122_10MeNH2MeNH2_monA_S66,-1,4122_10MeNH2MeNH2_monB_S66"
S66_11,S66,-0.008667544105,"1,4123_11MeNH2Peptide_dim_S66,-1,4123_11MeNH2Peptide_monA_S66,-1,4123_11MeNH2Peptide_monB_S66"
S66_12,S66,-0.0117089754,"1,4124_12MeNH2Water_dim_S66,-1,4124_12MeNH2Water_monA_S66,-1,4124_12MeNH2Water_monB_S66"
S66_13,S66,-0.009958505359,"1,4125_13PeptideMeOH_dim_S66,-1,4125_13PeptideMeOH_monA_S66,-1,4125_13PeptideMeOH_monB_S66"
S66_14,S66,-0.01195736763,"1,4126_14PeptideMeNH2_dim_S66,-1,4126_14PeptideMeNH2_monA_S66,-1,4126_14PeptideMeNH2_monB_S66"
S66_15,S66,-0.01385414702,"1,4127_15PeptidePeptide_dim_S66,-1,4127_15PeptidePeptide_monA_S66,-1,4127_15PeptidePeptide_monB_S66"
S66_16,S66,-0.008243183917,"1,4128_16PeptideWater_dim_S66,-1,4128_16PeptideWater_monA_S66,-1,4128_16PeptideWater_monB_S66"
S66_17,S66,-0.02787758218,"1,4129_17UracilUracilBP_dim_S66,-1,4129_17UracilUracilBP_monA_S66,-1,4129_17UracilUracilBP_monB_S66"
S66_18,S66,-0.01103800065,"1,4130_18WaterPyridine_dim_S66,-1,4130_18WaterPyridine_monA_S66,-1,4130_18WaterPyridine_monB_S66"
S66_19,S66,-0.01188724643,"1,4131_19MeOHPyridine_dim_S66,-1,4131_19MeOHPyridine_monA_S66,-1,4131_19MeOHPyridine_monB_S66"
S66_20,S66,-0.03097680625,"1,4132_20AcOHAcOH_dim_S66,-1,4132_20AcOHAcOH_monA_S66,-1,4132_20AcOHAcOH_monB_S66"
S66_21,S66,-0.02631095276,"1,4133_21AcNH2AcNH2_dim_S66,-1,4133_21AcNH2AcNH2_monA_S66,-1,4133_21AcNH2AcNH2_monB_S66"
S66_22,S66,-0.03160711219,"1,4134_22AcOHUracil_dim_S66,-1,4134_22AcOHUracil_monA_S66,-1,4134_22AcOHUracil_monB_S66"
S66_23,S66,-0.03108806493,"1,4135_23AcNH2Uracil_dim_S66,-1,4135_23AcNH2Uracil_monA_S66,-1,4135_23AcNH2Uracil_monB_S66"
S66_24,S66,-0.004416082891,"1,4136_24BenzeneBenzenepipi_dim_S66,-1,4136_24BenzeneBenzenepipi_monA_S66,-1,4136_24BenzeneBenzenepipi_monB_S66"
S66_25,S66,-0.006149687402,"1,4137_25PyridinePyridinepipi_dim_S66,-1,4137_25PyridinePyridinepipi_monA_S66,-1,4137_25PyridinePyridinepipi_monB_S66"
S66_26,S66,-0.01566067277,"1,4138_26UracilUracilpipi_dim_S66,-1,4138_26UracilUracilpipi_monA_S66,-1,4138_26UracilUracilpipi_monB_S66"
S66_27,S66,-0.005421720936,"1,4139_27BenzenePyridinepipi_dim_S66,-1,4139_27BenzenePyridinepipi_monA_S66,-1,4139_27BenzenePyridinepipi_monB_S66"
S66_28,S66,-0.0090239846,"1,4140_28BenzeneUracilpipi_dim_S66,-1,4140_28BenzeneUracilpipi_monA_S66,-1,4140_28BenzeneUracilpipi_monB_S66"
S66_29,S66,-0.01081023125,"1,4141_29PyridineUracilpipi_dim_S66,-1,4141_29PyridineUracilpipi_monA_S66,-1,4141_29PyridineUracilpipi_monB_S66"
S66_30,S66,-0.00216128131,"1,4142_30BenzeneEthene_dim_S66,-1,4142_30BenzeneEthene_monA_S66,-1,4142_30BenzeneEthene_monB_S66"
S66_31,S66,-0.005296866261,"1,4143_31UracilEthene_dim_S66,-1,4143_31UracilEthene_monA_S66,-1,4143_31UracilEthene_monB_S66"
S66_32,S66,-0.005902060468,"1,4144_32UracilEthyne_dim_S66,-1,4144_32UracilEthyne_monA_S66,-1,4144_32UracilEthyne_monB_S66"
S66_33,S66,-0.002868210487,"1,4145_33PyridineEthene_dim_S66,-1,4145_33PyridineEthene_monA_S66,-1,4145_33PyridineEthene_monB_S66"
S66_34,S66,-0.00590803554,"1,4146_34PentanePentane_dim_S66,-1,4146_34PentanePentane_monA_S66,-1,4146_34PentanePentane_monB_S66"
S66_35,S66,-0.004106257948,"1,4147_35NeopentanePentane_dim_S66,-1,4147_35NeopentanePentane_monA_S66,-1,4147_35NeopentanePentane_monB_S66"
S66_36,S66,-0.00277429549,"1,4148_36NeopentaneNeopentane_dim_S66,-1,4148_36NeopentaneNeopentane_monA_S66,-1,4148_36NeopentaneNeopentane_monB_S66"
S66_37,S66,-0.003775972585,"1,4149_37CyclopentaneNeopentane_dim_S66,-1,4149_37CyclopentaneNeopentane_monA_S66,-1,4149_37CyclopentaneNeopentane_monB_S66"
S66_38,S66,-0.004682744947,"1,4150_38CyclopentaneCyclopentane_dim_S66,-1,4150_38CyclopentaneCyclopentane_monA_S66,-1,4150_38CyclopentaneCyclopentane_monB_S66"
S66_39,S66,-0.005604508365,"1,4151_39BenzeneCyclopentane_dim_S66,-1,4151_39BenzeneCyclopentane_monA_S66,-1,4151_39BenzeneCyclopentane_monB_S66"
S66_40,S66,-0.004520105798,"1,4152_40BenzeneNeopentane_dim_S66,-1,4152_40BenzeneNeopentane_monA_S66,-1,4152_40BenzeneNeopentane_monB_S66"
S66_41,S66,-0.007666742459,"1,4153_41UracilPentane_dim_S66,-1,4153_41UracilPentane_monA_S66,-1,4153_41UracilPentane_monB_S66"
S66_42,S66,-0.006509525401,"1,4154_42UracilCyclopentane_dim_S66,-1,4154_42UracilCyclopentane_monA_S66,-1,4154_42UracilCyclopentane_monB_S66"
S66_43,S66,-0.005848516088,"1,4155_43UracilNeopentane_dim_S66,-1,4155_43UracilNeopentane_monA_S66,-1,4155_43UracilNeopentane_monB_S66"
S66_44,S66,-0.003125904296,"1,4156_44EthenePentane_dim_S66,-1,4156_44EthenePentane_monA_S66,-1,4156_44EthenePentane_monB_S66"
S66_45,S66,-0.002699758391,"1,4157_45EthynePentane_dim_S66,-1,4157_45EthynePentane_monA_S66,-1,4157_45EthynePentane_monB_S66"
S66_46,S66,-0.00672418656,"1,4158_46PeptidePentane_dim_S66,-1,4158_46PeptidePentane_monA_S66,-1,4158_46PeptidePentane_monB_S66"
S66_47,S66,-0.004491652716,"1,4159_47BenzeneBenzeneTS_dim_S66,-1,4159_47BenzeneBenzeneTS_monA_S66,-1,4159_47BenzeneBenzeneTS_monB_S66"
S66_48,S66,-0.005559328444,"1,4160_48PyridinePyridineTS_dim_S66,-1,4160_48PyridinePyridineTS_monA_S66,-1,4160_48PyridinePyridineTS_monB_S66"
S66_49,S66,-0.00522382937,"1,4161_49BenzenePyridineTS_dim_S66,-1,4161_49BenzenePyridineTS_monA_S66,-1,4161_49BenzenePyridineTS_monB_S66"
S66_50,S66,-0.004540698679,"1,4162_50BenzeneEthyneCHpi_dim_S66,-1,4162_50BenzeneEthyneCHpi_monA_S66,-1,4162_50BenzeneEthyneCHpi_monB_S66"
S66_51,S66,-0.002433678447,"1,4163_51EthyneEthyneTS_dim_S66,-1,4163_51EthyneEthyneTS_monA_S66,-1,4163_51EthyneEthyneTS_monB_S66"
S66_52,S66,-0.007468498553,"1,4164_52BenzeneAcOHOHpi_dim_S66,-1,4164_52BenzeneAcOHOHpi_monA_S66,-1,4164_52BenzeneAcOHOHpi_monB_S66"
S66_53,S66,-0.006966091784,"1,4165_53BenzeneAcNH2NHpi_dim_S66,-1,4165_53BenzeneAcNH2NHpi_monA_S66,-1,4165_53BenzeneAcNH2NHpi_monB_S66"
S66_54,S66,-0.005207142239,"1,4166_54BenzeneWaterOHpi_dim_S66,-1,4166_54BenzeneWaterOHpi_monA_S66,-1,4166_54BenzeneWaterOHpi_monB_S66"
S66_55,S66,-0.006606377805,"1,4167_55BenzeneMeOHOHpi_dim_S66,-1,4167_55BenzeneMeOHOHpi_monA_S66,-1,4167_55BenzeneMeOHOHpi_monB_S66"
S66_56,S66,-0.005068952097,"1,4168_56BenzeneMeNH2NHpi_dim_S66,-1,4168_56BenzeneMeNH2NHpi_monA_S66,-1,4168_56BenzeneMeNH2NHpi_monB_S66"
S66_57,S66,-0.008366477004,"1,4169_57BenzenePeptideNHpi_dim_S66,-1,4169_57BenzenePeptideNHpi_monA_S66,-1,4169_57BenzenePeptideNHpi_monB_S66"
S66_58,S66,-0.006692429665,"1,4170_58PyridinePyridineCHN_dim_S66,-1,4170_58PyridinePyridineCHN_monA_S66,-1,4170_58PyridinePyridineCHN_monB_S66"
S66_59,S66,-0.004639890418,"1,4171_59EthyneWaterCHO_dim_S66,-1,4171_59EthyneWaterCHO_monA_S66,-1,4171_59EthyneWaterCHO_monB_S66"
S66_60,S66,-0.007882484449,"1,4172_60EthyneAcOHOHpi_dim_S66,-1,4172_60EthyneAcOHOHpi_monA_S66,-1,4172_60EthyneAcOHOHpi_monB_S66"
S66_61,S66,-0.004573404726,"1,4173_61PentaneAcOH_dim_S66,-1,4173_61PentaneAcOH_monA_S66,-1,4173_61PentaneAcOH_monB_S66"
S66_62,S66,-0.005565028852,"1,4174_62PentaneAcNH2_dim_S66,-1,4174_62PentaneAcNH2_monA_S66,-1,4174_62PentaneAcNH2_monB_S66"
S66_63,S66,-0.005930655164,"1,4175_63BenzeneAcOH_dim_S66,-1,4175_63BenzeneAcOH_monA_S66,-1,4175_63BenzeneAcOH_monB_S66"
S66_64,S66,-0.00474164958,"1,4176_64PeptideEthene_dim_S66,-1,4176_64PeptideEthene_monA_S66,-1,4176_64PeptideEthene_monB_S66"
S66_65,S66,-0.006494764381,"1,4177_65PyridineEthyne_dim_S66,-1,4177_65PyridineEthyne_monA_S66,-1,4177_65PyridineEthyne_monB_S66"
S66_66,S66,-0.006266753945,"1,4178_66MeNH2Pyridine_dim_S66,-1,4178_66MeNH2Pyridine_monA_S66,-1,4178_66MeNH2Pyridine_monB_S66"
S66Rel7_1,S66Rel7,0.000446208,"1,2699_01WaterWater090_dim_S66x8,-1,2701_01WaterWater100_dim_S66x8"
S66Rel7_2,S66Rel7,-0.0000127488,"1,2700_01WaterWater095_dim_S66x8,-1,2701_01WaterWater100_dim_S66x8"
S66Rel7_3,S66Rel7,0.000293223,"1,2702_01WaterWater105_dim_S66x8,-1,2701_01WaterWater100_dim_S66x8"
S66Rel7_4,S66Rel7,0.000742618,"1,2703_01WaterWater110_dim_S66x8,-1,2701_01WaterWater100_dim_S66x8"
S66Rel7_5,S66Rel7,0.002352156,"1,2704_01WaterWater125_dim_S66x8,-1,2701_01WaterWater100_dim_S66x8"
S66Rel7_6,S66Rel7,0.004508298,"1,2705_01WaterWater150_dim_S66x8,-1,2701_01WaterWater100_dim_S66x8"
S66Rel7_7,S66Rel7,0.006489145,"1,2706_01WaterWater200_dim_S66x8,-1,2701_01WaterWater100_dim_S66x8"
S66Rel7_8,S66Rel7,0.000524295,"1,2707_02WaterMeOH090_dim_S66x8,-1,2709_02WaterMeOH100_dim_S66x8"
S66Rel7_9,S66Rel7,-0.0000031872,"1,2708_02WaterMeOH095_dim_S66x8,-1,2709_02WaterMeOH100_dim_S66x8"
S66Rel7_10,S66Rel7,0.000325095,"1,2710_02WaterMeOH105_dim_S66x8,-1,2709_02WaterMeOH100_dim_S66x8"
S66Rel7_11,S66Rel7,0.000830266,"1,2711_02WaterMeOH110_dim_S66x8,-1,2709_02WaterMeOH100_dim_S66x8"
S66Rel7_12,S66Rel7,0.002662908,"1,2712_02WaterMeOH125_dim_S66x8,-1,2709_02WaterMeOH100_dim_S66x8"
S66Rel7_13,S66Rel7,0.005156894,"1,2713_02WaterMeOH150_dim_S66x8,-1,2709_02WaterMeOH100_dim_S66x8"
S66Rel7_14,S66Rel7,0.0074469,"1,2714_02WaterMeOH200_dim_S66x8,-1,2709_02WaterMeOH100_dim_S66x8"
S66Rel7_15,S66Rel7,0.000533856,"1,2715_03WaterMeNH2090_dim_S66x8,-1,2717_03WaterMeNH2100_dim_S66x8"
S66Rel7_16,S66Rel7,-0.0000254976,"1,2716_03WaterMeNH2095_dim_S66x8,-1,2717_03WaterMeNH2100_dim_S66x8"
S66Rel7_17,S66Rel7,0.000392026,"1,2718_03WaterMeNH2105_dim_S66x8,-1,2717_03WaterMeNH2100_dim_S66x8"
S66Rel7_18,S66Rel7,0.000992814,"1,2719_03WaterMeNH2110_dim_S66x8,-1,2717_03WaterMeNH2100_dim_S66x8"
S66Rel7_19,S66Rel7,0.00320792,"1,2720_03WaterMeNH2125_dim_S66x8,-1,2717_03WaterMeNH2100_dim_S66x8"
S66Rel7_20,S66Rel7,0.006312255,"1,2721_03WaterMeNH2150_dim_S66x8,-1,2717_03WaterMeNH2100_dim_S66x8"
S66Rel7_21,S66Rel7,0.009241295,"1,2722_03WaterMeNH2200_dim_S66x8,-1,2717_03WaterMeNH2100_dim_S66x8"
S66Rel7_22,S66Rel7,0.000619911,"1,2723_04WaterPeptide090_dim_S66x8,-1,2725_04WaterPeptide100_dim_S66x8"
S66Rel7_23,S66Rel7,-0.0000047808,"1,2724_04WaterPeptide095_dim_S66x8,-1,2725_04WaterPeptide100_dim_S66x8"
S66Rel7_24,S66Rel7,0.0003984,"1,2726_04WaterPeptide105_dim_S66x8,-1,2725_04WaterPeptide100_dim_S66x8"
S66Rel7_25,S66Rel7,0.001029467,"1,2727_04WaterPeptide110_dim_S66x8,-1,2725_04WaterPeptide100_dim_S66x8"
S66Rel7_26,S66Rel7,0.003400745,"1,2728_04WaterPeptide125_dim_S66x8,-1,2725_04WaterPeptide100_dim_S66x8"
S66Rel7_27,S66Rel7,0.006849299,"1,2729_04WaterPeptide150_dim_S66x8,-1,2725_04WaterPeptide100_dim_S66x8"
S66Rel7_28,S66Rel7,0.0106596,"1,2730_04WaterPeptide200_dim_S66x8,-1,2725_04WaterPeptide100_dim_S66x8"
S66Rel7_29,S66Rel7,0.000664532,"1,2731_05MeOHMeOH090_dim_S66x8,-1,2733_05MeOHMeOH100_dim_S66x8"
S66Rel7_30,S66Rel7,0.0000525888,"1,2732_05MeOHMeOH095_dim_S66x8,-1,2733_05MeOHMeOH100_dim_S66x8"
S66Rel7_31,S66Rel7,0.000293223,"1,2734_05MeOHMeOH105_dim_S66x8,-1,2733_05MeOHMeOH100_dim_S66x8"
S66Rel7_32,S66Rel7,0.000784052,"1,2735_05MeOHMeOH110_dim_S66x8,-1,2733_05MeOHMeOH100_dim_S66x8"
S66Rel7_33,S66Rel7,0.002634223,"1,2736_05MeOHMeOH125_dim_S66x8,-1,2733_05MeOHMeOH100_dim_S66x8"
S66Rel7_34,S66Rel7,0.005220638,"1,2737_05MeOHMeOH150_dim_S66x8,-1,2733_05MeOHMeOH100_dim_S66x8"
S66Rel7_35,S66Rel7,0.007638132,"1,2738_05MeOHMeOH200_dim_S66x8,-1,2733_05MeOHMeOH100_dim_S66x8"
S66Rel7_36,S66Rel7,0.000828673,"1,2739_06MeOHMeNH2090_dim_S66x8,-1,2741_06MeOHMeNH2100_dim_S66x8"
S66Rel7_37,S66Rel7,0.0000748993,"1,2740_06MeOHMeNH2095_dim_S66x8,-1,2741_06MeOHMeNH2100_dim_S66x8"
S66Rel7_38,S66Rel7,0.000355373,"1,2742_06MeOHMeNH2105_dim_S66x8,-1,2741_06MeOHMeNH2100_dim_S66x8"
S66Rel7_39,S66Rel7,0.000967316,"1,2743_06MeOHMeNH2110_dim_S66x8,-1,2741_06MeOHMeNH2100_dim_S66x8"
S66Rel7_40,S66Rel7,0.003340189,"1,2744_06MeOHMeNH2125_dim_S66x8,-1,2741_06MeOHMeNH2100_dim_S66x8"
S66Rel7_41,S66Rel7,0.006782368,"1,2745_06MeOHMeNH2150_dim_S66x8,-1,2741_06MeOHMeNH2100_dim_S66x8"
S66Rel7_42,S66Rel7,0.01008431,"1,2746_06MeOHMeNH2200_dim_S66x8,-1,2741_06MeOHMeNH2100_dim_S66x8"
S66Rel7_43,S66Rel7,0.00084939,"1,2747_07MeOHPeptide090_dim_S66x8,-1,2749_07MeOHPeptide100_dim_S66x8"
S66Rel7_44,S66Rel7,0.0000860545,"1,2748_07MeOHPeptide095_dim_S66x8,-1,2749_07MeOHPeptide100_dim_S66x8"
S66Rel7_45,S66Rel7,0.000345812,"1,2750_07MeOHPeptide105_dim_S66x8,-1,2749_07MeOHPeptide100_dim_S66x8"
S66Rel7_46,S66Rel7,0.00095138,"1,2751_07MeOHPeptide110_dim_S66x8,-1,2749_07MeOHPeptide100_dim_S66x8"
S66Rel7_47,S66Rel7,0.003348157,"1,2752_07MeOHPeptide125_dim_S66x8,-1,2749_07MeOHPeptide100_dim_S66x8"
S66Rel7_48,S66Rel7,0.007397498,"1,2753_07MeOHPeptide150_dim_S66x8,-1,2749_07MeOHPeptide100_dim_S66x8"
S66Rel7_49,S66Rel7,0.011459588,"1,2754_07MeOHPeptide200_dim_S66x8,-1,2749_07MeOHPeptide100_dim_S66x8"
S66Rel7_50,S66Rel7,0.000589633,"1,2755_08MeOHWater090_dim_S66x8,-1,2757_08MeOHWater100_dim_S66x8"
S66Rel7_51,S66Rel7,0.0000446208,"1,2756_08MeOHWater095_dim_S66x8,-1,2757_08MeOHWater100_dim_S66x8"
S66Rel7_52,S66Rel7,0.000261351,"1,2758_08MeOHWater105_dim_S66x8,-1,2757_08MeOHWater100_dim_S66x8"
S66Rel7_53,S66Rel7,0.000693217,"1,2759_08MeOHWater110_dim_S66x8,-1,2757_08MeOHWater100_dim_S66x8"
S66Rel7_54,S66Rel7,0.002305941,"1,2760_08MeOHWater125_dim_S66x8,-1,2757_08MeOHWater100_dim_S66x8"
S66Rel7_55,S66Rel7,0.004525828,"1,2761_08MeOHWater150_dim_S66x8,-1,2757_08MeOHWater100_dim_S66x8"
S66Rel7_56,S66Rel7,0.006591136,"1,2762_08MeOHWater200_dim_S66x8,-1,2757_08MeOHWater100_dim_S66x8"
S66Rel7_57,S66Rel7,0.00031872,"1,2763_09MeNH2MeOH090_dim_S66x8,-1,2765_09MeNH2MeOH100_dim_S66x8"
S66Rel7_58,S66Rel7,-0.0000223104,"1,2764_09MeNH2MeOH095_dim_S66x8,-1,2765_09MeNH2MeOH100_dim_S66x8"
S66Rel7_59,S66Rel7,0.000231072,"1,2766_09MeNH2MeOH105_dim_S66x8,-1,2765_09MeNH2MeOH100_dim_S66x8"
S66Rel7_60,S66Rel7,0.000565729,"1,2767_09MeNH2MeOH110_dim_S66x8,-1,2765_09MeNH2MeOH100_dim_S66x8"
S66Rel7_61,S66Rel7,0.001698779,"1,2768_09MeNH2MeOH125_dim_S66x8,-1,2765_09MeNH2MeOH100_dim_S66x8"
S66Rel7_62,S66Rel7,0.003089993,"1,2769_09MeNH2MeOH150_dim_S66x8,-1,2765_09MeNH2MeOH100_dim_S66x8"
S66Rel7_63,S66Rel7,0.004213482,"1,2770_09MeNH2MeOH200_dim_S66x8,-1,2765_09MeNH2MeOH100_dim_S66x8"
S66Rel7_64,S66Rel7,0.000686842,"1,2771_10MeNH2MeNH2090_dim_S66x8,-1,2773_10MeNH2MeNH2100_dim_S66x8"
S66Rel7_65,S66Rel7,0.0000780865,"1,2772_10MeNH2MeNH2095_dim_S66x8,-1,2773_10MeNH2MeNH2100_dim_S66x8"
S66Rel7_66,S66Rel7,0.000240634,"1,2774_10MeNH2MeNH2105_dim_S66x8,-1,2773_10MeNH2MeNH2100_dim_S66x8"
S66Rel7_67,S66Rel7,0.00065497,"1,2775_10MeNH2MeNH2110_dim_S66x8,-1,2773_10MeNH2MeNH2100_dim_S66x8"
S66Rel7_68,S66Rel7,0.002186421,"1,2776_10MeNH2MeNH2125_dim_S66x8,-1,2773_10MeNH2MeNH2100_dim_S66x8"
S66Rel7_69,S66Rel7,0.004543358,"1,2777_10MeNH2MeNH2150_dim_S66x8,-1,2773_10MeNH2MeNH2100_dim_S66x8"
S66Rel7_70,S66Rel7,0.00600469,"1,2778_10MeNH2MeNH2200_dim_S66x8,-1,2773_10MeNH2MeNH2100_dim_S66x8"
S66Rel7_71,S66Rel7,0.000699591,"1,2779_11MeNH2Peptide090_dim_S66x8,-1,2781_11MeNH2Peptide100_dim_S66x8"
S66Rel7_72,S66Rel7,0.0000685249,"1,2780_11MeNH2Peptide095_dim_S66x8,-1,2781_11MeNH2Peptide100_dim_S66x8"
S66Rel7_73,S66Rel7,0.00027888,"1,2782_11MeNH2Peptide105_dim_S66x8,-1,2781_11MeNH2Peptide100_dim_S66x8"
S66Rel7_74,S66Rel7,0.000755367,"1,2783_11MeNH2Peptide110_dim_S66x8,-1,2781_11MeNH2Peptide100_dim_S66x8"
S66Rel7_75,S66Rel7,0.003505923,"1,2784_11MeNH2Peptide125_dim_S66x8,-1,2781_11MeNH2Peptide100_dim_S66x8"
S66Rel7_76,S66Rel7,0.006374406,"1,2785_11MeNH2Peptide150_dim_S66x8,-1,2781_11MeNH2Peptide100_dim_S66x8"
S66Rel7_77,S66Rel7,0.007875578,"1,2786_11MeNH2Peptide200_dim_S66x8,-1,2781_11MeNH2Peptide100_dim_S66x8"
S66Rel7_78,S66Rel7,0.000718714,"1,2787_12MeNH2Water090_dim_S66x8,-1,2789_12MeNH2Water100_dim_S66x8"
S66Rel7_79,S66Rel7,0.0000334656,"1,2788_12MeNH2Water095_dim_S66x8,-1,2789_12MeNH2Water100_dim_S66x8"
S66Rel7_80,S66Rel7,0.000374496,"1,2790_12MeNH2Water105_dim_S66x8,-1,2789_12MeNH2Water100_dim_S66x8"
S66Rel7_81,S66Rel7,0.000989626,"1,2791_12MeNH2Water110_dim_S66x8,-1,2789_12MeNH2Water100_dim_S66x8"
S66Rel7_82,S66Rel7,0.003316285,"1,2792_12MeNH2Water125_dim_S66x8,-1,2789_12MeNH2Water100_dim_S66x8"
S66Rel7_83,S66Rel7,0.006624601,"1,2793_12MeNH2Water150_dim_S66x8,-1,2789_12MeNH2Water100_dim_S66x8"
S66Rel7_84,S66Rel7,0.009746466,"1,2794_12MeNH2Water200_dim_S66x8,-1,2789_12MeNH2Water100_dim_S66x8"
S66Rel7_85,S66Rel7,0.000744212,"1,2795_13PeptideMeOH090_dim_S66x8,-1,2797_13PeptideMeOH100_dim_S66x8"
S66Rel7_86,S66Rel7,0.0000876481,"1,2796_13PeptideMeOH095_dim_S66x8,-1,2797_13PeptideMeOH100_dim_S66x8"
S66Rel7_87,S66Rel7,0.000264538,"1,2798_13PeptideMeOH105_dim_S66x8,-1,2797_13PeptideMeOH100_dim_S66x8"
S66Rel7_88,S66Rel7,0.00073465,"1,2799_13PeptideMeOH110_dim_S66x8,-1,2797_13PeptideMeOH100_dim_S66x8"
S66Rel7_89,S66Rel7,0.002568886,"1,2800_13PeptideMeOH125_dim_S66x8,-1,2797_13PeptideMeOH100_dim_S66x8"
S66Rel7_90,S66Rel7,0.005214264,"1,2801_13PeptideMeOH150_dim_S66x8,-1,2797_13PeptideMeOH100_dim_S66x8"
S66Rel7_91,S66Rel7,0.007829364,"1,2802_13PeptideMeOH200_dim_S66x8,-1,2797_13PeptideMeOH100_dim_S66x8"
S66Rel7_92,S66Rel7,0.000945006,"1,2803_14PeptideMeNH2090_dim_S66x8,-1,2805_14PeptideMeNH2100_dim_S66x8"
S66Rel7_93,S66Rel7,0.000141831,"1,2804_14PeptideMeNH2095_dim_S66x8,-1,2805_14PeptideMeNH2100_dim_S66x8"
S66Rel7_94,S66Rel7,0.000280474,"1,2806_14PeptideMeNH2105_dim_S66x8,-1,2805_14PeptideMeNH2100_dim_S66x8"
S66Rel7_95,S66Rel7,0.000819111,"1,2807_14PeptideMeNH2110_dim_S66x8,-1,2805_14PeptideMeNH2100_dim_S66x8"
S66Rel7_96,S66Rel7,0.003011907,"1,2808_14PeptideMeNH2125_dim_S66x8,-1,2805_14PeptideMeNH2100_dim_S66x8"
S66Rel7_97,S66Rel7,0.006296319,"1,2809_14PeptideMeNH2150_dim_S66x8,-1,2805_14PeptideMeNH2100_dim_S66x8"
S66Rel7_98,S66Rel7,0.009580732,"1,2810_14PeptideMeNH2200_dim_S66x8,-1,2805_14PeptideMeNH2100_dim_S66x8"
S66Rel7_99,S66Rel7,0.000897198,"1,2811_15PeptidePeptide090_dim_S66x8,-1,2813_15PeptidePeptide100_dim_S66x8"
S66Rel7_100,S66Rel7,0.000116333,"1,2812_15PeptidePeptide095_dim_S66x8,-1,2813_15PeptidePeptide100_dim_S66x8"
S66Rel7_101,S66Rel7,0.000310752,"1,2814_15PeptidePeptide105_dim_S66x8,-1,2813_15PeptidePeptide100_dim_S66x8"
S66Rel7_102,S66Rel7,0.000882855,"1,2815_15PeptidePeptide110_dim_S66x8,-1,2813_15PeptidePeptide100_dim_S66x8"
S66Rel7_103,S66Rel7,0.003203139,"1,2816_15PeptidePeptide125_dim_S66x8,-1,2813_15PeptidePeptide100_dim_S66x8"
S66Rel7_104,S66Rel7,0.006775993,"1,2817_15PeptidePeptide150_dim_S66x8,-1,2813_15PeptidePeptide100_dim_S66x8"
S66Rel7_105,S66Rel7,0.010970352,"1,2818_15PeptidePeptide200_dim_S66x8,-1,2813_15PeptidePeptide100_dim_S66x8"
S66Rel7_106,S66Rel7,0.000619911,"1,2819_16PeptideWater090_dim_S66x8,-1,2821_16PeptideWater100_dim_S66x8"
S66Rel7_107,S66Rel7,0.0000669313,"1,2820_16PeptideWater095_dim_S66x8,-1,2821_16PeptideWater100_dim_S66x8"
S66Rel7_108,S66Rel7,0.000231072,"1,2822_16PeptideWater105_dim_S66x8,-1,2821_16PeptideWater100_dim_S66x8"
S66Rel7_109,S66Rel7,0.000631066,"1,2823_16PeptideWater110_dim_S66x8,-1,2821_16PeptideWater100_dim_S66x8"
S66Rel7_110,S66Rel7,0.002152956,"1,2824_16PeptideWater125_dim_S66x8,-1,2821_16PeptideWater100_dim_S66x8"
S66Rel7_111,S66Rel7,0.004296349,"1,2825_16PeptideWater150_dim_S66x8,-1,2821_16PeptideWater100_dim_S66x8"
S66Rel7_112,S66Rel7,0.006395123,"1,2826_16PeptideWater200_dim_S66x8,-1,2821_16PeptideWater100_dim_S66x8"
S66Rel7_113,S66Rel7,0.002133832,"1,2827_17UracilUracilBP090_dim_S66x8,-1,2829_17UracilUracilBP100_dim_S66x8"
S66Rel7_114,S66Rel7,0.000347405,"1,2828_17UracilUracilBP095_dim_S66x8,-1,2829_17UracilUracilBP100_dim_S66x8"
S66Rel7_115,S66Rel7,0.000591226,"1,2830_17UracilUracilBP105_dim_S66x8,-1,2829_17UracilUracilBP100_dim_S66x8"
S66Rel7_116,S66Rel7,0.001772085,"1,2831_17UracilUracilBP110_dim_S66x8,-1,2829_17UracilUracilBP100_dim_S66x8"
S66Rel7_117,S66Rel7,0.00671703,"1,2832_17UracilUracilBP125_dim_S66x8,-1,2829_17UracilUracilBP100_dim_S66x8"
S66Rel7_118,S66Rel7,0.014418906,"1,2833_17UracilUracilBP150_dim_S66x8,-1,2829_17UracilUracilBP100_dim_S66x8"
S66Rel7_119,S66Rel7,0.022418785,"1,2834_17UracilUracilBP200_dim_S66x8,-1,2829_17UracilUracilBP100_dim_S66x8"
S66Rel7_120,S66Rel7,0.000629473,"1,2835_18WaterPyridine090_dim_S66x8,-1,2837_18WaterPyridine100_dim_S66x8"
S66Rel7_121,S66Rel7,0.0000143424,"1,2836_18WaterPyridine095_dim_S66x8,-1,2837_18WaterPyridine100_dim_S66x8"
S66Rel7_122,S66Rel7,0.000360154,"1,2838_18WaterPyridine105_dim_S66x8,-1,2837_18WaterPyridine100_dim_S66x8"
S66Rel7_123,S66Rel7,0.000940225,"1,2839_18WaterPyridine110_dim_S66x8,-1,2837_18WaterPyridine100_dim_S66x8"
S66Rel7_124,S66Rel7,0.003107523,"1,2840_18WaterPyridine125_dim_S66x8,-1,2837_18WaterPyridine100_dim_S66x8"
S66Rel7_125,S66Rel7,0.006172018,"1,2841_18WaterPyridine150_dim_S66x8,-1,2837_18WaterPyridine100_dim_S66x8"
S66Rel7_126,S66Rel7,0.00907556,"1,2842_18WaterPyridine200_dim_S66x8,-1,2837_18WaterPyridine100_dim_S66x8"
S66Rel7_127,S66Rel7,0.00091154,"1,2843_19MeOHPyridine090_dim_S66x8,-1,2845_19MeOHPyridine100_dim_S66x8"
S66Rel7_128,S66Rel7,0.000117927,"1,2844_19MeOHPyridine095_dim_S66x8,-1,2845_19MeOHPyridine100_dim_S66x8"
S66Rel7_129,S66Rel7,0.000310752,"1,2846_19MeOHPyridine105_dim_S66x8,-1,2845_19MeOHPyridine100_dim_S66x8"
S66Rel7_130,S66Rel7,0.000878074,"1,2847_19MeOHPyridine110_dim_S66x8,-1,2845_19MeOHPyridine100_dim_S66x8"
S66Rel7_131,S66Rel7,0.003147363,"1,2848_19MeOHPyridine125_dim_S66x8,-1,2845_19MeOHPyridine100_dim_S66x8"
S66Rel7_132,S66Rel7,0.006493926,"1,2849_19MeOHPyridine150_dim_S66x8,-1,2845_19MeOHPyridine100_dim_S66x8"
S66Rel7_133,S66Rel7,0.009752841,"1,2850_19MeOHPyridine200_dim_S66x8,-1,2845_19MeOHPyridine100_dim_S66x8"
S66Rel7_134,S66Rel7,0.002345781,"1,2851_20AcOHAcOH090_dim_S66x8,-1,2853_20AcOHAcOH100_dim_S66x8"
S66Rel7_135,S66Rel7,0.000361748,"1,2852_20AcOHAcOH095_dim_S66x8,-1,2853_20AcOHAcOH100_dim_S66x8"
S66Rel7_136,S66Rel7,0.000688436,"1,2854_20AcOHAcOH105_dim_S66x8,-1,2853_20AcOHAcOH100_dim_S66x8"
S66Rel7_137,S66Rel7,0.002027061,"1,2855_20AcOHAcOH110_dim_S66x8,-1,2853_20AcOHAcOH100_dim_S66x8"
S66Rel7_138,S66Rel7,0.00758873,"1,2856_20AcOHAcOH125_dim_S66x8,-1,2853_20AcOHAcOH100_dim_S66x8"
S66Rel7_139,S66Rel7,0.016219675,"1,2857_20AcOHAcOH150_dim_S66x8,-1,2853_20AcOHAcOH100_dim_S66x8"
S66Rel7_140,S66Rel7,0.025183684,"1,2858_20AcOHAcOH200_dim_S66x8,-1,2853_20AcOHAcOH100_dim_S66x8"
S66Rel7_141,S66Rel7,0.001909135,"1,2859_21AcNH2AcNH2090_dim_S66x8,-1,2861_21AcNH2AcNH2100_dim_S66x8"
S66Rel7_142,S66Rel7,0.000275693,"1,2860_21AcNH2AcNH2095_dim_S66x8,-1,2861_21AcNH2AcNH2100_dim_S66x8"
S66Rel7_143,S66Rel7,0.000602381,"1,2862_21AcNH2AcNH2105_dim_S66x8,-1,2861_21AcNH2AcNH2100_dim_S66x8"
S66Rel7_144,S66Rel7,0.001740213,"1,2863_21AcNH2AcNH2110_dim_S66x8,-1,2861_21AcNH2AcNH2100_dim_S66x8"
S66Rel7_145,S66Rel7,0.006393529,"1,2864_21AcNH2AcNH2125_dim_S66x8,-1,2861_21AcNH2AcNH2100_dim_S66x8"
S66Rel7_146,S66Rel7,0.013489836,"1,2865_21AcNH2AcNH2150_dim_S66x8,-1,2861_21AcNH2AcNH2100_dim_S66x8"
S66Rel7_147,S66Rel7,0.02145625,"1,2866_21AcNH2AcNH2200_dim_S66x8,-1,2861_21AcNH2AcNH2100_dim_S66x8"
S66Rel7_148,S66Rel7,0.002286818,"1,2867_22AcOHUracil090_dim_S66x8,-1,2869_22AcOHUracil100_dim_S66x8"
S66Rel7_149,S66Rel7,0.000374496,"1,2868_22AcOHUracil095_dim_S66x8,-1,2869_22AcOHUracil100_dim_S66x8"
S66Rel7_150,S66Rel7,0.000634253,"1,2870_22AcOHUracil105_dim_S66x8,-1,2869_22AcOHUracil100_dim_S66x8"
S66Rel7_151,S66Rel7,0.00190276,"1,2871_22AcOHUracil110_dim_S66x8,-1,2869_22AcOHUracil100_dim_S66x8"
S66Rel7_152,S66Rel7,0.007268416,"1,2872_22AcOHUracil125_dim_S66x8,-1,2869_22AcOHUracil100_dim_S66x8"
S66Rel7_153,S66Rel7,0.015763905,"1,2873_22AcOHUracil150_dim_S66x8,-1,2869_22AcOHUracil100_dim_S66x8"
S66Rel7_154,S66Rel7,0.024874525,"1,2874_22AcOHUracil200_dim_S66x8,-1,2869_22AcOHUracil100_dim_S66x8"
S66Rel7_155,S66Rel7,0.002160924,"1,2875_23AcNH2Uracil090_dim_S66x8,-1,2877_23AcNH2Uracil100_dim_S66x8"
S66Rel7_156,S66Rel7,0.000377684,"1,2876_23AcNH2Uracil095_dim_S66x8,-1,2877_23AcNH2Uracil100_dim_S66x8"
S66Rel7_157,S66Rel7,0.000551386,"1,2878_23AcNH2Uracil105_dim_S66x8,-1,2877_23AcNH2Uracil100_dim_S66x8"
S66Rel7_158,S66Rel7,0.001697186,"1,2879_23AcNH2Uracil110_dim_S66x8,-1,2877_23AcNH2Uracil100_dim_S66x8"
S66Rel7_159,S66Rel7,0.006640537,"1,2880_23AcNH2Uracil125_dim_S66x8,-1,2877_23AcNH2Uracil100_dim_S66x8"
S66Rel7_160,S66Rel7,0.014648384,"1,2881_23AcNH2Uracil150_dim_S66x8,-1,2877_23AcNH2Uracil100_dim_S66x8"
S66Rel7_161,S66Rel7,0.023537493,"1,2882_23AcNH2Uracil200_dim_S66x8,-1,2877_23AcNH2Uracil100_dim_S66x8"
S66Rel7_162,S66Rel7,0.004237386,"1,2883_24BenzeneBenzenepipi090_dim_S66x8,-1,2885_24BenzeneBenzenepipi100_dim_S66x8"
S66Rel7_163,S66Rel7,0.001163329,"1,2884_24BenzeneBenzenepipi095_dim_S66x8,-1,2885_24BenzeneBenzenepipi100_dim_S66x8"
S66Rel7_164,S66Rel7,-0.000178483,"1,2886_24BenzeneBenzenepipi105_dim_S66x8,-1,2885_24BenzeneBenzenepipi100_dim_S66x8"
S66Rel7_165,S66Rel7,0.000113146,"1,2887_24BenzeneBenzenepipi110_dim_S66x8,-1,2885_24BenzeneBenzenepipi100_dim_S66x8"
S66Rel7_166,S66Rel7,0.001660533,"1,2888_24BenzeneBenzenepipi125_dim_S66x8,-1,2885_24BenzeneBenzenepipi100_dim_S66x8"
S66Rel7_167,S66Rel7,0.003271664,"1,2889_24BenzeneBenzenepipi150_dim_S66x8,-1,2885_24BenzeneBenzenepipi100_dim_S66x8"
S66Rel7_168,S66Rel7,0.003923447,"1,2890_24BenzeneBenzenepipi200_dim_S66x8,-1,2885_24BenzeneBenzenepipi100_dim_S66x8"
S66Rel7_169,S66Rel7,0.004216669,"1,2891_25PyridinePyridinepipi090_dim_S66x8,-1,2893_25PyridinePyridinepipi100_dim_S66x8"
S66Rel7_170,S66Rel7,0.001145799,"1,2892_25PyridinePyridinepipi095_dim_S66x8,-1,2893_25PyridinePyridinepipi100_dim_S66x8"
S66Rel7_171,S66Rel7,-0.000125895,"1,2894_25PyridinePyridinepipi105_dim_S66x8,-1,2893_25PyridinePyridinepipi100_dim_S66x8"
S66Rel7_172,S66Rel7,0.000251789,"1,2895_25PyridinePyridinepipi110_dim_S66x8,-1,2893_25PyridinePyridinepipi100_dim_S66x8"
S66Rel7_173,S66Rel7,0.002089211,"1,2896_25PyridinePyridinepipi125_dim_S66x8,-1,2893_25PyridinePyridinepipi100_dim_S66x8"
S66Rel7_174,S66Rel7,0.004246948,"1,2897_25PyridinePyridinepipi150_dim_S66x8,-1,2893_25PyridinePyridinepipi100_dim_S66x8"
S66Rel7_175,S66Rel7,0.005381592,"1,2898_25PyridinePyridinepipi200_dim_S66x8,-1,2893_25PyridinePyridinepipi100_dim_S66x8"
S66Rel7_176,S66Rel7,0.003228637,"1,2899_26UracilUracilpipi090_dim_S66x8,-1,2901_26UracilUracilpipi100_dim_S66x8"
S66Rel7_177,S66Rel7,0.000562541,"1,2900_26UracilUracilpipi095_dim_S66x8,-1,2901_26UracilUracilpipi100_dim_S66x8"
S66Rel7_178,S66Rel7,0.000578477,"1,2902_26UracilUracilpipi105_dim_S66x8,-1,2901_26UracilUracilpipi100_dim_S66x8"
S66Rel7_179,S66Rel7,0.001717902,"1,2903_26UracilUracilpipi110_dim_S66x8,-1,2901_26UracilUracilpipi100_dim_S66x8"
S66Rel7_180,S66Rel7,0.005778399,"1,2904_26UracilUracilpipi125_dim_S66x8,-1,2901_26UracilUracilpipi100_dim_S66x8"
S66Rel7_181,S66Rel7,0.010434902,"1,2905_26UracilUracilpipi150_dim_S66x8,-1,2901_26UracilUracilpipi100_dim_S66x8"
S66Rel7_182,S66Rel7,0.013757561,"1,2906_26UracilUracilpipi200_dim_S66x8,-1,2901_26UracilUracilpipi100_dim_S66x8"
S66Rel7_183,S66Rel7,0.004452522,"1,2907_27BenzenePyridinepipi090_dim_S66x8,-1,2909_27BenzenePyridinepipi100_dim_S66x8"
S66Rel7_184,S66Rel7,0.001184046,"1,2908_27BenzenePyridinepipi095_dim_S66x8,-1,2909_27BenzenePyridinepipi100_dim_S66x8"
S66Rel7_185,S66Rel7,-0.000124301,"1,2910_27BenzenePyridinepipi105_dim_S66x8,-1,2909_27BenzenePyridinepipi100_dim_S66x8"
S66Rel7_186,S66Rel7,0.000247008,"1,2911_27BenzenePyridinepipi110_dim_S66x8,-1,2909_27BenzenePyridinepipi100_dim_S66x8"
S66Rel7_187,S66Rel7,0.001980847,"1,2912_27BenzenePyridinepipi125_dim_S66x8,-1,2909_27BenzenePyridinepipi100_dim_S66x8"
S66Rel7_188,S66Rel7,0.003905917,"1,2913_27BenzenePyridinepipi150_dim_S66x8,-1,2909_27BenzenePyridinepipi100_dim_S66x8"
S66Rel7_189,S66Rel7,0.004801521,"1,2914_27BenzenePyridinepipi200_dim_S66x8,-1,2909_27BenzenePyridinepipi100_dim_S66x8"
S66Rel7_190,S66Rel7,0.003644566,"1,2915_28BenzeneUracilpipi090_dim_S66x8,-1,2917_28BenzeneUracilpipi100_dim_S66x8"
S66Rel7_191,S66Rel7,0.000862138,"1,2916_28BenzeneUracilpipi095_dim_S66x8,-1,2917_28BenzeneUracilpipi100_dim_S66x8"
S66Rel7_192,S66Rel7,0.000181671,"1,2918_28BenzeneUracilpipi105_dim_S66x8,-1,2917_28BenzeneUracilpipi100_dim_S66x8"
S66Rel7_193,S66Rel7,0.000874887,"1,2919_28BenzeneUracilpipi110_dim_S66x8,-1,2917_28BenzeneUracilpipi100_dim_S66x8"
S66Rel7_194,S66Rel7,0.003598352,"1,2920_28BenzeneUracilpipi125_dim_S66x8,-1,2917_28BenzeneUracilpipi100_dim_S66x8"
S66Rel7_195,S66Rel7,0.006583168,"1,2921_28BenzeneUracilpipi150_dim_S66x8,-1,2917_28BenzeneUracilpipi100_dim_S66x8"
S66Rel7_196,S66Rel7,0.008317006,"1,2922_28BenzeneUracilpipi200_dim_S66x8,-1,2917_28BenzeneUracilpipi100_dim_S66x8"
S66Rel7_197,S66Rel7,0.005102712,"1,2923_29PyridineUracilpipi090_dim_S66x8,-1,2925_29PyridineUracilpipi100_dim_S66x8"
S66Rel7_198,S66Rel7,0.001112334,"1,2924_29PyridineUracilpipi095_dim_S66x8,-1,2925_29PyridineUracilpipi100_dim_S66x8"
S66Rel7_199,S66Rel7,0.000294816,"1,2926_29PyridineUracilpipi105_dim_S66x8,-1,2925_29PyridineUracilpipi100_dim_S66x8"
S66Rel7_200,S66Rel7,0.001204763,"1,2927_29PyridineUracilpipi110_dim_S66x8,-1,2925_29PyridineUracilpipi100_dim_S66x8"
S66Rel7_201,S66Rel7,0.004434993,"1,2928_29PyridineUracilpipi125_dim_S66x8,-1,2925_29PyridineUracilpipi100_dim_S66x8"
S66Rel7_202,S66Rel7,0.007687533,"1,2929_29PyridineUracilpipi150_dim_S66x8,-1,2925_29PyridineUracilpipi100_dim_S66x8"
S66Rel7_203,S66Rel7,0.009636508,"1,2930_29PyridineUracilpipi200_dim_S66x8,-1,2925_29PyridineUracilpipi100_dim_S66x8"
S66Rel7_204,S66Rel7,0.001988815,"1,2931_30BenzeneEthene090_dim_S66x8,-1,2933_30BenzeneEthene100_dim_S66x8"
S66Rel7_205,S66Rel7,0.000525888,"1,2932_30BenzeneEthene095_dim_S66x8,-1,2933_30BenzeneEthene100_dim_S66x8"
S66Rel7_206,S66Rel7,-0.0000366528,"1,2934_30BenzeneEthene105_dim_S66x8,-1,2933_30BenzeneEthene100_dim_S66x8"
S66Rel7_207,S66Rel7,0.000154579,"1,2935_30BenzeneEthene110_dim_S66x8,-1,2933_30BenzeneEthene100_dim_S66x8"
S66Rel7_208,S66Rel7,0.000984846,"1,2936_30BenzeneEthene125_dim_S66x8,-1,2933_30BenzeneEthene100_dim_S66x8"
S66Rel7_209,S66Rel7,0.001768898,"1,2937_30BenzeneEthene150_dim_S66x8,-1,2933_30BenzeneEthene100_dim_S66x8"
S66Rel7_210,S66Rel7,0.002042997,"1,2938_30BenzeneEthene200_dim_S66x8,-1,2933_30BenzeneEthene100_dim_S66x8"
S66Rel7_211,S66Rel7,0.001372091,"1,2939_31UracilEthene090_dim_S66x8,-1,2941_31UracilEthene100_dim_S66x8"
S66Rel7_212,S66Rel7,0.000262944,"1,2940_31UracilEthene095_dim_S66x8,-1,2941_31UracilEthene100_dim_S66x8"
S66Rel7_213,S66Rel7,0.000191232,"1,2942_31UracilEthene105_dim_S66x8,-1,2941_31UracilEthene100_dim_S66x8"
S66Rel7_214,S66Rel7,0.000603975,"1,2943_31UracilEthene110_dim_S66x8,-1,2941_31UracilEthene100_dim_S66x8"
S66Rel7_215,S66Rel7,0.002084431,"1,2944_31UracilEthene125_dim_S66x8,-1,2941_31UracilEthene100_dim_S66x8"
S66Rel7_216,S66Rel7,0.003727434,"1,2945_31UracilEthene150_dim_S66x8,-1,2941_31UracilEthene100_dim_S66x8"
S66Rel7_217,S66Rel7,0.004790366,"1,2946_31UracilEthene200_dim_S66x8,-1,2941_31UracilEthene100_dim_S66x8"
S66Rel7_218,S66Rel7,0.001593601,"1,2947_32UracilEthyne090_dim_S66x8,-1,2949_32UracilEthyne100_dim_S66x8"
S66Rel7_219,S66Rel7,0.00031872,"1,2948_32UracilEthyne095_dim_S66x8,-1,2949_32UracilEthyne100_dim_S66x8"
S66Rel7_220,S66Rel7,0.000196013,"1,2950_32UracilEthyne105_dim_S66x8,-1,2949_32UracilEthyne100_dim_S66x8"
S66Rel7_221,S66Rel7,0.000643815,"1,2951_32UracilEthyne110_dim_S66x8,-1,2949_32UracilEthyne100_dim_S66x8"
S66Rel7_222,S66Rel7,0.002275663,"1,2952_32UracilEthyne125_dim_S66x8,-1,2949_32UracilEthyne100_dim_S66x8"
S66Rel7_223,S66Rel7,0.004103524,"1,2953_32UracilEthyne150_dim_S66x8,-1,2949_32UracilEthyne100_dim_S66x8"
S66Rel7_224,S66Rel7,0.005295538,"1,2954_32UracilEthyne200_dim_S66x8,-1,2949_32UracilEthyne100_dim_S66x8"
S66Rel7_225,S66Rel7,0.001678062,"1,2955_33PyridineEthene090_dim_S66x8,-1,2957_33PyridineEthene100_dim_S66x8"
S66Rel7_226,S66Rel7,0.000436647,"1,2956_33PyridineEthene095_dim_S66x8,-1,2957_33PyridineEthene100_dim_S66x8"
S66Rel7_227,S66Rel7,0.0000031872,"1,2958_33PyridineEthene105_dim_S66x8,-1,2957_33PyridineEthene100_dim_S66x8"
S66Rel7_228,S66Rel7,0.000223104,"1,2959_33PyridineEthene110_dim_S66x8,-1,2957_33PyridineEthene100_dim_S66x8"
S66Rel7_229,S66Rel7,0.001172891,"1,2960_33PyridineEthene125_dim_S66x8,-1,2957_33PyridineEthene100_dim_S66x8"
S66Rel7_230,S66Rel7,0.002184828,"1,2961_33PyridineEthene150_dim_S66x8,-1,2957_33PyridineEthene100_dim_S66x8"
S66Rel7_231,S66Rel7,0.002675657,"1,2962_33PyridineEthene200_dim_S66x8,-1,2957_33PyridineEthene100_dim_S66x8"
S66Rel7_232,S66Rel7,0.001477269,"1,2963_34PentanePentane090_dim_S66x8,-1,2965_34PentanePentane100_dim_S66x8"
S66Rel7_233,S66Rel7,0.000253383,"1,2964_34PentanePentane095_dim_S66x8,-1,2965_34PentanePentane100_dim_S66x8"
S66Rel7_234,S66Rel7,0.000248602,"1,2966_34PentanePentane105_dim_S66x8,-1,2965_34PentanePentane100_dim_S66x8"
S66Rel7_235,S66Rel7,0.000729869,"1,2967_34PentanePentane110_dim_S66x8,-1,2965_34PentanePentane100_dim_S66x8"
S66Rel7_236,S66Rel7,0.002409525,"1,2968_34PentanePentane125_dim_S66x8,-1,2965_34PentanePentane100_dim_S66x8"
S66Rel7_237,S66Rel7,0.004277226,"1,2969_34PentanePentane150_dim_S66x8,-1,2965_34PentanePentane100_dim_S66x8"
S66Rel7_238,S66Rel7,0.005513861,"1,2970_34PentanePentane200_dim_S66x8,-1,2965_34PentanePentane100_dim_S66x8"
S66Rel7_239,S66Rel7,0.00120795,"1,2971_35NeopentanePentane090_dim_S66x8,-1,2973_35NeopentanePentane100_dim_S66x8"
S66Rel7_240,S66Rel7,0.000191232,"1,2972_35NeopentanePentane095_dim_S66x8,-1,2973_35NeopentanePentane100_dim_S66x8"
S66Rel7_241,S66Rel7,0.000197607,"1,2974_35NeopentanePentane105_dim_S66x8,-1,2973_35NeopentanePentane100_dim_S66x8"
S66Rel7_242,S66Rel7,0.000560948,"1,2975_35NeopentanePentane110_dim_S66x8,-1,2973_35NeopentanePentane100_dim_S66x8"
S66Rel7_243,S66Rel7,0.001754555,"1,2976_35NeopentanePentane125_dim_S66x8,-1,2973_35NeopentanePentane100_dim_S66x8"
S66Rel7_244,S66Rel7,0.003011907,"1,2977_35NeopentanePentane150_dim_S66x8,-1,2973_35NeopentanePentane100_dim_S66x8"
S66Rel7_245,S66Rel7,0.003816675,"1,2978_35NeopentanePentane200_dim_S66x8,-1,2973_35NeopentanePentane100_dim_S66x8"
S66Rel7_246,S66Rel7,0.000505172,"1,2979_36NeopentaneNeopentane090_dim_S66x8,-1,2981_36NeopentaneNeopentane100_dim_S66x8"
S66Rel7_247,S66Rel7,0.0000589633,"1,2980_36NeopentaneNeopentane095_dim_S66x8,-1,2981_36NeopentaneNeopentane100_dim_S66x8"
S66Rel7_248,S66Rel7,0.000186451,"1,2982_36NeopentaneNeopentane105_dim_S66x8,-1,2981_36NeopentaneNeopentane100_dim_S66x8"
S66Rel7_249,S66Rel7,0.000382464,"1,2983_36NeopentaneNeopentane110_dim_S66x8,-1,2981_36NeopentaneNeopentane100_dim_S66x8"
S66Rel7_250,S66Rel7,0.001153767,"1,2984_36NeopentaneNeopentane125_dim_S66x8,-1,2981_36NeopentaneNeopentane100_dim_S66x8"
S66Rel7_251,S66Rel7,0.001984034,"1,2985_36NeopentaneNeopentane150_dim_S66x8,-1,2981_36NeopentaneNeopentane100_dim_S66x8"
S66Rel7_252,S66Rel7,0.002565698,"1,2986_36NeopentaneNeopentane200_dim_S66x8,-1,2981_36NeopentaneNeopentane100_dim_S66x8"
S66Rel7_253,S66Rel7,0.0012701,"1,2987_37CyclopentaneNeopentane090_dim_S66x8,-1,2989_37CyclopentaneNeopentane100_dim_S66x8"
S66Rel7_254,S66Rel7,0.000248602,"1,2988_37CyclopentaneNeopentane095_dim_S66x8,-1,2989_37CyclopentaneNeopentane100_dim_S66x8"
S66Rel7_255,S66Rel7,0.000124301,"1,2990_37CyclopentaneNeopentane105_dim_S66x8,-1,2989_37CyclopentaneNeopentane100_dim_S66x8"
S66Rel7_256,S66Rel7,0.000417524,"1,2991_37CyclopentaneNeopentane110_dim_S66x8,-1,2989_37CyclopentaneNeopentane100_dim_S66x8"
S66Rel7_257,S66Rel7,0.001472488,"1,2992_37CyclopentaneNeopentane125_dim_S66x8,-1,2989_37CyclopentaneNeopentane100_dim_S66x8"
S66Rel7_258,S66Rel7,0.002667689,"1,2993_37CyclopentaneNeopentane150_dim_S66x8,-1,2989_37CyclopentaneNeopentane100_dim_S66x8"
S66Rel7_259,S66Rel7,0.003480426,"1,2994_37CyclopentaneNeopentane200_dim_S66x8,-1,2989_37CyclopentaneNeopentane100_dim_S66x8"
S66Rel7_260,S66Rel7,0.00120795,"1,2995_38CyclopentaneCyclopentane090_dim_S66x8,-1,2997_38CyclopentaneCyclopentane100_dim_S66x8"
S66Rel7_261,S66Rel7,0.000248602,"1,2996_38CyclopentaneCyclopentane095_dim_S66x8,-1,2997_38CyclopentaneCyclopentane100_dim_S66x8"
S66Rel7_262,S66Rel7,0.000210355,"1,2998_38CyclopentaneCyclopentane105_dim_S66x8,-1,2997_38CyclopentaneCyclopentane100_dim_S66x8"
S66Rel7_263,S66Rel7,0.000626285,"1,2999_38CyclopentaneCyclopentane110_dim_S66x8,-1,2997_38CyclopentaneCyclopentane100_dim_S66x8"
S66Rel7_264,S66Rel7,0.002012719,"1,3000_38CyclopentaneCyclopentane125_dim_S66x8,-1,2997_38CyclopentaneCyclopentane100_dim_S66x8"
S66Rel7_265,S66Rel7,0.003467677,"1,3001_38CyclopentaneCyclopentane150_dim_S66x8,-1,2997_38CyclopentaneCyclopentane100_dim_S66x8"
S66Rel7_266,S66Rel7,0.004390372,"1,3002_38CyclopentaneCyclopentane200_dim_S66x8,-1,2997_38CyclopentaneCyclopentane100_dim_S66x8"
S66Rel7_267,S66Rel7,0.002341001,"1,3003_39BenzeneCyclopentane090_dim_S66x8,-1,3005_39BenzeneCyclopentane100_dim_S66x8"
S66Rel7_268,S66Rel7,0.000568916,"1,3004_39BenzeneCyclopentane095_dim_S66x8,-1,3005_39BenzeneCyclopentane100_dim_S66x8"
S66Rel7_269,S66Rel7,0.000117927,"1,3006_39BenzeneCyclopentane105_dim_S66x8,-1,3005_39BenzeneCyclopentane100_dim_S66x8"
S66Rel7_270,S66Rel7,0.000565729,"1,3007_39BenzeneCyclopentane110_dim_S66x8,-1,3005_39BenzeneCyclopentane100_dim_S66x8"
S66Rel7_271,S66Rel7,0.002250165,"1,3008_39BenzeneCyclopentane125_dim_S66x8,-1,3005_39BenzeneCyclopentane100_dim_S66x8"
S66Rel7_272,S66Rel7,0.004070058,"1,3009_39BenzeneCyclopentane150_dim_S66x8,-1,3005_39BenzeneCyclopentane100_dim_S66x8"
S66Rel7_273,S66Rel7,0.005177611,"1,3010_39BenzeneCyclopentane200_dim_S66x8,-1,3005_39BenzeneCyclopentane100_dim_S66x8"
S66Rel7_274,S66Rel7,0.001719496,"1,3011_40BenzeneNeopentane090_dim_S66x8,-1,3013_40BenzeneNeopentane100_dim_S66x8"
S66Rel7_275,S66Rel7,0.000385652,"1,3012_40BenzeneNeopentane095_dim_S66x8,-1,3013_40BenzeneNeopentane100_dim_S66x8"
S66Rel7_276,S66Rel7,0.000111552,"1,3014_40BenzeneNeopentane105_dim_S66x8,-1,3013_40BenzeneNeopentane100_dim_S66x8"
S66Rel7_277,S66Rel7,0.000460551,"1,3015_40BenzeneNeopentane110_dim_S66x8,-1,3013_40BenzeneNeopentane100_dim_S66x8"
S66Rel7_278,S66Rel7,0.001780053,"1,3016_40BenzeneNeopentane125_dim_S66x8,-1,3013_40BenzeneNeopentane100_dim_S66x8"
S66Rel7_279,S66Rel7,0.003233417,"1,3017_40BenzeneNeopentane150_dim_S66x8,-1,3013_40BenzeneNeopentane100_dim_S66x8"
S66Rel7_280,S66Rel7,0.004149738,"1,3018_40BenzeneNeopentane200_dim_S66x8,-1,3013_40BenzeneNeopentane100_dim_S66x8"
S66Rel7_281,S66Rel7,0.001665314,"1,3019_41UracilPentane090_dim_S66x8,-1,3021_41UracilPentane100_dim_S66x8"
S66Rel7_282,S66Rel7,0.000261351,"1,3020_41UracilPentane095_dim_S66x8,-1,3021_41UracilPentane100_dim_S66x8"
S66Rel7_283,S66Rel7,0.00035378,"1,3022_41UracilPentane105_dim_S66x8,-1,3021_41UracilPentane100_dim_S66x8"
S66Rel7_284,S66Rel7,0.001155361,"1,3023_41UracilPentane110_dim_S66x8,-1,3021_41UracilPentane100_dim_S66x8"
S66Rel7_285,S66Rel7,0.003700343,"1,3024_41UracilPentane125_dim_S66x8,-1,3021_41UracilPentane100_dim_S66x8"
S66Rel7_286,S66Rel7,0.005996722,"1,3025_41UracilPentane150_dim_S66x8,-1,3021_41UracilPentane100_dim_S66x8"
S66Rel7_287,S66Rel7,0.00719033,"1,3026_41UracilPentane200_dim_S66x8,-1,3021_41UracilPentane100_dim_S66x8"
S66Rel7_288,S66Rel7,0.00178324,"1,3027_42UracilCyclopentane090_dim_S66x8,-1,3029_42UracilCyclopentane100_dim_S66x8"
S66Rel7_289,S66Rel7,0.000291629,"1,3028_42UracilCyclopentane095_dim_S66x8,-1,3029_42UracilCyclopentane100_dim_S66x8"
S66Rel7_290,S66Rel7,0.000312346,"1,3030_42UracilCyclopentane105_dim_S66x8,-1,3029_42UracilCyclopentane100_dim_S66x8"
S66Rel7_291,S66Rel7,0.000892417,"1,3031_42UracilCyclopentane110_dim_S66x8,-1,3029_42UracilCyclopentane100_dim_S66x8"
S66Rel7_292,S66Rel7,0.002820675,"1,3032_42UracilCyclopentane125_dim_S66x8,-1,3029_42UracilCyclopentane100_dim_S66x8"
S66Rel7_293,S66Rel7,0.004811083,"1,3033_42UracilCyclopentane150_dim_S66x8,-1,3029_42UracilCyclopentane100_dim_S66x8"
S66Rel7_294,S66Rel7,0.006012658,"1,3034_42UracilCyclopentane200_dim_S66x8,-1,3029_42UracilCyclopentane100_dim_S66x8"
S66Rel7_295,S66Rel7,0.001365716,"1,3035_43UracilNeopentane090_dim_S66x8,-1,3037_43UracilNeopentane100_dim_S66x8"
S66Rel7_296,S66Rel7,0.000180077,"1,3036_43UracilNeopentane095_dim_S66x8,-1,3037_43UracilNeopentane100_dim_S66x8"
S66Rel7_297,S66Rel7,0.000315533,"1,3038_43UracilNeopentane105_dim_S66x8,-1,3037_43UracilNeopentane100_dim_S66x8"
S66Rel7_298,S66Rel7,0.000844609,"1,3039_43UracilNeopentane110_dim_S66x8,-1,3037_43UracilNeopentane100_dim_S66x8"
S66Rel7_299,S66Rel7,0.002549762,"1,3040_43UracilNeopentane125_dim_S66x8,-1,3037_43UracilNeopentane100_dim_S66x8"
S66Rel7_300,S66Rel7,0.004304317,"1,3041_43UracilNeopentane150_dim_S66x8,-1,3037_43UracilNeopentane100_dim_S66x8"
S66Rel7_301,S66Rel7,0.005392747,"1,3042_43UracilNeopentane200_dim_S66x8,-1,3037_43UracilNeopentane100_dim_S66x8"
S66Rel7_302,S66Rel7,0.000551386,"1,3043_44EthenePentane090_dim_S66x8,-1,3045_44EthenePentane100_dim_S66x8"
S66Rel7_303,S66Rel7,0.00003984,"1,3044_44EthenePentane095_dim_S66x8,-1,3045_44EthenePentane100_dim_S66x8"
S66Rel7_304,S66Rel7,0.000192826,"1,3046_44EthenePentane105_dim_S66x8,-1,3045_44EthenePentane100_dim_S66x8"
S66Rel7_305,S66Rel7,0.000484455,"1,3047_44EthenePentane110_dim_S66x8,-1,3045_44EthenePentane100_dim_S66x8"
S66Rel7_306,S66Rel7,0.001392808,"1,3048_44EthenePentane125_dim_S66x8,-1,3045_44EthenePentane100_dim_S66x8"
S66Rel7_307,S66Rel7,0.002329845,"1,3049_44EthenePentane150_dim_S66x8,-1,3045_44EthenePentane100_dim_S66x8"
S66Rel7_308,S66Rel7,0.002909916,"1,3050_44EthenePentane200_dim_S66x8,-1,3045_44EthenePentane100_dim_S66x8"
S66Rel7_309,S66Rel7,0.001042215,"1,3051_45EthynePentane090_dim_S66x8,-1,3053_45EthynePentane100_dim_S66x8"
S66Rel7_310,S66Rel7,0.00021673,"1,3052_45EthynePentane095_dim_S66x8,-1,3053_45EthynePentane100_dim_S66x8"
S66Rel7_311,S66Rel7,0.0000908353,"1,3054_45EthynePentane105_dim_S66x8,-1,3053_45EthynePentane100_dim_S66x8"
S66Rel7_312,S66Rel7,0.000321907,"1,3055_45EthynePentane110_dim_S66x8,-1,3053_45EthynePentane100_dim_S66x8"
S66Rel7_313,S66Rel7,0.001137831,"1,3056_45EthynePentane125_dim_S66x8,-1,3053_45EthynePentane100_dim_S66x8"
S66Rel7_314,S66Rel7,0.001985627,"1,3057_45EthynePentane150_dim_S66x8,-1,3053_45EthynePentane100_dim_S66x8"
S66Rel7_315,S66Rel7,0.002476457,"1,3058_45EthynePentane200_dim_S66x8,-1,3053_45EthynePentane100_dim_S66x8"
S66Rel7_316,S66Rel7,0.000807956,"1,3059_46PeptidePentane090_dim_S66x8,-1,3061_46PeptidePentane100_dim_S66x8"
S66Rel7_317,S66Rel7,0.0000748993,"1,3060_46PeptidePentane095_dim_S66x8,-1,3061_46PeptidePentane100_dim_S66x8"
S66Rel7_318,S66Rel7,0.000299597,"1,3062_46PeptidePentane105_dim_S66x8,-1,3061_46PeptidePentane100_dim_S66x8"
S66Rel7_319,S66Rel7,0.00079202,"1,3063_46PeptidePentane110_dim_S66x8,-1,3061_46PeptidePentane100_dim_S66x8"
S66Rel7_320,S66Rel7,0.002511516,"1,3064_46PeptidePentane125_dim_S66x8,-1,3061_46PeptidePentane100_dim_S66x8"
S66Rel7_321,S66Rel7,0.004764868,"1,3065_46PeptidePentane150_dim_S66x8,-1,3061_46PeptidePentane100_dim_S66x8"
S66Rel7_322,S66Rel7,0.006183174,"1,3066_46PeptidePentane200_dim_S66x8,-1,3061_46PeptidePentane100_dim_S66x8"
S66Rel7_323,S66Rel7,0.00202228,"1,3067_47BenzeneBenzeneTS090_dim_S66x8,-1,3069_47BenzeneBenzeneTS100_dim_S66x8"
S66Rel7_324,S66Rel7,0.000494016,"1,3068_47BenzeneBenzeneTS095_dim_S66x8,-1,3069_47BenzeneBenzeneTS100_dim_S66x8"
S66Rel7_325,S66Rel7,0.0000494016,"1,3070_47BenzeneBenzeneTS105_dim_S66x8,-1,3069_47BenzeneBenzeneTS100_dim_S66x8"
S66Rel7_326,S66Rel7,0.000360154,"1,3071_47BenzeneBenzeneTS110_dim_S66x8,-1,3069_47BenzeneBenzeneTS100_dim_S66x8"
S66Rel7_327,S66Rel7,0.001638222,"1,3072_47BenzeneBenzeneTS125_dim_S66x8,-1,3069_47BenzeneBenzeneTS100_dim_S66x8"
S66Rel7_328,S66Rel7,0.003097961,"1,3073_47BenzeneBenzeneTS150_dim_S66x8,-1,3069_47BenzeneBenzeneTS100_dim_S66x8"
S66Rel7_329,S66Rel7,0.004047748,"1,3074_47BenzeneBenzeneTS200_dim_S66x8,-1,3069_47BenzeneBenzeneTS100_dim_S66x8"
S66Rel7_330,S66Rel7,0.001654158,"1,3075_48PyridinePyridineTS090_dim_S66x8,-1,3077_48PyridinePyridineTS100_dim_S66x8"
S66Rel7_331,S66Rel7,0.000384058,"1,3076_48PyridinePyridineTS095_dim_S66x8,-1,3077_48PyridinePyridineTS100_dim_S66x8"
S66Rel7_332,S66Rel7,0.000103584,"1,3078_48PyridinePyridineTS105_dim_S66x8,-1,3077_48PyridinePyridineTS100_dim_S66x8"
S66Rel7_333,S66Rel7,0.00045577,"1,3079_48PyridinePyridineTS110_dim_S66x8,-1,3077_48PyridinePyridineTS100_dim_S66x8"
S66Rel7_334,S66Rel7,0.001882043,"1,3080_48PyridinePyridineTS125_dim_S66x8,-1,3077_48PyridinePyridineTS100_dim_S66x8"
S66Rel7_335,S66Rel7,0.003620662,"1,3081_48PyridinePyridineTS150_dim_S66x8,-1,3077_48PyridinePyridineTS100_dim_S66x8"
S66Rel7_336,S66Rel7,0.004892356,"1,3082_48PyridinePyridineTS200_dim_S66x8,-1,3077_48PyridinePyridineTS100_dim_S66x8"
S66Rel7_337,S66Rel7,0.002041403,"1,3083_49BenzenePyridineTS090_dim_S66x8,-1,3085_49BenzenePyridineTS100_dim_S66x8"
S66Rel7_338,S66Rel7,0.000484455,"1,3084_49BenzenePyridineTS095_dim_S66x8,-1,3085_49BenzenePyridineTS100_dim_S66x8"
S66Rel7_339,S66Rel7,0.0000796801,"1,3086_49BenzenePyridineTS105_dim_S66x8,-1,3085_49BenzenePyridineTS100_dim_S66x8"
S66Rel7_340,S66Rel7,0.000431866,"1,3087_49BenzenePyridineTS110_dim_S66x8,-1,3085_49BenzenePyridineTS100_dim_S66x8"
S66Rel7_341,S66Rel7,0.00184539,"1,3088_49BenzenePyridineTS125_dim_S66x8,-1,3085_49BenzenePyridineTS100_dim_S66x8"
S66Rel7_342,S66Rel7,0.003480426,"1,3089_49BenzenePyridineTS150_dim_S66x8,-1,3085_49BenzenePyridineTS100_dim_S66x8"
S66Rel7_343,S66Rel7,0.004611883,"1,3090_49BenzenePyridineTS200_dim_S66x8,-1,3085_49BenzenePyridineTS100_dim_S66x8"
S66Rel7_344,S66Rel7,0.00162388,"1,3091_50BenzeneEthyneCHpi090_dim_S66x8,-1,3093_50BenzeneEthyneCHpi100_dim_S66x8"
S66Rel7_345,S66Rel7,0.000366528,"1,3092_50BenzeneEthyneCHpi095_dim_S66x8,-1,3093_50BenzeneEthyneCHpi100_dim_S66x8"
S66Rel7_346,S66Rel7,0.000100397,"1,3094_50BenzeneEthyneCHpi105_dim_S66x8,-1,3093_50BenzeneEthyneCHpi100_dim_S66x8"
S66Rel7_347,S66Rel7,0.000422304,"1,3095_50BenzeneEthyneCHpi110_dim_S66x8,-1,3093_50BenzeneEthyneCHpi100_dim_S66x8"
S66Rel7_348,S66Rel7,0.001654158,"1,3096_50BenzeneEthyneCHpi125_dim_S66x8,-1,3093_50BenzeneEthyneCHpi100_dim_S66x8"
S66Rel7_349,S66Rel7,0.003059715,"1,3097_50BenzeneEthyneCHpi150_dim_S66x8,-1,3093_50BenzeneEthyneCHpi100_dim_S66x8"
S66Rel7_350,S66Rel7,0.00404456,"1,3098_50BenzeneEthyneCHpi200_dim_S66x8,-1,3093_50BenzeneEthyneCHpi100_dim_S66x8"
S66Rel7_351,S66Rel7,0.000508359,"1,3099_51EthyneEthyneTS090_dim_S66x8,-1,3101_51EthyneEthyneTS100_dim_S66x8"
S66Rel7_352,S66Rel7,0.0000876481,"1,3100_51EthyneEthyneTS095_dim_S66x8,-1,3101_51EthyneEthyneTS100_dim_S66x8"
S66Rel7_353,S66Rel7,0.0000924289,"1,3102_51EthyneEthyneTS105_dim_S66x8,-1,3101_51EthyneEthyneTS100_dim_S66x8"
S66Rel7_354,S66Rel7,0.000272506,"1,3103_51EthyneEthyneTS110_dim_S66x8,-1,3101_51EthyneEthyneTS100_dim_S66x8"
S66Rel7_355,S66Rel7,0.000917914,"1,3104_51EthyneEthyneTS125_dim_S66x8,-1,3101_51EthyneEthyneTS100_dim_S66x8"
S66Rel7_356,S66Rel7,0.001652565,"1,3105_51EthyneEthyneTS150_dim_S66x8,-1,3101_51EthyneEthyneTS100_dim_S66x8"
S66Rel7_357,S66Rel7,0.00215933,"1,3106_51EthyneEthyneTS200_dim_S66x8,-1,3101_51EthyneEthyneTS100_dim_S66x8"
S66Rel7_358,S66Rel7,0.00119042,"1,3107_52BenzeneAcOHOHpi090_dim_S66x8,-1,3109_52BenzeneAcOHOHpi100_dim_S66x8"
S66Rel7_359,S66Rel7,0.000207168,"1,3108_52BenzeneAcOHOHpi095_dim_S66x8,-1,3109_52BenzeneAcOHOHpi100_dim_S66x8"
S66Rel7_360,S66Rel7,0.000234259,"1,3110_52BenzeneAcOHOHpi105_dim_S66x8,-1,3109_52BenzeneAcOHOHpi100_dim_S66x8"
S66Rel7_361,S66Rel7,0.000704372,"1,3111_52BenzeneAcOHOHpi110_dim_S66x8,-1,3109_52BenzeneAcOHOHpi100_dim_S66x8"
S66Rel7_362,S66Rel7,0.002466895,"1,3112_52BenzeneAcOHOHpi125_dim_S66x8,-1,3109_52BenzeneAcOHOHpi100_dim_S66x8"
S66Rel7_363,S66Rel7,0.004713873,"1,3113_52BenzeneAcOHOHpi150_dim_S66x8,-1,3109_52BenzeneAcOHOHpi100_dim_S66x8"
S66Rel7_364,S66Rel7,0.006535359,"1,3114_52BenzeneAcOHOHpi200_dim_S66x8,-1,3109_52BenzeneAcOHOHpi100_dim_S66x8"
S66Rel7_365,S66Rel7,0.000901978,"1,3115_53BenzeneAcNH2NHpi090_dim_S66x8,-1,3117_53BenzeneAcNH2NHpi100_dim_S66x8"
S66Rel7_366,S66Rel7,0.000146611,"1,3116_53BenzeneAcNH2NHpi095_dim_S66x8,-1,3117_53BenzeneAcNH2NHpi100_dim_S66x8"
S66Rel7_367,S66Rel7,0.000211949,"1,3118_53BenzeneAcNH2NHpi105_dim_S66x8,-1,3117_53BenzeneAcNH2NHpi100_dim_S66x8"
S66Rel7_368,S66Rel7,0.000619911,"1,3119_53BenzeneAcNH2NHpi110_dim_S66x8,-1,3117_53BenzeneAcNH2NHpi100_dim_S66x8"
S66Rel7_369,S66Rel7,0.002189608,"1,3120_53BenzeneAcNH2NHpi125_dim_S66x8,-1,3117_53BenzeneAcNH2NHpi100_dim_S66x8"
S66Rel7_370,S66Rel7,0.004291569,"1,3121_53BenzeneAcNH2NHpi150_dim_S66x8,-1,3117_53BenzeneAcNH2NHpi100_dim_S66x8"
S66Rel7_371,S66Rel7,0.006140146,"1,3122_53BenzeneAcNH2NHpi200_dim_S66x8,-1,3117_53BenzeneAcNH2NHpi100_dim_S66x8"
S66Rel7_372,S66Rel7,0.000763335,"1,3123_54BenzeneWaterOHpi090_dim_S66x8,-1,3125_54BenzeneWaterOHpi100_dim_S66x8"
S66Rel7_373,S66Rel7,0.000100397,"1,3124_54BenzeneWaterOHpi095_dim_S66x8,-1,3125_54BenzeneWaterOHpi100_dim_S66x8"
S66Rel7_374,S66Rel7,0.000207168,"1,3126_54BenzeneWaterOHpi105_dim_S66x8,-1,3125_54BenzeneWaterOHpi100_dim_S66x8"
S66Rel7_375,S66Rel7,0.000564135,"1,3127_54BenzeneWaterOHpi110_dim_S66x8,-1,3125_54BenzeneWaterOHpi100_dim_S66x8"
S66Rel7_376,S66Rel7,0.001808738,"1,3128_54BenzeneWaterOHpi125_dim_S66x8,-1,3125_54BenzeneWaterOHpi100_dim_S66x8"
S66Rel7_377,S66Rel7,0.003298755,"1,3129_54BenzeneWaterOHpi150_dim_S66x8,-1,3125_54BenzeneWaterOHpi100_dim_S66x8"
S66Rel7_378,S66Rel7,0.004473239,"1,3130_54BenzeneWaterOHpi200_dim_S66x8,-1,3125_54BenzeneWaterOHpi100_dim_S66x8"
S66Rel7_379,S66Rel7,0.001223886,"1,3131_55BenzeneMeOHOHpi090_dim_S66x8,-1,3133_55BenzeneMeOHOHpi100_dim_S66x8"
S66Rel7_380,S66Rel7,0.000248602,"1,3132_55BenzeneMeOHOHpi095_dim_S66x8,-1,3133_55BenzeneMeOHOHpi100_dim_S66x8"
S66Rel7_381,S66Rel7,0.000172109,"1,3134_55BenzeneMeOHOHpi105_dim_S66x8,-1,3133_55BenzeneMeOHOHpi100_dim_S66x8"
S66Rel7_382,S66Rel7,0.000568916,"1,3135_55BenzeneMeOHOHpi110_dim_S66x8,-1,3133_55BenzeneMeOHOHpi100_dim_S66x8"
S66Rel7_383,S66Rel7,0.002122677,"1,3136_55BenzeneMeOHOHpi125_dim_S66x8,-1,3133_55BenzeneMeOHOHpi100_dim_S66x8"
S66Rel7_384,S66Rel7,0.004114679,"1,3137_55BenzeneMeOHOHpi150_dim_S66x8,-1,3133_55BenzeneMeOHOHpi100_dim_S66x8"
S66Rel7_385,S66Rel7,0.005717842,"1,3138_55BenzeneMeOHOHpi200_dim_S66x8,-1,3133_55BenzeneMeOHOHpi100_dim_S66x8"
S66Rel7_386,S66Rel7,0.00120795,"1,3139_56BenzeneMeNH2NHpi090_dim_S66x8,-1,3141_56BenzeneMeNH2NHpi100_dim_S66x8"
S66Rel7_387,S66Rel7,0.000258163,"1,3140_56BenzeneMeNH2NHpi095_dim_S66x8,-1,3141_56BenzeneMeNH2NHpi100_dim_S66x8"
S66Rel7_388,S66Rel7,0.000151392,"1,3142_56BenzeneMeNH2NHpi105_dim_S66x8,-1,3141_56BenzeneMeNH2NHpi100_dim_S66x8"
S66Rel7_389,S66Rel7,0.00053545,"1,3143_56BenzeneMeNH2NHpi110_dim_S66x8,-1,3141_56BenzeneMeNH2NHpi100_dim_S66x8"
S66Rel7_390,S66Rel7,0.001939413,"1,3144_56BenzeneMeNH2NHpi125_dim_S66x8,-1,3141_56BenzeneMeNH2NHpi100_dim_S66x8"
S66Rel7_391,S66Rel7,0.003515485,"1,3145_56BenzeneMeNH2NHpi150_dim_S66x8,-1,3141_56BenzeneMeNH2NHpi100_dim_S66x8"
S66Rel7_392,S66Rel7,0.004587979,"1,3146_56BenzeneMeNH2NHpi200_dim_S66x8,-1,3141_56BenzeneMeNH2NHpi100_dim_S66x8"
S66Rel7_393,S66Rel7,0.002519484,"1,3147_57BenzenePeptideNHpi090_dim_S66x8,-1,3149_57BenzenePeptideNHpi100_dim_S66x8"
S66Rel7_394,S66Rel7,0.000554573,"1,3148_57BenzenePeptideNHpi095_dim_S66x8,-1,3149_57BenzenePeptideNHpi100_dim_S66x8"
S66Rel7_395,S66Rel7,0.000186451,"1,3150_57BenzenePeptideNHpi105_dim_S66x8,-1,3149_57BenzenePeptideNHpi100_dim_S66x8"
S66Rel7_396,S66Rel7,0.00073465,"1,3151_57BenzenePeptideNHpi110_dim_S66x8,-1,3149_57BenzenePeptideNHpi100_dim_S66x8"
S66Rel7_397,S66Rel7,0.002855734,"1,3152_57BenzenePeptideNHpi125_dim_S66x8,-1,3149_57BenzenePeptideNHpi100_dim_S66x8"
S66Rel7_398,S66Rel7,0.005381592,"1,3153_57BenzenePeptideNHpi150_dim_S66x8,-1,3149_57BenzenePeptideNHpi100_dim_S66x8"
S66Rel7_399,S66Rel7,0.007262042,"1,3154_57BenzenePeptideNHpi200_dim_S66x8,-1,3149_57BenzenePeptideNHpi100_dim_S66x8"
S66Rel7_400,S66Rel7,0.002042997,"1,3155_58PyridinePyridineCHN090_dim_S66x8,-1,3157_58PyridinePyridineCHN100_dim_S66x8"
S66Rel7_401,S66Rel7,0.0004733,"1,3156_58PyridinePyridineCHN095_dim_S66x8,-1,3157_58PyridinePyridineCHN100_dim_S66x8"
S66Rel7_402,S66Rel7,0.000439834,"1,3158_58PyridinePyridineCHN105_dim_S66x8,-1,3157_58PyridinePyridineCHN100_dim_S66x8"
S66Rel7_403,S66Rel7,0.001153767,"1,3159_58PyridinePyridineCHN110_dim_S66x8,-1,3157_58PyridinePyridineCHN100_dim_S66x8"
S66Rel7_404,S66Rel7,0.003176048,"1,3160_58PyridinePyridineCHN125_dim_S66x8,-1,3157_58PyridinePyridineCHN100_dim_S66x8"
S66Rel7_405,S66Rel7,0.005037374,"1,3161_58PyridinePyridineCHN150_dim_S66x8,-1,3157_58PyridinePyridineCHN100_dim_S66x8"
S66Rel7_406,S66Rel7,0.006202297,"1,3162_58PyridinePyridineCHN200_dim_S66x8,-1,3157_58PyridinePyridineCHN100_dim_S66x8"
S66Rel7_407,S66Rel7,0.000470112,"1,3163_59EthyneWaterCHO090_dim_S66x8,-1,3165_59EthyneWaterCHO100_dim_S66x8"
S66Rel7_408,S66Rel7,0.0000541824,"1,3164_59EthyneWaterCHO095_dim_S66x8,-1,3165_59EthyneWaterCHO100_dim_S66x8"
S66Rel7_409,S66Rel7,0.00015936,"1,3166_59EthyneWaterCHO105_dim_S66x8,-1,3165_59EthyneWaterCHO100_dim_S66x8"
S66Rel7_410,S66Rel7,0.000431866,"1,3167_59EthyneWaterCHO110_dim_S66x8,-1,3165_59EthyneWaterCHO100_dim_S66x8"
S66Rel7_411,S66Rel7,0.001434241,"1,3168_59EthyneWaterCHO125_dim_S66x8,-1,3165_59EthyneWaterCHO100_dim_S66x8"
S66Rel7_412,S66Rel7,0.002742588,"1,3169_59EthyneWaterCHO150_dim_S66x8,-1,3165_59EthyneWaterCHO100_dim_S66x8"
S66Rel7_413,S66Rel7,0.0038852,"1,3170_59EthyneWaterCHO200_dim_S66x8,-1,3165_59EthyneWaterCHO100_dim_S66x8"
S66Rel7_414,S66Rel7,0.000873294,"1,3171_60EthyneAcOHOHpi090_dim_S66x8,-1,3173_60EthyneAcOHOHpi100_dim_S66x8"
S66Rel7_415,S66Rel7,0.000106771,"1,3172_60EthyneAcOHOHpi095_dim_S66x8,-1,3173_60EthyneAcOHOHpi100_dim_S66x8"
S66Rel7_416,S66Rel7,0.00027888,"1,3174_60EthyneAcOHOHpi105_dim_S66x8,-1,3173_60EthyneAcOHOHpi100_dim_S66x8"
S66Rel7_417,S66Rel7,0.000769709,"1,3175_60EthyneAcOHOHpi110_dim_S66x8,-1,3173_60EthyneAcOHOHpi100_dim_S66x8"
S66Rel7_418,S66Rel7,0.002581634,"1,3176_60EthyneAcOHOHpi125_dim_S66x8,-1,3173_60EthyneAcOHOHpi100_dim_S66x8"
S66Rel7_419,S66Rel7,0.004930603,"1,3177_60EthyneAcOHOHpi150_dim_S66x8,-1,3173_60EthyneAcOHOHpi100_dim_S66x8"
S66Rel7_420,S66Rel7,0.006849299,"1,3178_60EthyneAcOHOHpi200_dim_S66x8,-1,3173_60EthyneAcOHOHpi100_dim_S66x8"
S66Rel7_421,S66Rel7,0.000304378,"1,3179_61PentaneAcOH090_dim_S66x8,-1,3181_61PentaneAcOH100_dim_S66x8"
S66Rel7_422,S66Rel7,-0.000023904,"1,3180_61PentaneAcOH095_dim_S66x8,-1,3181_61PentaneAcOH100_dim_S66x8"
S66Rel7_423,S66Rel7,0.000227885,"1,3182_61PentaneAcOH105_dim_S66x8,-1,3181_61PentaneAcOH100_dim_S66x8"
S66Rel7_424,S66Rel7,0.000562541,"1,3183_61PentaneAcOH110_dim_S66x8,-1,3181_61PentaneAcOH100_dim_S66x8"
S66Rel7_425,S66Rel7,0.001693998,"1,3184_61PentaneAcOH125_dim_S66x8,-1,3181_61PentaneAcOH100_dim_S66x8"
S66Rel7_426,S66Rel7,0.003262102,"1,3185_61PentaneAcOH150_dim_S66x8,-1,3181_61PentaneAcOH100_dim_S66x8"
S66Rel7_427,S66Rel7,0.004229418,"1,3186_61PentaneAcOH200_dim_S66x8,-1,3181_61PentaneAcOH100_dim_S66x8"
S66Rel7_428,S66Rel7,0.000578477,"1,3187_62PentaneAcNH2090_dim_S66x8,-1,3189_62PentaneAcNH2100_dim_S66x8"
S66Rel7_429,S66Rel7,0.0000175296,"1,3188_62PentaneAcNH2095_dim_S66x8,-1,3189_62PentaneAcNH2100_dim_S66x8"
S66Rel7_430,S66Rel7,0.000283661,"1,3190_62PentaneAcNH2105_dim_S66x8,-1,3189_62PentaneAcNH2100_dim_S66x8"
S66Rel7_431,S66Rel7,0.000715527,"1,3191_62PentaneAcNH2110_dim_S66x8,-1,3189_62PentaneAcNH2100_dim_S66x8"
S66Rel7_432,S66Rel7,0.002165704,"1,3192_62PentaneAcNH2125_dim_S66x8,-1,3189_62PentaneAcNH2100_dim_S66x8"
S66Rel7_433,S66Rel7,0.003843767,"1,3193_62PentaneAcNH2150_dim_S66x8,-1,3189_62PentaneAcNH2100_dim_S66x8"
S66Rel7_434,S66Rel7,0.005050123,"1,3194_62PentaneAcNH2200_dim_S66x8,-1,3189_62PentaneAcNH2100_dim_S66x8"
S66Rel7_435,S66Rel7,0.001791208,"1,3195_63BenzeneAcOH090_dim_S66x8,-1,3197_63BenzeneAcOH100_dim_S66x8"
S66Rel7_436,S66Rel7,0.000361748,"1,3196_63BenzeneAcOH095_dim_S66x8,-1,3197_63BenzeneAcOH100_dim_S66x8"
S66Rel7_437,S66Rel7,0.0001992,"1,3198_63BenzeneAcOH105_dim_S66x8,-1,3197_63BenzeneAcOH100_dim_S66x8"
S66Rel7_438,S66Rel7,0.000666125,"1,3199_63BenzeneAcOH110_dim_S66x8,-1,3197_63BenzeneAcOH100_dim_S66x8"
S66Rel7_439,S66Rel7,0.002352156,"1,3200_63BenzeneAcOH125_dim_S66x8,-1,3197_63BenzeneAcOH100_dim_S66x8"
S66Rel7_440,S66Rel7,0.004245354,"1,3201_63BenzeneAcOH150_dim_S66x8,-1,3197_63BenzeneAcOH100_dim_S66x8"
S66Rel7_441,S66Rel7,0.005437368,"1,3202_63BenzeneAcOH200_dim_S66x8,-1,3197_63BenzeneAcOH100_dim_S66x8"
S66Rel7_442,S66Rel7,0.000639034,"1,3203_64PeptideEthene090_dim_S66x8,-1,3205_64PeptideEthene100_dim_S66x8"
S66Rel7_443,S66Rel7,0.0000748993,"1,3204_64PeptideEthene095_dim_S66x8,-1,3205_64PeptideEthene100_dim_S66x8"
S66Rel7_444,S66Rel7,0.000202387,"1,3206_64PeptideEthene105_dim_S66x8,-1,3205_64PeptideEthene100_dim_S66x8"
S66Rel7_445,S66Rel7,0.000546605,"1,3207_64PeptideEthene110_dim_S66x8,-1,3205_64PeptideEthene100_dim_S66x8"
S66Rel7_446,S66Rel7,0.001752962,"1,3208_64PeptideEthene125_dim_S66x8,-1,3205_64PeptideEthene100_dim_S66x8"
S66Rel7_447,S66Rel7,0.003284413,"1,3209_64PeptideEthene150_dim_S66x8,-1,3205_64PeptideEthene100_dim_S66x8"
S66Rel7_448,S66Rel7,0.004366468,"1,3210_64PeptideEthene200_dim_S66x8,-1,3205_64PeptideEthene100_dim_S66x8"
S66Rel7_449,S66Rel7,0.000645409,"1,3211_65PyridineEthyne090_dim_S66x8,-1,3213_65PyridineEthyne100_dim_S66x8"
S66Rel7_450,S66Rel7,0.0000924289,"1,3212_65PyridineEthyne095_dim_S66x8,-1,3213_65PyridineEthyne100_dim_S66x8"
S66Rel7_451,S66Rel7,0.000191232,"1,3214_65PyridineEthyne105_dim_S66x8,-1,3213_65PyridineEthyne100_dim_S66x8"
S66Rel7_452,S66Rel7,0.000545012,"1,3215_65PyridineEthyne110_dim_S66x8,-1,3213_65PyridineEthyne100_dim_S66x8"
S66Rel7_453,S66Rel7,0.001912322,"1,3216_65PyridineEthyne125_dim_S66x8,-1,3213_65PyridineEthyne100_dim_S66x8"
S66Rel7_454,S66Rel7,0.003803927,"1,3217_65PyridineEthyne150_dim_S66x8,-1,3213_65PyridineEthyne100_dim_S66x8"
S66Rel7_455,S66Rel7,0.005494738,"1,3218_65PyridineEthyne200_dim_S66x8,-1,3213_65PyridineEthyne100_dim_S66x8"
S66Rel7_456,S66Rel7,0.00084939,"1,3219_66MeNH2Pyridine090_dim_S66x8,-1,3221_66MeNH2Pyridine100_dim_S66x8"
S66Rel7_457,S66Rel7,0.000154579,"1,3220_66MeNH2Pyridine095_dim_S66x8,-1,3221_66MeNH2Pyridine100_dim_S66x8"
S66Rel7_458,S66Rel7,0.000173703,"1,3222_66MeNH2Pyridine105_dim_S66x8,-1,3221_66MeNH2Pyridine100_dim_S66x8"
S66Rel7_459,S66Rel7,0.000530669,"1,3223_66MeNH2Pyridine110_dim_S66x8,-1,3221_66MeNH2Pyridine100_dim_S66x8"
S66Rel7_460,S66Rel7,0.001937819,"1,3224_66MeNH2Pyridine125_dim_S66x8,-1,3221_66MeNH2Pyridine100_dim_S66x8"
S66Rel7_461,S66Rel7,0.003832611,"1,3225_66MeNH2Pyridine150_dim_S66x8,-1,3221_66MeNH2Pyridine100_dim_S66x8"
S66Rel7_462,S66Rel7,0.005423026,"1,3226_66MeNH2Pyridine200_dim_S66x8,-1,3221_66MeNH2Pyridine100_dim_S66x8"
SCONF_1,SCONF,0.001370498,"-1,SCONF_C1,1,SCONF_C2"
SCONF_2,SCONF,0.003633414,"-1,SCONF_C1,1,SCONF_C3"
SCONF_3,SCONF,0.004908296,"-1,SCONF_C1,1,SCONF_C4"
SCONF_4,SCONF,0.007330572,"-1,SCONF_C1,1,SCONF_C5"
SCONF_5,SCONF,0.007760845,"-1,SCONF_C1,1,SCONF_C6"
SCONF_6,SCONF,0.006629387,"-1,SCONF_C1,1,SCONF_C7"
SCONF_7,SCONF,0.00697998,"-1,SCONF_C1,1,SCONF_C8"
SCONF_8,SCONF,0.0098644,"-1,SCONF_C1,1,SCONF_C9"
SCONF_9,SCONF,0.009848464,"-1,SCONF_C1,1,SCONF_C10"
SCONF_10,SCONF,0.009003855,"-1,SCONF_C1,1,SCONF_C11"
SCONF_11,SCONF,0.008908239,"-1,SCONF_C1,1,SCONF_C12"
SCONF_12,SCONF,0.009450064,"-1,SCONF_C1,1,SCONF_C13"
SCONF_13,SCONF,0.010055633,"-1,SCONF_C1,1,SCONF_C14"
SCONF_14,SCONF,0.009912208,"-1,SCONF_C1,1,SCONF_C15"
SCONF_15,SCONF,0.000318721,"-1,SCONF_G1,1,SCONF_G2"
SCONF_16,SCONF,0.009816592,"-1,SCONF_G1,1,SCONF_G3"
SCONF_17,SCONF,0.008828559,"-1,SCONF_G1,1,SCONF_G4"
SIE4x4_1,SIE4x4,0.10262801,"1,SIE4x4_h,-1,SIE4x4_h2+_1_0"
SIE4x4_2,SIE4x4,0.093863196,"1,SIE4x4_h,-1,SIE4x4_h2+_1_25"
SIE4x4_3,SIE4x4,0.077608449,"1,SIE4x4_h,-1,SIE4x4_h2+_1_5"
SIE4x4_4,SIE4x4,0.061034981,"1,SIE4x4_h,-1,SIE4x4_h2+_1_75"
SIE4x4_5,SIE4x4,0.09067599,"1,SIE4x4_he,1,SIE4x4_he+,-1,SIE4x4_he2+_1_0"
SIE4x4_6,SIE4x4,0.074739964,"1,SIE4x4_he,1,SIE4x4_he+,-1,SIE4x4_he2+_1_25"
SIE4x4_7,SIE4x4,0.049879763,"1,SIE4x4_he,1,SIE4x4_he+,-1,SIE4x4_he2+_1_5"
SIE4x4_8,SIE4x4,0.03043781,"1,SIE4x4_he,1,SIE4x4_he+,-1,SIE4x4_he2+_1_75"
SIE4x4_9,SIE4x4,0.057210335,"1,SIE4x4_nh3,1,SIE4x4_nh3+,-1,SIE4x4_nh32+_1_0"
SIE4x4_10,SIE4x4,0.041274308,"1,SIE4x4_nh3,1,SIE4x4_nh3+,-1,SIE4x4_nh32+_1_25"
SIE4x4_11,SIE4x4,0.021354275,"1,SIE4x4_nh3,1,SIE4x4_nh3+,-1,SIE4x4_nh32+_1_5"
SIE4x4_12,SIE4x4,0.007808653,"1,SIE4x4_nh3,1,SIE4x4_nh3+,-1,SIE4x4_nh32+_1_75"
SIE4x4_13,SIE4x4,0.063266025,"1,SIE4x4_h2o,1,SIE4x4_h2o+,-1,SIE4x4_h2o2+_1_0"
SIE4x4_14,SIE4x4,0.046373837,"1,SIE4x4_h2o,1,SIE4x4_h2o+,-1,SIE4x4_h2o2+_1_25"
SIE4x4_15,SIE4x4,0.026931885,"1,SIE4x4_h2o,1,SIE4x4_h2o+,-1,SIE4x4_h2o2+_1_5"
SIE4x4_16,SIE4x4,0.014820505,"1,SIE4x4_h2o,1,SIE4x4_h2o+,-1,SIE4x4_h2o2+_1_75"
SN13_1,SN13,-0.004047747,"1,W4-17_ch3f,1,W4-17_h,-1,W4-17_f,-1,W4-17_ch4"
SN13_2,SN13,-0.023441876,"1,W4-17_ch2f2,1,W4-17_h,-1,W4-17_f,-1,W4-17_ch3f"
SN13_3,SN13,-0.028286424,"1,W4-17_ch3f,1,W4-17_ch3,-1,W4-17_f,-1,W4-17_c2h6"
SN13_4,SN13,-0.038310177,"1,W4-17_ch2f2,1,W4-17_ch3,-1,W4-17_f,-1,W4-17_c2h5f"
SN13_5,SN13,-0.034198685,"1,W4-17_c2h5f,1,W4-17_ch3,-1,W4-17_f,-1,W4-17_propane"
SN13_6,SN13,-0.037051232,"1,W4-17_ch3f,1,W4-17_nh2,-1,W4-17_f,-1,W4-17_ch3nh2"
SN13_7,SN13,-0.050086891,"1,W4-17_ch3f,1,W4-17_nh,-1,W4-17_f,-1,W4-17_ch3nh"
SN13_8,SN13,-0.026565335,"1,W4-17_ch3f,1,W4-17_oh,-1,W4-17_f,-1,W4-17_methanol"
SN13_9,SN13,-0.039075106,"1,W4-17_ch3f,1,W4-17_hco,-1,W4-17_f,-1,W4-17_acetaldehyde"
SN13_10,SN13,-0.053784046,"1,W4-17_ch3,1,W4-17_hcof,-1,W4-17_f,-1,W4-17_acetaldehyde"
SN13_11,SN13,-0.046341928,"1,W4-17_hcof,1,W4-17_h,-1,W4-17_f,-1,W4-17_h2co"
SN13_12,SN13,-0.026915927,"1,W4-17_f2co,1,W4-17_h,-1,W4-17_f,-1,W4-17_hcof"
SN13_13,SN13,-0.076588482,"1,W4-17_hcof,1,W4-17_hco,-1,W4-17_f,-1,W4-17_glyoxal"
SW49Bind345_10,SW49Bind22,-0.031833383,"1,4_4_4-1_SW49,-1,3_6_0-1_SW49,-1,h2o_SW49"
SW49Bind345_11,SW49Bind22,-0.035391811,"1,4_5_3-1_SW49,-1,3_6_0-1_SW49,-1,h2o_SW49"
SW49Bind345_12,SW49Bind22,-0.031957205,"1,4_5_3-2_SW49,-1,3_6_0-1_SW49,-1,h2o_SW49"
SW49Bind345_13,SW49Bind22,-0.032817295,"1,4_6_2-1_SW49,-1,3_6_0-1_SW49,-1,h2o_SW49"
SW49Bind345_14,SW49Bind22,-0.03339821,"1,4_6_2-2_SW49,-1,3_6_0-1_SW49,-1,h2o_SW49"
SW49Bind345_15,SW49Bind22,-0.034805371,"1,4_7_1-1_SW49,-1,3_6_0-1_SW49,-1,h2o_SW49"
SW49Bind345_16,SW49Bind22,-0.034716641,"1,4_7_1-2_SW49,-1,3_6_0-1_SW49,-1,h2o_SW49"
SW49Bind345_17,SW49Bind22,-0.034663258,"1,4_8_0-1_SW49,-1,3_6_0-1_SW49,-1,h2o_SW49"
SW49Bind345_18,SW49Bind22,-0.03424944,"1,4_8_0-2_SW49,-1,3_6_0-1_SW49,-1,h2o_SW49"
SW49Bind345_19,SW49Bind22,-0.032927404,"1,4_8_0-3_SW49,-1,3_6_0-1_SW49,-1,h2o_SW49"
SW49Bind345_20,SW49Bind22,-0.067242223,"1,5_6_4-1_SW49,-1,3_6_0-1_SW49,-2,h2o_SW49"
SW49Bind345_21,SW49Bind22,-0.067242537,"1,5_6_4-2_SW49,-1,3_6_0-1_SW49,-2,h2o_SW49"
SW49Bind345_22,SW49Bind22,-0.066835492,"1,5_6_4-3_SW49,-1,3_6_0-1_SW49,-2,h2o_SW49"
SW49Bind345_23,SW49Bind22,-0.067459868,"1,5_6_4-4_SW49,-1,3_6_0-1_SW49,-2,h2o_SW49"
SW49Bind345_24,SW49Bind22,-0.06764435,"1,5_6_4-5_SW49,-1,3_6_0-1_SW49,-2,h2o_SW49"
SW49Bind345_25,SW49Bind22,-0.066893845,"1,5_6_4-6_SW49,-1,3_6_0-1_SW49,-2,h2o_SW49"
SW49Bind345_26,SW49Bind22,-0.066600725,"1,5_6_4-7_SW49,-1,3_6_0-1_SW49,-2,h2o_SW49"
SW49Bind345_27,SW49Bind22,-0.066600962,"1,5_6_4-8_SW49,-1,3_6_0-1_SW49,-2,h2o_SW49"
SW49Bind345_28,SW49Bind22,-0.069034192,"1,5_7_3-1_SW49,-1,3_6_0-1_SW49,-2,h2o_SW49"
SW49Bind345_29,SW49Bind22,-0.06687517,"1,5_7_3-2_SW49,-1,3_6_0-1_SW49,-2,h2o_SW49"
SW49Bind345_30,SW49Bind22,-0.066841226,"1,5_9_1-1_SW49,-1,3_6_0-1_SW49,-2,h2o_SW49"
SW49Bind345_31,SW49Bind22,-0.065587988,"1,5_10_0-1_SW49,-1,3_6_0-1_SW49,-2,h2o_SW49"
SW49Rel345_1,SW49Rel28,0.001847928,"1,3_3_3-1_SW49,-1,3_6_0-1_SW49"
SW49Rel345_2,SW49Rel28,0.004222327,"1,3_4_1-1_SW49,-1,3_6_0-1_SW49"
SW49Rel345_3,SW49Rel28,0.005775283,"1,3_4_2-1_SW49,-1,3_6_0-1_SW49"
SW49Rel345_4,SW49Rel28,0.001050124,"1,3_5_1-1_SW49,-1,3_6_0-1_SW49"
SW49Rel345_5,SW49Rel28,0.000990464,"1,3_5_1-2_SW49,-1,3_6_0-1_SW49"
SW49Rel345_6,SW49Rel28,0.003933088,"1,3_5_1-3_SW49,-1,3_6_0-1_SW49"
SW49Rel345_7,SW49Rel28,0.000537079,"1,3_6_0-2_SW49,-1,3_6_0-1_SW49"
SW49Rel345_8,SW49Rel28,0.00096455,"1,3_6_0-3_SW49,-1,3_6_0-1_SW49"
SW49Rel345_9,SW49Rel28,0.003558427,"1,4_4_4-1_SW49,-1,4_5_3-1_SW49"
SW49Rel345_10,SW49Rel28,0.003434606,"1,4_5_3-2_SW49,-1,4_5_3-1_SW49"
SW49Rel345_11,SW49Rel28,0.002574516,"1,4_6_2-1_SW49,-1,4_5_3-1_SW49"
SW49Rel345_12,SW49Rel28,0.001993601,"1,4_6_2-2_SW49,-1,4_5_3-1_SW49"
SW49Rel345_13,SW49Rel28,0.00058644,"1,4_7_1-1_SW49,-1,4_5_3-1_SW49"
SW49Rel345_14,SW49Rel28,0.00067517,"1,4_7_1-2_SW49,-1,4_5_3-1_SW49"
SW49Rel345_15,SW49Rel28,0.000728553,"1,4_8_0-1_SW49,-1,4_5_3-1_SW49"
SW49Rel345_16,SW49Rel28,0.00114237,"1,4_8_0-2_SW49,-1,4_5_3-1_SW49"
SW49Rel345_17,SW49Rel28,0.002464406,"1,4_8_0-3_SW49,-1,4_5_3-1_SW49"
SW49Rel345_18,SW49Rel28,0.001791969,"1,5_6_4-1_SW49,-1,5_7_3-1_SW49"
SW49Rel345_19,SW49Rel28,0.001791655,"1,5_6_4-2_SW49,-1,5_7_3-1_SW49"
SW49Rel345_20,SW49Rel28,0.0021987,"1,5_6_4-3_SW49,-1,5_7_3-1_SW49"
SW49Rel345_21,SW49Rel28,0.001574324,"1,5_6_4-4_SW49,-1,5_7_3-1_SW49"
SW49Rel345_22,SW49Rel28,0.001389842,"1,5_6_4-5_SW49,-1,5_7_3-1_SW49"
SW49Rel345_23,SW49Rel28,0.002140347,"1,5_6_4-6_SW49,-1,5_7_3-1_SW49"
SW49Rel345_24,SW49Rel28,0.002433467,"1,5_6_4-7_SW49,-1,5_7_3-1_SW49"
SW49Rel345_25,SW49Rel28,0.00243323,"1,5_6_4-8_SW49,-1,5_7_3-1_SW49"
SW49Rel345_26,SW49Rel28,0.002159022,"1,5_7_3-2_SW49,-1,5_7_3-1_SW49"
SW49Rel345_27,SW49Rel28,0.002192966,"1,5_9_1-1_SW49,-1,5_7_3-1_SW49"
SW49Rel345_28,SW49Rel28,0.003446204,"1,5_10_0-1_SW49,-1,5_7_3-1_SW49"
Shields38_1,Shields38,-0.007919875508,"1,4179_water2Cs_Shields38,-2,4217_waterC2v_Shields38"
Shields38_2,Shields38,-0.02484582464,"1,4180_water3UUD_Shields38,-3,4217_waterC2v_Shields38"
Shields38_3,Shields38,-0.0238626943,"1,4181_water3UUU_Shields38,-3,4217_waterC2v_Shields38"
Shields38_4,Shields38,-0.04359849846,"1,4182_water4S4_Shields38,-4,4217_waterC2v_Shields38"
Shields38_5,Shields38,-0.0422461175,"1,4183_water4Ci_Shields38,-4,4217_waterC2v_Shields38"
Shields38_6,Shields38,-0.0379108971,"1,4184_water4Py_Shields38,-4,4217_waterC2v_Shields38"
Shields38_7,Shields38,-0.05725622499,"1,4185_water5CYC_Shields38,-5,4217_waterC2v_Shields38"
Shields38_8,Shields38,-0.05488793355,"1,4186_water5CAA_Shields38,-5,4217_waterC2v_Shields38"
Shields38_9,Shields38,-0.05377092033,"1,4187_water5CAB_Shields38,-5,4217_waterC2v_Shields38"
Shields38_10,Shields38,-0.05516957317,"1,4188_water5CAC_Shields38,-5,4217_waterC2v_Shields38"
Shields38_11,Shields38,-0.05261530527,"1,4189_water5FRA_Shields38,-5,4217_waterC2v_Shields38"
Shields38_12,Shields38,-0.05542393992,"1,4190_water5FRB_Shields38,-5,4217_waterC2v_Shields38"
Shields38_13,Shields38,-0.0515383419,"1,4191_water5FRC_Shields38,-5,4217_waterC2v_Shields38"
Shields38_14,Shields38,-0.07155292597,"1,4192_water6BAG_Shields38,-6,4217_waterC2v_Shields38"
Shields38_15,Shields38,-0.07301602238,"1,4193_water6BK1_Shields38,-6,4217_waterC2v_Shields38"
Shields38_16,Shields38,-0.07248220344,"1,4194_water6BK2_Shields38,-6,4217_waterC2v_Shields38"
Shields38_17,Shields38,-0.07372457372,"1,4195_water6CA_Shields38,-6,4217_waterC2v_Shields38"
Shields38_18,Shields38,-0.06981436065,"1,4196_water6CB1_Shields38,-6,4217_waterC2v_Shields38"
Shields38_19,Shields38,-0.06974034862,"1,4197_water6CB2_Shields38,-6,4217_waterC2v_Shields38"
Shields38_20,Shields38,-0.0714278112,"1,4198_water6CC_Shields38,-6,4217_waterC2v_Shields38"
Shields38_21,Shields38,-0.07412021196,"1,4199_water6PR_Shields38,-6,4217_waterC2v_Shields38"
Shields38_22,Shields38,-0.09069852148,"1,4200_water7PR3_Shields38,-7,4217_waterC2v_Shields38"
Shields38_23,Shields38,-0.08485558986,"1,4201_water7BI2_Shields38,-7,4217_waterC2v_Shields38"
Shields38_24,Shields38,-0.08497653474,"1,4202_water7BI1_Shields38,-7,4217_waterC2v_Shields38"
Shields38_25,Shields38,-0.09146774846,"1,4203_water7PR1_Shields38,-7,4217_waterC2v_Shields38"
Shields38_26,Shields38,-0.08443404177,"1,4204_water7CH3_Shields38,-7,4217_waterC2v_Shields38"
Shields38_27,Shields38,-0.0856174349,"1,4205_water7CH2_Shields38,-7,4217_waterC2v_Shields38"
Shields38_28,Shields38,-0.08741755824,"1,4206_water7CA2_Shields38,-7,4217_waterC2v_Shields38"
Shields38_29,Shields38,-0.08315488223,"1,4207_water7HM1_Shields38,-7,4217_waterC2v_Shields38"
Shields38_30,Shields38,-0.08871369097,"1,4208_water7CA1_Shields38,-7,4217_waterC2v_Shields38"
Shields38_31,Shields38,-0.09100233987,"1,4209_water7PR2_Shields38,-7,4217_waterC2v_Shields38"
Shields38_32,Shields38,-0.08653123843,"1,4210_water7CH1_Shields38,-7,4217_waterC2v_Shields38"
Shields38_33,Shields38,-0.1158598596,"1,4211_water8D2d_Shields38,-8,4217_waterC2v_Shields38"
Shields38_34,Shields38,-0.1158601401,"1,4212_water8S4_Shields38,-8,4217_waterC2v_Shields38"
Shields38_35,Shields38,-0.1303971117,"1,4213_water9D2dDD_Shields38,-9,4217_waterC2v_Shields38"
Shields38_36,Shields38,-0.129946076,"1,4214_water9S4DA_Shields38,-9,4217_waterC2v_Shields38"
Shields38_37,Shields38,-0.1484313936,"1,4215_water10PP1_Shields38,-10,4217_waterC2v_Shields38"
Shields38_38,Shields38,-0.1483648696,"1,4216_water10PP2_Shields38,-10,4217_waterC2v_Shields38"
Styrene45_2,Styrene42,0.018358288,"1,12_Isomer2_Styrene45,-1,11_Isomer1_Styrene45"
Styrene45_3,Styrene42,0.029354137,"1,13_Isomer3_Styrene45,-1,11_Isomer1_Styrene45"
Styrene45_4,Styrene42,0.031362075,"1,14_Isomer4_Styrene45,-1,11_Isomer1_Styrene45"
Styrene45_5,Styrene42,0.032493532,"1,15_Isomer5_Styrene45,-1,11_Isomer1_Styrene45"
Styrene45_6,Styrene42,0.033417821,"1,16_Isomer6_Styrene45,-1,11_Isomer1_Styrene45"
Styrene45_7,Styrene42,0.039600994,"1,17_Isomer7_Styrene45,-1,11_Isomer1_Styrene45"
Styrene45_8,Styrene42,0.040413731,"1,18_Isomer8_Styrene45,-1,11_Isomer1_Styrene45"
Styrene45_9,Styrene42,0.044620838,"1,19_Isomer9_Styrene45,-1,11_Isomer1_Styrene45"
Styrene45_10,Styrene42,0.045879783,"1,20_Isomer10_Styrene45,-1,11_Isomer1_Styrene45"
Styrene45_11,Styrene42,0.057497137,"1,21_Isomer11_Styrene45,-1,11_Isomer1_Styrene45"
Styrene45_12,Styrene42,0.058803891,"1,22_Isomer12_Styrene45,-1,11_Isomer1_Styrene45"
Styrene45_13,Styrene42,0.059106675,"1,23_Isomer13_Styrene45,-1,11_Isomer1_Styrene45"
Styrene45_14,Styrene42,0.067967099,"1,24_Isomer14_Styrene45,-1,11_Isomer1_Styrene45"
Styrene45_15,Styrene42,0.069656316,"1,25_Isomer15_Styrene45,-1,11_Isomer1_Styrene45"
Styrene45_16,Styrene42,0.072955071,"1,26_Isomer16_Styrene45,-1,11_Isomer1_Styrene45"
Styrene45_17,Styrene42,0.075887297,"1,27_Isomer17_Styrene45,-1,11_Isomer1_Styrene45"
Styrene45_18,Styrene42,0.077082498,"1,28_Isomer18_Styrene45,-1,11_Isomer1_Styrene45"
Styrene45_19,Styrene42,0.077178114,"1,29_Isomer19_Styrene45,-1,11_Isomer1_Styrene45"
Styrene45_20,Styrene42,0.096030419,"1,30_Isomer20_Styrene45,-1,11_Isomer1_Styrene45"
Styrene45_21,Styrene42,0.097082196,"1,31_Isomer21_Styrene45,-1,11_Isomer1_Styrene45"
Styrene45_22,Styrene42,0.099106069,"1,32_Isomer22_Styrene45,-1,11_Isomer1_Styrene45"
Styrene45_23,Styrene42,0.101018391,"1,33_Isomer23_Styrene45,-1,11_Isomer1_Styrene45"
Styrene45_24,Styrene42,0.101129943,"1,34_Isomer24_Styrene45,-1,11_Isomer1_Styrene45"
Styrene45_25,Styrene42,0.101129943,"1,35_Isomer25_Styrene45,-1,11_Isomer1_Styrene45"
Styrene45_26,Styrene42,0.108093981,"1,36_Isomer26_Styrene45,-1,11_Isomer1_Styrene45"
Styrene45_27,Styrene42,0.109305118,"1,37_Isomer27_Styrene45,-1,11_Isomer1_Styrene45"
Styrene45_28,Styrene42,0.113129761,"1,38_Isomer28_Styrene45,-1,11_Isomer1_Styrene45"
Styrene45_29,Styrene42,0.113432546,"1,39_Isomer29_Styrene45,-1,11_Isomer1_Styrene45"
Styrene45_30,Styrene42,0.115536099,"1,40_Isomer30_Styrene45,-1,11_Isomer1_Styrene45"
Styrene45_31,Styrene42,0.123806891,"1,41_Isomer31_Styrene45,-1,11_Isomer1_Styrene45"
Styrene45_32,Styrene42,0.12576702,"1,42_Isomer32_Styrene45,-1,11_Isomer1_Styrene45"
Styrene45_33,Styrene42,0.128460207,"1,43_Isomer33_Styrene45,-1,11_Isomer1_Styrene45"
Styrene45_34,Styrene42,0.130388464,"1,44_Isomer34_Styrene45,-1,11_Isomer1_Styrene45"
Styrene45_35,Styrene42,0.140587513,"1,45_Isomer35_Styrene45,-1,11_Isomer1_Styrene45"
Styrene45_36,Styrene42,0.140699065,"1,46_Isomer36_Styrene45,-1,11_Isomer1_Styrene45"
Styrene45_37,Styrene42,0.14116121,"1,47_Isomer37_Styrene45,-1,11_Isomer1_Styrene45"
Styrene45_39,Styrene42,0.146786622,"1,49_Isomer39_Styrene45,-1,11_Isomer1_Styrene45"
Styrene45_40,Styrene42,0.154499653,"1,50_Isomer40_Styrene45,-1,11_Isomer1_Styrene45"
Styrene45_42,Styrene42,0.184045022,"1,52_Isomer42_Styrene45,-1,11_Isomer1_Styrene45"
Styrene45_43,Styrene42,0.184427487,"1,53_Isomer43_Styrene45,-1,11_Isomer1_Styrene45"
Styrene45_44,Styrene42,0.184857759,"1,54_Isomer44_Styrene45,-1,11_Isomer1_Styrene45"
Styrene45_45,Styrene42,0.198339627,"1,55_Isomer45_Styrene45,-1,11_Isomer1_Styrene45"
T144_1,T144,0.00092704,"-1,T144_00970+,-1,T144_00970-,2,T144_0097"
T144_2,T144,0.000827616,"-1,T144_00971+,-1,T144_00971-,2,T144_0097"
T144_3,T144,0.000646527,"-1,T144_00972+,-1,T144_00972-,2,T144_0097"
T144_4,T144,0.001110469,"-1,T144_06540+,-1,T144_06540-,2,T144_0654"
T144_5,T144,0.000847499,"-1,T144_06541+,-1,T144_06541-,2,T144_0654"
T144_6,T144,0.000548963,"-1,T144_06542+,-1,T144_06542-,2,T144_0654"
T144_7,T144,0.000734254,"-1,T144_01420+,-1,T144_01420-,2,T144_0142"
T144_8,T144,0.000710523,"-1,T144_01421+,-1,T144_01421-,2,T144_0142"
T144_9,T144,0.000478116,"-1,T144_01422+,-1,T144_01422-,2,T144_0142"
T144_10,T144,0.000680581,"-1,T144_01030+,-1,T144_01030-,2,T144_0103"
T144_11,T144,0.001013756,"-1,T144_01031+,-1,T144_01031-,2,T144_0103"
T144_12,T144,0.000567016,"-1,T144_01032+,-1,T144_01032-,2,T144_0103"
T144_13,T144,0.000856673,"-1,T144_07570+,-1,T144_07570-,2,T144_0757"
T144_14,T144,0.000835264,"-1,T144_07571+,-1,T144_07571-,2,T144_0757"
T144_15,T144,0.00057661,"-1,T144_07572+,-1,T144_07572-,2,T144_0757"
T144_16,T144,0.00064314,"-1,T144_03990+,-1,T144_03990-,2,T144_0399"
T144_17,T144,0.000460224,"-1,T144_03991+,-1,T144_03991-,2,T144_0399"
T144_18,T144,0.000435988,"-1,T144_03992+,-1,T144_03992-,2,T144_0399"
T144_19,T144,0.000890054,"-1,T144_03930+,-1,T144_03930-,2,T144_0393"
T144_20,T144,0.000447685,"-1,T144_03931+,-1,T144_03931-,2,T144_0393"
T144_21,T144,0.000411744,"-1,T144_03932+,-1,T144_03932-,2,T144_0393"
T144_22,T144,0.000924576,"-1,T144_05800+,-1,T144_05800-,2,T144_0580"
T144_23,T144,0.000488922,"-1,T144_05801+,-1,T144_05801-,2,T144_0580"
T144_24,T144,0.000468609,"-1,T144_05802+,-1,T144_05802-,2,T144_0580"
T144_25,T144,0.000231667,"-1,T144_01580+,-1,T144_01580-,2,T144_0158"
T144_26,T144,0.00039812,"-1,T144_01582+,-1,T144_01582-,2,T144_0158"
T144_27,T144,0.000415717,"-1,T144_05990+,-1,T144_05990-,2,T144_0599"
T144_28,T144,0.000510199,"-1,T144_05991+,-1,T144_05991-,2,T144_0599"
T144_29,T144,0.00042258,"-1,T144_05992+,-1,T144_05992-,2,T144_0599"
T144_30,T144,0.001096411,"-1,T144_11930+,-1,T144_11930-,2,T144_1193"
T144_31,T144,0.000670355,"-1,T144_11931+,-1,T144_11931-,2,T144_1193"
T144_32,T144,0.000561727,"-1,T144_11932+,-1,T144_11932-,2,T144_1193"
T144_33,T144,0.000650441,"-1,T144_07690+,-1,T144_07690-,2,T144_0769"
T144_34,T144,0.000934382,"-1,T144_07691+,-1,T144_07691-,2,T144_0769"
T144_35,T144,0.001191528,"-1,T144_07692+,-1,T144_07692-,2,T144_0769"
T144_36,T144,0.000464001,"-1,T144_10320+,-1,T144_10320-,2,T144_1032"
T144_37,T144,0.000494189,"-1,T144_10321+,-1,T144_10321-,2,T144_1032"
T144_38,T144,0.00042567,"-1,T144_10322+,-1,T144_10322-,2,T144_1032"
T144_39,T144,0.001791304,"-1,T144_14750+,-1,T144_14750-,2,T144_1475"
T144_40,T144,0.000461224,"-1,T144_14751+,-1,T144_14751-,2,T144_1475"
T144_41,T144,0.000454322,"-1,T144_14752+,-1,T144_14752-,2,T144_1475"
T144_42,T144,0.00052972,"-1,T144_01190+,-1,T144_01190-,2,T144_0119"
T144_43,T144,0.000575747,"-1,T144_01191+,-1,T144_01191-,2,T144_0119"
T144_44,T144,0.001602682,"-1,T144_01192+,-1,T144_01192-,2,T144_0119"
T144_45,T144,0.000976885,"-1,T144_08860+,-1,T144_08860-,2,T144_0886"
T144_46,T144,0.000568246,"-1,T144_08861+,-1,T144_08861-,2,T144_0886"
T144_47,T144,0.000445753,"-1,T144_08862+,-1,T144_08862-,2,T144_0886"
T144_48,T144,0.000481561,"-1,T144_03510+,-1,T144_03510-,2,T144_0351"
T144_49,T144,0.000456784,"-1,T144_03511+,-1,T144_03511-,2,T144_0351"
T144_50,T144,0.000426949,"-1,T144_03512+,-1,T144_03512-,2,T144_0351"
T144_51,T144,0.000629893,"-1,T144_04700+,-1,T144_04700-,2,T144_0470"
T144_52,T144,0.000588842,"-1,T144_04701+,-1,T144_04701-,2,T144_0470"
T144_53,T144,0.000466361,"-1,T144_04702+,-1,T144_04702-,2,T144_0470"
T144_54,T144,0.000952637,"-1,T144_02130+,-1,T144_02130-,2,T144_0213"
T144_55,T144,0.001123396,"-1,T144_02131+,-1,T144_02131-,2,T144_0213"
T144_56,T144,0.001322379,"-1,T144_02132+,-1,T144_02132-,2,T144_0213"
T144_57,T144,0.000731467,"-1,T144_00930+,-1,T144_00930-,2,T144_0093"
T144_58,T144,0.001031319,"-1,T144_00931+,-1,T144_00931-,2,T144_0093"
T144_59,T144,0.000617336,"-1,T144_00932+,-1,T144_00932-,2,T144_0093"
T144_60,T144,0.000415061,"-1,T144_07620+,-1,T144_07620-,2,T144_0762"
T144_61,T144,0.000489923,"-1,T144_07621+,-1,T144_07621-,2,T144_0762"
T144_62,T144,0.000705154,"-1,T144_07622+,-1,T144_07622-,2,T144_0762"
T144_63,T144,0.001020294,"-1,T144_11970+,-1,T144_11970-,2,T144_1197"
T144_64,T144,0.000674046,"-1,T144_11971+,-1,T144_11971-,2,T144_1197"
T144_65,T144,0.000558728,"-1,T144_11972+,-1,T144_11972-,2,T144_1197"
T144_66,T144,0.000858413,"-1,T144_06550+,-1,T144_06550-,2,T144_0655"
T144_67,T144,0.000539231,"-1,T144_06551+,-1,T144_06551-,2,T144_0655"
T144_68,T144,0.000402286,"-1,T144_06552+,-1,T144_06552-,2,T144_0655"
T144_69,T144,0.000259012,"-1,T144_03530+,-1,T144_03530-,2,T144_0353"
T144_70,T144,0.000284411,"-1,T144_03532+,-1,T144_03532-,2,T144_0353"
T144_71,T144,0.000609254,"-1,T144_08180+,-1,T144_08180-,2,T144_0818"
T144_72,T144,0.001101614,"-1,T144_08181+,-1,T144_08181-,2,T144_0818"
T144_73,T144,0.000840322,"-1,T144_08182+,-1,T144_08182-,2,T144_0818"
T144_74,T144,0.00051827,"-1,T144_12070+,-1,T144_12070-,2,T144_1207"
T144_75,T144,0.001829392,"-1,T144_12072+,-1,T144_12072-,2,T144_1207"
T144_76,T144,0.000837467,"-1,T144_12410+,-1,T144_12410-,2,T144_1241"
T144_77,T144,0.000437608,"-1,T144_12411+,-1,T144_12411-,2,T144_1241"
T144_78,T144,0.00040144,"-1,T144_12412+,-1,T144_12412-,2,T144_1241"
T144_79,T144,0.000501799,"-1,T144_02230+,-1,T144_02230-,2,T144_0223"
T144_80,T144,0.000874946,"-1,T144_02231+,-1,T144_02231-,2,T144_0223"
T144_81,T144,0.000612543,"-1,T144_02232+,-1,T144_02232-,2,T144_0223"
T144_82,T144,0.001320743,"-1,T144_11940+,-1,T144_11940-,2,T144_1194"
T144_83,T144,0.000739478,"-1,T144_11941+,-1,T144_11941-,2,T144_1194"
T144_84,T144,0.000627615,"-1,T144_11942+,-1,T144_11942-,2,T144_1194"
T144_85,T144,0.000396098,"-1,T144_10460+,-1,T144_10460-,2,T144_1046"
T144_86,T144,0.001445762,"-1,T144_10462+,-1,T144_10462-,2,T144_1046"
T144_87,T144,0.001512612,"-1,T144_09090+,-1,T144_09090-,2,T144_0909"
T144_88,T144,0.000526999,"-1,T144_09091+,-1,T144_09091-,2,T144_0909"
T144_89,T144,0.000515054,"-1,T144_09092+,-1,T144_09092-,2,T144_0909"
T144_90,T144,0.000471762,"-1,T144_02050+,-1,T144_02050-,2,T144_0205"
T144_91,T144,0.001293731,"-1,T144_02052+,-1,T144_02052-,2,T144_0205"
T144_92,T144,0.000403738,"-1,T144_06700+,-1,T144_06700-,2,T144_0670"
T144_93,T144,0.001044713,"-1,T144_06702+,-1,T144_06702-,2,T144_0670"
T144_94,T144,0.000673103,"-1,T144_07670+,-1,T144_07670-,2,T144_0767"
T144_95,T144,0.00107382,"-1,T144_07671+,-1,T144_07671-,2,T144_0767"
T144_96,T144,0.001289049,"-1,T144_07672+,-1,T144_07672-,2,T144_0767"
T144_97,T144,0.000981278,"-1,T144_05290+,-1,T144_05290-,2,T144_0529"
T144_98,T144,0.000833712,"-1,T144_05291+,-1,T144_05291-,2,T144_0529"
T144_99,T144,0.000628984,"-1,T144_05292+,-1,T144_05292-,2,T144_0529"
T144_100,T144,0.001175917,"-1,T144_05330+,-1,T144_05330-,2,T144_0533"
T144_101,T144,0.000990885,"-1,T144_05331+,-1,T144_05331-,2,T144_0533"
T144_102,T144,0.0008277,"-1,T144_05332+,-1,T144_05332-,2,T144_0533"
T144_103,T144,0.001312548,"-1,T144_10470+,-1,T144_10470-,2,T144_1047"
T144_104,T144,0.000995389,"-1,T144_10471+,-1,T144_10471-,2,T144_1047"
T144_105,T144,0.000697204,"-1,T144_10472+,-1,T144_10472-,2,T144_1047"
T144_106,T144,0.001703975,"-1,T144_10480+,-1,T144_10480-,2,T144_1048"
T144_107,T144,0.001119624,"-1,T144_10481+,-1,T144_10481-,2,T144_1048"
T144_108,T144,0.000736618,"-1,T144_10482+,-1,T144_10482-,2,T144_1048"
T144_109,T144,0.002259908,"-1,T144_10490+,-1,T144_10490-,2,T144_1049"
T144_110,T144,0.001288021,"-1,T144_10491+,-1,T144_10491-,2,T144_1049"
T144_111,T144,0.0008945,"-1,T144_10492+,-1,T144_10492-,2,T144_1049"
T144_112,T144,0.001315339,"-1,T144_15630+,-1,T144_15630-,2,T144_1563"
T144_113,T144,0.001014793,"-1,T144_15631+,-1,T144_15631-,2,T144_1563"
T144_114,T144,0.000866008,"-1,T144_15632+,-1,T144_15632-,2,T144_1563"
T144_115,T144,0.001763155,"-1,T144_15640+,-1,T144_15640-,2,T144_1564"
T144_116,T144,0.001237904,"-1,T144_15641+,-1,T144_15641-,2,T144_1564"
T144_117,T144,0.000849916,"-1,T144_15642+,-1,T144_15642-,2,T144_1564"
T144_118,T144,0.000839967,"-1,T144_05560+,-1,T144_05560-,2,T144_0556"
T144_119,T144,0.001011876,"-1,T144_05561+,-1,T144_05561-,2,T144_0556"
T144_120,T144,0.000621606,"-1,T144_05562+,-1,T144_05562-,2,T144_0556"
T144_121,T144,0.000954637,"-1,T144_10740+,-1,T144_10740-,2,T144_1074"
T144_122,T144,0.001029092,"-1,T144_10741+,-1,T144_10741-,2,T144_1074"
T144_123,T144,0.000541088,"-1,T144_10742+,-1,T144_10742-,2,T144_1074"
T144_124,T144,0.002298185,"-1,T144_15880+,-1,T144_15880-,2,T144_1588"
T144_125,T144,0.001517119,"-1,T144_15881+,-1,T144_15881-,2,T144_1588"
T144_126,T144,0.000961005,"-1,T144_15882+,-1,T144_15882-,2,T144_1588"
T144_127,T144,0.00147356,"-1,T144_00560+,-1,T144_00560-,2,T144_0056"
T144_128,T144,0.000611184,"-1,T144_00561+,-1,T144_00561-,2,T144_0056"
T144_129,T144,0.000506907,"-1,T144_00562+,-1,T144_00562-,2,T144_0056"
T144_130,T144,0.001277012,"-1,T144_10850+,-1,T144_10850-,2,T144_1085"
T144_131,T144,0.001076555,"-1,T144_10851+,-1,T144_10851-,2,T144_1085"
T144_132,T144,0.000725931,"-1,T144_10852+,-1,T144_10852-,2,T144_1085"
T144_133,T144,0.001863535,"-1,T144_16030+,-1,T144_16030-,2,T144_1603"
T144_134,T144,0.001852716,"-1,T144_16031+,-1,T144_16031-,2,T144_1603"
T144_135,T144,0.000952469,"-1,T144_16032+,-1,T144_16032-,2,T144_1603"
T144_136,T144,0.002060603,"-1,T144_16040+,-1,T144_16040-,2,T144_1604"
T144_137,T144,0.001409282,"-1,T144_16041+,-1,T144_16041-,2,T144_1604"
T144_138,T144,0.000914504,"-1,T144_16042+,-1,T144_16042-,2,T144_1604"
T144_139,T144,0.001116443,"-1,T144_16070+,-1,T144_16070-,2,T144_1607"
T144_140,T144,0.001342417,"-1,T144_16071+,-1,T144_16071-,2,T144_1607"
T144_141,T144,0.00061931,"-1,T144_16072+,-1,T144_16072-,2,T144_1607"
T144_142,T144,0.001245649,"-1,T144_16100+,-1,T144_16100-,2,T144_1610"
T144_143,T144,0.001025745,"-1,T144_16101+,-1,T144_16101-,2,T144_1610"
T144_144,T144,0.000844057,"-1,T144_16102+,-1,T144_16102-,2,T144_1610"
T144_145,T144,0.002406225,"-1,T144_16170+,-1,T144_16170-,2,T144_1617"
T144_146,T144,0.001481567,"-1,T144_16171+,-1,T144_16171-,2,T144_1617"
T144_147,T144,0.000978422,"-1,T144_16172+,-1,T144_16172-,2,T144_1617"
T144_148,T144,0.001493337,"-1,T144_16190+,-1,T144_16190-,2,T144_1619"
T144_149,T144,0.001083556,"-1,T144_16191+,-1,T144_16191-,2,T144_1619"
T144_150,T144,0.00074654,"-1,T144_16192+,-1,T144_16192-,2,T144_1619"
T144_151,T144,0.002312232,"-1,T144_11080+,-1,T144_11080-,2,T144_1108"
T144_152,T144,0.001382515,"-1,T144_11081+,-1,T144_11081-,2,T144_1108"
T144_153,T144,0.000954328,"-1,T144_11082+,-1,T144_11082-,2,T144_1108"
T144_154,T144,0.000627092,"-1,T144_11090+,-1,T144_11090-,2,T144_1109"
T144_155,T144,0.001711578,"-1,T144_11091+,-1,T144_11091-,2,T144_1109"
T144_156,T144,0.001513992,"-1,T144_16220+,-1,T144_16220-,2,T144_1622"
T144_157,T144,0.001525672,"-1,T144_16221+,-1,T144_16221-,2,T144_1622"
T144_158,T144,0.000854652,"-1,T144_16222+,-1,T144_16222-,2,T144_1622"
T144_159,T144,0.001254891,"-1,T144_16250+,-1,T144_16250-,2,T144_1625"
T144_160,T144,0.00127232,"-1,T144_16251+,-1,T144_16251-,2,T144_1625"
T144_161,T144,0.00085671,"-1,T144_16252+,-1,T144_16252-,2,T144_1625"
T144_162,T144,0.002230328,"-1,T144_16260+,-1,T144_16260-,2,T144_1626"
T144_163,T144,0.000878214,"-1,T144_16261+,-1,T144_16261-,2,T144_1626"
T144_164,T144,0.000662768,"-1,T144_16262+,-1,T144_16262-,2,T144_1626"
T144_165,T144,0.001939581,"-1,T144_11150+,-1,T144_11150-,2,T144_1115"
T144_166,T144,0.001353182,"-1,T144_11151+,-1,T144_11151-,2,T144_1115"
T144_167,T144,0.00098565,"-1,T144_11152+,-1,T144_11152-,2,T144_1115"
T144_168,T144,0.001034226,"-1,T144_11170+,-1,T144_11170-,2,T144_1117"
T144_169,T144,0.000896799,"-1,T144_11171+,-1,T144_11171-,2,T144_1117"
T144_170,T144,0.00066903,"-1,T144_11172+,-1,T144_11172-,2,T144_1117"
T144_171,T144,0.001050575,"-1,T144_11190+,-1,T144_11190-,2,T144_1119"
T144_172,T144,0.002945771,"-1,T144_11191+,-1,T144_11191-,2,T144_1119"
T144_173,T144,0.001520367,"-1,T144_11192+,-1,T144_11192-,2,T144_1119"
T144_174,T144,0.000862608,"-1,T144_16300+,-1,T144_16300-,2,T144_1630"
T144_175,T144,0.001007923,"-1,T144_16301+,-1,T144_16301-,2,T144_1630"
T144_176,T144,0.000575488,"-1,T144_16302+,-1,T144_16302-,2,T144_1630"
T144_177,T144,0.002527299,"-1,T144_16330+,-1,T144_16330-,2,T144_1633"
T144_178,T144,0.001333952,"-1,T144_16331+,-1,T144_16331-,2,T144_1633"
T144_179,T144,0.000678434,"-1,T144_16340+,-1,T144_16340-,2,T144_1634"
T144_180,T144,0.001689258,"-1,T144_16341+,-1,T144_16341-,2,T144_1634"
T144_181,T144,0.00066606,"-1,T144_16342+,-1,T144_16342-,2,T144_1634"
T144_182,T144,0.001921704,"-1,T144_06170+,-1,T144_06170-,2,T144_0617"
T144_183,T144,0.00068768,"-1,T144_06171+,-1,T144_06171-,2,T144_0617"
T144_184,T144,0.000576867,"-1,T144_06172+,-1,T144_06172-,2,T144_0617"
T144_185,T144,0.001163496,"-1,T144_11350+,-1,T144_11350-,2,T144_1135"
T144_186,T144,0.00149086,"-1,T144_11351+,-1,T144_11351-,2,T144_1135"
T144_187,T144,0.001505714,"-1,T144_11352+,-1,T144_11352-,2,T144_1135"
T144_188,T144,0.001710214,"-1,T144_01120+,-1,T144_01120-,2,T144_0112"
T144_189,T144,0.000567615,"-1,T144_01121+,-1,T144_01121-,2,T144_0112"
T144_190,T144,0.000566752,"-1,T144_01122+,-1,T144_01122-,2,T144_0112"
T144_191,T144,0.001085611,"-1,T144_01170+,-1,T144_01170-,2,T144_0117"
T144_192,T144,0.000751477,"-1,T144_01171+,-1,T144_01171-,2,T144_0117"
T144_193,T144,0.000698531,"-1,T144_01172+,-1,T144_01172-,2,T144_0117"
T144_194,T144,0.000879122,"-1,T144_11490+,-1,T144_11490-,2,T144_1149"
T144_195,T144,0.000888699,"-1,T144_11491+,-1,T144_11491-,2,T144_1149"
T144_196,T144,0.000536799,"-1,T144_11492+,-1,T144_11492-,2,T144_1149"
T144_197,T144,0.001903468,"-1,T144_01290+,-1,T144_01290-,2,T144_0129"
T144_198,T144,0.001366642,"-1,T144_01291+,-1,T144_01291-,2,T144_0129"
T144_199,T144,0.000891412,"-1,T144_01292+,-1,T144_01292-,2,T144_0129"
T144_200,T144,0.001555241,"-1,T144_01590+,-1,T144_01590-,2,T144_0159"
T144_201,T144,0.000862291,"-1,T144_01591+,-1,T144_01591-,2,T144_0159"
T144_202,T144,0.000652584,"-1,T144_01592+,-1,T144_01592-,2,T144_0159"
T144_203,T144,0.001207795,"-1,T144_12090+,-1,T144_12090-,2,T144_1209"
T144_204,T144,0.001079712,"-1,T144_12091+,-1,T144_12091-,2,T144_1209"
T144_205,T144,0.000779297,"-1,T144_12092+,-1,T144_12092-,2,T144_1209"
T144_206,T144,0.001001093,"-1,T144_07100+,-1,T144_07100-,2,T144_0710"
T144_207,T144,0.000871591,"-1,T144_07101+,-1,T144_07101-,2,T144_0710"
T144_208,T144,0.000599442,"-1,T144_07102+,-1,T144_07102-,2,T144_0710"
T144_209,T144,0.001183054,"-1,T144_07220+,-1,T144_07220-,2,T144_0722"
T144_210,T144,0.001041395,"-1,T144_07221+,-1,T144_07221-,2,T144_0722"
T144_211,T144,0.000844442,"-1,T144_07222+,-1,T144_07222-,2,T144_0722"
T144_212,T144,0.000872259,"-1,T144_12500+,-1,T144_12500-,2,T144_1250"
T144_213,T144,0.000695993,"-1,T144_12501+,-1,T144_12501-,2,T144_1250"
T144_214,T144,0.000609994,"-1,T144_12502+,-1,T144_12502-,2,T144_1250"
T144_215,T144,0.000899203,"-1,T144_12510+,-1,T144_12510-,2,T144_1251"
T144_216,T144,0.001151837,"-1,T144_12511+,-1,T144_12511-,2,T144_1251"
T144_217,T144,0.001669618,"-1,T144_12512+,-1,T144_12512-,2,T144_1251"
T144_218,T144,0.002939574,"-1,T144_12560+,-1,T144_12560-,2,T144_1256"
T144_219,T144,0.001450848,"-1,T144_12561+,-1,T144_12561-,2,T144_1256"
T144_220,T144,0.000976714,"-1,T144_12562+,-1,T144_12562-,2,T144_1256"
T144_221,T144,0.001029845,"-1,T144_07530+,-1,T144_07530-,2,T144_0753"
T144_222,T144,0.001119356,"-1,T144_07531+,-1,T144_07531-,2,T144_0753"
T144_223,T144,0.000635594,"-1,T144_07532+,-1,T144_07532-,2,T144_0753"
T144_224,T144,0.001057797,"-1,T144_02450+,-1,T144_02450-,2,T144_0245"
T144_225,T144,0.000928404,"-1,T144_02451+,-1,T144_02451-,2,T144_0245"
T144_226,T144,0.000835902,"-1,T144_02452+,-1,T144_02452-,2,T144_0245"
T144_227,T144,0.001983274,"-1,T144_07610+,-1,T144_07610-,2,T144_0761"
T144_228,T144,0.00136758,"-1,T144_07611+,-1,T144_07611-,2,T144_0761"
T144_229,T144,0.00109315,"-1,T144_07612+,-1,T144_07612-,2,T144_0761"
T144_230,T144,0.001393936,"-1,T144_07650+,-1,T144_07650-,2,T144_0765"
T144_231,T144,0.001093994,"-1,T144_07651+,-1,T144_07651-,2,T144_0765"
T144_232,T144,0.000749823,"-1,T144_07652+,-1,T144_07652-,2,T144_0765"
T144_233,T144,0.000822262,"-1,T144_02560+,-1,T144_02560-,2,T144_0256"
T144_234,T144,0.000907152,"-1,T144_02561+,-1,T144_02561-,2,T144_0256"
T144_235,T144,0.000844457,"-1,T144_02562+,-1,T144_02562-,2,T144_0256"
T144_236,T144,0.000776698,"-1,T144_02570+,-1,T144_02570-,2,T144_0257"
T144_237,T144,0.000848952,"-1,T144_02571+,-1,T144_02571-,2,T144_0257"
T144_238,T144,0.00092696,"-1,T144_02572+,-1,T144_02572-,2,T144_0257"
T144_239,T144,0.001417412,"-1,T144_07680+,-1,T144_07680-,2,T144_0768"
T144_240,T144,0.001071974,"-1,T144_07681+,-1,T144_07681-,2,T144_0768"
T144_241,T144,0.000761462,"-1,T144_07682+,-1,T144_07682-,2,T144_0768"
T144_242,T144,0.001975327,"-1,T144_02670+,-1,T144_02670-,2,T144_0267"
T144_243,T144,0.001517196,"-1,T144_02671+,-1,T144_02671-,2,T144_0267"
T144_244,T144,0.000918647,"-1,T144_02672+,-1,T144_02672-,2,T144_0267"
T144_245,T144,0.001517693,"-1,T144_02760+,-1,T144_02760-,2,T144_0276"
T144_246,T144,0.000983446,"-1,T144_02761+,-1,T144_02761-,2,T144_0276"
T144_247,T144,0.000721401,"-1,T144_02762+,-1,T144_02762-,2,T144_0276"
T144_248,T144,0.001218664,"-1,T144_02810+,-1,T144_02810-,2,T144_0281"
T144_249,T144,0.000776834,"-1,T144_02811+,-1,T144_02811-,2,T144_0281"
T144_250,T144,0.000602509,"-1,T144_02812+,-1,T144_02812-,2,T144_0281"
T144_251,T144,0.001262392,"-1,T144_02820+,-1,T144_02820-,2,T144_0282"
T144_252,T144,0.001080169,"-1,T144_02821+,-1,T144_02821-,2,T144_0282"
T144_253,T144,0.000774159,"-1,T144_02822+,-1,T144_02822-,2,T144_0282"
T144_254,T144,0.00150771,"-1,T144_02870+,-1,T144_02870-,2,T144_0287"
T144_255,T144,0.001040066,"-1,T144_02871+,-1,T144_02871-,2,T144_0287"
T144_256,T144,0.000708907,"-1,T144_02872+,-1,T144_02872-,2,T144_0287"
T144_257,T144,0.000857644,"-1,T144_13140+,-1,T144_13140-,2,T144_1314"
T144_258,T144,0.001088635,"-1,T144_13141+,-1,T144_13141-,2,T144_1314"
T144_259,T144,0.000959682,"-1,T144_13142+,-1,T144_13142-,2,T144_1314"
T144_260,T144,0.000780845,"-1,T144_13150+,-1,T144_13150-,2,T144_1315"
T144_261,T144,0.000858383,"-1,T144_13151+,-1,T144_13151-,2,T144_1315"
T144_262,T144,0.000588748,"-1,T144_13152+,-1,T144_13152-,2,T144_1315"
T144_263,T144,0.00123237,"-1,T144_03060+,-1,T144_03060-,2,T144_0306"
T144_264,T144,0.000956502,"-1,T144_03061+,-1,T144_03061-,2,T144_0306"
T144_265,T144,0.000693334,"-1,T144_03062+,-1,T144_03062-,2,T144_0306"
T144_266,T144,0.000745718,"-1,T144_08200+,-1,T144_08200-,2,T144_0820"
T144_267,T144,0.000674992,"-1,T144_08201+,-1,T144_08201-,2,T144_0820"
T144_268,T144,0.000490294,"-1,T144_08202+,-1,T144_08202-,2,T144_0820"
T144_269,T144,0.00156679,"-1,T144_13320+,-1,T144_13320-,2,T144_1332"
T144_270,T144,0.001453007,"-1,T144_13321+,-1,T144_13321-,2,T144_1332"
T144_271,T144,0.00080922,"-1,T144_13322+,-1,T144_13322-,2,T144_1332"
T144_272,T144,0.001223863,"-1,T144_03180+,-1,T144_03180-,2,T144_0318"
T144_273,T144,0.000836008,"-1,T144_03181+,-1,T144_03181-,2,T144_0318"
T144_274,T144,0.000726016,"-1,T144_03182+,-1,T144_03182-,2,T144_0318"
T144_275,T144,0.001306553,"-1,T144_13440+,-1,T144_13440-,2,T144_1344"
T144_276,T144,0.001312485,"-1,T144_13441+,-1,T144_13441-,2,T144_1344"
T144_277,T144,0.000996614,"-1,T144_13442+,-1,T144_13442-,2,T144_1344"
T144_278,T144,0.001358167,"-1,T144_08330+,-1,T144_08330-,2,T144_0833"
T144_279,T144,0.000882545,"-1,T144_08331+,-1,T144_08331-,2,T144_0833"
T144_280,T144,0.000673036,"-1,T144_08332+,-1,T144_08332-,2,T144_0833"
T144_281,T144,0.001039715,"-1,T144_08410+,-1,T144_08410-,2,T144_0841"
T144_282,T144,0.001003618,"-1,T144_08411+,-1,T144_08411-,2,T144_0841"
T144_283,T144,0.000586078,"-1,T144_08412+,-1,T144_08412-,2,T144_0841"
T144_284,T144,0.001094027,"-1,T144_08430+,-1,T144_08430-,2,T144_0843"
T144_285,T144,0.001162005,"-1,T144_08431+,-1,T144_08431-,2,T144_0843"
T144_286,T144,0.000766385,"-1,T144_08432+,-1,T144_08432-,2,T144_0843"
T144_287,T144,0.000904377,"-1,T144_03320+,-1,T144_03320-,2,T144_0332"
T144_288,T144,0.000722216,"-1,T144_03321+,-1,T144_03321-,2,T144_0332"
T144_289,T144,0.000581264,"-1,T144_03322+,-1,T144_03322-,2,T144_0332"
T144_290,T144,0.001399888,"-1,T144_08460+,-1,T144_08460-,2,T144_0846"
T144_291,T144,0.001271506,"-1,T144_08461+,-1,T144_08461-,2,T144_0846"
T144_292,T144,0.000900291,"-1,T144_08462+,-1,T144_08462-,2,T144_0846"
T144_293,T144,0.001321133,"-1,T144_08470+,-1,T144_08470-,2,T144_0847"
T144_294,T144,0.000930219,"-1,T144_08471+,-1,T144_08471-,2,T144_0847"
T144_295,T144,0.000806551,"-1,T144_08472+,-1,T144_08472-,2,T144_0847"
T144_296,T144,0.00103166,"-1,T144_03360+,-1,T144_03360-,2,T144_0336"
T144_297,T144,0.00081635,"-1,T144_03361+,-1,T144_03361-,2,T144_0336"
T144_298,T144,0.000585764,"-1,T144_03362+,-1,T144_03362-,2,T144_0336"
T144_299,T144,0.001255446,"-1,T144_13610+,-1,T144_13610-,2,T144_1361"
T144_300,T144,0.001025952,"-1,T144_13611+,-1,T144_13611-,2,T144_1361"
T144_301,T144,0.000851029,"-1,T144_13612+,-1,T144_13612-,2,T144_1361"
T144_302,T144,0.002110106,"-1,T144_08520+,-1,T144_08520-,2,T144_0852"
T144_303,T144,0.001335642,"-1,T144_08521+,-1,T144_08521-,2,T144_0852"
T144_304,T144,0.001069088,"-1,T144_08522+,-1,T144_08522-,2,T144_0852"
T144_305,T144,0.001626064,"-1,T144_03420+,-1,T144_03420-,2,T144_0342"
T144_306,T144,0.000822938,"-1,T144_03421+,-1,T144_03421-,2,T144_0342"
T144_307,T144,0.000751497,"-1,T144_03422+,-1,T144_03422-,2,T144_0342"
T144_308,T144,0.001311744,"-1,T144_13670+,-1,T144_13670-,2,T144_1367"
T144_309,T144,0.001096514,"-1,T144_13671+,-1,T144_13671-,2,T144_1367"
T144_310,T144,0.000910195,"-1,T144_13672+,-1,T144_13672-,2,T144_1367"
T144_311,T144,0.002223447,"-1,T144_03460+,-1,T144_03460-,2,T144_0346"
T144_312,T144,0.001441696,"-1,T144_03461+,-1,T144_03461-,2,T144_0346"
T144_313,T144,0.001178184,"-1,T144_03462+,-1,T144_03462-,2,T144_0346"
T144_314,T144,0.001533322,"-1,T144_13780+,-1,T144_13780-,2,T144_1378"
T144_315,T144,0.001091316,"-1,T144_13781+,-1,T144_13781-,2,T144_1378"
T144_316,T144,0.000775533,"-1,T144_13782+,-1,T144_13782-,2,T144_1378"
T144_317,T144,0.000742467,"-1,T144_13820+,-1,T144_13820-,2,T144_1382"
T144_318,T144,0.00065408,"-1,T144_13821+,-1,T144_13821-,2,T144_1382"
T144_319,T144,0.000534057,"-1,T144_13822+,-1,T144_13822-,2,T144_1382"
T144_320,T144,0.000716331,"-1,T144_03610+,-1,T144_03610-,2,T144_0361"
T144_321,T144,0.001086645,"-1,T144_03611+,-1,T144_03611-,2,T144_0361"
T144_322,T144,0.001582085,"-1,T144_03612+,-1,T144_03612-,2,T144_0361"
T144_323,T144,0.001140891,"-1,T144_13910+,-1,T144_13910-,2,T144_1391"
T144_324,T144,0.001068434,"-1,T144_13911+,-1,T144_13911-,2,T144_1391"
T144_325,T144,0.00057753,"-1,T144_13912+,-1,T144_13912-,2,T144_1391"
T144_326,T144,0.000780432,"-1,T144_13950+,-1,T144_13950-,2,T144_1395"
T144_327,T144,0.002148548,"-1,T144_13952+,-1,T144_13952-,2,T144_1395"
T144_328,T144,0.000811831,"-1,T144_08840+,-1,T144_08840-,2,T144_0884"
T144_329,T144,0.00060821,"-1,T144_08841+,-1,T144_08841-,2,T144_0884"
T144_330,T144,0.000586854,"-1,T144_08842+,-1,T144_08842-,2,T144_0884"
T144_331,T144,0.00263019,"-1,T144_13960+,-1,T144_13960-,2,T144_1396"
T144_332,T144,0.000793472,"-1,T144_13961+,-1,T144_13961-,2,T144_1396"
T144_333,T144,0.000797827,"-1,T144_13962+,-1,T144_13962-,2,T144_1396"
T144_334,T144,0.000767363,"-1,T144_08900+,-1,T144_08900-,2,T144_0890"
T144_335,T144,0.000698499,"-1,T144_08901+,-1,T144_08901-,2,T144_0890"
T144_336,T144,0.000652537,"-1,T144_08902+,-1,T144_08902-,2,T144_0890"
T144_337,T144,0.001741229,"-1,T144_03810+,-1,T144_03810-,2,T144_0381"
T144_338,T144,0.001628972,"-1,T144_03812+,-1,T144_03812-,2,T144_0381"
T144_339,T144,0.001171908,"-1,T144_14060+,-1,T144_14060-,2,T144_1406"
T144_340,T144,0.001114316,"-1,T144_14061+,-1,T144_14061-,2,T144_1406"
T144_341,T144,0.0008628,"-1,T144_14062+,-1,T144_14062-,2,T144_1406"
T144_342,T144,0.000627918,"-1,T144_14080+,-1,T144_14080-,2,T144_1408"
T144_343,T144,0.000772229,"-1,T144_14081+,-1,T144_14081-,2,T144_1408"
T144_344,T144,0.000970138,"-1,T144_14082+,-1,T144_14082-,2,T144_1408"
T144_345,T144,0.001203278,"-1,T144_14090+,-1,T144_14090-,2,T144_1409"
T144_346,T144,0.001197781,"-1,T144_14091+,-1,T144_14091-,2,T144_1409"
T144_347,T144,0.000909876,"-1,T144_14092+,-1,T144_14092-,2,T144_1409"
T144_348,T144,0.000645987,"-1,T144_03900+,-1,T144_03900-,2,T144_0390"
T144_349,T144,0.002534871,"-1,T144_03901+,-1,T144_03901-,2,T144_0390"
T144_350,T144,0.000645297,"-1,T144_03902+,-1,T144_03902-,2,T144_0390"
T144_351,T144,0.001525123,"-1,T144_03970+,-1,T144_03970-,2,T144_0397"
T144_352,T144,0.001222235,"-1,T144_03971+,-1,T144_03971-,2,T144_0397"
T144_353,T144,0.001092314,"-1,T144_03972+,-1,T144_03972-,2,T144_0397"
T144_354,T144,0.00108801,"-1,T144_14280+,-1,T144_14280-,2,T144_1428"
T144_355,T144,0.000820783,"-1,T144_14281+,-1,T144_14281-,2,T144_1428"
T144_356,T144,0.000915791,"-1,T144_14282+,-1,T144_14282-,2,T144_1428"
T144_357,T144,0.001703888,"-1,T144_14290+,-1,T144_14290-,2,T144_1429"
T144_358,T144,0.001196841,"-1,T144_14291+,-1,T144_14291-,2,T144_1429"
T144_359,T144,0.000969817,"-1,T144_14292+,-1,T144_14292-,2,T144_1429"
T144_360,T144,0.001051243,"-1,T144_14380+,-1,T144_14380-,2,T144_1438"
T144_361,T144,0.000714048,"-1,T144_14381+,-1,T144_14381-,2,T144_1438"
T144_362,T144,0.000657248,"-1,T144_14382+,-1,T144_14382-,2,T144_1438"
T144_363,T144,0.001468512,"-1,T144_14440+,-1,T144_14440-,2,T144_1444"
T144_364,T144,0.001060029,"-1,T144_14441+,-1,T144_14441-,2,T144_1444"
T144_365,T144,0.000914547,"-1,T144_14442+,-1,T144_14442-,2,T144_1444"
T144_366,T144,0.001159373,"-1,T144_09360+,-1,T144_09360-,2,T144_0936"
T144_367,T144,0.00129915,"-1,T144_09361+,-1,T144_09361-,2,T144_0936"
T144_368,T144,0.000803478,"-1,T144_09362+,-1,T144_09362-,2,T144_0936"
T144_369,T144,0.001000503,"-1,T144_04250+,-1,T144_04250-,2,T144_0425"
T144_370,T144,0.001147618,"-1,T144_04251+,-1,T144_04251-,2,T144_0425"
T144_371,T144,0.000631244,"-1,T144_04252+,-1,T144_04252-,2,T144_0425"
T144_372,T144,0.001268739,"-1,T144_14550+,-1,T144_14550-,2,T144_1455"
T144_373,T144,0.001659053,"-1,T144_14551+,-1,T144_14551-,2,T144_1455"
T144_374,T144,0.000765538,"-1,T144_14552+,-1,T144_14552-,2,T144_1455"
T144_375,T144,0.001232884,"-1,T144_14570+,-1,T144_14570-,2,T144_1457"
T144_376,T144,0.000809965,"-1,T144_14571+,-1,T144_14571-,2,T144_1457"
T144_377,T144,0.00067285,"-1,T144_14572+,-1,T144_14572-,2,T144_1457"
T144_378,T144,0.000524809,"-1,T144_04380+,-1,T144_04380-,2,T144_0438"
T144_379,T144,0.001248097,"-1,T144_04381+,-1,T144_04381-,2,T144_0438"
T144_380,T144,0.000807818,"-1,T144_04382+,-1,T144_04382-,2,T144_0438"
T144_381,T144,0.001075043,"-1,T144_04450+,-1,T144_04450-,2,T144_0445"
T144_382,T144,0.000853083,"-1,T144_04451+,-1,T144_04451-,2,T144_0445"
T144_383,T144,0.000815816,"-1,T144_04452+,-1,T144_04452-,2,T144_0445"
T144_384,T144,0.002227427,"-1,T144_14790+,-1,T144_14790-,2,T144_1479"
T144_385,T144,0.000969196,"-1,T144_14791+,-1,T144_14791-,2,T144_1479"
T144_386,T144,0.000904406,"-1,T144_14792+,-1,T144_14792-,2,T144_1479"
T144_387,T144,0.000751251,"-1,T144_09690+,-1,T144_09690-,2,T144_0969"
T144_388,T144,0.000892394,"-1,T144_09691+,-1,T144_09691-,2,T144_0969"
T144_389,T144,0.00104247,"-1,T144_09692+,-1,T144_09692-,2,T144_0969"
T144_390,T144,0.00215954,"-1,T144_04600+,-1,T144_04600-,2,T144_0460"
T144_391,T144,0.001501064,"-1,T144_04601+,-1,T144_04601-,2,T144_0460"
T144_392,T144,0.001010054,"-1,T144_04602+,-1,T144_04602-,2,T144_0460"
T144_393,T144,0.000705055,"-1,T144_09740+,-1,T144_09740-,2,T144_0974"
T144_394,T144,0.000599798,"-1,T144_09741+,-1,T144_09741-,2,T144_0974"
T144_395,T144,0.00057695,"-1,T144_09742+,-1,T144_09742-,2,T144_0974"
T144_396,T144,0.001776004,"-1,T144_09760+,-1,T144_09760-,2,T144_0976"
T144_397,T144,0.00085315,"-1,T144_09761+,-1,T144_09761-,2,T144_0976"
T144_398,T144,0.000816379,"-1,T144_09762+,-1,T144_09762-,2,T144_0976"
T144_399,T144,0.001443224,"-1,T144_09870+,-1,T144_09870-,2,T144_0987"
T144_400,T144,0.000904655,"-1,T144_09871+,-1,T144_09871-,2,T144_0987"
T144_401,T144,0.00066231,"-1,T144_09872+,-1,T144_09872-,2,T144_0987"
T144_402,T144,0.001537858,"-1,T144_09890+,-1,T144_09890-,2,T144_0989"
T144_403,T144,0.001254254,"-1,T144_09892+,-1,T144_09892-,2,T144_0989"
T144_404,T144,0.002122476,"-1,T144_15020+,-1,T144_15020-,2,T144_1502"
T144_405,T144,0.000909642,"-1,T144_15021+,-1,T144_15021-,2,T144_1502"
T144_406,T144,0.000770596,"-1,T144_15022+,-1,T144_15022-,2,T144_1502"
T144_407,T144,0.000492883,"-1,T144_09980+,-1,T144_09980-,2,T144_0998"
T144_408,T144,0.000494761,"-1,T144_09981+,-1,T144_09981-,2,T144_0998"
T144_409,T144,0.000468715,"-1,T144_09982+,-1,T144_09982-,2,T144_0998"
T144_410,T144,0.001176697,"-1,T144_04890+,-1,T144_04890-,2,T144_0489"
T144_411,T144,0.001060701,"-1,T144_04891+,-1,T144_04891-,2,T144_0489"
T144_412,T144,0.000879985,"-1,T144_04892+,-1,T144_04892-,2,T144_0489"
T144_413,T144,0.000635427,"-1,T144_10030+,-1,T144_10030-,2,T144_1003"
T144_414,T144,0.000796474,"-1,T144_10031+,-1,T144_10031-,2,T144_1003"
T144_415,T144,0.000487567,"-1,T144_10032+,-1,T144_10032-,2,T144_1003"
T144_416,T144,0.000750846,"-1,T144_10140+,-1,T144_10140-,2,T144_1014"
T144_417,T144,0.001139359,"-1,T144_10141+,-1,T144_10141-,2,T144_1014"
T144_418,T144,0.000615669,"-1,T144_10142+,-1,T144_10142-,2,T144_1014"
T144_419,T144,0.001312854,"-1,T144_10190+,-1,T144_10190-,2,T144_1019"
T144_420,T144,0.001097461,"-1,T144_10191+,-1,T144_10191-,2,T144_1019"
T144_421,T144,0.000844961,"-1,T144_10192+,-1,T144_10192-,2,T144_1019"
TA13_1,TA13,-0.012096745,"1,19_H2O-Al_TA13,-1,11_H2O_TA13,-1,32_al_TA13"
TA13_2,TA13,-0.10231195,"1,20_H2O-Be+_TA13,-1,11_H2O_TA13,-1,33_be+_TA13"
TA13_3,TA13,-0.00561036,"1,21_H2O-Br_TA13,-1,11_H2O_TA13,-1,34_br_TA13"
TA13_4,TA13,-0.002692821,"1,22_HOH-CH3_TA13,-1,11_H2O_TA13,-1,14_CH3_TA13"
TA13_5,TA13,-0.005880785,"1,23_H2O-Cl_TA13,-1,11_H2O_TA13,-1,35_cl_TA13"
TA13_6,TA13,-0.006101696,"1,24_H2O-F_TA13,-1,11_H2O_TA13,-1,36_f_TA13"
TA13_7,TA13,-0.019737195,"1,25_H2O-Li_TA13,-1,11_H2O_TA13,-1,37_li_TA13"
TA13_8,TA13,-0.038369838,"1,26_H2O-HNH2+_TA13,-1,11_H2O_TA13,-1,17_NH3+_TA13"
TA13_9,TA13,-0.029236339,"1,27_H2O-NH3+_TA13,-1,11_H2O_TA13,-1,17_NH3+_TA13"
TA13_10,TA13,-0.006433061,"1,28_FH-BH2_TA13,-1,12_HF_TA13,-1,13_BH2_TA13"
TA13_11,TA13,-0.046482579,"1,29_HF-CO+_TA13,-1,12_HF_TA13,-1,15_CO+_TA13"
TA13_12,TA13,-0.015677015,"1,30_FH-NH2_TA13,-1,12_HF_TA13,-1,16_NH2_TA13"
TA13_13,TA13,-0.009468674,"1,31_FH-OH_TA13,-1,12_HF_TA13,-1,18_OH_TA13"
TAE_W4-17_11,TAE_W4-17MR,0.10752037,"-1,W4-17_b2,2,W4-17_b"
TAE_W4-17_20,TAE_W4-17MR,0.167710742,"-1,W4-17_bn,1,W4-17_b,1,W4-17_n"
TAE_W4-17_27,TAE_W4-17MR,0.234307396,"-1,W4-17_c2,2,W4-17_c"
TAE_W4-17_70,TAE_W4-17MR,0.161639116,"-1,W4-17_cl2o,2,W4-17_cl,1,W4-17_o"
TAE_W4-17_74,TAE_W4-17MR,0.204852839,"-1,W4-17_clf3,3,W4-17_f,1,W4-17_cl"
TAE_W4-17_75,TAE_W4-17MR,0.297675412,"-1,W4-17_clf5,5,W4-17_f,1,W4-17_cl"
TAE_W4-17_78,TAE_W4-17MR,0.270651098,"-1,W4-17_clo3,3,W4-17_o,1,W4-17_cl"
TAE_W4-17_79,TAE_W4-17MR,0.201335758,"-1,W4-17_cloo,1,W4-17_cl,2,W4-17_o"
TAE_W4-17_80,TAE_W4-17MR,0.237645994,"-1,W4-17_cloocl,2,W4-17_o,2,W4-17_cl"
TAE_W4-17_100,TAE_W4-17MR,0.149448056,"-1,W4-17_f2o,2,W4-17_f,1,W4-17_o"
TAE_W4-17_103,TAE_W4-17MR,0.21464234,"-1,W4-17_fo2,1,W4-17_f,2,W4-17_o"
TAE_W4-17_104,TAE_W4-17MR,0.242769426,"-1,W4-17_foof,2,W4-17_f,2,W4-17_o"
TAE_W4-17_158,TAE_W4-17MR,0.234944837,"-1,W4-17_o3,3,W4-17_o"
TAE_W4-17_159,TAE_W4-17MR,0.204124562,"-1,W4-17_oclo,2,W4-17_o,1,W4-17_cl"
TAE_W4-17_161,TAE_W4-17MR,0.084572492,"-1,W4-17_of,1,W4-17_o,1,W4-17_f"
TAE_W4-17_178,TAE_W4-17MR,0.268283005,"-1,W4-17_s3,3,W4-17_s"
TAE_W4-17_179,TAE_W4-17MR,0.373428907,"-1,W4-17_s4-c2v,4,W4-17_s"
TAE_W4-17_1,TAE_W4-17nonMR,1.080223551,"-1,W4-17_acetaldehyde,2,W4-17_c,1,W4-17_o,4,W4-17_h"
TAE_W4-17_2,TAE_W4-17nonMR,1.281208716,"-1,W4-17_acetic,2,W4-17_c,2,W4-17_o,4,W4-17_h"
TAE_W4-17_3,TAE_W4-17nonMR,0.195407556,"-1,W4-17_alcl,1,W4-17_al,1,W4-17_cl"
TAE_W4-17_4,TAE_W4-17nonMR,0.49822393,"-1,W4-17_alcl3,1,W4-17_al,3,W4-17_cl"
TAE_W4-17_5,TAE_W4-17nonMR,0.261016177,"-1,W4-17_alf,1,W4-17_al,1,W4-17_f"
TAE_W4-17_6,TAE_W4-17nonMR,0.686778994,"-1,W4-17_alf3,1,W4-17_al,3,W4-17_f"
TAE_W4-17_7,TAE_W4-17nonMR,0.117257282,"-1,W4-17_alh,1,W4-17_al,1,W4-17_h"
TAE_W4-17_8,TAE_W4-17nonMR,0.339708275,"-1,W4-17_alh3,1,W4-17_al,3,W4-17_h"
TAE_W4-17_9,TAE_W4-17nonMR,1.122007812,"-1,W4-17_allene,3,W4-17_c,4,W4-17_h"
TAE_W4-17_10,TAE_W4-17nonMR,1.222062154,"-1,W4-17_allyl,3,W4-17_c,5,W4-17_h"
TAE_W4-17_12,TAE_W4-17nonMR,0.967348675,"-1,W4-17_b2h6,2,W4-17_b,6,W4-17_h"
TAE_W4-17_13,TAE_W4-17nonMR,2.181323296,"-1,W4-17_benzene,6,W4-17_c,6,W4-17_h"
TAE_W4-17_14,TAE_W4-17nonMR,1.583825889,"-1,W4-17_beta-lactim,3,W4-17_c,5,W4-17_h,1,W4-17_o,1,W4-17_n"
TAE_W4-17_15,TAE_W4-17nonMR,0.29088029,"-1,W4-17_bf,1,W4-17_b,1,W4-17_f"
TAE_W4-17_16,TAE_W4-17nonMR,0.7505231,"-1,W4-17_bf3,1,W4-17_b,3,W4-17_f"
TAE_W4-17_17,TAE_W4-17nonMR,0.135424352,"-1,W4-17_bh,1,W4-17_b,1,W4-17_h"
TAE_W4-17_18,TAE_W4-17nonMR,0.448248551,"-1,W4-17_bh3,1,W4-17_b,3,W4-17_h"
TAE_W4-17_19,TAE_W4-17nonMR,0.654906942,"-1,W4-17_bhf2,1,W4-17_b,1,W4-17_h,2,W4-17_f"
TAE_W4-17_21,TAE_W4-17nonMR,0.168619096,"-1,W4-17_bn3pi,1,W4-17_b,1,W4-17_n"
TAE_W4-17_22,TAE_W4-17nonMR,1.685504112,"-1,W4-17_borole,4,W4-17_c,5,W4-17_h,1,W4-17_b"
TAE_W4-17_23,TAE_W4-17nonMR,0.506191943,"-1,W4-17_c-hcoh,1,W4-17_c,1,W4-17_o,2,W4-17_h"
TAE_W4-17_24,TAE_W4-17nonMR,0.497474937,"-1,W4-17_c-hono,1,W4-17_h,1,W4-17_n,2,W4-17_o"
TAE_W4-17_25,TAE_W4-17nonMR,0.371420968,"-1,W4-17_c-hooo,1,W4-17_h,3,W4-17_o"
TAE_W4-17_26,TAE_W4-17nonMR,0.463865857,"-1,W4-17_c-n2h2,2,W4-17_h,2,W4-17_n"
TAE_W4-17_28,TAE_W4-17nonMR,0.558694776,"-1,W4-17_c2cl2,2,W4-17_c,2,W4-17_cl"
TAE_W4-17_29,TAE_W4-17nonMR,0.751797982,"-1,W4-17_c2cl4,2,W4-17_c,4,W4-17_cl"
TAE_W4-17_30,TAE_W4-17nonMR,0.894497131,"-1,W4-17_c2cl6,2,W4-17_c,6,W4-17_cl"
TAE_W4-17_31,TAE_W4-17nonMR,0.603204097,"-1,W4-17_c2clh,2,W4-17_c,1,W4-17_h,1,W4-17_cl"
TAE_W4-17_32,TAE_W4-17nonMR,0.867425009,"-1,W4-17_c2clh3,2,W4-17_c,3,W4-17_h,1,W4-17_cl"
TAE_W4-17_33,TAE_W4-17nonMR,1.104227987,"-1,W4-17_c2clh5,2,W4-17_c,5,W4-17_h,1,W4-17_cl"
TAE_W4-17_34,TAE_W4-17nonMR,0.940330736,"-1,W4-17_c2f4,2,W4-17_c,4,W4-17_f"
TAE_W4-17_35,TAE_W4-17nonMR,1.26204405,"-1,W4-17_c2f6,2,W4-17_c,6,W4-17_f"
TAE_W4-17_36,TAE_W4-17nonMR,0.646269615,"-1,W4-17_c2h2,2,W4-17_c,2,W4-17_h"
TAE_W4-17_37,TAE_W4-17nonMR,0.914520748,"-1,W4-17_c2h3f,2,W4-17_c,1,W4-17_f,3,W4-17_h"
TAE_W4-17_38,TAE_W4-17nonMR,0.89895125,"-1,W4-17_c2h4,2,W4-17_c,4,W4-17_h"
TAE_W4-17_39,TAE_W4-17nonMR,1.149752434,"-1,W4-17_c2h5f,2,W4-17_c,5,W4-17_h,1,W4-17_f"
TAE_W4-17_40,TAE_W4-17nonMR,1.136302428,"-1,W4-17_c2h6,2,W4-17_c,6,W4-17_h"
TAE_W4-17_41,TAE_W4-17nonMR,0.424169215,"-1,W4-17_cch,2,W4-17_c,1,W4-17_h"
TAE_W4-17_42,TAE_W4-17nonMR,0.28257762,"-1,W4-17_ccl2,1,W4-17_c,2,W4-17_cl"
TAE_W4-17_43,TAE_W4-17nonMR,0.592343695,"-1,W4-17_ccl2h2,1,W4-17_c,2,W4-17_cl,2,W4-17_h"
TAE_W4-17_44,TAE_W4-17nonMR,0.553115573,"-1,W4-17_ccl2o,1,W4-17_c,2,W4-17_cl,1,W4-17_o"
TAE_W4-17_45,TAE_W4-17nonMR,0.55045585,"-1,W4-17_ccl3h,1,W4-17_c,3,W4-17_cl,1,W4-17_h"
TAE_W4-17_46,TAE_W4-17nonMR,0.502652552,"-1,W4-17_ccl4,1,W4-17_c,4,W4-17_cl"
TAE_W4-17_47,TAE_W4-17nonMR,0.631139952,"-1,W4-17_cclh3,1,W4-17_c,1,W4-17_cl,3,W4-17_h"
TAE_W4-17_48,TAE_W4-17nonMR,0.211487007,"-1,W4-17_cf,1,W4-17_c,1,W4-17_f"
TAE_W4-17_49,TAE_W4-17nonMR,0.412376556,"-1,W4-17_cf2,1,W4-17_c,2,W4-17_f"
TAE_W4-17_50,TAE_W4-17nonMR,0.625069919,"-1,W4-17_cf2cl2,1,W4-17_c,2,W4-17_cl,2,W4-17_f"
TAE_W4-17_51,TAE_W4-17nonMR,0.762921329,"-1,W4-17_cf4,1,W4-17_c,4,W4-17_f"
TAE_W4-17_52,TAE_W4-17nonMR,0.134213214,"-1,W4-17_ch,1,W4-17_c,1,W4-17_h"
TAE_W4-17_53,TAE_W4-17nonMR,0.289143263,"-1,W4-17_ch2-sing,1,W4-17_c,2,W4-17_h"
TAE_W4-17_54,TAE_W4-17nonMR,0.303963768,"-1,W4-17_ch2-trip,1,W4-17_c,2,W4-17_h"
TAE_W4-17_55,TAE_W4-17nonMR,0.573569463,"-1,W4-17_ch2c,2,W4-17_c,2,W4-17_h"
TAE_W4-17_56,TAE_W4-17nonMR,0.710874266,"-1,W4-17_ch2ch,2,W4-17_c,3,W4-17_h"
TAE_W4-17_57,TAE_W4-17nonMR,0.641963701,"-1,W4-17_ch2clf,1,W4-17_c,1,W4-17_cl,1,W4-17_f,2,W4-17_h"
TAE_W4-17_58,TAE_W4-17nonMR,0.697894373,"-1,W4-17_ch2f2,1,W4-17_c,2,W4-17_f,2,W4-17_h"
TAE_W4-17_59,TAE_W4-17nonMR,0.700308681,"-1,W4-17_ch2nh,1,W4-17_c,1,W4-17_n,3,W4-17_h"
TAE_W4-17_60,TAE_W4-17nonMR,0.768498938,"-1,W4-17_ch2nh2,1,W4-17_c,1,W4-17_n,4,W4-17_h"
TAE_W4-17_61,TAE_W4-17nonMR,0.490622445,"-1,W4-17_ch3,1,W4-17_c,3,W4-17_h"
TAE_W4-17_62,TAE_W4-17nonMR,0.674030173,"-1,W4-17_ch3f,1,W4-17_c,1,W4-17_f,3,W4-17_h"
TAE_W4-17_63,TAE_W4-17nonMR,0.756323814,"-1,W4-17_ch3nh,1,W4-17_c,1,W4-17_n,4,W4-17_h"
TAE_W4-17_64,TAE_W4-17nonMR,0.927891074,"-1,W4-17_ch3nh2,1,W4-17_c,1,W4-17_n,5,W4-17_h"
TAE_W4-17_65,TAE_W4-17nonMR,0.859434685,"-1,W4-17_ch3ph2,1,W4-17_c,5,W4-17_h,1,W4-17_p"
TAE_W4-17_66,TAE_W4-17nonMR,0.670014295,"-1,W4-17_ch4,1,W4-17_c,4,W4-17_h"
TAE_W4-17_67,TAE_W4-17nonMR,0.732362404,"-1,W4-17_chf3,1,W4-17_c,1,W4-17_h,3,W4-17_f"
TAE_W4-17_68,TAE_W4-17nonMR,0.843046076,"-1,W4-17_cis-c2f2cl2,2,W4-17_c,2,W4-17_cl,2,W4-17_f"
TAE_W4-17_69,TAE_W4-17nonMR,0.095217758,"-1,W4-17_cl2,2,W4-17_cl"
TAE_W4-17_71,TAE_W4-17nonMR,0.454846066,"-1,W4-17_clcn,1,W4-17_cl,1,W4-17_c,1,W4-17_n"
TAE_W4-17_72,TAE_W4-17nonMR,0.610952194,"-1,W4-17_clcof,1,W4-17_c,1,W4-17_cl,1,W4-17_f,1,W4-17_o"
TAE_W4-17_73,TAE_W4-17nonMR,0.100078246,"-1,W4-17_clf,1,W4-17_cl,1,W4-17_f"
TAE_W4-17_76,TAE_W4-17nonMR,0.305904776,"-1,W4-17_clno,1,W4-17_cl,1,W4-17_n,1,W4-17_o"
TAE_W4-17_77,TAE_W4-17nonMR,0.104285357,"-1,W4-17_clo,1,W4-17_cl,1,W4-17_o"
TAE_W4-17_81,TAE_W4-17nonMR,0.289015775,"-1,W4-17_cn,1,W4-17_c,1,W4-17_n"
TAE_W4-17_82,TAE_W4-17nonMR,0.413906414,"-1,W4-17_co,1,W4-17_c,1,W4-17_o"
TAE_W4-17_83,TAE_W4-17nonMR,0.621728135,"-1,W4-17_co2,1,W4-17_c,2,W4-17_o"
TAE_W4-17_84,TAE_W4-17nonMR,0.274434311,"-1,W4-17_cs,1,W4-17_c,1,W4-17_s"
TAE_W4-17_85,TAE_W4-17nonMR,0.447419878,"-1,W4-17_cs2,1,W4-17_c,2,W4-17_s"
TAE_W4-17_86,TAE_W4-17nonMR,1.308089605,"-1,W4-17_cyclobutadiene,4,W4-17_c,4,W4-17_h"
TAE_W4-17_87,TAE_W4-17nonMR,1.833274104,"-1,W4-17_cyclobutane,4,W4-17_c,8,W4-17_h"
TAE_W4-17_88,TAE_W4-17nonMR,1.596059977,"-1,W4-17_cyclobutene,4,W4-17_c,6,W4-17_h"
TAE_W4-17_89,TAE_W4-17nonMR,1.883480556,"-1,W4-17_cyclopentadiene,5,W4-17_c,6,W4-17_h"
TAE_W4-17_90,TAE_W4-17nonMR,1.360885661,"-1,W4-17_cyclopropane,3,W4-17_c,6,W4-17_h"
TAE_W4-17_91,TAE_W4-17nonMR,1.086741385,"-1,W4-17_cyclopropene,3,W4-17_c,4,W4-17_h"
TAE_W4-17_92,TAE_W4-17nonMR,1.175629354,"-1,W4-17_cyclopropyl,3,W4-17_c,5,W4-17_h"
TAE_W4-17_93,TAE_W4-17nonMR,1.200169241,"-1,W4-17_dioxetan2one,2,W4-17_c,2,W4-17_h,3,W4-17_o"
TAE_W4-17_94,TAE_W4-17nonMR,1.195205168,"-1,W4-17_dioxetane,2,W4-17_c,4,W4-17_h,2,W4-17_o"
TAE_W4-17_95,TAE_W4-17nonMR,0.653393019,"-1,W4-17_dioxirane,1,W4-17_c,2,W4-17_o,2,W4-17_h"
TAE_W4-17_96,TAE_W4-17nonMR,1.090647305,"-1,W4-17_dithiotane,2,W4-17_c,4,W4-17_h,2,W4-17_s"
TAE_W4-17_97,TAE_W4-17nonMR,1.292730463,"-1,W4-17_ethanol,2,W4-17_c,1,W4-17_o,6,W4-17_h"
TAE_W4-17_98,TAE_W4-17nonMR,0.062230183,"-1,W4-17_f2,2,W4-17_f"
TAE_W4-17_99,TAE_W4-17nonMR,0.670285207,"-1,W4-17_f2co,1,W4-17_c,1,W4-17_o,2,W4-17_f"
TAE_W4-17_101,TAE_W4-17nonMR,0.615226236,"-1,W4-17_fccf,2,W4-17_c,2,W4-17_f"
TAE_W4-17_102,TAE_W4-17nonMR,0.343305036,"-1,W4-17_fno,1,W4-17_f,1,W4-17_n,1,W4-17_o"
TAE_W4-17_105,TAE_W4-17nonMR,0.905405341,"-1,W4-17_formamide,1,W4-17_c,3,W4-17_h,1,W4-17_o,1,W4-17_n"
TAE_W4-17_106,TAE_W4-17nonMR,0.799781358,"-1,W4-17_formic,1,W4-17_c,2,W4-17_o,2,W4-17_h"
TAE_W4-17_107,TAE_W4-17nonMR,1.206368355,"-1,W4-17_formic-anhydride,2,W4-17_c,2,W4-17_h,3,W4-17_o"
TAE_W4-17_108,TAE_W4-17nonMR,1.585833829,"-1,W4-17_furan,4,W4-17_c,4,W4-17_h,1,W4-17_o"
TAE_W4-17_109,TAE_W4-17nonMR,1.012017358,"-1,W4-17_glyoxal,2,W4-17_c,2,W4-17_o,2,W4-17_h"
TAE_W4-17_110,TAE_W4-17nonMR,0.174499489,"-1,W4-17_h2,2,W4-17_h"
TAE_W4-17_111,TAE_W4-17nonMR,0.816966769,"-1,W4-17_h2ccn,2,W4-17_c,2,W4-17_h,1,W4-17_n"
TAE_W4-17_112,TAE_W4-17nonMR,0.547737164,"-1,W4-17_h2cn,2,W4-17_h,1,W4-17_c,1,W4-17_n"
TAE_W4-17_113,TAE_W4-17nonMR,0.59704323,"-1,W4-17_h2co,2,W4-17_h,1,W4-17_c,1,W4-17_o"
TAE_W4-17_114,TAE_W4-17nonMR,0.438192918,"-1,W4-17_h2no,2,W4-17_h,1,W4-17_n,1,W4-17_o"
TAE_W4-17_115,TAE_W4-17nonMR,0.371277543,"-1,W4-17_h2o,2,W4-17_h,1,W4-17_o"
TAE_W4-17_116,TAE_W4-17nonMR,0.293079462,"-1,W4-17_h2s,2,W4-17_h,1,W4-17_s"
TAE_W4-17_117,TAE_W4-17nonMR,0.634970973,"-1,W4-17_hccf,2,W4-17_c,1,W4-17_f,1,W4-17_h"
TAE_W4-17_118,TAE_W4-17nonMR,0.171296348,"-1,W4-17_hcl,1,W4-17_h,1,W4-17_cl"
TAE_W4-17_119,TAE_W4-17nonMR,0.534513449,"-1,W4-17_hclo4,1,W4-17_h,1,W4-17_cl,4,W4-17_o"
TAE_W4-17_120,TAE_W4-17nonMR,0.49946694,"-1,W4-17_hcn,1,W4-17_h,1,W4-17_c,1,W4-17_n"
TAE_W4-17_121,TAE_W4-17nonMR,0.535785144,"-1,W4-17_hcnh,1,W4-17_c,1,W4-17_n,2,W4-17_h"
TAE_W4-17_122,TAE_W4-17nonMR,0.58152154,"-1,W4-17_hcno,1,W4-17_c,1,W4-17_o,1,W4-17_n,1,W4-17_h"
TAE_W4-17_123,TAE_W4-17nonMR,0.445300386,"-1,W4-17_hco,1,W4-17_h,1,W4-17_c,1,W4-17_o"
TAE_W4-17_124,TAE_W4-17nonMR,0.643369258,"-1,W4-17_hcof,1,W4-17_c,1,W4-17_o,1,W4-17_f,1,W4-17_h"
TAE_W4-17_125,TAE_W4-17nonMR,0.225717878,"-1,W4-17_hf,1,W4-17_h,1,W4-17_f"
TAE_W4-17_126,TAE_W4-17nonMR,0.475180436,"-1,W4-17_hnc,1,W4-17_h,1,W4-17_c,1,W4-17_n"
TAE_W4-17_127,TAE_W4-17nonMR,0.692707196,"-1,W4-17_hnco,1,W4-17_c,1,W4-17_o,1,W4-17_n,1,W4-17_h"
TAE_W4-17_128,TAE_W4-17nonMR,0.528629868,"-1,W4-17_hnnn,1,W4-17_h,3,W4-17_n"
TAE_W4-17_129,TAE_W4-17nonMR,0.328122784,"-1,W4-17_hno,1,W4-17_h,1,W4-17_n,1,W4-17_o"
TAE_W4-17_130,TAE_W4-17nonMR,0.264904567,"-1,W4-17_hocl,1,W4-17_h,1,W4-17_o,1,W4-17_cl"
TAE_W4-17_131,TAE_W4-17nonMR,0.32555549,"-1,W4-17_hoclo,1,W4-17_h,2,W4-17_o,1,W4-17_cl"
TAE_W4-17_132,TAE_W4-17nonMR,0.435335589,"-1,W4-17_hoclo2,1,W4-17_h,3,W4-17_o,1,W4-17_cl"
TAE_W4-17_133,TAE_W4-17nonMR,0.653408955,"-1,W4-17_hocn,1,W4-17_c,1,W4-17_o,1,W4-17_n,1,W4-17_h"
TAE_W4-17_134,TAE_W4-17nonMR,0.252840995,"-1,W4-17_hof,1,W4-17_h,1,W4-17_o,1,W4-17_f"
TAE_W4-17_135,TAE_W4-17nonMR,0.557936221,"-1,W4-17_honc,1,W4-17_c,1,W4-17_o,1,W4-17_n,1,W4-17_h"
TAE_W4-17_136,TAE_W4-17nonMR,0.279741008,"-1,W4-17_hoo,1,W4-17_h,2,W4-17_o"
TAE_W4-17_137,TAE_W4-17nonMR,0.428806599,"-1,W4-17_hooh,2,W4-17_h,2,W4-17_o"
TAE_W4-17_138,TAE_W4-17nonMR,0.13980676,"-1,W4-17_hs,1,W4-17_h,1,W4-17_s"
TAE_W4-17_139,TAE_W4-17nonMR,0.850091393,"-1,W4-17_ketene,2,W4-17_c,1,W4-17_o,2,W4-17_h"
TAE_W4-17_140,TAE_W4-17nonMR,0.818267148,"-1,W4-17_methanol,1,W4-17_c,1,W4-17_o,4,W4-17_h"
TAE_W4-17_141,TAE_W4-17nonMR,2.075874609,"-1,W4-17_n-butane,4,W4-17_c,10,W4-17_h"
TAE_W4-17_142,TAE_W4-17nonMR,2.545475842,"-1,W4-17_n-pentane,5,W4-17_c,12,W4-17_h"
TAE_W4-17_143,TAE_W4-17nonMR,0.364106332,"-1,W4-17_n2,2,W4-17_n"
TAE_W4-17_144,TAE_W4-17nonMR,0.358273746,"-1,W4-17_n2h,2,W4-17_n,1,W4-17_h"
TAE_W4-17_145,TAE_W4-17nonMR,0.698380422,"-1,W4-17_n2h4,4,W4-17_h,2,W4-17_n"
TAE_W4-17_146,TAE_W4-17nonMR,0.431627275,"-1,W4-17_n2o,2,W4-17_n,1,W4-17_o"
TAE_W4-17_147,TAE_W4-17nonMR,0.751654558,"-1,W4-17_n2o4,2,W4-17_n,4,W4-17_o"
TAE_W4-17_148,TAE_W4-17nonMR,0.799924782,"-1,W4-17_nccn,2,W4-17_n,2,W4-17_c"
TAE_W4-17_149,TAE_W4-17nonMR,0.132412443,"-1,W4-17_nh,1,W4-17_n,1,W4-17_h"
TAE_W4-17_150,TAE_W4-17nonMR,0.29095997,"-1,W4-17_nh2,1,W4-17_n,2,W4-17_h"
TAE_W4-17_151,TAE_W4-17nonMR,0.395277199,"-1,W4-17_nh2cl,1,W4-17_n,1,W4-17_cl,2,W4-17_h"
TAE_W4-17_152,TAE_W4-17nonMR,0.408711269,"-1,W4-17_nh2f,1,W4-17_n,2,W4-17_h,1,W4-17_f"
TAE_W4-17_153,TAE_W4-17nonMR,0.573255523,"-1,W4-17_nh2oh,1,W4-17_n,3,W4-17_h,1,W4-17_o"
TAE_W4-17_154,TAE_W4-17nonMR,0.474909523,"-1,W4-17_nh3,1,W4-17_n,3,W4-17_h"
TAE_W4-17_155,TAE_W4-17nonMR,0.243422803,"-1,W4-17_no,1,W4-17_n,1,W4-17_o"
TAE_W4-17_156,TAE_W4-17nonMR,0.363134234,"-1,W4-17_no2,1,W4-17_n,2,W4-17_o"
TAE_W4-17_157,TAE_W4-17nonMR,0.192539071,"-1,W4-17_o2,2,W4-17_o"
TAE_W4-17_160,TAE_W4-17nonMR,0.535020215,"-1,W4-17_ocs,1,W4-17_o,1,W4-17_c,1,W4-17_s"
TAE_W4-17_162,TAE_W4-17nonMR,0.170834203,"-1,W4-17_oh,1,W4-17_o,1,W4-17_h"
TAE_W4-17_163,TAE_W4-17nonMR,1.125193424,"-1,W4-17_oxadiazole,2,W4-17_c,2,W4-17_h,2,W4-17_n,1,W4-17_o"
TAE_W4-17_164,TAE_W4-17nonMR,1.510956815,"-1,W4-17_oxetane,3,W4-17_c,6,W4-17_h,1,W4-17_o"
TAE_W4-17_165,TAE_W4-17nonMR,1.038216185,"-1,W4-17_oxirane,2,W4-17_c,1,W4-17_o,4,W4-17_h"
TAE_W4-17_166,TAE_W4-17nonMR,0.726730613,"-1,W4-17_oxirene,2,W4-17_c,1,W4-17_o,2,W4-17_h"
TAE_W4-17_167,TAE_W4-17nonMR,0.187423607,"-1,W4-17_p2,2,W4-17_p"
TAE_W4-17_168,TAE_W4-17nonMR,0.46305312,"-1,W4-17_p4,4,W4-17_p"
TAE_W4-17_169,TAE_W4-17nonMR,0.582619532,"-1,W4-17_pf3,1,W4-17_p,3,W4-17_f"
TAE_W4-17_170,TAE_W4-17nonMR,0.894911467,"-1,W4-17_pf5,1,W4-17_p,5,W4-17_f"
TAE_W4-17_171,TAE_W4-17nonMR,0.386082112,"-1,W4-17_ph3,1,W4-17_p,3,W4-17_h"
TAE_W4-17_172,TAE_W4-17nonMR,1.606176166,"-1,W4-17_propane,3,W4-17_c,8,W4-17_h"
TAE_W4-17_173,TAE_W4-17nonMR,1.372968356,"-1,W4-17_propene,3,W4-17_c,6,W4-17_h"
TAE_W4-17_174,TAE_W4-17nonMR,1.124398216,"-1,W4-17_propyne,3,W4-17_c,4,W4-17_h"
TAE_W4-17_175,TAE_W4-17nonMR,1.709613727,"-1,W4-17_pyrrole,4,W4-17_c,5,W4-17_h,1,W4-17_n"
TAE_W4-17_176,TAE_W4-17nonMR,0.166133075,"-1,W4-17_s2,2,W4-17_s"
TAE_W4-17_177,TAE_W4-17nonMR,0.332664551,"-1,W4-17_s2o,2,W4-17_s,1,W4-17_o"
TAE_W4-17_180,TAE_W4-17nonMR,0.773574562,"-1,W4-17_sf6,1,W4-17_s,6,W4-17_f"
TAE_W4-17_181,TAE_W4-17nonMR,0.853979784,"-1,W4-17_si2h6,2,W4-17_si,6,W4-17_h"
TAE_W4-17_182,TAE_W4-17nonMR,0.227438969,"-1,W4-17_sif,1,W4-17_si,1,W4-17_f"
TAE_W4-17_183,TAE_W4-17nonMR,0.920719862,"-1,W4-17_sif4,1,W4-17_si,4,W4-17_f"
TAE_W4-17_184,TAE_W4-17nonMR,0.117815043,"-1,W4-17_sih,1,W4-17_si,1,W4-17_h"
TAE_W4-17_185,TAE_W4-17nonMR,0.609935475,"-1,W4-17_sih3f,1,W4-17_si,3,W4-17_h,1,W4-17_f"
TAE_W4-17_186,TAE_W4-17nonMR,0.517841178,"-1,W4-17_sih4,1,W4-17_si,4,W4-17_h"
TAE_W4-17_187,TAE_W4-17nonMR,1.754405116,"-1,W4-17_silole,4,W4-17_c,6,W4-17_h,1,W4-17_si"
TAE_W4-17_188,TAE_W4-17nonMR,0.307629054,"-1,W4-17_sio,1,W4-17_si,1,W4-17_o"
TAE_W4-17_189,TAE_W4-17nonMR,0.201542926,"-1,W4-17_so,1,W4-17_s,1,W4-17_o"
TAE_W4-17_190,TAE_W4-17nonMR,0.415260976,"-1,W4-17_so2,1,W4-17_s,2,W4-17_o"
TAE_W4-17_191,TAE_W4-17nonMR,0.55280482,"-1,W4-17_so3,1,W4-17_s,3,W4-17_o"
TAE_W4-17_192,TAE_W4-17nonMR,0.26316754,"-1,W4-17_ssh,2,W4-17_s,1,W4-17_h"
TAE_W4-17_193,TAE_W4-17nonMR,1.614429434,"-1,W4-17_t-butadiene,4,W4-17_c,6,W4-17_h"
TAE_W4-17_194,TAE_W4-17nonMR,0.513873108,"-1,W4-17_t-hcoh,1,W4-17_c,1,W4-17_o,2,W4-17_h"
TAE_W4-17_195,TAE_W4-17nonMR,0.498176122,"-1,W4-17_t-hono,1,W4-17_h,1,W4-17_n,2,W4-17_o"
TAE_W4-17_196,TAE_W4-17nonMR,0.371739688,"-1,W4-17_t-hooo,1,W4-17_h,3,W4-17_o"
TAE_W4-17_197,TAE_W4-17nonMR,0.472487247,"-1,W4-17_t-n2h2,2,W4-17_h,2,W4-17_n"
TAE_W4-17_198,TAE_W4-17nonMR,1.264506166,"-1,W4-17_tetrahedrane,4,W4-17_c,4,W4-17_h"
TAE_W4-17_199,TAE_W4-17nonMR,1.537805832,"-1,W4-17_thiophene,4,W4-17_c,4,W4-17_h,1,W4-17_s"
TAE_W4-17_200,TAE_W4-17nonMR,0.843637302,"-1,W4-17_trans-c2f2cl2,2,W4-17_c,2,W4-17_f,2,W4-17_cl"
TAUT15_1,TAUT15,0.006852491,"-1,TAUT15_1a,1,TAUT15_1b"
TAUT15_2,TAUT15,0.010454033,"-1,TAUT15_2a,1,TAUT15_2b"
TAUT15_3,TAUT15,-0.008669198,"-1,TAUT15_3a,1,TAUT15_3b"
TAUT15_4,TAUT15,0.008366414,"-1,TAUT15_3a,1,TAUT15_3c"
TAUT15_5,TAUT15,0.020764642,"-1,TAUT15_3a,1,TAUT15_3d"
TAUT15_6,TAUT15,0.00148205,"-1,TAUT15_4a,1,TAUT15_4b"
TAUT15_7,TAUT15,0.001179266,"-1,TAUT15_5a,1,TAUT15_5b"
TAUT15_8,TAUT15,0.002310724,"-1,TAUT15_5a,1,TAUT15_5c"
TAUT15_9,TAUT15,-0.000270912,"-1,TAUT15_6a,1,TAUT15_6b"
TAUT15_10,TAUT15,-0.001386434,"-1,TAUT15_6a,1,TAUT15_6c"
TAUT15_11,TAUT15,0.004541768,"-1,TAUT15_6a,1,TAUT15_6d"
TAUT15_12,TAUT15,0.003426246,"-1,TAUT15_7a,1,TAUT15_7b"
TAUT15_13,TAUT15,0.000876481,"-1,TAUT15_8a,1,TAUT15_8b"
TAUT15_14,TAUT15,0.001513923,"-1,TAUT15_9a,1,TAUT15_9b"
TAUT15_15,TAUT15,-0.000717121,"-1,TAUT15_10a,1,TAUT15_10b"
TMD10_1,TMD10,0.148118603,"-1,TMD15_TiBr,1,TMD07_Ti,1,TMD06_Br"
TMD10_2,TMD10,0.240639911,"-1,TMD16_VO,1,TMD08_V,1,TMD02_O"
TMD10_3,TMD10,0.123645235,"-1,TMD17_CrS,1,TMD09_Cr,1,TMD04_S"
TMD10_4,TMD10,0.124253611,"-1,TMD18_MnBr,1,TMD10_Mn,1,TMD06_Br"
TMD10_5,TMD10,0.125080954,"-1,TMD19_FeCl,1,TMD11_Fe,1,TMD05_Cl"
TMD10_6,TMD10,0.13315488,"-1,TMD20_FeS,1,TMD11_Fe,1,TMD04_S"
TMD10_7,TMD10,0.081889175,"-1,TMD21_CoH,1,TMD12_Co,1,TMD01_H"
TMD10_8,TMD10,0.175758723,"-1,TMD22_CoF,1,TMD12_Co,1,TMD03_F"
TMD10_9,TMD10,0.127817706,"-1,TMD23_CuBr,1,TMD13_Cu,1,TMD06_Br"
TMD10_10,TMD10,0.054656263,"-1,TMD24_ZnS,1,TMD14_Zn,1,TMD04_S"
MOR13_1,MOR13,-0.068684222,"-1,MOR07_ed01,-1,MOR05_co,1,MOR25_pr01"
MOR13_2,MOR13,0.005896325,"-1,MOR08_ed05,-1,MOR05_co,1,MOR26_pr05"
MOR13_3,MOR13,-0.025816343,"-1,MOR09_ed07,-1,MOR19_h2,1,MOR27_pr07"
MOR13_4,MOR13,-0.029800347,"-1,MOR10_ed09,-1,MOR19_h2,1,MOR28_pr09"
MOR13_5,MOR13,0.043027239,"-1,MOR11_ed11,-1,MOR04_c2h6,1,MOR29_pr11"
MOR13_6,MOR13,-0.047489323,"-1,MOR07_ed01,-1,MOR03_c2h4,1,MOR30_pr12"
MOR13_7,MOR13,-0.048126763,"-1,MOR12_ed18,-1,MOR01_accl,1,MOR31_pr20"
MOR13_8,MOR13,-0.06629382,"-1,MOR13_ed24,-1,MOR22_pcy3,1,MOR32_pr24"
MOR13_9,MOR13,-0.057847732,"-1,MOR14_ed26,-1,MOR15_ed28,1,MOR33_pr28,1,MOR06_cod"
MOR13_10,MOR13,-0.049242284,"-1,MOR16_ed33,-1,MOR23_phseh,1,MOR34_pr35,1,MOR03_c2h4"
MOR13_11,MOR13,-0.063425337,"-1,MOR17_ed36,-1,MOR20_i2,1,MOR35_pr36,1,MOR03_c2h4"
MOR13_12,MOR13,-0.02231042,"-1,MOR18_ed37,-3,MOR21_mecn,1,MOR36_pr37,1,MOR02_bz"
MOR13_13,MOR13,-0.102627933,"-1,MOR18_ed37,-3,MOR24_pme3,1,MOR37_pr38,1,MOR02_bz"
TMB11_1,TMB11,0.005338565,"1,TMB01_T1,-1,TMB01_R1,-1,TMB01_R2"
TMB11_2,TMB11,0.013577484,"1,TMB06_T1,-1,TMB06_C1"
TMB11_3,TMB11,0.021577363,"1,TMB08_T1,-1,TMB08_C1"
TMB11_4,TMB11,0.023410005,"1,TMB09_T1,-1,TMB10_C1"
TMB11_5,TMB11,0.059186357,"1,TMB20_T1,-1,TMB20_C1"
TMB11_6,TMB11,0.027139032,"1,TMB20_T2,-1,TMB20_I1"
TMB11_7,TMB11,0.033370014,"1,TMB20_T3,-1,TMB20_I1"
TMB11_8,TMB11,0.014310541,"1,TMB26_T1,-1,TMB26_C1"
TMB11_9,TMB11,0.009513801,"1,TMB28_T1,-1,TMB28_C1"
TMB11_10,TMB11,0.014629261,"1,TMB29_T1,-1,TMB29_C2"
TMB11_11,TMB11,0.013657164,"1,TMB31_T1,-1,TMB31_C1"
UPU23_1,UPU23,0.007760845,"-1,UPU23_2p,1,UPU23_1a"
UPU23_2,UPU23,0.004733,"-1,UPU23_2p,1,UPU23_1b"
UPU23_3,UPU23,0.014183064,"-1,UPU23_2p,1,UPU23_1c"
UPU23_4,UPU23,0.003537798,"-1,UPU23_2p,1,UPU23_1g"
UPU23_5,UPU23,0.003219077,"-1,UPU23_2p,1,UPU23_1p"
UPU23_6,UPU23,0.005003912,"-1,UPU23_2p,1,UPU23_2a"
UPU23_7,UPU23,0.000908354,"-1,UPU23_2p,1,UPU23_5z"
UPU23_8,UPU23,0.005290761,"-1,UPU23_2p,1,UPU23_6p"
UPU23_9,UPU23,0.011569555,"-1,UPU23_2p,1,UPU23_7a"
UPU23_10,UPU23,0.006310666,"-1,UPU23_2p,1,UPU23_aa"
UPU23_11,UPU23,0.017736797,"-1,UPU23_2p,1,UPU23_1e"
UPU23_12,UPU23,0.007681165,"-1,UPU23_2p,1,UPU23_0a"
UPU23_13,UPU23,0.022963814,"-1,UPU23_2p,1,UPU23_1f"
UPU23_14,UPU23,0.008207054,"-1,UPU23_2p,1,UPU23_9a"
UPU23_15,UPU23,0.008732942,"-1,UPU23_2p,1,UPU23_4b"
UPU23_16,UPU23,0.010900242,"-1,UPU23_2p,1,UPU23_3a"
UPU23_17,UPU23,0.00621505,"-1,UPU23_2p,1,UPU23_7p"
UPU23_18,UPU23,0.010246865,"-1,UPU23_2p,1,UPU23_8d"
UPU23_19,UPU23,0.008637326,"-1,UPU23_2p,1,UPU23_3d"
UPU23_20,UPU23,0.010677138,"-1,UPU23_2p,1,UPU23_0b"
UPU23_21,UPU23,0.008924175,"-1,UPU23_2p,1,UPU23_1m"
UPU23_22,UPU23,0.01660534,"-1,UPU23_2p,1,UPU23_2h"
UPU23_23,UPU23,0.00970504,"-1,UPU23_2p,1,UPU23_3b"
V30_1,V30,0.0000000267587,"1,V30_CO2_Ar_1+,1,V30_CO2_Ar_1-,-2,V30_CO2_Ar"
V30_2,V30,0.000000543245,"1,V30_CO2_Ar_2+,1,V30_CO2_Ar_2-,-2,V30_CO2_Ar"
V30_3,V30,0.000000545388,"1,V30_CO2_Ar_3+,1,V30_CO2_Ar_3-,-2,V30_CO2_Ar"
V30_4,V30,0.000000246099,"1,V30_CO2_Ar_4+,1,V30_CO2_Ar_4-,-2,V30_CO2_Ar"
V30_5,V30,0.000000770891,"1,V30_CO2_Ar_5+,1,V30_CO2_Ar_5-,-2,V30_CO2_Ar"
V30_6,V30,0.0000000838116,"1,V30_HF_NH3_0+,1,V30_HF_NH3_0-,-2,V30_HF_NH3"
V30_7,V30,0.000000090055,"1,V30_HF_NH3_2+,1,V30_HF_NH3_2-,-2,V30_HF_NH3"
V30_8,V30,0.00000113633,"1,V30_HF_NH3_3+,1,V30_HF_NH3_3-,-2,V30_HF_NH3"
V30_9,V30,0.000000179032,"1,V30_HF_NH3_5+,1,V30_HF_NH3_5-,-2,V30_HF_NH3"
V30_10,V30,0.000000378407,"1,V30_HF_NH3_6+,1,V30_HF_NH3_6-,-2,V30_HF_NH3"
V30_11,V30,0.000000378407,"1,V30_HF_NH3_7+,1,V30_HF_NH3_7-,-2,V30_HF_NH3"
V30_12,V30,0.00000159365,"1,V30_HF_NH3_8+,1,V30_HF_NH3_8-,-2,V30_HF_NH3"
V30_13,V30,0.00000164057,"1,V30_HF_NH3_9+,1,V30_HF_NH3_9-,-2,V30_HF_NH3"
V30_14,V30,0.00000176092,"1,V30_HF_NH3_10+,1,V30_HF_NH3_10-,-2,V30_HF_NH3"
V30_15,V30,0.0000000479468,"1,V30_H2O_Ar_1+,1,V30_H2O_Ar_1-,-2,V30_H2O_Ar"
V30_16,V30,0.0000000917172,"1,V30_H2O_Ar_2+,1,V30_H2O_Ar_2-,-2,V30_H2O_Ar"
V30_17,V30,0.000000367844,"1,V30_H2O_Ar_3+,1,V30_H2O_Ar_3-,-2,V30_H2O_Ar"
V30_18,V30,0.000001984,"1,V30_H2O_Ar_4+,1,V30_H2O_Ar_4-,-2,V30_H2O_Ar"
V30_19,V30,0.00000209833,"1,V30_H2O_Ar_5+,1,V30_H2O_Ar_5-,-2,V30_H2O_Ar"
V30_20,V30,0.0000000111526,"1,V30_CO2_CO2_1+,1,V30_CO2_CO2_1-,-2,V30_CO2_CO2"
V30_21,V30,0.00000002941,"1,V30_CO2_CO2_2+,1,V30_CO2_CO2_2-,-2,V30_CO2_CO2"
V30_22,V30,0.0000000140909,"1,V30_CO2_CO2_3+,1,V30_CO2_CO2_3-,-2,V30_CO2_CO2"
V30_23,V30,0.000000539691,"1,V30_CO2_CO2_4+,1,V30_CO2_CO2_4-,-2,V30_CO2_CO2"
V30_24,V30,0.000000542989,"1,V30_CO2_CO2_5+,1,V30_CO2_CO2_5-,-2,V30_CO2_CO2"
V30_25,V30,0.000000544577,"1,V30_CO2_CO2_6+,1,V30_CO2_CO2_6-,-2,V30_CO2_CO2"
V30_26,V30,0.000000549618,"1,V30_CO2_CO2_7+,1,V30_CO2_CO2_7-,-2,V30_CO2_CO2"
V30_27,V30,0.000000245936,"1,V30_CO2_CO2_8+,1,V30_CO2_CO2_8-,-2,V30_CO2_CO2"
V30_28,V30,0.000000769072,"1,V30_CO2_CO2_10+,1,V30_CO2_CO2_10-,-2,V30_CO2_CO2"
V30_29,V30,0.000000772571,"1,V30_CO2_CO2_11+,1,V30_CO2_CO2_11-,-2,V30_CO2_CO2"
V30_30,V30,0.0000000261627,"1,V30_CH4_CH4_1+,1,V30_CH4_CH4_1-,-2,V30_CH4_CH4"
V30_31,V30,0.0000000262323,"1,V30_CH4_CH4_2+,1,V30_CH4_CH4_2-,-2,V30_CH4_CH4"
V30_32,V30,0.0000000548537,"1,V30_CH4_CH4_3+,1,V30_CH4_CH4_3-,-2,V30_CH4_CH4"
V30_33,V30,0.0000000604196,"1,V30_CH4_CH4_4+,1,V30_CH4_CH4_4-,-2,V30_CH4_CH4"
V30_34,V30,0.0000000604805,"1,V30_CH4_CH4_5+,1,V30_CH4_CH4_5-,-2,V30_CH4_CH4"
V30_35,V30,0.000000242368,"1,V30_CH4_CH4_6+,1,V30_CH4_CH4_6-,-2,V30_CH4_CH4"
V30_36,V30,0.000000243962,"1,V30_CH4_CH4_7+,1,V30_CH4_CH4_7-,-2,V30_CH4_CH4"
V30_37,V30,0.000000245002,"1,V30_CH4_CH4_9+,1,V30_CH4_CH4_9-,-2,V30_CH4_CH4"
V30_38,V30,0.00000024583,"1,V30_CH4_CH4_11+,1,V30_CH4_CH4_11-,-2,V30_CH4_CH4"
V30_39,V30,0.000000331062,"1,V30_CH4_CH4_12+,1,V30_CH4_CH4_12-,-2,V30_CH4_CH4"
V30_40,V30,0.000000334226,"1,V30_CH4_CH4_14+,1,V30_CH4_CH4_14-,-2,V30_CH4_CH4"
V30_41,V30,0.00000124206,"1,V30_CH4_CH4_16+,1,V30_CH4_CH4_16-,-2,V30_CH4_CH4"
V30_42,V30,0.00000134303,"1,V30_CH4_CH4_18+,1,V30_CH4_CH4_18-,-2,V30_CH4_CH4"
V30_43,V30,0.00000134434,"1,V30_CH4_CH4_21+,1,V30_CH4_CH4_21-,-2,V30_CH4_CH4"
V30_44,V30,0.000000060351,"1,V30_HF_H2O_0+,1,V30_HF_H2O_0-,-2,V30_HF_H2O"
V30_45,V30,0.0000000726848,"1,V30_HF_H2O_1+,1,V30_HF_H2O_1-,-2,V30_HF_H2O"
V30_46,V30,0.0000000849882,"1,V30_HF_H2O_2+,1,V30_HF_H2O_2-,-2,V30_HF_H2O"
V30_47,V30,0.000000608878,"1,V30_HF_H2O_3+,1,V30_HF_H2O_3-,-2,V30_HF_H2O"
V30_48,V30,0.000000838749,"1,V30_HF_H2O_4+,1,V30_HF_H2O_4-,-2,V30_HF_H2O"
V30_49,V30,0.000000368509,"1,V30_HF_H2O_5+,1,V30_HF_H2O_5-,-2,V30_HF_H2O"
V30_50,V30,0.00000193087,"1,V30_HF_H2O_6+,1,V30_HF_H2O_6-,-2,V30_HF_H2O"
V30_51,V30,0.00000198198,"1,V30_HF_H2O_7+,1,V30_HF_H2O_7-,-2,V30_HF_H2O"
V30_52,V30,0.00000208913,"1,V30_HF_H2O_8+,1,V30_HF_H2O_8-,-2,V30_HF_H2O"
V30_53,V30,0.0000000318846,"1,V30_H2O_NH3_1+,1,V30_H2O_NH3_1-,-2,V30_H2O_NH3"
V30_54,V30,0.0000000363429,"1,V30_H2O_NH3_2+,1,V30_H2O_NH3_2-,-2,V30_H2O_NH3"
V30_55,V30,0.0000000475441,"1,V30_H2O_NH3_3+,1,V30_H2O_NH3_3-,-2,V30_H2O_NH3"
V30_56,V30,0.000000240676,"1,V30_H2O_NH3_4+,1,V30_H2O_NH3_4-,-2,V30_H2O_NH3"
V30_57,V30,0.000000580371,"1,V30_H2O_NH3_5+,1,V30_H2O_NH3_5-,-2,V30_H2O_NH3"
V30_58,V30,0.000000166516,"1,V30_H2O_NH3_6+,1,V30_H2O_NH3_6-,-2,V30_H2O_NH3"
V30_59,V30,0.000000374779,"1,V30_H2O_NH3_7+,1,V30_H2O_NH3_7-,-2,V30_H2O_NH3"
V30_60,V30,0.000000378882,"1,V30_H2O_NH3_8+,1,V30_H2O_NH3_8-,-2,V30_H2O_NH3"
V30_61,V30,0.000000386688,"1,V30_H2O_NH3_9+,1,V30_H2O_NH3_9-,-2,V30_H2O_NH3"
V30_62,V30,0.00000163395,"1,V30_H2O_NH3_10+,1,V30_H2O_NH3_10-,-2,V30_H2O_NH3"
V30_63,V30,0.00000175555,"1,V30_H2O_NH3_11+,1,V30_H2O_NH3_11-,-2,V30_H2O_NH3"
V30_64,V30,0.00000175931,"1,V30_H2O_NH3_12+,1,V30_H2O_NH3_12-,-2,V30_H2O_NH3"
V30_65,V30,0.00000179084,"1,V30_H2O_NH3_13+,1,V30_H2O_NH3_13-,-2,V30_H2O_NH3"
V30_66,V30,0.00000206134,"1,V30_H2O_NH3_14+,1,V30_H2O_NH3_14-,-2,V30_H2O_NH3"
V30_67,V30,0.0000000511088,"1,V30_CH3OH_H2O_0+,1,V30_CH3OH_H2O_0-,-2,V30_CH3OH_H2O"
V30_68,V30,0.0000000661311,"1,V30_CH3OH_H2O_1+,1,V30_CH3OH_H2O_1-,-2,V30_CH3OH_H2O"
V30_69,V30,0.0000000865464,"1,V30_CH3OH_H2O_2+,1,V30_CH3OH_H2O_2-,-2,V30_CH3OH_H2O"
V30_70,V30,0.0000000325259,"1,V30_CH3OH_H2O_3+,1,V30_CH3OH_H2O_3-,-2,V30_CH3OH_H2O"
V30_71,V30,0.0000000400118,"1,V30_CH3OH_H2O_4+,1,V30_CH3OH_H2O_4-,-2,V30_CH3OH_H2O"
V30_72,V30,0.0000000664069,"1,V30_CH3OH_H2O_5+,1,V30_CH3OH_H2O_5-,-2,V30_CH3OH_H2O"
V30_73,V30,0.000000527367,"1,V30_CH3OH_H2O_6+,1,V30_CH3OH_H2O_6-,-2,V30_CH3OH_H2O"
V30_74,V30,0.000000157725,"1,V30_CH3OH_H2O_7+,1,V30_CH3OH_H2O_7-,-2,V30_CH3OH_H2O"
V30_75,V30,0.000000168698,"1,V30_CH3OH_H2O_8+,1,V30_CH3OH_H2O_8-,-2,V30_CH3OH_H2O"
V30_76,V30,0.000000188507,"1,V30_CH3OH_H2O_9+,1,V30_CH3OH_H2O_9-,-2,V30_CH3OH_H2O"
V30_77,V30,0.000000278855,"1,V30_CH3OH_H2O_10+,1,V30_CH3OH_H2O_10-,-2,V30_CH3OH_H2O"
V30_78,V30,0.000000297145,"1,V30_CH3OH_H2O_11+,1,V30_CH3OH_H2O_11-,-2,V30_CH3OH_H2O"
V30_79,V30,0.000000307912,"1,V30_CH3OH_H2O_12+,1,V30_CH3OH_H2O_12-,-2,V30_CH3OH_H2O"
V30_80,V30,0.000000313359,"1,V30_CH3OH_H2O_13+,1,V30_CH3OH_H2O_13-,-2,V30_CH3OH_H2O"
V30_81,V30,0.000000368525,"1,V30_CH3OH_H2O_14+,1,V30_CH3OH_H2O_14-,-2,V30_CH3OH_H2O"
V30_82,V30,0.00000121844,"1,V30_CH3OH_H2O_15+,1,V30_CH3OH_H2O_15-,-2,V30_CH3OH_H2O"
V30_83,V30,0.00000126302,"1,V30_CH3OH_H2O_16+,1,V30_CH3OH_H2O_16-,-2,V30_CH3OH_H2O"
V30_84,V30,0.00000131489,"1,V30_CH3OH_H2O_17+,1,V30_CH3OH_H2O_17-,-2,V30_CH3OH_H2O"
V30_85,V30,0.00000192046,"1,V30_CH3OH_H2O_18+,1,V30_CH3OH_H2O_18-,-2,V30_CH3OH_H2O"
V30_86,V30,0.00000197882,"1,V30_CH3OH_H2O_19+,1,V30_CH3OH_H2O_19-,-2,V30_CH3OH_H2O"
V30_87,V30,0.00000208964,"1,V30_CH3OH_H2O_20+,1,V30_CH3OH_H2O_20-,-2,V30_CH3OH_H2O"
V30_88,V30,0.0000000505517,"1,V30_CO2_N2_2+,1,V30_CO2_N2_2-,-2,V30_CO2_N2"
V30_89,V30,0.0000000962225,"1,V30_CO2_N2_3+,1,V30_CO2_N2_3-,-2,V30_CO2_N2"
V30_90,V30,0.000000541768,"1,V30_CO2_N2_4+,1,V30_CO2_N2_4-,-2,V30_CO2_N2"
V30_91,V30,0.000000547364,"1,V30_CO2_N2_5+,1,V30_CO2_N2_5-,-2,V30_CO2_N2"
V30_92,V30,0.000000246284,"1,V30_CO2_N2_6+,1,V30_CO2_N2_6-,-2,V30_CO2_N2"
V30_93,V30,0.000000750453,"1,V30_CO2_N2_7+,1,V30_CO2_N2_7-,-2,V30_CO2_N2"
V30_94,V30,0.000000771675,"1,V30_CO2_N2_8+,1,V30_CO2_N2_8-,-2,V30_CO2_N2"
V30_95,V30,0.0000000131341,"1,V30_HF_CH4_0+,1,V30_HF_CH4_0-,-2,V30_HF_CH4"
V30_96,V30,0.0000000155323,"1,V30_HF_CH4_2+,1,V30_HF_CH4_2-,-2,V30_HF_CH4"
V30_97,V30,0.000000064479,"1,V30_HF_CH4_3+,1,V30_HF_CH4_3-,-2,V30_HF_CH4"
V30_98,V30,0.000000246022,"1,V30_HF_CH4_5+,1,V30_HF_CH4_5-,-2,V30_HF_CH4"
V30_99,V30,0.00000024728,"1,V30_HF_CH4_7+,1,V30_HF_CH4_7-,-2,V30_HF_CH4"
V30_100,V30,0.000000336501,"1,V30_HF_CH4_8+,1,V30_HF_CH4_8-,-2,V30_HF_CH4"
V30_101,V30,0.000000336501,"1,V30_HF_CH4_9+,1,V30_HF_CH4_9-,-2,V30_HF_CH4"
V30_102,V30,0.00000123413,"1,V30_HF_CH4_10+,1,V30_HF_CH4_10-,-2,V30_HF_CH4"
V30_103,V30,0.00000133342,"1,V30_HF_CH4_11+,1,V30_HF_CH4_11-,-2,V30_HF_CH4"
V30_104,V30,0.00000134765,"1,V30_HF_CH4_13+,1,V30_HF_CH4_13-,-2,V30_HF_CH4"
V30_105,V30,0.00000226764,"1,V30_HF_CH4_14+,1,V30_HF_CH4_14-,-2,V30_HF_CH4"
V30_106,V30,0.0000000333671,"1,V30_HF_CO_0+,1,V30_HF_CO_0-,-2,V30_HF_CO"
V30_107,V30,0.0000000134487,"1,V30_HF_CO_2+,1,V30_HF_CO_2-,-2,V30_HF_CO"
V30_108,V30,0.000000114528,"1,V30_HF_CO_3+,1,V30_HF_CO_3-,-2,V30_HF_CO"
V30_109,V30,0.000000625023,"1,V30_HF_CO_5+,1,V30_HF_CO_5-,-2,V30_HF_CO"
V30_110,V30,0.00000228385,"1,V30_HF_CO_6+,1,V30_HF_CO_6-,-2,V30_HF_CO"
V30_111,V30,0.000000749058,"1,V30_N2_Ar_2+,1,V30_N2_Ar_2-,-2,V30_N2_Ar"
V30_112,V30,0.000000102207,"1,V30_H2O_CO2_1+,1,V30_H2O_CO2_1-,-2,V30_H2O_CO2"
V30_113,V30,0.0000000159716,"1,V30_H2O_CO2_2+,1,V30_H2O_CO2_2-,-2,V30_H2O_CO2"
V30_114,V30,0.0000000280619,"1,V30_H2O_CO2_3+,1,V30_H2O_CO2_3-,-2,V30_H2O_CO2"
V30_115,V30,0.0000000369262,"1,V30_H2O_CO2_4+,1,V30_H2O_CO2_4-,-2,V30_H2O_CO2"
V30_116,V30,0.00000053069,"1,V30_H2O_CO2_5+,1,V30_H2O_CO2_5-,-2,V30_H2O_CO2"
V30_117,V30,0.000000552613,"1,V30_H2O_CO2_6+,1,V30_H2O_CO2_6-,-2,V30_H2O_CO2"
V30_118,V30,0.000000246449,"1,V30_H2O_CO2_7+,1,V30_H2O_CO2_7-,-2,V30_H2O_CO2"
V30_119,V30,0.000000366428,"1,V30_H2O_CO2_8+,1,V30_H2O_CO2_8-,-2,V30_H2O_CO2"
V30_120,V30,0.000000772074,"1,V30_H2O_CO2_9+,1,V30_H2O_CO2_9-,-2,V30_H2O_CO2"
V30_121,V30,0.00000198351,"1,V30_H2O_CO2_10+,1,V30_H2O_CO2_10-,-2,V30_H2O_CO2"
V30_122,V30,0.00000209952,"1,V30_H2O_CO2_11+,1,V30_H2O_CO2_11-,-2,V30_H2O_CO2"
V30_123,V30,0.0000000481404,"1,V30_C2H2_C2H2_1+,1,V30_C2H2_C2H2_1-,-2,V30_C2H2_C2H2"
V30_124,V30,0.0000000732395,"1,V30_C2H2_C2H2_2+,1,V30_C2H2_C2H2_2-,-2,V30_C2H2_C2H2"
V30_125,V30,0.0000000124455,"1,V30_C2H2_C2H2_3+,1,V30_C2H2_C2H2_3-,-2,V30_C2H2_C2H2"
V30_126,V30,0.000000457245,"1,V30_C2H2_C2H2_4+,1,V30_C2H2_C2H2_4-,-2,V30_C2H2_C2H2"
V30_127,V30,0.000000464267,"1,V30_C2H2_C2H2_5+,1,V30_C2H2_C2H2_5-,-2,V30_C2H2_C2H2"
V30_128,V30,0.000000472504,"1,V30_C2H2_C2H2_6+,1,V30_C2H2_C2H2_6-,-2,V30_C2H2_C2H2"
V30_129,V30,0.000000481782,"1,V30_C2H2_C2H2_7+,1,V30_C2H2_C2H2_7-,-2,V30_C2H2_C2H2"
V30_130,V30,0.000000679799,"1,V30_C2H2_C2H2_8+,1,V30_C2H2_C2H2_8-,-2,V30_C2H2_C2H2"
V30_131,V30,0.000000692967,"1,V30_C2H2_C2H2_9+,1,V30_C2H2_C2H2_9-,-2,V30_C2H2_C2H2"
V30_132,V30,0.000000712959,"1,V30_C2H2_C2H2_10+,1,V30_C2H2_C2H2_10-,-2,V30_C2H2_C2H2"
V30_133,V30,0.000000726262,"1,V30_C2H2_C2H2_11+,1,V30_C2H2_C2H2_11-,-2,V30_C2H2_C2H2"
V30_134,V30,0.000000539884,"1,V30_C2H2_C2H2_12+,1,V30_C2H2_C2H2_12-,-2,V30_C2H2_C2H2"
V30_135,V30,0.000000542115,"1,V30_C2H2_C2H2_13+,1,V30_C2H2_C2H2_13-,-2,V30_C2H2_C2H2"
V30_136,V30,0.00000155354,"1,V30_C2H2_C2H2_14+,1,V30_C2H2_C2H2_14-,-2,V30_C2H2_C2H2"
V30_137,V30,0.00000156591,"1,V30_C2H2_C2H2_15+,1,V30_C2H2_C2H2_15-,-2,V30_C2H2_C2H2"
V30_138,V30,0.00000164477,"1,V30_C2H2_C2H2_16+,1,V30_C2H2_C2H2_16-,-2,V30_C2H2_C2H2"
V30_139,V30,0.00000165209,"1,V30_C2H2_C2H2_17+,1,V30_C2H2_C2H2_17-,-2,V30_C2H2_C2H2"
V30_140,V30,0.0000000270234,"1,V30_H2O_H2O_2+,1,V30_H2O_H2O_2-,-2,V30_H2O_H2O"
V30_141,V30,0.0000000417036,"1,V30_H2O_H2O_3+,1,V30_H2O_H2O_3-,-2,V30_H2O_H2O"
V30_142,V30,0.00000015089,"1,V30_H2O_H2O_4+,1,V30_H2O_H2O_4-,-2,V30_H2O_H2O"
V30_143,V30,0.000000460408,"1,V30_H2O_H2O_5+,1,V30_H2O_H2O_5-,-2,V30_H2O_H2O"
V30_144,V30,0.000000368313,"1,V30_H2O_H2O_6+,1,V30_H2O_H2O_6-,-2,V30_H2O_H2O"
V30_145,V30,0.000000377263,"1,V30_H2O_H2O_7+,1,V30_H2O_H2O_7-,-2,V30_H2O_H2O"
V30_146,V30,0.00000190121,"1,V30_H2O_H2O_8+,1,V30_H2O_H2O_8-,-2,V30_H2O_H2O"
V30_147,V30,0.0000019786,"1,V30_H2O_H2O_9+,1,V30_H2O_H2O_9-,-2,V30_H2O_H2O"
V30_148,V30,0.00000206946,"1,V30_H2O_H2O_10+,1,V30_H2O_H2O_10-,-2,V30_H2O_H2O"
V30_149,V30,0.00000208962,"1,V30_H2O_H2O_11+,1,V30_H2O_H2O_11-,-2,V30_H2O_H2O"
V30_150,V30,0.0000000874251,"1,V30_CO_CO_3+,1,V30_CO_CO_3-,-2,V30_CO_CO"
V30_151,V30,0.000000630985,"1,V30_CO_CO_4+,1,V30_CO_CO_4-,-2,V30_CO_CO"
V30_152,V30,0.000000631428,"1,V30_CO_CO_5+,1,V30_CO_CO_5-,-2,V30_CO_CO"
V30_153,V30,0.000000630387,"1,V30_CO_Ar_2+,1,V30_CO_Ar_2-,-2,V30_CO_Ar"
V30_154,V30,0.0000000249866,"1,V30_C2H2_Ar_1+,1,V30_C2H2_Ar_1-,-2,V30_C2H2_Ar"
V30_155,V30,0.000000455235,"1,V30_C2H2_Ar_2+,1,V30_C2H2_Ar_2-,-2,V30_C2H2_Ar"
V30_156,V30,0.000000455596,"1,V30_C2H2_Ar_3+,1,V30_C2H2_Ar_3-,-2,V30_C2H2_Ar"
V30_157,V30,0.000000679524,"1,V30_C2H2_Ar_4+,1,V30_C2H2_Ar_4-,-2,V30_C2H2_Ar"
V30_158,V30,0.00000068145,"1,V30_C2H2_Ar_5+,1,V30_C2H2_Ar_5-,-2,V30_C2H2_Ar"
V30_159,V30,0.000000542755,"1,V30_C2H2_Ar_6+,1,V30_C2H2_Ar_6-,-2,V30_C2H2_Ar"
V30_160,V30,0.00000157003,"1,V30_C2H2_Ar_7+,1,V30_C2H2_Ar_7-,-2,V30_C2H2_Ar"
V30_161,V30,0.00000165601,"1,V30_C2H2_Ar_8+,1,V30_C2H2_Ar_8-,-2,V30_C2H2_Ar"
V30_162,V30,0.000000027624,"1,V30_NH3_NH3_0+,1,V30_NH3_NH3_0-,-2,V30_NH3_NH3"
V30_163,V30,0.0000000375617,"1,V30_NH3_NH3_1+,1,V30_NH3_NH3_1-,-2,V30_NH3_NH3"
V30_164,V30,0.0000000127677,"1,V30_NH3_NH3_2+,1,V30_NH3_NH3_2-,-2,V30_NH3_NH3"
V30_165,V30,0.000000023974,"1,V30_NH3_NH3_3+,1,V30_NH3_NH3_3-,-2,V30_NH3_NH3"
V30_166,V30,0.0000000652932,"1,V30_NH3_NH3_4+,1,V30_NH3_NH3_4-,-2,V30_NH3_NH3"
V30_167,V30,0.00000018446,"1,V30_NH3_NH3_5+,1,V30_NH3_NH3_5-,-2,V30_NH3_NH3"
V30_168,V30,0.000000157188,"1,V30_NH3_NH3_6+,1,V30_NH3_NH3_6-,-2,V30_NH3_NH3"
V30_169,V30,0.000000161505,"1,V30_NH3_NH3_7+,1,V30_NH3_NH3_7-,-2,V30_NH3_NH3"
V30_170,V30,0.000000375129,"1,V30_NH3_NH3_8+,1,V30_NH3_NH3_8-,-2,V30_NH3_NH3"
V30_171,V30,0.000000379688,"1,V30_NH3_NH3_9+,1,V30_NH3_NH3_9-,-2,V30_NH3_NH3"
V30_172,V30,0.000000381607,"1,V30_NH3_NH3_10+,1,V30_NH3_NH3_10-,-2,V30_NH3_NH3"
V30_173,V30,0.00000038884,"1,V30_NH3_NH3_11+,1,V30_NH3_NH3_11-,-2,V30_NH3_NH3"
V30_174,V30,0.0000016105,"1,V30_NH3_NH3_12+,1,V30_NH3_NH3_12-,-2,V30_NH3_NH3"
V30_175,V30,0.00000162962,"1,V30_NH3_NH3_13+,1,V30_NH3_NH3_13-,-2,V30_NH3_NH3"
V30_176,V30,0.00000173075,"1,V30_NH3_NH3_14+,1,V30_NH3_NH3_14-,-2,V30_NH3_NH3"
V30_177,V30,0.00000175179,"1,V30_NH3_NH3_15+,1,V30_NH3_NH3_15-,-2,V30_NH3_NH3"
V30_178,V30,0.00000175403,"1,V30_NH3_NH3_16+,1,V30_NH3_NH3_16-,-2,V30_NH3_NH3"
V30_179,V30,0.000001757,"1,V30_NH3_NH3_17+,1,V30_NH3_NH3_17-,-2,V30_NH3_NH3"
V30_180,V30,0.0000000380959,"1,V30_CH4_N2_2+,1,V30_CH4_N2_2-,-2,V30_CH4_N2"
V30_181,V30,0.0000000622778,"1,V30_CH4_N2_3+,1,V30_CH4_N2_3-,-2,V30_CH4_N2"
V30_182,V30,0.0000000829953,"1,V30_CH4_N2_4+,1,V30_CH4_N2_4-,-2,V30_CH4_N2"
V30_183,V30,0.000000244538,"1,V30_CH4_N2_5+,1,V30_CH4_N2_5-,-2,V30_CH4_N2"
V30_184,V30,0.000000244743,"1,V30_CH4_N2_6+,1,V30_CH4_N2_6-,-2,V30_CH4_N2"
V30_185,V30,0.000000332941,"1,V30_CH4_N2_8+,1,V30_CH4_N2_8-,-2,V30_CH4_N2"
V30_186,V30,0.000000333232,"1,V30_CH4_N2_9+,1,V30_CH4_N2_9-,-2,V30_CH4_N2"
V30_187,V30,0.000000749091,"1,V30_CH4_N2_10+,1,V30_CH4_N2_10-,-2,V30_CH4_N2"
V30_188,V30,0.0000012418,"1,V30_CH4_N2_11+,1,V30_CH4_N2_11-,-2,V30_CH4_N2"
V30_189,V30,0.00000134306,"1,V30_CH4_N2_12+,1,V30_CH4_N2_12-,-2,V30_CH4_N2"
V30_190,V30,0.0000013433,"1,V30_CH4_N2_13+,1,V30_CH4_N2_13-,-2,V30_CH4_N2"
V30_191,V30,0.00000134453,"1,V30_CH4_N2_14+,1,V30_CH4_N2_14-,-2,V30_CH4_N2"
V30_192,V30,0.0000000953158,"1,V30_HF_HCN_0+,1,V30_HF_HCN_0-,-2,V30_HF_HCN"
V30_193,V30,0.0000000425608,"1,V30_HF_HCN_2+,1,V30_HF_HCN_2-,-2,V30_HF_HCN"
V30_194,V30,0.000000482105,"1,V30_HF_HCN_3+,1,V30_HF_HCN_3-,-2,V30_HF_HCN"
V30_195,V30,0.000000661526,"1,V30_HF_HCN_5+,1,V30_HF_HCN_5-,-2,V30_HF_HCN"
V30_196,V30,0.000000626136,"1,V30_HF_HCN_7+,1,V30_HF_HCN_7-,-2,V30_HF_HCN"
V30_197,V30,0.00000159394,"1,V30_HF_HCN_8+,1,V30_HF_HCN_8-,-2,V30_HF_HCN"
V30_198,V30,0.00000204212,"1,V30_HF_HCN_9+,1,V30_HF_HCN_9-,-2,V30_HF_HCN"
V30_199,V30,0.0000000315536,"1,V30_HF_HF_0+,1,V30_HF_HF_0-,-2,V30_HF_HF"
V30_200,V30,0.0000000579645,"1,V30_HF_HF_1+,1,V30_HF_HF_1-,-2,V30_HF_HF"
V30_201,V30,0.000000264208,"1,V30_HF_HF_2+,1,V30_HF_HF_2-,-2,V30_HF_HF"
V30_202,V30,0.000000393059,"1,V30_HF_HF_3+,1,V30_HF_HF_3-,-2,V30_HF_HF"
V30_203,V30,0.00000218948,"1,V30_HF_HF_4+,1,V30_HF_HF_4-,-2,V30_HF_HF"
V30_204,V30,0.00000227643,"1,V30_HF_HF_5+,1,V30_HF_HF_5-,-2,V30_HF_HF"
V30_205,V30,0.0000000284446,"1,V30_C2H4_Ar_1+,1,V30_C2H4_Ar_1-,-2,V30_C2H4_Ar"
V30_206,V30,0.0000000619322,"1,V30_C2H4_Ar_2+,1,V30_C2H4_Ar_2-,-2,V30_C2H4_Ar"
V30_207,V30,0.000000827492,"1,V30_C2H4_Ar_3+,1,V30_C2H4_Ar_3-,-2,V30_C2H4_Ar"
V30_208,V30,0.00000110088,"1,V30_C2H4_Ar_4+,1,V30_C2H4_Ar_4-,-2,V30_C2H4_Ar"
V30_209,V30,0.00000113226,"1,V30_C2H4_Ar_5+,1,V30_C2H4_Ar_5-,-2,V30_C2H4_Ar"
V30_210,V30,0.000000148478,"1,V30_C2H4_Ar_6+,1,V30_C2H4_Ar_6-,-2,V30_C2H4_Ar"
V30_211,V30,0.000000210094,"1,V30_C2H4_Ar_7+,1,V30_C2H4_Ar_7-,-2,V30_C2H4_Ar"
V30_212,V30,0.000000252732,"1,V30_C2H4_Ar_8+,1,V30_C2H4_Ar_8-,-2,V30_C2H4_Ar"
V30_213,V30,0.000000294764,"1,V30_C2H4_Ar_9+,1,V30_C2H4_Ar_9-,-2,V30_C2H4_Ar"
V30_214,V30,0.000000376652,"1,V30_C2H4_Ar_10+,1,V30_C2H4_Ar_10-,-2,V30_C2H4_Ar"
V30_215,V30,0.00000133227,"1,V30_C2H4_Ar_11+,1,V30_C2H4_Ar_11-,-2,V30_C2H4_Ar"
V30_216,V30,0.00000134469,"1,V30_C2H4_Ar_12+,1,V30_C2H4_Ar_12-,-2,V30_C2H4_Ar"
V30_217,V30,0.00000140279,"1,V30_C2H4_Ar_13+,1,V30_C2H4_Ar_13-,-2,V30_C2H4_Ar"
V30_218,V30,0.00000142478,"1,V30_C2H4_Ar_14+,1,V30_C2H4_Ar_14-,-2,V30_C2H4_Ar"
V30_219,V30,0.0000000805786,"1,V30_HF_N2_0+,1,V30_HF_N2_0-,-2,V30_HF_N2"
V30_220,V30,0.0000000170068,"1,V30_HF_N2_2+,1,V30_HF_N2_2-,-2,V30_HF_N2"
V30_221,V30,0.000000179784,"1,V30_HF_N2_3+,1,V30_HF_N2_3-,-2,V30_HF_N2"
V30_222,V30,0.000000755831,"1,V30_HF_N2_5+,1,V30_HF_N2_5-,-2,V30_HF_N2"
V30_223,V30,0.00000224866,"1,V30_HF_N2_6+,1,V30_HF_N2_6-,-2,V30_HF_N2"
V30_224,V30,0.0000000522293,"1,V30_HF_Ar_0+,1,V30_HF_Ar_0-,-2,V30_HF_Ar"
V30_225,V30,0.0000000301816,"1,V30_HF_Ar_1+,1,V30_HF_Ar_1-,-2,V30_HF_Ar"
V30_226,V30,0.0000022985,"1,V30_HF_Ar_3+,1,V30_HF_Ar_3-,-2,V30_HF_Ar"
V30_227,V30,0.0000000300077,"1,V30_CH4_Ar_0+,1,V30_CH4_Ar_0-,-2,V30_CH4_Ar"
V30_228,V30,0.0000000499662,"1,V30_CH4_Ar_1+,1,V30_CH4_Ar_1-,-2,V30_CH4_Ar"
V30_229,V30,0.0000000499667,"1,V30_CH4_Ar_2+,1,V30_CH4_Ar_2-,-2,V30_CH4_Ar"
V30_230,V30,0.000000244368,"1,V30_CH4_Ar_3+,1,V30_CH4_Ar_3-,-2,V30_CH4_Ar"
V30_231,V30,0.000000244633,"1,V30_CH4_Ar_5+,1,V30_CH4_Ar_5-,-2,V30_CH4_Ar"
V30_232,V30,0.000000332952,"1,V30_CH4_Ar_7+,1,V30_CH4_Ar_7-,-2,V30_CH4_Ar"
V30_233,V30,0.00000124233,"1,V30_CH4_Ar_8+,1,V30_CH4_Ar_8-,-2,V30_CH4_Ar"
V30_234,V30,0.00000134388,"1,V30_CH4_Ar_9+,1,V30_CH4_Ar_9-,-2,V30_CH4_Ar"
V30_235,V30,0.00000134416,"1,V30_CH4_Ar_11+,1,V30_CH4_Ar_11-,-2,V30_CH4_Ar"
V30_236,V30,0.0000000747197,"1,V30_H2O_CH4_1+,1,V30_H2O_CH4_1-,-2,V30_H2O_CH4"
V30_237,V30,0.0000000922093,"1,V30_H2O_CH4_2+,1,V30_H2O_CH4_2-,-2,V30_H2O_CH4"
V30_238,V30,0.00000010933,"1,V30_H2O_CH4_3+,1,V30_H2O_CH4_3-,-2,V30_H2O_CH4"
V30_239,V30,0.0000000354634,"1,V30_H2O_CH4_5+,1,V30_H2O_CH4_5-,-2,V30_H2O_CH4"
V30_240,V30,0.000000244961,"1,V30_H2O_CH4_6+,1,V30_H2O_CH4_6-,-2,V30_H2O_CH4"
V30_241,V30,0.000000245717,"1,V30_H2O_CH4_7+,1,V30_H2O_CH4_7-,-2,V30_H2O_CH4"
V30_242,V30,0.000000246362,"1,V30_H2O_CH4_8+,1,V30_H2O_CH4_8-,-2,V30_H2O_CH4"
V30_243,V30,0.000000333828,"1,V30_H2O_CH4_9+,1,V30_H2O_CH4_9-,-2,V30_H2O_CH4"
V30_244,V30,0.000000334964,"1,V30_H2O_CH4_10+,1,V30_H2O_CH4_10-,-2,V30_H2O_CH4"
V30_245,V30,0.000000368749,"1,V30_H2O_CH4_11+,1,V30_H2O_CH4_11-,-2,V30_H2O_CH4"
V30_246,V30,0.0000012378,"1,V30_H2O_CH4_12+,1,V30_H2O_CH4_12-,-2,V30_H2O_CH4"
V30_247,V30,0.0000013362,"1,V30_H2O_CH4_13+,1,V30_H2O_CH4_13-,-2,V30_H2O_CH4"
V30_248,V30,0.00000133933,"1,V30_H2O_CH4_14+,1,V30_H2O_CH4_14-,-2,V30_H2O_CH4"
V30_249,V30,0.00000134561,"1,V30_H2O_CH4_15+,1,V30_H2O_CH4_15-,-2,V30_H2O_CH4"
V30_250,V30,0.00000198122,"1,V30_H2O_CH4_16+,1,V30_H2O_CH4_16-,-2,V30_H2O_CH4"
V30_251,V30,0.0000020948,"1,V30_H2O_CH4_17+,1,V30_H2O_CH4_17-,-2,V30_H2O_CH4"
V30_252,V30,0.0000000314347,"1,V30_NH3_Ar_0+,1,V30_NH3_Ar_0-,-2,V30_NH3_Ar"
V30_253,V30,0.0000000467972,"1,V30_NH3_Ar_1+,1,V30_NH3_Ar_1-,-2,V30_NH3_Ar"
V30_254,V30,0.000000068815,"1,V30_NH3_Ar_2+,1,V30_NH3_Ar_2-,-2,V30_NH3_Ar"
V30_255,V30,0.000000152106,"1,V30_NH3_Ar_3+,1,V30_NH3_Ar_3-,-2,V30_NH3_Ar"
V30_256,V30,0.000000378196,"1,V30_NH3_Ar_4+,1,V30_NH3_Ar_4-,-2,V30_NH3_Ar"
V30_257,V30,0.000000378693,"1,V30_NH3_Ar_5+,1,V30_NH3_Ar_5-,-2,V30_NH3_Ar"
V30_258,V30,0.00000163217,"1,V30_NH3_Ar_6+,1,V30_NH3_Ar_6-,-2,V30_NH3_Ar"
V30_259,V30,0.00000175759,"1,V30_NH3_Ar_7+,1,V30_NH3_Ar_7-,-2,V30_NH3_Ar"
V30_260,V30,0.0000017578,"1,V30_NH3_Ar_8+,1,V30_NH3_Ar_8-,-2,V30_NH3_Ar"
V30_261,V30,0.0000000410984,"1,V30_N2_N2_3+,1,V30_N2_N2_3-,-2,V30_N2_N2"
V30_262,V30,0.000000749168,"1,V30_N2_N2_4+,1,V30_N2_N2_4-,-2,V30_N2_N2"
V30_263,V30,0.000000749327,"1,V30_N2_N2_5+,1,V30_N2_N2_5-,-2,V30_N2_N2"
V30_264,V30,0.000000121398,"1,V30_HF_C2H2_0+,1,V30_HF_C2H2_0-,-2,V30_HF_C2H2"
V30_265,V30,0.0000000246968,"1,V30_HF_C2H2_1+,1,V30_HF_C2H2_1-,-2,V30_HF_C2H2"
V30_266,V30,0.000000217703,"1,V30_HF_C2H2_2+,1,V30_HF_C2H2_2-,-2,V30_HF_C2H2"
V30_267,V30,0.000000290769,"1,V30_HF_C2H2_3+,1,V30_HF_C2H2_3-,-2,V30_HF_C2H2"
V30_268,V30,0.000000460608,"1,V30_HF_C2H2_4+,1,V30_HF_C2H2_4-,-2,V30_HF_C2H2"
V30_269,V30,0.000000512092,"1,V30_HF_C2H2_5+,1,V30_HF_C2H2_5-,-2,V30_HF_C2H2"
V30_270,V30,0.000000689613,"1,V30_HF_C2H2_6+,1,V30_HF_C2H2_6-,-2,V30_HF_C2H2"
V30_271,V30,0.000000726089,"1,V30_HF_C2H2_7+,1,V30_HF_C2H2_7-,-2,V30_HF_C2H2"
V30_272,V30,0.000000540455,"1,V30_HF_C2H2_8+,1,V30_HF_C2H2_8-,-2,V30_HF_C2H2"
V30_273,V30,0.00000156014,"1,V30_HF_C2H2_9+,1,V30_HF_C2H2_9-,-2,V30_HF_C2H2"
V30_274,V30,0.00000164624,"1,V30_HF_C2H2_10+,1,V30_HF_C2H2_10-,-2,V30_HF_C2H2"
V30_275,V30,0.00000212734,"1,V30_HF_C2H2_11+,1,V30_HF_C2H2_11-,-2,V30_HF_C2H2"
WATER27_1,WATER27,0.007926573551,"-1,WATER27_H2O2,2,WATER27_H2O"
WATER27_2,WATER27,0.02503229138,"-1,WATER27_H2O3,3,WATER27_H2O"
WATER27_3,WATER27,0.04358978012,"-1,WATER27_H2O4,4,WATER27_H2O"
WATER27_4,WATER27,0.05717682598,"-1,WATER27_H2O5,5,WATER27_H2O"
WATER27_5,WATER27,0.07328654291,"-1,WATER27_H2O6,6,WATER27_H2O"
WATER27_6,WATER27,0.07288017455,"-1,WATER27_H2O6c,6,WATER27_H2O"
WATER27_7,WATER27,0.07217739631,"-1,WATER27_H2O6b,6,WATER27_H2O"
WATER27_8,WATER27,0.07059016928,"-1,WATER27_H2O6c2,6,WATER27_H2O"
WATER27_9,WATER27,0.1155201682,"-1,WATER27_H2O8d2d,8,WATER27_H2O"
WATER27_10,WATER27,0.1154627986,"-1,WATER27_H2O8s4,8,WATER27_H2O"
WATER27_11,WATER27,0.3184414073,"-1,WATER27_H2O20,20,WATER27_H2O"
WATER27_12,WATER27,0.3329957692,"-1,WATER27_H2O20fc,20,WATER27_H2O"
WATER27_13,WATER27,0.3330435773,"-1,WATER27_H2O20fs,20,WATER27_H2O"
WATER27_14,WATER27,0.3358722198,"-1,WATER27_H2O20es,20,WATER27_H2O"
WATER27_15,WATER27,0.0537649253,"-1,WATER27_H3OpH2O,1,WATER27_H3Op,1,WATER27_H2O"
WATER27_16,WATER27,0.09101695251,"-1,WATER27_H3OpH2O2,1,WATER27_H3Op,2,WATER27_H2O"
WATER27_17,WATER27,0.1223168783,"-1,WATER27_H3OpH2O3,1,WATER27_H3Op,3,WATER27_H2O"
WATER27_18,WATER27,0.187539798,"-1,WATER27_H3OpH2O63d,1,WATER27_H3Op,6,WATER27_H2O"
WATER27_19,WATER27,0.1829757235,"-1,WATER27_H3OpH2O62d,1,WATER27_H3Op,6,WATER27_H2O"
WATER27_20,WATER27,0.04252844157,"-1,WATER27_OHmH2O,1,WATER27_OHm,1,WATER27_H2O"
WATER27_21,WATER27,0.0775892668,"-1,WATER27_OHmH2O2,1,WATER27_OHm,2,WATER27_H2O"
WATER27_22,WATER27,0.1076079371,"-1,WATER27_OHmH2O3,1,WATER27_OHm,3,WATER27_H2O"
WATER27_23,WATER27,0.1344218749,"-1,WATER27_OHmH2O4c4,1,WATER27_OHm,4,WATER27_H2O"
WATER27_24,WATER27,0.1354800262,"-1,WATER27_OHmH2O4cs,1,WATER27_OHm,4,WATER27_H2O"
WATER27_25,WATER27,0.1606063401,"-1,WATER27_OHmH2O5,1,WATER27_OHm,5,WATER27_H2O"
WATER27_26,WATER27,0.1843350655,"-1,WATER27_OHmH2O6,1,WATER27_OHm,6,WATER27_H2O"
WATER27_27,WATER27,0.04717857056,"1,WATER27_H3OpH2O6OHm,-1,WATER27_H2O8s4"
WCPT27_1,WCPT26,0.058579324,"1,11_Rxn1_TS_0cat_WCPT27,-1,47_Rxn1_Product_WCPT27"
WCPT27_2,WCPT26,0.07491907,"1,12_Rxn2_TS_0cat_WCPT27,-1,48_Rxn2_Product_WCPT27"
WCPT27_3,WCPT26,0.111712066,"1,13_Rxn3_TS_0cat_WCPT27,-1,49_Rxn3_Product_WCPT27"
WCPT27_4,WCPT26,0.075718918,"1,14_Rxn4_TS_0cat_WCPT27,-1,50_Rxn4_Product_WCPT27"
WCPT27_5,WCPT26,0.10935061,"1,15_Rxn5_TS_0cat_WCPT27,-1,51_Rxn5_Product_WCPT27"
WCPT27_7,WCPT26,0.049628647,"1,17_Rxn7_TS_0cat_WCPT27,-1,53_Rxn7_Product_WCPT27"
WCPT27_8,WCPT26,0.063911642,"1,18_Rxn8_TS_0cat_WCPT27,-1,54_Rxn8_Product_WCPT27"
WCPT27_9,WCPT26,0.097581422,"1,19_Rxn9_TS_0cat_WCPT27,-1,55_Rxn9_Product_WCPT27"
WCPT27_10,WCPT26,0.008607885,"1,20_Rxn1_TS_1cat_WCPT27,-1,47_Rxn1_Product_WCPT27,-1,56_Water_WCPT27"
WCPT27_11,WCPT26,0.021481625,"1,21_Rxn2_TS_1cat_WCPT27,-1,48_Rxn2_Product_WCPT27,-1,56_Water_WCPT27"
WCPT27_12,WCPT26,0.060445635,"1,22_Rxn3_TS_1cat_WCPT27,-1,49_Rxn3_Product_WCPT27,-1,56_Water_WCPT27"
WCPT27_13,WCPT26,0.013825939,"1,23_Rxn4_TS_1cat_WCPT27,-1,50_Rxn4_Product_WCPT27,-1,56_Water_WCPT27"
WCPT27_14,WCPT26,0.058693588,"1,24_Rxn5_TS_1cat_WCPT27,-1,51_Rxn5_Product_WCPT27,-1,56_Water_WCPT27"
WCPT27_15,WCPT26,0.095029527,"1,25_Rxn6_TS_1cat_WCPT27,-1,52_Rxn6_Product_WCPT27,-1,56_Water_WCPT27"
WCPT27_16,WCPT26,0.007922301,"1,26_Rxn7_TS_1cat_WCPT27,-1,53_Rxn7_Product_WCPT27,-1,56_Water_WCPT27"
WCPT27_17,WCPT26,0.023386024,"1,27_Rxn8_TS_1cat_WCPT27,-1,54_Rxn8_Product_WCPT27,-1,56_Water_WCPT27"
WCPT27_18,WCPT26,0.056827276,"1,28_Rxn9_TS_1cat_WCPT27,-1,55_Rxn9_Product_WCPT27,-1,56_Water_WCPT27"
WCPT27_19,WCPT26,-0.010169493,"1,29_Rxn1_TS_2cat_WCPT27,-1,47_Rxn1_Product_WCPT27,-2,56_Water_WCPT27"
WCPT27_20,WCPT26,0.004265855,"1,30_Rxn2_TS_2cat_WCPT27,-1,48_Rxn2_Product_WCPT27,-2,56_Water_WCPT27"
WCPT27_21,WCPT26,0.037783283,"1,31_Rxn3_TS_2cat_WCPT27,-1,49_Rxn3_Product_WCPT27,-2,56_Water_WCPT27"
WCPT27_22,WCPT26,-0.006513046,"1,32_Rxn4_TS_2cat_WCPT27,-1,50_Rxn4_Product_WCPT27,-2,56_Water_WCPT27"
WCPT27_23,WCPT26,0.033326989,"1,33_Rxn5_TS_2cat_WCPT27,-1,51_Rxn5_Product_WCPT27,-2,56_Water_WCPT27"
WCPT27_24,WCPT26,0.078842133,"1,34_Rxn6_TS_2cat_WCPT27,-1,52_Rxn6_Product_WCPT27,-2,56_Water_WCPT27"
WCPT27_25,WCPT26,-0.007389069,"1,35_Rxn7_TS_2cat_WCPT27,-1,53_Rxn7_Product_WCPT27,-2,56_Water_WCPT27"
WCPT27_26,WCPT26,0.010017141,"1,36_Rxn8_TS_2cat_WCPT27,-1,54_Rxn8_Product_WCPT27,-2,56_Water_WCPT27"
WCPT27_27,WCPT26,0.032565229,"1,37_Rxn9_TS_2cat_WCPT27,-1,55_Rxn9_Product_WCPT27,-2,56_Water_WCPT27"
WCPT6_1,WCPT6,0.01721577,"1,39_Rxn2_Reactant_WCPT27,-1,48_Rxn2_Product_WCPT27"
WCPT6_2,WCPT6,0.014587699,"1,40_Rxn3_Reactant_WCPT27,-1,49_Rxn3_Product_WCPT27"
WCPT6_3,WCPT6,0.004684822,"1,42_Rxn5_Reactant_WCPT27,-1,51_Rxn5_Product_WCPT27"
WCPT6_4,WCPT6,-0.001371168,"1,44_Rxn7_Reactant_WCPT27,-1,53_Rxn7_Product_WCPT27"
WCPT6_5,WCPT6,0.017749002,"1,45_Rxn8_Reactant_WCPT27,-1,54_Rxn8_Product_WCPT27"
WCPT6_6,WCPT6,0.003884975,"1,46_Rxn9_Reactant_WCPT27,-1,55_Rxn9_Product_WCPT27"
X40_1,X40,-0.000729869,"1,X40x10_01_methane-F2_1.00,-1,X40x10_01_methane-F2_monA,-1,X40x10_01_methane-F2_monB"
X40_2,X40,-0.00168125,"1,X40x10_02_methane-Cl2_1.00,-1,X40x10_02_methane-Cl2_monA,-1,X40x10_02_methane-Cl2_monB"
X40_3,X40,-0.002033435,"1,X40x10_03_methane-Br2_1.00,-1,X40x10_03_methane-Br2_monA,-1,X40x10_03_methane-Br2_monB"
X40_4,X40,-0.002109928,"1,X40x10_04_methane-I2_1.00,-1,X40x10_04_methane-I2_monA,-1,X40x10_04_methane-I2_monB"
X40_5,X40,-0.001136238,"1,X40x10_05_fluoromethane-methane_1.00,-1,X40x10_05_fluoromethane-methane_monA,-1,X40x10_05_fluoromethane-methane_monB"
X40_6,X40,-0.001528264,"1,X40x10_06_chloromethane-methane_1.00,-1,X40x10_06_chloromethane-methane_monA,-1,X40x10_06_chloromethane-methane_monB"
X40_7,X40,-0.00096891,"1,X40x10_07_trifluoromethane-methane_1.00,-1,X40x10_07_trifluoromethane-methane_monA,-1,X40x10_07_trifluoromethane-methane_monB"
X40_8,X40,-0.001780053,"1,X40x10_08_trichloromethane-methane_1.00,-1,X40x10_08_trichloromethane-methane_monA,-1,X40x10_08_trichloromethane-methane_monB"
X40_9,X40,-0.002533826,"1,X40x10_09_fluoromethane-fluoromethane_1.00,-1,X40x10_09_fluoromethane-fluoromethane_monA,-1,X40x10_09_fluoromethane-fluoromethane_monB"
X40_10,X40,-0.002087618,"1,X40x10_10_chloromethane-chloromethane_1.00,-1,X40x10_10_chloromethane-chloromethane_monA,-1,X40x10_10_chloromethane-chloromethane_monB"
X40_11,X40,-0.007123398,"1,X40x10_11_benF3-ben_1.00,-1,X40x10_11_benF3-ben_monA,-1,X40x10_11_benF3-ben_monB"
X40_12,X40,-0.009934511,"1,X40x10_12_benF6-ben_1.00,-1,X40x10_12_benF6-ben_monA,-1,X40x10_12_benF6-ben_monB"
X40_13,X40,-0.001803957,"1,X40x10_13_chloromethane-formaldehyde_1.00,-1,X40x10_13_chloromethane-formaldehyde_monA,-1,X40x10_13_chloromethane-formaldehyde_monB"
X40_14,X40,-0.002701154,"1,X40x10_14_bromomethane-formaldehyde_1.00,-1,X40x10_14_bromomethane-formaldehyde_monA,-1,X40x10_14_bromomethane-formaldehyde_monB"
X40_15,X40,-0.003732215,"1,X40x10_15_iodomethane-formaldehyde_1.00,-1,X40x10_15_iodomethane-formaldehyde_monA,-1,X40x10_15_iodomethane-formaldehyde_monB"
X40_16,X40,-0.003505923,"1,X40x10_16_F3chloromethane-formaldehyde_1.00,-1,X40x10_16_F3chloromethane-formaldehyde_monA,-1,X40x10_16_F3chloromethane-formaldehyde_monB"
X40_17,X40,-0.00485411,"1,X40x10_17_F3bromomethane-formaldehyde_1.00,-1,X40x10_17_F3bromomethane-formaldehyde_monA,-1,X40x10_17_F3bromomethane-formaldehyde_monB"
X40_18,X40,-0.006355283,"1,X40x10_18_F3iodomethane-formaldehyde_1.00,-1,X40x10_18_F3iodomethane-formaldehyde_monA,-1,X40x10_18_F3iodomethane-formaldehyde_monB"
X40_19,X40,-0.002307535,"1,X40x10_19_benCl-acetone_1.00,-1,X40x10_19_benCl-acetone_monA,-1,X40x10_19_benCl-acetone_monB"
X40_20,X40,-0.00382305,"1,X40x10_20_benBr-acetone_1.00,-1,X40x10_20_benBr-acetone_monA,-1,X40x10_20_benBr-acetone_monB"
X40_21,X40,-0.005397528,"1,X40x10_21_benI-acetone_1.00,-1,X40x10_21_benI-acetone_monA,-1,X40x10_21_benI-acetone_monB"
X40_22,X40,-0.003333814,"1,X40x10_22_benCl-Nm3_1.00,-1,X40x10_22_benCl-Nm3_monA,-1,X40x10_22_benCl-Nm3_monB"
X40_23,X40,-0.005972818,"1,X40x10_23_benBr-Nm3_1.00,-1,X40x10_23_benBr-Nm3_monA,-1,X40x10_23_benBr-Nm3_monB"
X40_24,X40,-0.009134523,"1,X40x10_24_benI-Nm3_1.00,-1,X40x10_24_benI-Nm3_monA,-1,X40x10_24_benI-Nm3_monB"
X40_25,X40,-0.003652534,"1,X40x10_25_benBr-mSH_1.00,-1,X40x10_25_benBr-mSH_monA,-1,X40x10_25_benBr-mSH_monB"
X40_26,X40,-0.004879608,"1,X40x10_26_benI-mSH_1.00,-1,X40x10_26_benI-mSH_monA,-1,X40x10_26_benI-mSH_monB"
X40_27,X40,-0.002960911,"1,X40x10_27_CH3Br-ben_1.00,-1,X40x10_27_CH3Br-ben_monA,-1,X40x10_27_CH3Br-ben_monB"
X40_28,X40,-0.004012688,"1,X40x10_28_CH3I-ben_1.00,-1,X40x10_28_CH3I-ben_monA,-1,X40x10_28_CH3I-ben_monB"
X40_29,X40,-0.005040561,"1,X40x10_29_CF3Br-ben_1.00,-1,X40x10_29_CF3Br-ben_monA,-1,X40x10_29_CF3Br-ben_monB"
X40_30,X40,-0.006326598,"1,X40x10_30_CF3I-ben_1.00,-1,X40x10_30_CF3I-ben_monA,-1,X40x10_30_CF3I-ben_monB"
X40_31,X40,-0.015295387,"1,X40x10_31_trifluorometOH-wat_1.00,-1,X40x10_31_trifluorometOH-wat_monA,-1,X40x10_31_trifluorometOH-wat_monB"
X40_32,X40,-0.0164874,"1,X40x10_32_trichlorometOH-wat_1.00,-1,X40x10_32_trichlorometOH-wat_monA,-1,X40x10_32_trichlorometOH-wat_monB"
X40_33,X40,-0.015136026,"1,X40x10_33_HF-mOH_1.00,-1,X40x10_33_HF-mOH_monA,-1,X40x10_33_HF-mOH_monB"
X40_34,X40,-0.009974351,"1,X40x10_34_HCl-mOH_1.00,-1,X40x10_34_HCl-mOH_monA,-1,X40x10_34_HCl-mOH_monB"
X40_35,X40,-0.008436526,"1,X40x10_35_HBr-mOH_1.00,-1,X40x10_35_HBr-mOH_monA,-1,X40x10_35_HBr-mOH_monB"
X40_36,X40,-0.006248511,"1,X40x10_36_HI-mOH_1.00,-1,X40x10_36_HI-mOH_monA,-1,X40x10_36_HI-mOH_monB"
X40_37,X40,-0.022530337,"1,X40x10_37_HF-mNH2_1.00,-1,X40x10_37_HF-mNH2_monA,-1,X40x10_37_HF-mNH2_monB"
X40_38,X40,-0.018028413,"1,X40x10_38_HCl-mNH2_1.00,-1,X40x10_38_HCl-mNH2_monA,-1,X40x10_38_HCl-mNH2_monB"
X40_39,X40,-0.006100306,"1,X40x10_39_methanol-fluoromethane_1.00,-1,X40x10_39_methanol-fluoromethane_monA,-1,X40x10_39_methanol-fluoromethane_monB"
X40_40,X40,-0.005993535,"1,X40x10_40_methanol-chloromethane_1.00,-1,X40x10_40_methanol-chloromethane_monA,-1,X40x10_40_methanol-chloromethane_monB"
X40x5_1,X40x5,0.000487642,"1,X40x10_01_methane-F2_0.80,-1,X40x10_01_methane-F2_monA,-1,X40x10_01_methane-F2_monB"
X40x5_2,X40x5,-0.000377684,"1,X40x10_01_methane-F2_0.85,-1,X40x10_01_methane-F2_monA,-1,X40x10_01_methane-F2_monB"
X40x5_3,X40x5,-0.000707559,"1,X40x10_01_methane-F2_0.90,-1,X40x10_01_methane-F2_monA,-1,X40x10_01_methane-F2_monB"
X40x5_4,X40x5,-0.000776084,"1,X40x10_01_methane-F2_0.95,-1,X40x10_01_methane-F2_monA,-1,X40x10_01_methane-F2_monB"
X40x5_5,X40x5,-0.000111552,"1,X40x10_01_methane-F2_1.50,-1,X40x10_01_methane-F2_monA,-1,X40x10_01_methane-F2_monB"
X40x5_6,X40x5,0.002874857,"1,X40x10_02_methane-Cl2_0.80,-1,X40x10_02_methane-Cl2_monA,-1,X40x10_02_methane-Cl2_monB"
X40x5_7,X40x5,-0.000105178,"1,X40x10_02_methane-Cl2_0.85,-1,X40x10_02_methane-Cl2_monA,-1,X40x10_02_methane-Cl2_monB"
X40x5_8,X40x5,-0.001340219,"1,X40x10_02_methane-Cl2_0.90,-1,X40x10_02_methane-Cl2_monA,-1,X40x10_02_methane-Cl2_monB"
X40x5_9,X40x5,-0.001709934,"1,X40x10_02_methane-Cl2_0.95,-1,X40x10_02_methane-Cl2_monA,-1,X40x10_02_methane-Cl2_monB"
X40x5_10,X40x5,-0.000240634,"1,X40x10_02_methane-Cl2_1.50,-1,X40x10_02_methane-Cl2_monA,-1,X40x10_02_methane-Cl2_monB"
X40x5_11,X40x5,0.003889981,"1,X40x10_03_methane-Br2_0.80,-1,X40x10_03_methane-Br2_monA,-1,X40x10_03_methane-Br2_monB"
X40x5_12,X40x5,0.000138643,"1,X40x10_03_methane-Br2_0.85,-1,X40x10_03_methane-Br2_monA,-1,X40x10_03_methane-Br2_monB"
X40x5_13,X40x5,-0.001477269,"1,X40x10_03_methane-Br2_0.90,-1,X40x10_03_methane-Br2_monA,-1,X40x10_03_methane-Br2_monB"
X40x5_14,X40x5,-0.002012719,"1,X40x10_03_methane-Br2_0.95,-1,X40x10_03_methane-Br2_monA,-1,X40x10_03_methane-Br2_monB"
X40x5_15,X40x5,-0.000307565,"1,X40x10_03_methane-Br2_1.50,-1,X40x10_03_methane-Br2_monA,-1,X40x10_03_methane-Br2_monB"
X40x5_16,X40x5,0.004473239,"1,X40x10_04_methane-I2_0.80,-1,X40x10_04_methane-I2_monA,-1,X40x10_04_methane-I2_monB"
X40x5_17,X40x5,0.00035378,"1,X40x10_04_methane-I2_0.85,-1,X40x10_04_methane-I2_monA,-1,X40x10_04_methane-I2_monB"
X40x5_18,X40x5,-0.00144699,"1,X40x10_04_methane-I2_0.90,-1,X40x10_04_methane-I2_monA,-1,X40x10_04_methane-I2_monB"
X40x5_19,X40x5,-0.002063714,"1,X40x10_04_methane-I2_0.95,-1,X40x10_04_methane-I2_monA,-1,X40x10_04_methane-I2_monB"
X40x5_20,X40x5,-0.000317127,"1,X40x10_04_methane-I2_1.50,-1,X40x10_04_methane-I2_monA,-1,X40x10_04_methane-I2_monB"
X40x5_21,X40x5,0.001209543,"1,X40x10_05_fluoromethane-methane_0.80,-1,X40x10_05_fluoromethane-methane_monA,-1,X40x10_05_fluoromethane-methane_monB"
X40x5_22,X40x5,-0.000457364,"1,X40x10_05_fluoromethane-methane_0.85,-1,X40x10_05_fluoromethane-methane_monA,-1,X40x10_05_fluoromethane-methane_monB"
X40x5_23,X40x5,-0.001069307,"1,X40x10_05_fluoromethane-methane_0.90,-1,X40x10_05_fluoromethane-methane_monA,-1,X40x10_05_fluoromethane-methane_monB"
X40x5_24,X40x5,-0.001203169,"1,X40x10_05_fluoromethane-methane_0.95,-1,X40x10_05_fluoromethane-methane_monA,-1,X40x10_05_fluoromethane-methane_monB"
X40x5_25,X40x5,-0.00017689,"1,X40x10_05_fluoromethane-methane_1.50,-1,X40x10_05_fluoromethane-methane_monA,-1,X40x10_05_fluoromethane-methane_monB"
X40x5_26,X40x5,0.002705935,"1,X40x10_06_chloromethane-methane_0.80,-1,X40x10_06_chloromethane-methane_monA,-1,X40x10_06_chloromethane-methane_monB"
X40x5_27,X40x5,-0.000208762,"1,X40x10_06_chloromethane-methane_0.85,-1,X40x10_06_chloromethane-methane_monA,-1,X40x10_06_chloromethane-methane_monB"
X40x5_28,X40x5,-0.001289224,"1,X40x10_06_chloromethane-methane_0.90,-1,X40x10_06_chloromethane-methane_monA,-1,X40x10_06_chloromethane-methane_monB"
X40x5_29,X40x5,-0.001574478,"1,X40x10_06_chloromethane-methane_0.95,-1,X40x10_06_chloromethane-methane_monA,-1,X40x10_06_chloromethane-methane_monB"
X40x5_30,X40x5,-0.000254976,"1,X40x10_06_chloromethane-methane_1.50,-1,X40x10_06_chloromethane-methane_monA,-1,X40x10_06_chloromethane-methane_monB"
X40x5_31,X40x5,0.000525888,"1,X40x10_07_trifluoromethane-methane_0.80,-1,X40x10_07_trifluoromethane-methane_monA,-1,X40x10_07_trifluoromethane-methane_monB"
X40x5_32,X40x5,-0.000658157,"1,X40x10_07_trifluoromethane-methane_0.85,-1,X40x10_07_trifluoromethane-methane_monA,-1,X40x10_07_trifluoromethane-methane_monB"
X40x5_33,X40x5,-0.001046996,"1,X40x10_07_trifluoromethane-methane_0.90,-1,X40x10_07_trifluoromethane-methane_monA,-1,X40x10_07_trifluoromethane-methane_monB"
X40x5_34,X40x5,-0.001078868,"1,X40x10_07_trifluoromethane-methane_0.95,-1,X40x10_07_trifluoromethane-methane_monA,-1,X40x10_07_trifluoromethane-methane_monB"
X40x5_35,X40x5,-0.000113146,"1,X40x10_07_trifluoromethane-methane_1.50,-1,X40x10_07_trifluoromethane-methane_monA,-1,X40x10_07_trifluoromethane-methane_monB"
X40x5_36,X40x5,0.002595977,"1,X40x10_08_trichloromethane-methane_0.80,-1,X40x10_08_trichloromethane-methane_monA,-1,X40x10_08_trichloromethane-methane_monB"
X40x5_37,X40x5,-0.000329875,"1,X40x10_08_trichloromethane-methane_0.85,-1,X40x10_08_trichloromethane-methane_monA,-1,X40x10_08_trichloromethane-methane_monB"
X40x5_38,X40x5,-0.001512328,"1,X40x10_08_trichloromethane-methane_0.90,-1,X40x10_08_trichloromethane-methane_monA,-1,X40x10_08_trichloromethane-methane_monB"
X40x5_39,X40x5,-0.001842203,"1,X40x10_08_trichloromethane-methane_0.95,-1,X40x10_08_trichloromethane-methane_monA,-1,X40x10_08_trichloromethane-methane_monB"
X40x5_40,X40x5,-0.000237447,"1,X40x10_08_trichloromethane-methane_1.50,-1,X40x10_08_trichloromethane-methane_monA,-1,X40x10_08_trichloromethane-methane_monB"
X40x5_41,X40x5,0.001075681,"1,X40x10_09_fluoromethane-fluoromethane_0.80,-1,X40x10_09_fluoromethane-fluoromethane_monA,-1,X40x10_09_fluoromethane-fluoromethane_monB"
X40x5_42,X40x5,-0.001352968,"1,X40x10_09_fluoromethane-fluoromethane_0.85,-1,X40x10_09_fluoromethane-fluoromethane_monA,-1,X40x10_09_fluoromethane-fluoromethane_monB"
X40x5_43,X40x5,-0.002328252,"1,X40x10_09_fluoromethane-fluoromethane_0.90,-1,X40x10_09_fluoromethane-fluoromethane_monA,-1,X40x10_09_fluoromethane-fluoromethane_monB"
X40x5_44,X40x5,-0.002594383,"1,X40x10_09_fluoromethane-fluoromethane_0.95,-1,X40x10_09_fluoromethane-fluoromethane_monA,-1,X40x10_09_fluoromethane-fluoromethane_monB"
X40x5_45,X40x5,-0.000876481,"1,X40x10_09_fluoromethane-fluoromethane_1.50,-1,X40x10_09_fluoromethane-fluoromethane_monA,-1,X40x10_09_fluoromethane-fluoromethane_monB"
X40x5_46,X40x5,0.001936226,"1,X40x10_10_chloromethane-chloromethane_0.80,-1,X40x10_10_chloromethane-chloromethane_monA,-1,X40x10_10_chloromethane-chloromethane_monB"
X40x5_47,X40x5,-0.000709153,"1,X40x10_10_chloromethane-chloromethane_0.85,-1,X40x10_10_chloromethane-chloromethane_monA,-1,X40x10_10_chloromethane-chloromethane_monB"
X40x5_48,X40x5,-0.00180077,"1,X40x10_10_chloromethane-chloromethane_0.90,-1,X40x10_10_chloromethane-chloromethane_monA,-1,X40x10_10_chloromethane-chloromethane_monB"
X40x5_49,X40x5,-0.002122677,"1,X40x10_10_chloromethane-chloromethane_0.95,-1,X40x10_10_chloromethane-chloromethane_monA,-1,X40x10_10_chloromethane-chloromethane_monB"
X40x5_50,X40x5,-0.000596007,"1,X40x10_10_chloromethane-chloromethane_1.50,-1,X40x10_10_chloromethane-chloromethane_monA,-1,X40x10_10_chloromethane-chloromethane_monB"
X40x5_51,X40x5,0.01375756121,"1,X40x10_11_benF3-ben_0.80,-1,X40x10_11_benF3-ben_monA,-1,X40x10_11_benF3-ben_monB"
X40x5_52,X40x5,0.002417493,"1,X40x10_11_benF3-ben_0.85,-1,X40x10_11_benF3-ben_monA,-1,X40x10_11_benF3-ben_monB"
X40x5_53,X40x5,-0.00350433,"1,X40x10_11_benF3-ben_0.90,-1,X40x10_11_benF3-ben_monA,-1,X40x10_11_benF3-ben_monB"
X40x5_54,X40x5,-0.006223014,"1,X40x10_11_benF3-ben_0.95,-1,X40x10_11_benF3-ben_monA,-1,X40x10_11_benF3-ben_monB"
X40x5_55,X40x5,-0.00172109,"1,X40x10_11_benF3-ben_1.50,-1,X40x10_11_benF3-ben_monA,-1,X40x10_11_benF3-ben_monB"
X40x5_56,X40x5,0.019041944,"1,X40x10_12_benF6-ben_0.80,-1,X40x10_12_benF6-ben_monA,-1,X40x10_12_benF6-ben_monB"
X40x5_57,X40x5,0.002726652,"1,X40x10_12_benF6-ben_0.85,-1,X40x10_12_benF6-ben_monA,-1,X40x10_12_benF6-ben_monB"
X40x5_58,X40x5,-0.005416651,"1,X40x10_12_benF6-ben_0.90,-1,X40x10_12_benF6-ben_monA,-1,X40x10_12_benF6-ben_monB"
X40x5_59,X40x5,-0.008932136,"1,X40x10_12_benF6-ben_0.95,-1,X40x10_12_benF6-ben_monA,-1,X40x10_12_benF6-ben_monB"
X40x5_60,X40x5,-0.002419087,"1,X40x10_12_benF6-ben_1.50,-1,X40x10_12_benF6-ben_monA,-1,X40x10_12_benF6-ben_monB"
X40x5_61,X40x5,0.004866859,"1,X40x10_13_chloromethane-formaldehyde_0.80,-1,X40x10_13_chloromethane-formaldehyde_monA,-1,X40x10_13_chloromethane-formaldehyde_monB"
X40x5_62,X40x5,0.000272506,"1,X40x10_13_chloromethane-formaldehyde_0.85,-1,X40x10_13_chloromethane-formaldehyde_monA,-1,X40x10_13_chloromethane-formaldehyde_monB"
X40x5_63,X40x5,-0.001402369,"1,X40x10_13_chloromethane-formaldehyde_0.90,-1,X40x10_13_chloromethane-formaldehyde_monA,-1,X40x10_13_chloromethane-formaldehyde_monB"
X40x5_64,X40x5,-0.001851765,"1,X40x10_13_chloromethane-formaldehyde_0.95,-1,X40x10_13_chloromethane-formaldehyde_monA,-1,X40x10_13_chloromethane-formaldehyde_monB"
X40x5_65,X40x5,-0.0001992,"1,X40x10_13_chloromethane-formaldehyde_1.50,-1,X40x10_13_chloromethane-formaldehyde_monA,-1,X40x10_13_chloromethane-formaldehyde_monB"
X40x5_66,X40x5,0.005520235,"1,X40x10_14_bromomethane-formaldehyde_0.80,-1,X40x10_14_bromomethane-formaldehyde_monA,-1,X40x10_14_bromomethane-formaldehyde_monB"
X40x5_67,X40x5,0.000741025,"1,X40x10_14_bromomethane-formaldehyde_0.85,-1,X40x10_14_bromomethane-formaldehyde_monA,-1,X40x10_14_bromomethane-formaldehyde_monB"
X40x5_68,X40x5,-0.001579259,"1,X40x10_14_bromomethane-formaldehyde_0.90,-1,X40x10_14_bromomethane-formaldehyde_monA,-1,X40x10_14_bromomethane-formaldehyde_monB"
X40x5_69,X40x5,-0.002616694,"1,X40x10_14_bromomethane-formaldehyde_0.95,-1,X40x10_14_bromomethane-formaldehyde_monA,-1,X40x10_14_bromomethane-formaldehyde_monB"
X40x5_70,X40x5,-0.000262944,"1,X40x10_14_bromomethane-formaldehyde_1.50,-1,X40x10_14_bromomethane-formaldehyde_monA,-1,X40x10_14_bromomethane-formaldehyde_monB"
X40x5_71,X40x5,0.004025437,"1,X40x10_15_iodomethane-formaldehyde_0.80,-1,X40x10_15_iodomethane-formaldehyde_monA,-1,X40x10_15_iodomethane-formaldehyde_monB"
X40x5_72,X40x5,-0.000702778,"1,X40x10_15_iodomethane-formaldehyde_0.85,-1,X40x10_15_iodomethane-formaldehyde_monA,-1,X40x10_15_iodomethane-formaldehyde_monB"
X40x5_73,X40x5,-0.002895574,"1,X40x10_15_iodomethane-formaldehyde_0.90,-1,X40x10_15_iodomethane-formaldehyde_monA,-1,X40x10_15_iodomethane-formaldehyde_monB"
X40x5_74,X40x5,-0.003682813,"1,X40x10_15_iodomethane-formaldehyde_0.95,-1,X40x10_15_iodomethane-formaldehyde_monA,-1,X40x10_15_iodomethane-formaldehyde_monB"
X40x5_75,X40x5,-0.000522701,"1,X40x10_15_iodomethane-formaldehyde_1.50,-1,X40x10_15_iodomethane-formaldehyde_monA,-1,X40x10_15_iodomethane-formaldehyde_monB"
X40x5_76,X40x5,0.001896386,"1,X40x10_16_F3chloromethane-formaldehyde_0.80,-1,X40x10_16_F3chloromethane-formaldehyde_monA,-1,X40x10_16_F3chloromethane-formaldehyde_monB"
X40x5_77,X40x5,-0.001560136,"1,X40x10_16_F3chloromethane-formaldehyde_0.85,-1,X40x10_16_F3chloromethane-formaldehyde_monA,-1,X40x10_16_F3chloromethane-formaldehyde_monB"
X40x5_78,X40x5,-0.0030884,"1,X40x10_16_F3chloromethane-formaldehyde_0.90,-1,X40x10_16_F3chloromethane-formaldehyde_monA,-1,X40x10_16_F3chloromethane-formaldehyde_monB"
X40x5_79,X40x5,-0.00356648,"1,X40x10_16_F3chloromethane-formaldehyde_0.95,-1,X40x10_16_F3chloromethane-formaldehyde_monA,-1,X40x10_16_F3chloromethane-formaldehyde_monB"
X40x5_80,X40x5,-0.00071234,"1,X40x10_16_F3chloromethane-formaldehyde_1.50,-1,X40x10_16_F3chloromethane-formaldehyde_monA,-1,X40x10_16_F3chloromethane-formaldehyde_monB"
X40x5_81,X40x5,0.002294786,"1,X40x10_17_F3bromomethane-formaldehyde_0.80,-1,X40x10_17_F3bromomethane-formaldehyde_monA,-1,X40x10_17_F3bromomethane-formaldehyde_monB"
X40x5_82,X40x5,-0.002162517,"1,X40x10_17_F3bromomethane-formaldehyde_0.85,-1,X40x10_17_F3bromomethane-formaldehyde_monA,-1,X40x10_17_F3bromomethane-formaldehyde_monB"
X40x5_83,X40x5,-0.004200733,"1,X40x10_17_F3bromomethane-formaldehyde_0.90,-1,X40x10_17_F3bromomethane-formaldehyde_monA,-1,X40x10_17_F3bromomethane-formaldehyde_monB"
X40x5_84,X40x5,-0.004884388,"1,X40x10_17_F3bromomethane-formaldehyde_0.95,-1,X40x10_17_F3bromomethane-formaldehyde_monA,-1,X40x10_17_F3bromomethane-formaldehyde_monB"
X40x5_85,X40x5,-0.001131457,"1,X40x10_17_F3bromomethane-formaldehyde_1.50,-1,X40x10_17_F3bromomethane-formaldehyde_monA,-1,X40x10_17_F3bromomethane-formaldehyde_monB"
X40x5_86,X40x5,0.002283631,"1,X40x10_18_F3iodomethane-formaldehyde_0.80,-1,X40x10_18_F3iodomethane-formaldehyde_monA,-1,X40x10_18_F3iodomethane-formaldehyde_monB"
X40x5_87,X40x5,-0.003078838,"1,X40x10_18_F3iodomethane-formaldehyde_0.85,-1,X40x10_18_F3iodomethane-formaldehyde_monA,-1,X40x10_18_F3iodomethane-formaldehyde_monB"
X40x5_88,X40x5,-0.005552107,"1,X40x10_18_F3iodomethane-formaldehyde_0.90,-1,X40x10_18_F3iodomethane-formaldehyde_monA,-1,X40x10_18_F3iodomethane-formaldehyde_monB"
X40x5_89,X40x5,-0.006391935,"1,X40x10_18_F3iodomethane-formaldehyde_0.95,-1,X40x10_18_F3iodomethane-formaldehyde_monA,-1,X40x10_18_F3iodomethane-formaldehyde_monB"
X40x5_90,X40x5,-0.001541013,"1,X40x10_18_F3iodomethane-formaldehyde_1.50,-1,X40x10_18_F3iodomethane-formaldehyde_monA,-1,X40x10_18_F3iodomethane-formaldehyde_monB"
X40x5_91,X40x5,0.001437428,"1,X40x10_19_benCl-acetone_0.80,-1,X40x10_19_benCl-acetone_monA,-1,X40x10_19_benCl-acetone_monB"
X40x5_92,X40x5,-0.000996001,"1,X40x10_19_benCl-acetone_0.85,-1,X40x10_19_benCl-acetone_monA,-1,X40x10_19_benCl-acetone_monB"
X40x5_93,X40x5,-0.002055746,"1,X40x10_19_benCl-acetone_0.90,-1,X40x10_19_benCl-acetone_monA,-1,X40x10_19_benCl-acetone_monB"
X40x5_94,X40x5,-0.002369685,"1,X40x10_19_benCl-acetone_0.95,-1,X40x10_19_benCl-acetone_monA,-1,X40x10_19_benCl-acetone_monB"
X40x5_95,X40x5,-0.000180077,"1,X40x10_19_benCl-acetone_1.50,-1,X40x10_19_benCl-acetone_monA,-1,X40x10_19_benCl-acetone_monB"
X40x5_96,X40x5,0.002709122,"1,X40x10_20_benBr-acetone_0.80,-1,X40x10_20_benBr-acetone_monA,-1,X40x10_20_benBr-acetone_monB"
X40x5_97,X40x5,-0.001241416,"1,X40x10_20_benBr-acetone_0.85,-1,X40x10_20_benBr-acetone_monA,-1,X40x10_20_benBr-acetone_monB"
X40x5_98,X40x5,-0.003104336,"1,X40x10_20_benBr-acetone_0.90,-1,X40x10_20_benBr-acetone_monA,-1,X40x10_20_benBr-acetone_monB"
X40x5_99,X40x5,-0.00378321,"1,X40x10_20_benBr-acetone_0.95,-1,X40x10_20_benBr-acetone_monA,-1,X40x10_20_benBr-acetone_monB"
X40x5_100,X40x5,-0.000653377,"1,X40x10_20_benBr-acetone_1.50,-1,X40x10_20_benBr-acetone_monA,-1,X40x10_20_benBr-acetone_monB"
X40x5_101,X40x5,0.002514703,"1,X40x10_21_benI-acetone_0.80,-1,X40x10_21_benI-acetone_monA,-1,X40x10_21_benI-acetone_monB"
X40x5_102,X40x5,-0.00230116,"1,X40x10_21_benI-acetone_0.85,-1,X40x10_21_benI-acetone_monA,-1,X40x10_21_benI-acetone_monB"
X40x5_103,X40x5,-0.004576823,"1,X40x10_21_benI-acetone_0.90,-1,X40x10_21_benI-acetone_monA,-1,X40x10_21_benI-acetone_monB"
X40x5_104,X40x5,-0.005387966,"1,X40x10_21_benI-acetone_0.95,-1,X40x10_21_benI-acetone_monA,-1,X40x10_21_benI-acetone_monB"
X40x5_105,X40x5,-0.001077275,"1,X40x10_21_benI-acetone_1.50,-1,X40x10_21_benI-acetone_monA,-1,X40x10_21_benI-acetone_monB"
X40x5_106,X40x5,0.002662908,"1,X40x10_22_benCl-Nm3_0.80,-1,X40x10_22_benCl-Nm3_monA,-1,X40x10_22_benCl-Nm3_monB"
X40x5_107,X40x5,-0.000962535,"1,X40x10_22_benCl-Nm3_0.85,-1,X40x10_22_benCl-Nm3_monA,-1,X40x10_22_benCl-Nm3_monB"
X40x5_108,X40x5,-0.002680438,"1,X40x10_22_benCl-Nm3_0.90,-1,X40x10_22_benCl-Nm3_monA,-1,X40x10_22_benCl-Nm3_monB"
X40x5_109,X40x5,-0.003303536,"1,X40x10_22_benCl-Nm3_0.95,-1,X40x10_22_benCl-Nm3_monA,-1,X40x10_22_benCl-Nm3_monB"
X40x5_110,X40x5,-0.000497204,"1,X40x10_22_benCl-Nm3_1.50,-1,X40x10_22_benCl-Nm3_monA,-1,X40x10_22_benCl-Nm3_monB"
X40x5_111,X40x5,0.004439774,"1,X40x10_23_benBr-Nm3_0.80,-1,X40x10_23_benBr-Nm3_monA,-1,X40x10_23_benBr-Nm3_monB"
X40x5_112,X40x5,-0.00152667,"1,X40x10_23_benBr-Nm3_0.85,-1,X40x10_23_benBr-Nm3_monA,-1,X40x10_23_benBr-Nm3_monB"
X40x5_113,X40x5,-0.004525828,"1,X40x10_23_benBr-Nm3_0.90,-1,X40x10_23_benBr-Nm3_monA,-1,X40x10_23_benBr-Nm3_monB"
X40x5_114,X40x5,-0.005752901,"1,X40x10_23_benBr-Nm3_0.95,-1,X40x10_23_benBr-Nm3_monA,-1,X40x10_23_benBr-Nm3_monB"
X40x5_115,X40x5,-0.001246196,"1,X40x10_23_benBr-Nm3_1.50,-1,X40x10_23_benBr-Nm3_monA,-1,X40x10_23_benBr-Nm3_monB"
X40x5_116,X40x5,0.00578796,"1,X40x10_24_benI-Nm3_0.80,-1,X40x10_24_benI-Nm3_monA,-1,X40x10_24_benI-Nm3_monB"
X40x5_117,X40x5,-0.00271231,"1,X40x10_24_benI-Nm3_0.85,-1,X40x10_24_benI-Nm3_monA,-1,X40x10_24_benI-Nm3_monB"
X40x5_118,X40x5,-0.007002285,"1,X40x10_24_benI-Nm3_0.90,-1,X40x10_24_benI-Nm3_monA,-1,X40x10_24_benI-Nm3_monB"
X40x5_119,X40x5,-0.008788712,"1,X40x10_24_benI-Nm3_0.95,-1,X40x10_24_benI-Nm3_monA,-1,X40x10_24_benI-Nm3_monB"
X40x5_120,X40x5,-0.002117896,"1,X40x10_24_benI-Nm3_1.50,-1,X40x10_24_benI-Nm3_monA,-1,X40x10_24_benI-Nm3_monB"
X40x5_121,X40x5,0.01487626942,"1,X40x10_25_benBr-mSH_0.80,-1,X40x10_25_benBr-mSH_monA,-1,X40x10_25_benBr-mSH_monB"
X40x5_122,X40x5,0.002195983,"1,X40x10_25_benBr-mSH_0.85,-1,X40x10_25_benBr-mSH_monA,-1,X40x10_25_benBr-mSH_monB"
X40x5_123,X40x5,-0.002286818,"1,X40x10_25_benBr-mSH_0.90,-1,X40x10_25_benBr-mSH_monA,-1,X40x10_25_benBr-mSH_monB"
X40x5_124,X40x5,-0.003591978,"1,X40x10_25_benBr-mSH_0.95,-1,X40x10_25_benBr-mSH_monA,-1,X40x10_25_benBr-mSH_monB"
X40x5_125,X40x5,-0.000530669,"1,X40x10_25_benBr-mSH_1.50,-1,X40x10_25_benBr-mSH_monA,-1,X40x10_25_benBr-mSH_monB"
X40x5_126,X40x5,0.01867063444,"1,X40x10_26_benI-mSH_0.80,-1,X40x10_26_benI-mSH_monA,-1,X40x10_26_benI-mSH_monB"
X40x5_127,X40x5,0.005802303,"1,X40x10_26_benI-mSH_0.85,-1,X40x10_26_benI-mSH_monA,-1,X40x10_26_benI-mSH_monB"
X40x5_128,X40x5,-0.002065307,"1,X40x10_26_benI-mSH_0.90,-1,X40x10_26_benI-mSH_monA,-1,X40x10_26_benI-mSH_monB"
X40x5_129,X40x5,-0.004541764,"1,X40x10_26_benI-mSH_0.95,-1,X40x10_26_benI-mSH_monA,-1,X40x10_26_benI-mSH_monB"
X40x5_130,X40x5,-0.0006725,"1,X40x10_26_benI-mSH_1.50,-1,X40x10_26_benI-mSH_monA,-1,X40x10_26_benI-mSH_monB"
X40x5_131,X40x5,0.006806272,"1,X40x10_27_CH3Br-ben_0.80,-1,X40x10_27_CH3Br-ben_monA,-1,X40x10_27_CH3Br-ben_monB"
X40x5_132,X40x5,0.001141019,"1,X40x10_27_CH3Br-ben_0.85,-1,X40x10_27_CH3Br-ben_monA,-1,X40x10_27_CH3Br-ben_monB"
X40x5_133,X40x5,-0.001604757,"1,X40x10_27_CH3Br-ben_0.90,-1,X40x10_27_CH3Br-ben_monA,-1,X40x10_27_CH3Br-ben_monB"
X40x5_134,X40x5,-0.002715497,"1,X40x10_27_CH3Br-ben_0.95,-1,X40x10_27_CH3Br-ben_monA,-1,X40x10_27_CH3Br-ben_monB"
X40x5_135,X40x5,-0.000404775,"1,X40x10_27_CH3Br-ben_1.50,-1,X40x10_27_CH3Br-ben_monA,-1,X40x10_27_CH3Br-ben_monB"
X40x5_136,X40x5,0.010863581,"1,X40x10_28_CH3I-ben_0.80,-1,X40x10_28_CH3I-ben_monA,-1,X40x10_28_CH3I-ben_monB"
X40x5_137,X40x5,0.002608726,"1,X40x10_28_CH3I-ben_0.85,-1,X40x10_28_CH3I-ben_monA,-1,X40x10_28_CH3I-ben_monB"
X40x5_138,X40x5,-0.001592008,"1,X40x10_28_CH3I-ben_0.90,-1,X40x10_28_CH3I-ben_monA,-1,X40x10_28_CH3I-ben_monB"
X40x5_139,X40x5,-0.00344696,"1,X40x10_28_CH3I-ben_0.95,-1,X40x10_28_CH3I-ben_monA,-1,X40x10_28_CH3I-ben_monB"
X40x5_140,X40x5,-0.000737837,"1,X40x10_28_CH3I-ben_1.50,-1,X40x10_28_CH3I-ben_monA,-1,X40x10_28_CH3I-ben_monB"
X40x5_141,X40x5,0.006281977,"1,X40x10_29_CF3Br-ben_0.80,-1,X40x10_29_CF3Br-ben_monA,-1,X40x10_29_CF3Br-ben_monB"
X40x5_142,X40x5,-0.000328282,"1,X40x10_29_CF3Br-ben_0.85,-1,X40x10_29_CF3Br-ben_monA,-1,X40x10_29_CF3Br-ben_monB"
X40x5_143,X40x5,-0.003537795,"1,X40x10_29_CF3Br-ben_0.90,-1,X40x10_29_CF3Br-ben_monA,-1,X40x10_29_CF3Br-ben_monB"
X40x5_144,X40x5,-0.004809489,"1,X40x10_29_CF3Br-ben_0.95,-1,X40x10_29_CF3Br-ben_monA,-1,X40x10_29_CF3Br-ben_monB"
X40x5_145,X40x5,-0.001163329,"1,X40x10_29_CF3Br-ben_1.50,-1,X40x10_29_CF3Br-ben_monA,-1,X40x10_29_CF3Br-ben_monB"
X40x5_146,X40x5,0.01042852781,"1,X40x10_30_CF3I-ben_0.80,-1,X40x10_30_CF3I-ben_monA,-1,X40x10_30_CF3I-ben_monB"
X40x5_147,X40x5,0.00108843,"1,X40x10_30_CF3I-ben_0.85,-1,X40x10_30_CF3I-ben_monA,-1,X40x10_30_CF3I-ben_monB"
X40x5_148,X40x5,-0.003673251,"1,X40x10_30_CF3I-ben_0.90,-1,X40x10_30_CF3I-ben_monA,-1,X40x10_30_CF3I-ben_monB"
X40x5_149,X40x5,-0.00574812,"1,X40x10_30_CF3I-ben_0.95,-1,X40x10_30_CF3I-ben_monA,-1,X40x10_30_CF3I-ben_monB"
X40x5_150,X40x5,-0.001568104,"1,X40x10_30_CF3I-ben_1.50,-1,X40x10_30_CF3I-ben_monA,-1,X40x10_30_CF3I-ben_monB"
X40x5_151,X40x5,-0.007864423,"1,X40x10_31_trifluorometOH-wat_0.80,-1,X40x10_31_trifluorometOH-wat_monA,-1,X40x10_31_trifluorometOH-wat_monB"
X40x5_152,X40x5,-0.011881892,"1,X40x10_31_trifluorometOH-wat_0.85,-1,X40x10_31_trifluorometOH-wat_monA,-1,X40x10_31_trifluorometOH-wat_monB"
X40x5_153,X40x5,-0.014101779,"1,X40x10_31_trifluorometOH-wat_0.90,-1,X40x10_31_trifluorometOH-wat_monA,-1,X40x10_31_trifluorometOH-wat_monB"
X40x5_154,X40x5,-0.015102561,"1,X40x10_31_trifluorometOH-wat_0.95,-1,X40x10_31_trifluorometOH-wat_monA,-1,X40x10_31_trifluorometOH-wat_monB"
X40x5_155,X40x5,-0.007502676,"1,X40x10_31_trifluorometOH-wat_1.50,-1,X40x10_31_trifluorometOH-wat_monA,-1,X40x10_31_trifluorometOH-wat_monB"
X40x5_156,X40x5,-0.008611822,"1,X40x10_32_trichlorometOH-wat_0.80,-1,X40x10_32_trichlorometOH-wat_monA,-1,X40x10_32_trichlorometOH-wat_monB"
X40x5_157,X40x5,-0.012838053,"1,X40x10_32_trichlorometOH-wat_0.85,-1,X40x10_32_trichlorometOH-wat_monA,-1,X40x10_32_trichlorometOH-wat_monB"
X40x5_158,X40x5,-0.015188615,"1,X40x10_32_trichlorometOH-wat_0.90,-1,X40x10_32_trichlorometOH-wat_monA,-1,X40x10_32_trichlorometOH-wat_monB"
X40x5_159,X40x5,-0.01626589,"1,X40x10_32_trichlorometOH-wat_0.95,-1,X40x10_32_trichlorometOH-wat_monA,-1,X40x10_32_trichlorometOH-wat_monB"
X40x5_160,X40x5,-0.008042906,"1,X40x10_32_trichlorometOH-wat_1.50,-1,X40x10_32_trichlorometOH-wat_monA,-1,X40x10_32_trichlorometOH-wat_monB"
X40x5_161,X40x5,-0.008352065,"1,X40x10_33_HF-mOH_0.80,-1,X40x10_33_HF-mOH_monA,-1,X40x10_33_HF-mOH_monB"
X40x5_162,X40x5,-0.012181489,"1,X40x10_33_HF-mOH_0.85,-1,X40x10_33_HF-mOH_monA,-1,X40x10_33_HF-mOH_monB"
X40x5_163,X40x5,-0.014218112,"1,X40x10_33_HF-mOH_0.90,-1,X40x10_33_HF-mOH_monA,-1,X40x10_33_HF-mOH_monB"
X40x5_164,X40x5,-0.015064314,"1,X40x10_33_HF-mOH_0.95,-1,X40x10_33_HF-mOH_monA,-1,X40x10_33_HF-mOH_monB"
X40x5_165,X40x5,-0.007226983,"1,X40x10_33_HF-mOH_1.50,-1,X40x10_33_HF-mOH_monA,-1,X40x10_33_HF-mOH_monB"
X40x5_166,X40x5,-0.004436586,"1,X40x10_34_HCl-mOH_0.80,-1,X40x10_34_HCl-mOH_monA,-1,X40x10_34_HCl-mOH_monB"
X40x5_167,X40x5,-0.007327379,"1,X40x10_34_HCl-mOH_0.85,-1,X40x10_34_HCl-mOH_monA,-1,X40x10_34_HCl-mOH_monB"
X40x5_168,X40x5,-0.008971976,"1,X40x10_34_HCl-mOH_0.90,-1,X40x10_34_HCl-mOH_monA,-1,X40x10_34_HCl-mOH_monB"
X40x5_169,X40x5,-0.009760809,"1,X40x10_34_HCl-mOH_0.95,-1,X40x10_34_HCl-mOH_monA,-1,X40x10_34_HCl-mOH_monB"
X40x5_170,X40x5,-0.004857297,"1,X40x10_34_HCl-mOH_1.50,-1,X40x10_34_HCl-mOH_monA,-1,X40x10_34_HCl-mOH_monB"
X40x5_171,X40x5,-0.00352664,"1,X40x10_35_HBr-mOH_0.80,-1,X40x10_35_HBr-mOH_monA,-1,X40x10_35_HBr-mOH_monB"
X40x5_172,X40x5,-0.006027001,"1,X40x10_35_HBr-mOH_0.85,-1,X40x10_35_HBr-mOH_monA,-1,X40x10_35_HBr-mOH_monB"
X40x5_173,X40x5,-0.007481959,"1,X40x10_35_HBr-mOH_0.90,-1,X40x10_35_HBr-mOH_monA,-1,X40x10_35_HBr-mOH_monB"
X40x5_174,X40x5,-0.008208641,"1,X40x10_35_HBr-mOH_0.95,-1,X40x10_35_HBr-mOH_monA,-1,X40x10_35_HBr-mOH_monB"
X40x5_175,X40x5,-0.004127428,"1,X40x10_35_HBr-mOH_1.50,-1,X40x10_35_HBr-mOH_monA,-1,X40x10_35_HBr-mOH_monB"
X40x5_176,X40x5,-0.001966504,"1,X40x10_36_HI-mOH_0.80,-1,X40x10_36_HI-mOH_monA,-1,X40x10_36_HI-mOH_monB"
X40x5_177,X40x5,-0.0040844,"1,X40x10_36_HI-mOH_0.85,-1,X40x10_36_HI-mOH_monA,-1,X40x10_36_HI-mOH_monB"
X40x5_178,X40x5,-0.005348126,"1,X40x10_36_HI-mOH_0.90,-1,X40x10_36_HI-mOH_monA,-1,X40x10_36_HI-mOH_monB"
X40x5_179,X40x5,-0.006007877,"1,X40x10_36_HI-mOH_0.95,-1,X40x10_36_HI-mOH_monA,-1,X40x10_36_HI-mOH_monB"
X40x5_180,X40x5,-0.003002345,"1,X40x10_36_HI-mOH_1.50,-1,X40x10_36_HI-mOH_monA,-1,X40x10_36_HI-mOH_monB"
X40x5_181,X40x5,-0.014495399,"1,X40x10_37_HF-mNH2_0.80,-1,X40x10_37_HF-mNH2_monA,-1,X40x10_37_HF-mNH2_monB"
X40x5_182,X40x5,-0.019073816,"1,X40x10_37_HF-mNH2_0.85,-1,X40x10_37_HF-mNH2_monA,-1,X40x10_37_HF-mNH2_monB"
X40x5_183,X40x5,-0.021515213,"1,X40x10_37_HF-mNH2_0.90,-1,X40x10_37_HF-mNH2_monA,-1,X40x10_37_HF-mNH2_monB"
X40x5_184,X40x5,-0.022506433,"1,X40x10_37_HF-mNH2_0.95,-1,X40x10_37_HF-mNH2_monA,-1,X40x10_37_HF-mNH2_monB"
X40x5_185,X40x5,-0.010905015,"1,X40x10_37_HF-mNH2_1.50,-1,X40x10_37_HF-mNH2_monA,-1,X40x10_37_HF-mNH2_monB"
X40x5_186,X40x5,-0.010635696,"1,X40x10_38_HCl-mNH2_0.80,-1,X40x10_38_HCl-mNH2_monA,-1,X40x10_38_HCl-mNH2_monB"
X40x5_187,X40x5,-0.014466714,"1,X40x10_38_HCl-mNH2_0.85,-1,X40x10_38_HCl-mNH2_monA,-1,X40x10_38_HCl-mNH2_monB"
X40x5_188,X40x5,-0.016665884,"1,X40x10_38_HCl-mNH2_0.90,-1,X40x10_38_HCl-mNH2_monA,-1,X40x10_38_HCl-mNH2_monB"
X40x5_189,X40x5,-0.017736784,"1,X40x10_38_HCl-mNH2_0.95,-1,X40x10_38_HCl-mNH2_monA,-1,X40x10_38_HCl-mNH2_monB"
X40x5_190,X40x5,-0.009563202,"1,X40x10_38_HCl-mNH2_1.50,-1,X40x10_38_HCl-mNH2_monA,-1,X40x10_38_HCl-mNH2_monB"
X40x5_191,X40x5,-0.002576854,"1,X40x10_39_methanol-fluoromethane_0.80,-1,X40x10_39_methanol-fluoromethane_monA,-1,X40x10_39_methanol-fluoromethane_monB"
X40x5_192,X40x5,-0.004701124,"1,X40x10_39_methanol-fluoromethane_0.85,-1,X40x10_39_methanol-fluoromethane_monA,-1,X40x10_39_methanol-fluoromethane_monB"
X40x5_193,X40x5,-0.005749714,"1,X40x10_39_methanol-fluoromethane_0.90,-1,X40x10_39_methanol-fluoromethane_monA,-1,X40x10_39_methanol-fluoromethane_monB"
X40x5_194,X40x5,-0.006128991,"1,X40x10_39_methanol-fluoromethane_0.95,-1,X40x10_39_methanol-fluoromethane_monA,-1,X40x10_39_methanol-fluoromethane_monB"
X40x5_195,X40x5,-0.002454146,"1,X40x10_39_methanol-fluoromethane_1.50,-1,X40x10_39_methanol-fluoromethane_monA,-1,X40x10_39_methanol-fluoromethane_monB"
X40x5_196,X40x5,-0.000226291,"1,X40x10_40_methanol-chloromethane_0.80,-1,X40x10_40_methanol-chloromethane_monA,-1,X40x10_40_methanol-chloromethane_monB"
X40x5_197,X40x5,-0.003572854,"1,X40x10_40_methanol-chloromethane_0.85,-1,X40x10_40_methanol-chloromethane_monA,-1,X40x10_40_methanol-chloromethane_monB"
X40x5_198,X40x5,-0.005260478,"1,X40x10_40_methanol-chloromethane_0.90,-1,X40x10_40_methanol-chloromethane_monA,-1,X40x10_40_methanol-chloromethane_monB"
X40x5_199,X40x5,-0.005928197,"1,X40x10_40_methanol-chloromethane_0.95,-1,X40x10_40_methanol-chloromethane_monA,-1,X40x10_40_methanol-chloromethane_monB"
X40x5_200,X40x5,-0.001730651,"1,X40x10_40_methanol-chloromethane_1.50,-1,X40x10_40_methanol-chloromethane_monA,-1,X40x10_40_methanol-chloromethane_monB"
XB25_1,XB25,-0.005792734,"1,12_Br2NCH_XB18,-1,11_Br2_XB18,-1,33_HCN_XB18"
XB25_2,XB25,-0.007040513,"1,13_Br2OCH2_XB18,-1,11_Br2_XB18,-1,29_H2CO_XB18"
XB25_3,XB25,-0.007130312,"1,18_ClBrNCH_XB18,-1,17_ClBr_XB18,-1,33_HCN_XB18"
XB25_4,XB25,-0.008393744,"1,19_ClBrOCH2_XB18,-1,17_ClBr_XB18,-1,29_H2CO_XB18"
XB25_5,XB25,-0.012126607,"1,24_FBrNCH_XB18,-1,23_FBr_XB18,-1,33_HCN_XB18"
XB25_6,XB25,-0.013708828,"1,25_FBrOCH2_XB18,-1,23_FBr_XB18,-1,29_H2CO_XB18"
XB25_7,XB25,-0.002244005,"1,31_HBrNCH_XB18,-1,30_HBr_XB18,-1,33_HCN_XB18"
XB25_8,XB25,-0.003340967,"1,32_HBrOCH2_XB18,-1,29_H2CO_XB18,-1,30_HBr_XB18"
XB25_9,XB25,-0.007662236,"1,13_NCH_FCl_XB51,-1,75_NCH_XB51,-1,65_FCl_XB51"
XB25_10,XB25,-0.006886393,"1,14_NCH_NBS_XB51,-1,75_NCH_XB51,-1,68_NBS_XB51"
XB25_11,XB25,-0.001834208,"1,16_NCH_PhBr_XB51,-1,75_NCH_XB51,-1,70_PhBr_XB51"
XB25_12,XB25,-0.024388646,"1,19_NH3_FBr_XB51,-1,76_NH3_XB51,-1,64_FBr_XB51"
XB25_13,XB25,-0.016801077,"1,20_NH3_FCl_XB51,-1,76_NH3_XB51,-1,65_FCl_XB51"
XB25_14,XB25,-0.012787669,"1,21_NH3_NBS_XB51,-1,76_NH3_XB51,-1,68_NBS_XB51"
XB25_15,XB25,-0.003223046,"1,23_NH3_PhBr_XB51,-1,76_NH3_XB51,-1,70_PhBr_XB51"
XB25_16,XB25,-0.003291544,"1,26_PCH_FBr_XB51,-1,79_PCH_XB51,-1,64_FBr_XB51"
XB25_17,XB25,-0.001847999,"1,27_PCH_FCl_XB51,-1,79_PCH_XB51,-1,65_FCl_XB51"
XB25_18,XB25,-0.00190048,"1,28_PCH_NBS_XB51,-1,79_PCH_XB51,-1,68_NBS_XB51"
XB25_19,XB25,-0.001352261,"1,30_PCH_PhBr_XB51,-1,79_PCH_XB51,-1,70_PhBr_XB51"
XB25_20,XB25,-0.00118517,"1,32_BrBr_FCCH_XB51,-1,62_BrBr_XB51,-1,72_FCCH_XB51"
XB25_21,XB25,-0.004572206,"1,33_BrBr_FMe_XB51,-1,62_BrBr_XB51,-1,73_FMe_XB51"
XB25_22,XB25,-0.011613415,"1,36_BrBr_NH3_XB51,-1,62_BrBr_XB51,-1,76_NH3_XB51"
XB25_23,XB25,-0.009474377,"1,38_BrBr_OPH3_XB51,-1,62_BrBr_XB51,-1,78_OPH3_XB51"
XB25_24,XB25,-0.001877692,"1,39_BrBr_PCH_XB51,-1,62_BrBr_XB51,-1,79_PCH_XB51"
XB25_25,XB25,-0.014460189,"1,41_BrBr_pyr_XB51,-1,62_BrBr_XB51,-1,81_pyr_XB51"
YBDE18_1,YBDE18,0.091106263,"-1,YBDE18_f2s-cbh22,1,YBDE18_f2s,1,YBDE18_cbh22"
YBDE18_2,YBDE18,0.145240945,"-1,YBDE18_f2s-ch2,1,YBDE18_f2s,1,YBDE18_ch2"
YBDE18_3,YBDE18,0.033401911,"-1,YBDE18_h2s-cbh22,1,YBDE18_h2s,1,YBDE18_cbh22"
YBDE18_4,YBDE18,0.058007136,"-1,YBDE18_h2s-ch2,1,YBDE18_h2s,1,YBDE18_ch2"
YBDE18_5,YBDE18,0.062134567,"-1,YBDE18_me2s-cbh22,1,YBDE18_me2s,1,YBDE18_cbh22"
YBDE18_6,YBDE18,0.082453001,"-1,YBDE18_me2s-ch2,1,YBDE18_me2s,1,YBDE18_ch2"
YBDE18_7,YBDE18,0.019617249,"-1,YBDE18_nf3-cbh22,1,YBDE18_nf3,1,YBDE18_cbh22"
YBDE18_8,YBDE18,0.08562427,"-1,YBDE18_nf3-ch2,1,YBDE18_nf3,1,YBDE18_ch2"
YBDE18_9,YBDE18,0.051919574,"-1,YBDE18_nh3-cbh22,1,YBDE18_nh3,1,YBDE18_cbh22"
YBDE18_10,YBDE18,0.046007308,"-1,YBDE18_nh3-ch2,1,YBDE18_nh3,1,YBDE18_ch2"
YBDE18_11,YBDE18,0.067106607,"-1,YBDE18_nme3-cbh22,1,YBDE18_nme3,1,YBDE18_cbh22"
YBDE18_12,YBDE18,0.068222129,"-1,YBDE18_nme3-ch2,1,YBDE18_nme3,1,YBDE18_ch2"
YBDE18_13,YBDE18,0.083313546,"-1,YBDE18_pf3-cbh22,1,YBDE18_pf3,1,YBDE18_cbh22"
YBDE18_14,YBDE18,0.121703434,"-1,YBDE18_pf3-ch2,1,YBDE18_pf3,1,YBDE18_ch2"
YBDE18_15,YBDE18,0.071393398,"-1,YBDE18_ph3-cbh22,1,YBDE18_ph3,1,YBDE18_cbh22"
YBDE18_16,YBDE18,0.095791455,"-1,YBDE18_ph3-ch2,1,YBDE18_ph3,1,YBDE18_ch2"
YBDE18_17,YBDE18,0.106118,"-1,YBDE18_pme3-cbh22,1,YBDE18_pme3,1,YBDE18_cbh22"
YBDE18_18,YBDE18,0.124301006,"-1,YBDE18_pme3-ch2,1,YBDE18_pme3,1,YBDE18_ch2"
BH9_661,SC74,0.02371278939,"1,BH9_05_10TS,-1,BH9_05_10R1,-1,BH9_05_10R2"
BH9_662,SC74,0.008971976,"1,BH9_05_10TS,-1,BH9_05_10P1,-1,BH9_05_10P2"
BH9_665,SC74,0.009226952,"1,BH9_05_12TS,-1,BH9_05_12R1,-1,BH9_05_12R2"
BH9_666,SC74,0.032142941,"1,BH9_05_12TS,-1,BH9_05_12P1,-1,BH9_05_12P2"
BH9_671,SC74,0.02135425926,"1,BH9_05_15TS,-1,BH9_05_15R1,-1,BH9_05_15R2"
BH9_672,SC74,0.029131034,"1,BH9_05_15TS,-1,BH9_05_15P1,-1,BH9_05_15P2"
BH9_697,SC74,0.015681038,"1,BH9_05_28TS,-1,BH9_05_28R1,-1,BH9_05_28R2"
BH9_698,SC74,0.0195056816,"1,BH9_05_28TS,-1,BH9_05_28P1,-1,BH9_05_28P2"
BH9_699,SC74,0.01921883334,"1,BH9_05_29TS,-1,BH9_05_29R1,-1,BH9_05_29R2"
BH9_700,SC74,0.0127488115,"1,BH9_05_29TS,-1,BH9_05_29P1,-1,BH9_05_29P2"
BH9_715,SC74,-0.000908353,"1,BH9_05_37TS,-1,BH9_05_37R1,-1,BH9_05_37R2"
BH9_716,SC74,0.04870046,"1,BH9_05_37TS,-1,BH9_05_37P1,-1,BH9_05_37P2"
C60ISO_4,SC74,0.111376889,"-1,C60ISO_1,1,C60ISO_5"
C60ISO_7,SC74,0.226578424,"-1,C60ISO_1,1,C60ISO_8"
CARBHB12_1,SC74,0.008557646,"-1,CARBHB12_1O,1,CARBHB12_1O_A,1,CARBHB12_1O_B"
CARBHB12_5,SC74,0.003756121,"-1,CARBHB12_1N,1,CARBHB12_1N_A,1,CARBHB12_1N_B"
CARBHB12_9,SC74,0.012492251,"-1,CARBHB12_1CL,1,CARBHB12_1CL_A,1,CARBHB12_1CL_B"
CARBHB12_10,SC74,0.016705736,"-1,CARBHB12_2CL,1,CARBHB12_2CL_A,1,CARBHB12_2CL_B"
CUAGAU_6,SC74,0.25770333,"-1,CUAGAU_Cu03N0_LIN,1,CUAGAU_Cu03C1_LIN"
CUAGAU_7,SC74,-0.057093895,"-1,CUAGAU_Cu03C1_LIN,1,CUAGAU_Cu03C1_D3H"
CUAGAU_20,SC74,0.25221866,"-1,CUAGAU_Ag03N0_LIN,1,CUAGAU_Ag03C1_LIN"
CUAGAU_21,SC74,-0.050542761,"-1,CUAGAU_Ag03C1_LIN,1,CUAGAU_Ag03C1_D3H"
CUAGAU_34,SC74,0.315292369,"-1,CUAGAU_Au03N0_LIN,1,CUAGAU_Au03C1_LIN"
CUAGAU_35,SC74,-0.069548667,"-1,CUAGAU_Au03C1_LIN,1,CUAGAU_Au03C1_D3H"
CUAGAU2_22,SC74,0.338276513,"6,CUAGAU2_M001_Cu,-1,CUAGAU2_M025_Cu6-i0"
CUAGAU2_23,SC74,0.266616461,"6,CUAGAU2_M002_Ag,-1,CUAGAU2_M026_Ag6-i0"
CUAGAU2_24,SC74,0.346170846,"6,CUAGAU2_M003_Au,-1,CUAGAU2_M027_Au6-i0"
CUAGAU2_37,SC74,0.247225034,"1,CUAGAU2_M040_Cu6-c1-i0,-1,CUAGAU2_M025_Cu6-i0"
CUAGAU2_38,SC74,0.236625232,"1,CUAGAU2_M041_Ag6-c1-i0,-1,CUAGAU2_M026_Ag6-i0"
CUAGAU2_39,SC74,0.275048338,"1,CUAGAU2_M042_Au6-c1-i0,-1,CUAGAU2_M027_Au6-i0"
CUAGAU2_40,SC74,0.419429058,"1,CUAGAU2_M043_Cu6-c2-i0,-1,CUAGAU2_M040_Cu6-c1-i0"
CUAGAU2_41,SC74,0.396519854,"1,CUAGAU2_M044_Ag6-c2-i0,-1,CUAGAU2_M041_Ag6-c1-i0"
CUAGAU2_42,SC74,0.43820886,"1,CUAGAU2_M045_Ag6-c2-i0,-1,CUAGAU2_M042_Au6-c1-i0"
CUAGAU2_49,SC74,-0.023438003,"-1,CUAGAU2_M052_Cu6-i1,1,CUAGAU2_M025_Cu6-i0"
CUAGAU2_50,SC74,-0.012060702,"-1,CUAGAU2_M053_Ag6-i1,1,CUAGAU2_M026_Ag6-i0"
CUAGAU2_51,SC74,-0.006370201,"-1,CUAGAU2_M054_Au6-i1,1,CUAGAU2_M027_Au6-i0"
CUAGAU2_55,SC74,-0.038669605,"-1,CUAGAU2_M058_Cu5-c1-i1,1,CUAGAU2_M034_Cu5-c1-i0"
CUAGAU2_56,SC74,-0.036436605,"-1,CUAGAU2_M059_Ag5-c1-i1,1,CUAGAU2_M035_Ag5-c1-i0"
CUAGAU2_57,SC74,-0.033267505,"-1,CUAGAU2_M060_Au5-c1-i1,1,CUAGAU2_M036_Au5-c1-i0"
CUAGAU2_64,SC74,0.015647002,"-1,CUAGAU2_M067_Cu6-c2-i1,1,CUAGAU2_M043_Cu6-c2-i0"
CUAGAU2_65,SC74,-0.014564702,"-1,CUAGAU2_M068_Ag6-c2-i1,1,CUAGAU2_M044_Ag6-c2-i0"
CUAGAU2_66,SC74,0.027015804,"-1,CUAGAU2_M069_Au6-c2-i1,1,CUAGAU2_M045_Ag6-c2-i0"
CUAGAU2_73,SC74,-0.203308028,"1,CUAGAU2_M082_Cu4-c2-O-i1,-1,CUAGAU2_M079_Cu4-c2-O-i0"
CUAGAU2_74,SC74,-0.085441312,"1,CUAGAU2_M083_Ag4-c2-O-i1,-1,CUAGAU2_M080_Ag4-c2-O-i0"
CUAGAU2_76,SC74,-0.166430723,"1,CUAGAU2_M085_Cu4-c2-O-i2,-1,CUAGAU2_M079_Cu4-c2-O-i0"
CUAGAU2_77,SC74,-0.122156117,"1,CUAGAU2_M086_Ag4-c2-O-i2,-1,CUAGAU2_M080_Ag4-c2-O-i0"
CUAGAU2_94,SC74,0.120425499,"1,CUAGAU2_A001_H,1,CUAGAU2_M043_Cu6-c2-i0,-1,CUAGAU2_M106_Cu6-c2-H"
CUAGAU2_95,SC74,0.103993897,"1,CUAGAU2_A001_H,1,CUAGAU2_M044_Ag6-c2-i0,-1,CUAGAU2_M107_Ag6-c2-H"
CUAGAU2_96,SC74,0.108280797,"1,CUAGAU2_A001_H,1,CUAGAU2_M045_Ag6-c2-i0,-1,CUAGAU2_M108_Au6-c2-H"
CUAGAU2_103,SC74,0.176042794,"1,CUAGAU2_A003_O,1,CUAGAU2_M043_Cu6-c2-i0,-1,CUAGAU2_M112_Cu6-c2-O"
CUAGAU2_104,SC74,0.136984789,"1,CUAGAU2_A003_O,1,CUAGAU2_M044_Ag6-c2-i0,-1,CUAGAU2_M113_Ag6-c2-O"
CUAGAU2_105,SC74,0.103687984,"1,CUAGAU2_A003_O,1,CUAGAU2_M045_Ag6-c2-i0,-1,CUAGAU2_M114_Au6-c2-O"
CUAGAU2_112,SC74,0.094832809,"1,CUAGAU2_A004_NH3,1,CUAGAU2_M043_Cu6-c2-i0,-1,CUAGAU2_M118_Cu6-c2-NH3"
CUAGAU2_113,SC74,0.077084707,"1,CUAGAU2_A004_NH3,1,CUAGAU2_M044_Ag6-c2-i0,-1,CUAGAU2_M119_Ag6-c2-NH3"
CUAGAU2_114,SC74,0.105567811,"1,CUAGAU2_A004_NH3,1,CUAGAU2_M045_Ag6-c2-i0,-1,CUAGAU2_M120_Au6-c2-NH3"
CUAGAU2_121,SC74,0.058149708,"1,CUAGAU2_A005_CO,1,CUAGAU2_M043_Cu6-c2-i0,-1,CUAGAU2_M124_Cu6-c2-CO"
CUAGAU2_122,SC74,0.041760506,"1,CUAGAU2_A005_CO,1,CUAGAU2_M044_Ag6-c2-i0,-1,CUAGAU2_M125_Ag6-c2-CO"
CUAGAU2_123,SC74,0.07297861,"1,CUAGAU2_A005_CO,1,CUAGAU2_M045_Ag6-c2-i0,-1,CUAGAU2_M126_Au6-c2-CO"
DIPCS10_7,SC74,1.168110736,"-1,DIPCS10_h2s,1,DIPCS10_h2s_2+"
G2RC_22,SC74,-0.173877984,"-1,G2RC_26,-1,G2RC_6,1,G2RC_82"
INV24_9,SC74,0.127010131,"-1,INV24_PCl3,1,INV24_PCl3_TS"
ISOL24_11,SC74,0.058803937,"-1,ISOL24_i11e,1,ISOL24_i11p"
MME55_7,SC74,-0.082999544,"1,MME55_CDO_1C,-1,MME55_CDO_1B"
MME55_21,SC74,-0.04224,"1,MME55_Hc_1_2a,-1,MME55_Hc_1_1"
MME55_22,SC74,-0.015829243,"1,MME55_Hc_1_3,-1,MME55_Hc_1_2a"
MX35_11,SC74,0.0983859,"-1,MX35_1208_MgO_01,1,MX35_Mg,1,MX35_O"
Styrene45_38,SC74,0.146420094,"1,48_Isomer38_Styrene45,-1,11_Isomer1_Styrene45"
WCPT27_6,SC74,0.129461067,"1,16_Rxn6_TS_0cat_WCPT27,-1,52_Rxn6_Product_WCPT27"
OEEF_5,OEEFD,-0.040143858,"1,OEEF_c2h2_0.05,-1,OEEF_c2h2_0.0"
OEEF_10,OEEFD,-0.044964854,"1,OEEF_c2h4_0.05,-1,OEEF_c2h4_0.0"
OEEF_129,OEEFD,-0.011248482,"1,OEEF_methylene-imine_-0.05,-1,OEEF_methylene-imine_0.0"