Reaction,Dataset,Reference,Reference_in_kcal_mol,Stoichiometry,Label
W1-SN2-BH_0001_F_Br-Br-Cl-C_SH_TS,W1-SN2-BH,0.01805215568311182,11.3278987184147,"1,F_Br-Br-Cl-C_SH_TS,-1,F_minus,-1,SH-Br-Br-Cl-C_reactant",F_minus
W1-SN2-BH_0002_F_Br-Br-Cl-C_SH_TS,W1-SN2-BH,0.04229043817424480,26.5376506166184,"1,F_Br-Br-Cl-C_SH_TS,-1,SH_minus,-1,F-Br-Br-Cl-C_reactant",SH_minus
W1-SN2-BH_0003_F_Br-Br-F-C_SH_TS,W1-SN2-BH,0.01358595139526905,8.5253132146921207,"1,F_Br-Br-F-C_SH_TS,-1,F_minus,-1,SH-Br-Br-F-C_reactant",F_minus
W1-SN2-BH_0004_F_Br-Br-F-C_SH_TS,W1-SN2-BH,0.04670259511916479,29.306320900608998,"1,F_Br-Br-F-C_SH_TS,-1,SH_minus,-1,F-Br-Br-F-C_reactant",SH_minus
W1-SN2-BH_0005_F_Br-Br-H-C_SH_TS,W1-SN2-BH,0.01365893160390427,8.5711089870298203,"1,F_Br-Br-H-C_SH_TS,-1,F_minus,-1,SH-Br-Br-H-C_reactant",F_minus
W1-SN2-BH_0006_F_Br-Br-H-C_SH_TS,W1-SN2-BH,0.03466190665600841,21.750674815736101,"1,F_Br-Br-H-C_SH_TS,-1,SH_minus,-1,F-Br-Br-H-C_reactant",SH_minus
W1-SN2-BH_0007_F_Br-CCH-Cl-C_F_TS,W1-SN2-BH,0.004655660809462691,2.9214712659621198,"1,F_Br-CCH-Cl-C_F_TS,-1,F_minus,-1,F-Br-CCH-Cl-C_reactant",F_minus
W1-SN2-BH_0008_F_Br-CCH-Cl-C_OH_TS,W1-SN2-BH,0.03829408856223921,24.029903373416499,"1,F_Br-CCH-Cl-C_OH_TS,-1,F_minus,-1,OH-Br-CCH-Cl-C_reactant",F_minus
W1-SN2-BH_0009_F_Br-CCH-F-C_OH_TS,W1-SN2-BH,0.03714608209192453,23.3095184370083,"1,F_Br-CCH-F-C_OH_TS,-1,F_minus,-1,OH-Br-CCH-F-C_reactant",F_minus
W1-SN2-BH_0010_F_Br-CCH-F-C_OH_TS,W1-SN2-BH,0.00005974014447328487,3.7487506638884602E-2,"1,F_Br-CCH-F-C_OH_TS,-1,OH_minus,-1,F-Br-CCH-F-C_reactant",OH_minus
W1-SN2-BH_0011_F_Br-CCH-H-C_OH_TS,W1-SN2-BH,0.03167892429155239,19.878825121076801,"1,F_Br-CCH-H-C_OH_TS,-1,F_minus,-1,OH-Br-CCH-H-C_reactant",F_minus
W1-SN2-BH_0012_F_Br-CCH-Me-C_F_TS,W1-SN2-BH,0.009130273750989104,5.7293332795353002,"1,F_Br-CCH-Me-C_F_TS,-1,F_minus,-1,F-Br-CCH-Me-C_reactant",F_minus
W1-SN2-BH_0013_F_Br-CCH-NH2-C_F_TS,W1-SN2-BH,0.002589733133585164,1.62508207661981,"1,F_Br-CCH-NH2-C_F_TS,-1,F_minus,-1,F-Br-CCH-NH2-C_reactant",F_minus
W1-SN2-BH_0014_F_Br-CCH-OH-C_SH_TS,W1-SN2-BH,0.007162629041165996,4.4946175825311601,"1,F_Br-CCH-OH-C_SH_TS,-1,F_minus,-1,SH-Br-CCH-OH-C_reactant",F_minus
W1-SN2-BH_0015_F_Br-CCH-OH-C_SH_TS,W1-SN2-BH,0.03521606522836588,22.098414570023699,"1,F_Br-CCH-OH-C_SH_TS,-1,SH_minus,-1,F-Br-CCH-OH-C_reactant",SH_minus
W1-SN2-BH_0016_F_Br-CN-Cl-C_OH_TS,W1-SN2-BH,0.01536848194364284,9.6438680216035699,"1,F_Br-CN-Cl-C_OH_TS,-1,F_minus,-1,OH-Br-CN-Cl-C_reactant",F_minus
W1-SN2-BH_0017_F_Br-CN-H-C_OH_TS,W1-SN2-BH,0.01448181486730286,9.0874760308603992,"1,F_Br-CN-H-C_OH_TS,-1,F_minus,-1,OH-Br-CN-H-C_reactant",F_minus
W1-SN2-BH_0018_F_Br-CN-Me-C_OH_TS,W1-SN2-BH,0.02152571021872066,13.5075870981841,"1,F_Br-CN-Me-C_OH_TS,-1,F_minus,-1,OH-Br-CN-Me-C_reactant",F_minus
W1-SN2-BH_0019_F_Br-CN-NH2-C_OH_TS,W1-SN2-BH,0.01415360160257035,8.8815190977275709,"1,F_Br-CN-NH2-C_OH_TS,-1,F_minus,-1,OH-Br-CN-NH2-C_reactant",F_minus
W1-SN2-BH_0020_F_Br-CN-OH-C_SH_TS,W1-SN2-BH,0.02076258223014922,13.0287170554328,"1,F_Br-CN-OH-C_SH_TS,-1,SH_minus,-1,F-Br-CN-OH-C_reactant",SH_minus
W1-SN2-BH_0021_F_Br-F-H-C_PH2_TS,W1-SN2-BH,0.03774207666977148,23.683510681097498,"1,F_Br-F-H-C_PH2_TS,-1,F_minus,-1,PH2-Br-F-H-C_reactant",F_minus
W1-SN2-BH_0022_F_Br-F-H-C_PH2_TS,W1-SN2-BH,0.03497473726486812,21.9469789865725,"1,F_Br-F-H-C_PH2_TS,-1,PH2_minus,-1,F-Br-F-H-C_reactant",PH2_minus
W1-SN2-BH_0023_F_Br-H-Me-C_F_TS,W1-SN2-BH,0.006233717580299325,3.9117168402715299,"1,F_Br-H-Me-C_F_TS,-1,F_minus,-1,F-Br-H-Me-C_reactant",F_minus
W1-SN2-BH_0024_F_Br-H-Me-C_OH_TS,W1-SN2-BH,0.04087485518992307,25.649358882634001,"1,F_Br-H-Me-C_OH_TS,-1,F_minus,-1,OH-Br-H-Me-C_reactant",F_minus
W1-SN2-BH_0025_F_Br-H-Me-C_OH_TS,W1-SN2-BH,0.003997629255589342,2.5085502316741302,"1,F_Br-H-Me-C_OH_TS,-1,OH_minus,-1,F-Br-H-Me-C_reactant",OH_minus
W1-SN2-BH_0026_F_Br-H-NH2-C_F_TS,W1-SN2-BH,0.0009061230038240102,0.56860076956608097,"1,F_Br-H-NH2-C_F_TS,-1,F_minus,-1,F-Br-H-NH2-C_reactant",F_minus
W1-SN2-BH_0027_F_Br-H-OH-C_PH2_TS,W1-SN2-BH,0.03252188446586317,20.407790616714699,"1,F_Br-H-OH-C_PH2_TS,-1,F_minus,-1,PH2-Br-H-OH-C_reactant",F_minus
W1-SN2-BH_0028_F_Br-H-OH-C_PH2_TS,W1-SN2-BH,0.03073942605087846,19.289281074188299,"1,F_Br-H-OH-C_PH2_TS,-1,PH2_minus,-1,F-Br-H-OH-C_reactant",PH2_minus
W1-SN2-BH_0029_F_Br-H-OH-C_SH_TS,W1-SN2-BH,0.0001993722330352794,0.125107965094754,"1,F_Br-H-OH-C_SH_TS,-1,F_minus,-1,SH-Br-H-OH-C_reactant",F_minus
W1-SN2-BH_0030_F_Br-H-OH-C_SH_TS,W1-SN2-BH,0.03449308647367272,21.644738551907398,"1,F_Br-H-OH-C_SH_TS,-1,SH_minus,-1,F-Br-H-OH-C_reactant",SH_minus
W1-SN2-BH_0031_F_Br-Me-Me-C_F_TS,W1-SN2-BH,0.01793195306983524,11.2524704397765,"1,F_Br-Me-Me-C_F_TS,-1,F_minus,-1,F-Br-Me-Me-C_reactant",F_minus
W1-SN2-BH_0032_F_Br-Me-Me-C_OH_TS,W1-SN2-BH,0.05305097336134575,33.2899883925136,"1,F_Br-Me-Me-C_OH_TS,-1,F_minus,-1,OH-Br-Me-Me-C_reactant",F_minus
W1-SN2-BH_0033_F_Br-Me-Me-C_OH_TS,W1-SN2-BH,0.01705805788798344,10.7040929338264,"1,F_Br-Me-Me-C_OH_TS,-1,OH_minus,-1,F-Br-Me-Me-C_reactant",OH_minus
W1-SN2-BH_0034_F_Br-Me-NH2-C_F_TS,W1-SN2-BH,0.01117107935466709,7.0099581305642999,"1,F_Br-Me-NH2-C_F_TS,-1,F_minus,-1,F-Br-Me-NH2-C_reactant",F_minus
W1-SN2-BH_0035_F_Br-Me-NH2-C_OH_TS,W1-SN2-BH,0.04400771477151852,27.615257950994501,"1,F_Br-Me-NH2-C_OH_TS,-1,F_minus,-1,OH-Br-Me-NH2-C_reactant",F_minus
W1-SN2-BH_0036_F_Br-Me-NH2-C_OH_TS,W1-SN2-BH,0.007675737495129708,4.8165979986152596,"1,F_Br-Me-NH2-C_OH_TS,-1,OH_minus,-1,F-Br-Me-NH2-C_reactant",OH_minus
W1-SN2-BH_0037_F_Br-Me-OH-C_PH2_TS,W1-SN2-BH,0.03955570239998135,24.8215780092088,"1,F_Br-Me-OH-C_PH2_TS,-1,F_minus,-1,PH2-Br-Me-OH-C_reactant",F_minus
W1-SN2-BH_0038_F_Br-Me-OH-C_PH2_TS,W1-SN2-BH,0.03753054824105719,23.550774588045599,"1,F_Br-Me-OH-C_PH2_TS,-1,PH2_minus,-1,F-Br-Me-OH-C_reactant",PH2_minus
W1-SN2-BH_0039_F_Br-NH2-NH2-C_OH_TS,W1-SN2-BH,0.03635568774914680,22.813538498669399,"1,F_Br-NH2-NH2-C_OH_TS,-1,F_minus,-1,OH-Br-NH2-NH2-C_reactant",F_minus
W1-SN2-BH_0040_F_Br-NH2-NH2-C_OH_TS,W1-SN2-BH,0.003369198133557333,2.1142037488029399,"1,F_Br-NH2-NH2-C_OH_TS,-1,OH_minus,-1,F-Br-NH2-NH2-C_reactant",OH_minus
W1-SN2-BH_0041_F_Br-NH2-NH2-C_PH2_TS,W1-SN2-BH,0.04403586032242971,27.632919550844001,"1,F_Br-NH2-NH2-C_PH2_TS,-1,F_minus,-1,PH2-Br-NH2-NH2-C_reactant",F_minus
W1-SN2-BH_0042_F_Br-NH2-NH2-C_PH2_TS,W1-SN2-BH,0.04428408645581273,27.788683801251899,"1,F_Br-NH2-NH2-C_PH2_TS,-1,PH2_minus,-1,F-Br-NH2-NH2-C_reactant",PH2_minus
W1-SN2-BH_0043_F_Br-NH2-OH-C_SH_TS,W1-SN2-BH,0.004405449501530627,2.7644612997170301,"1,F_Br-NH2-OH-C_SH_TS,-1,F_minus,-1,SH-Br-NH2-OH-C_reactant",F_minus
W1-SN2-BH_0044_F_Br-NH2-OH-C_SH_TS,W1-SN2-BH,0.04423713714378109,27.759222663151299,"1,F_Br-NH2-OH-C_SH_TS,-1,SH_minus,-1,F-Br-NH2-OH-C_reactant",SH_minus
W1-SN2-BH_0045_F_Br-OH-SH-C_PH2_TS,W1-SN2-BH,0.02991784955583361,18.7737340398801,"1,F_Br-OH-SH-C_PH2_TS,-1,F_minus,-1,PH2-Br-OH-SH-C_reactant",F_minus
W1-SN2-BH_0046_F_Br-OH-SH-C_PH2_TS,W1-SN2-BH,0.02239548177978926,14.053376993025299,"1,F_Br-OH-SH-C_PH2_TS,-1,PH2_minus,-1,F-Br-OH-SH-C_reactant",PH2_minus
W1-SN2-BH_0047_F_Br-OH-SH-C_SH_TS,W1-SN2-BH,0.03151946698882513,19.778764152906898,"1,F_Br-OH-SH-C_SH_TS,-1,SH_minus,-1,F-Br-OH-SH-C_reactant",SH_minus
W1-SN2-BH_0048_F_Br-SH-SH-C_OH_TS,W1-SN2-BH,0.02116589638595517,13.2818005092248,"1,F_Br-SH-SH-C_OH_TS,-1,F_minus,-1,OH-Br-SH-SH-C_reactant",F_minus
W1-SN2-BH_0049_F_CCH-CCH-H-C_NH2_TS,W1-SN2-BH,0.04893699833209144,30.708430085597499,"1,F_CCH-CCH-H-C_NH2_TS,-1,F_minus,-1,NH2-CCH-CCH-H-C_reactant",F_minus
W1-SN2-BH_0050_F_CCH-CCH-H-C_SH_TS,W1-SN2-BH,0.001843998435716564,1.1571264885696799,"1,F_CCH-CCH-H-C_SH_TS,-1,F_minus,-1,SH-CCH-CCH-H-C_reactant",F_minus
W1-SN2-BH_0051_F_CCH-CCH-H-C_SH_TS,W1-SN2-BH,0.01959876827500746,12.298412772534499,"1,F_CCH-CCH-H-C_SH_TS,-1,SH_minus,-1,F-CCH-CCH-H-C_reactant",SH_minus
W1-SN2-BH_0052_F_CCH-Cl-Cl-C_F_TS,W1-SN2-BH,0.007380248341345594,4.6311757551328396,"1,F_CCH-Cl-Cl-C_F_TS,-1,F_minus,-1,F-CCH-Cl-Cl-C_reactant",F_minus
W1-SN2-BH_0053_F_CCH-Cl-Cl-C_NH2_TS,W1-SN2-BH,0.06585385855348157,41.323920145921001,"1,F_CCH-Cl-Cl-C_NH2_TS,-1,F_minus,-1,NH2-CCH-Cl-Cl-C_reactant",F_minus
W1-SN2-BH_0054_F_CCH-Cl-Cl-C_SH_TS,W1-SN2-BH,0.01754546568150552,11.009945941993699,"1,F_CCH-Cl-Cl-C_SH_TS,-1,F_minus,-1,SH-CCH-Cl-Cl-C_reactant",F_minus
W1-SN2-BH_0055_F_CCH-Cl-Cl-C_SH_TS,W1-SN2-BH,0.04235298512100349,26.576899418283201,"1,F_CCH-Cl-Cl-C_SH_TS,-1,SH_minus,-1,F-CCH-Cl-Cl-C_reactant",SH_minus
W1-SN2-BH_0056_F_CCH-Cl-F-C_F_TS,W1-SN2-BH,0.009679730514044222,6.0741226039404301,"1,F_CCH-Cl-F-C_F_TS,-1,F_minus,-1,F-CCH-Cl-F-C_reactant",F_minus
W1-SN2-BH_0057_F_CCH-Cl-F-C_NH2_TS,W1-SN2-BH,0.06732536862119211,42.247306654588598,"1,F_CCH-Cl-F-C_NH2_TS,-1,F_minus,-1,NH2-CCH-Cl-F-C_reactant",F_minus
W1-SN2-BH_0058_F_CCH-Cl-F-C_NH2_TS,W1-SN2-BH,0.0003886442439870996,0.24387794514199601,"1,F_CCH-Cl-F-C_NH2_TS,-1,NH2_minus,-1,F-CCH-Cl-F-C_reactant",NH2_minus
W1-SN2-BH_0059_F_CCH-Cl-F-C_OH_TS,W1-SN2-BH,0.04299853461463578,26.981987841514101,"1,F_CCH-Cl-F-C_OH_TS,-1,F_minus,-1,OH-CCH-Cl-F-C_reactant",F_minus
W1-SN2-BH_0060_F_CCH-Cl-F-C_OH_TS,W1-SN2-BH,0.003681739719552684,2.31032655505373,"1,F_CCH-Cl-F-C_OH_TS,-1,OH_minus,-1,F-CCH-Cl-F-C_reactant",OH_minus
W1-SN2-BH_0061_F_CCH-Cl-F-C_SH_TS,W1-SN2-BH,0.01282493840183818,8.0477703514291292,"1,F_CCH-Cl-F-C_SH_TS,-1,F_minus,-1,SH-CCH-Cl-F-C_reactant",F_minus
W1-SN2-BH_0062_F_CCH-Cl-F-C_SH_TS,W1-SN2-BH,0.04713484702123285,29.577563064338499,"1,F_CCH-Cl-F-C_SH_TS,-1,SH_minus,-1,F-CCH-Cl-F-C_reactant",SH_minus
W1-SN2-BH_0063_F_CCH-Cl-H-C_F_TS,W1-SN2-BH,0.0006699474609385361,0.42039837886345,"1,F_CCH-Cl-H-C_F_TS,-1,F_minus,-1,F-CCH-Cl-H-C_reactant",F_minus
W1-SN2-BH_0064_F_CCH-Cl-H-C_NH2_TS,W1-SN2-BH,0.06112627369088077,38.357315855201698,"1,F_CCH-Cl-H-C_NH2_TS,-1,F_minus,-1,NH2-CCH-Cl-H-C_reactant",F_minus
W1-SN2-BH_0065_F_CCH-Cl-H-C_OH_TS,W1-SN2-BH,0.03077123820785140,19.309243504079198,"1,F_CCH-Cl-H-C_OH_TS,-1,F_minus,-1,OH-CCH-Cl-H-C_reactant",F_minus
W1-SN2-BH_0066_F_CCH-Cl-H-C_SH_TS,W1-SN2-BH,0.008226986032096094,5.1625116781250897,"1,F_CCH-Cl-H-C_SH_TS,-1,F_minus,-1,SH-CCH-Cl-H-C_reactant",F_minus
W1-SN2-BH_0067_F_CCH-Cl-H-C_SH_TS,W1-SN2-BH,0.02913334901498170,18.2814525180879,"1,F_CCH-Cl-H-C_SH_TS,-1,SH_minus,-1,F-CCH-Cl-H-C_reactant",SH_minus
W1-SN2-BH_0068_F_CCH-Cl-Me-C_F_TS,W1-SN2-BH,0.01110836819784418,6.9706062855284703,"1,F_CCH-Cl-Me-C_F_TS,-1,F_minus,-1,F-CCH-Cl-Me-C_reactant",F_minus
W1-SN2-BH_0069_F_CCH-Cl-Me-C_NH2_TS,W1-SN2-BH,0.06850095462714415,42.984998010899503,"1,F_CCH-Cl-Me-C_NH2_TS,-1,F_minus,-1,NH2-CCH-Cl-Me-C_reactant",F_minus
W1-SN2-BH_0070_F_CCH-Cl-Me-C_NH2_TS,W1-SN2-BH,0.0003865369739808223,0.24255561324864799,"1,F_CCH-Cl-Me-C_NH2_TS,-1,NH2_minus,-1,F-CCH-Cl-Me-C_reactant",NH2_minus
W1-SN2-BH_0071_F_CCH-Cl-Me-C_SH_TS,W1-SN2-BH,0.01638202570137641,10.279876331958899,"1,F_CCH-Cl-Me-C_SH_TS,-1,F_minus,-1,SH-CCH-Cl-Me-C_reactant",F_minus
W1-SN2-BH_0072_F_CCH-Cl-Me-C_SH_TS,W1-SN2-BH,0.04253474542274235,26.690955729632901,"1,F_CCH-Cl-Me-C_SH_TS,-1,SH_minus,-1,F-CCH-Cl-Me-C_reactant",SH_minus
W1-SN2-BH_0073_F_CCH-Cl-NH2-C_F_TS,W1-SN2-BH,0.005558754929334458,3.4881713821523301,"1,F_CCH-Cl-NH2-C_F_TS,-1,F_minus,-1,F-CCH-Cl-NH2-C_reactant",F_minus
W1-SN2-BH_0074_F_CCH-Cl-NH2-C_NH2_TS,W1-SN2-BH,0.05476446766937890,34.365222304557598,"1,F_CCH-Cl-NH2-C_NH2_TS,-1,F_minus,-1,NH2-CCH-Cl-NH2-C_reactant",F_minus
W1-SN2-BH_0075_F_CCH-Cl-NH2-C_PH2_TS,W1-SN2-BH,0.03700022416538477,23.2179912062374,"1,F_CCH-Cl-NH2-C_PH2_TS,-1,F_minus,-1,PH2-CCH-Cl-NH2-C_reactant",F_minus
W1-SN2-BH_0076_F_CCH-Cl-NH2-C_PH2_TS,W1-SN2-BH,0.02731454481634496,17.140135651977602,"1,F_CCH-Cl-NH2-C_PH2_TS,-1,PH2_minus,-1,F-CCH-Cl-NH2-C_reactant",PH2_minus
W1-SN2-BH_0077_F_CCH-Cl-NH2-C_SH_TS,W1-SN2-BH,0.01068061857592431,6.7021893452468397,"1,F_CCH-Cl-NH2-C_SH_TS,-1,F_minus,-1,SH-CCH-Cl-NH2-C_reactant",F_minus
W1-SN2-BH_0078_F_CCH-Cl-NH2-C_SH_TS,W1-SN2-BH,0.03799883653009480,23.8446299260095,"1,F_CCH-Cl-NH2-C_SH_TS,-1,SH_minus,-1,F-CCH-Cl-NH2-C_reactant",SH_minus
W1-SN2-BH_0079_F_CCH-CN-H-C_NH2_TS,W1-SN2-BH,0.03388739598256345,21.2646620303864,"1,F_CCH-CN-H-C_NH2_TS,-1,F_minus,-1,NH2-CCH-CN-H-C_reactant",F_minus
W1-SN2-BH_0080_F_CCH-F-F-C_F_TS,W1-SN2-BH,0.01259583089573185,7.9040032207684403,"1,F_CCH-F-F-C_F_TS,-1,F_minus,-1,F-CCH-F-F-C_reactant",F_minus
W1-SN2-BH_0081_F_CCH-F-F-C_NH2_TS,W1-SN2-BH,0.06848699163406570,42.976236100456497,"1,F_CCH-F-F-C_NH2_TS,-1,F_minus,-1,NH2-CCH-F-F-C_reactant",F_minus
W1-SN2-BH_0082_F_CCH-F-F-C_NH2_TS,W1-SN2-BH,0.006488719801354891,4.0717331498910303,"1,F_CCH-F-F-C_NH2_TS,-1,NH2_minus,-1,F-CCH-F-F-C_reactant",NH2_minus
W1-SN2-BH_0083_F_CCH-F-H-C_F_TS,W1-SN2-BH,0.0008174075948974176,0.512931009969262,"1,F_CCH-F-H-C_F_TS,-1,F_minus,-1,F-CCH-F-H-C_reactant",F_minus
W1-SN2-BH_0084_F_CCH-F-H-C_NH2_TS,W1-SN2-BH,0.05591209109838308,35.085366878914499,"1,F_CCH-F-H-C_NH2_TS,-1,F_minus,-1,NH2-CCH-F-H-C_reactant",F_minus
W1-SN2-BH_0085_F_CCH-F-H-C_OH_TS,W1-SN2-BH,0.03058672463492316,19.193459488973499,"1,F_CCH-F-H-C_OH_TS,-1,F_minus,-1,OH-CCH-F-H-C_reactant",F_minus
W1-SN2-BH_0086_F_CCH-F-Me-C_F_TS,W1-SN2-BH,0.01234193268170242,7.7446796860172702,"1,F_CCH-F-Me-C_F_TS,-1,F_minus,-1,F-CCH-F-Me-C_reactant",F_minus
W1-SN2-BH_0087_F_CCH-F-Me-C_NH2_TS,W1-SN2-BH,0.06370650909356648,39.976438015699998,"1,F_CCH-F-Me-C_NH2_TS,-1,F_minus,-1,NH2-CCH-F-Me-C_reactant",F_minus
W1-SN2-BH_0088_F_CCH-F-Me-C_NH2_TS,W1-SN2-BH,0.004965518566462832,3.11590994409165,"1,F_CCH-F-Me-C_NH2_TS,-1,NH2_minus,-1,F-CCH-F-Me-C_reactant",NH2_minus
W1-SN2-BH_0089_F_CCH-F-Me-C_OH_TS,W1-SN2-BH,0.04274533427970837,26.8231022325112,"1,F_CCH-F-Me-C_OH_TS,-1,F_minus,-1,OH-CCH-F-Me-C_reactant",F_minus
W1-SN2-BH_0090_F_CCH-F-Me-C_OH_TS,W1-SN2-BH,0.006123090281401350,3.8422971621230402,"1,F_CCH-F-Me-C_OH_TS,-1,OH_minus,-1,F-CCH-F-Me-C_reactant",OH_minus
W1-SN2-BH_0091_F_CCH-F-NH2-C_F_TS,W1-SN2-BH,0.004245187477550305,2.6638953613368499,"1,F_CCH-F-NH2-C_F_TS,-1,F_minus,-1,F-CCH-F-NH2-C_reactant",F_minus
W1-SN2-BH_0092_F_CCH-F-NH2-C_NH2_TS,W1-SN2-BH,0.05468345802246767,34.314387983630297,"1,F_CCH-F-NH2-C_NH2_TS,-1,F_minus,-1,NH2-CCH-F-NH2-C_reactant",F_minus
W1-SN2-BH_0093_F_CCH-H-H-C_NH2_TS,W1-SN2-BH,0.05307346645964291,33.304103024796099,"1,F_CCH-H-H-C_NH2_TS,-1,F_minus,-1,NH2-CCH-H-H-C_reactant",F_minus
W1-SN2-BH_0094_F_CCH-H-H-C_SH_TS,W1-SN2-BH,0.003441711738555087,2.1597067229375,"1,F_CCH-H-H-C_SH_TS,-1,F_minus,-1,SH-CCH-H-H-C_reactant",F_minus
W1-SN2-BH_0095_F_CCH-H-H-C_SH_TS,W1-SN2-BH,0.02027289047396929,12.7214308390593,"1,F_CCH-H-H-C_SH_TS,-1,SH_minus,-1,F-CCH-H-H-C_reactant",SH_minus
W1-SN2-BH_0096_F_CCH-H-Me-C_F_TS,W1-SN2-BH,0.001717924118791008,1.0780136602628601,"1,F_CCH-H-Me-C_F_TS,-1,F_minus,-1,F-CCH-H-Me-C_reactant",F_minus
W1-SN2-BH_0097_F_CCH-H-Me-C_SH_TS,W1-SN2-BH,0.006619427457297329,4.1537534423274902,"1,F_CCH-H-Me-C_SH_TS,-1,F_minus,-1,SH-CCH-H-Me-C_reactant",F_minus
W1-SN2-BH_0098_F_CCH-H-Me-C_SH_TS,W1-SN2-BH,0.02775634509526397,17.417369512642999,"1,F_CCH-H-Me-C_SH_TS,-1,SH_minus,-1,F-CCH-H-Me-C_reactant",SH_minus
W1-SN2-BH_0099_F_CCH-H-NH2-C_F_TS,W1-SN2-BH,0.002886928280696165,1.8115748470775399,"1,F_CCH-H-NH2-C_F_TS,-1,F_minus,-1,F-CCH-H-NH2-C_reactant",F_minus
W1-SN2-BH_0100_F_CCH-H-NH2-C_NH2_TS,W1-SN2-BH,0.05113048062983965,32.084861008624202,"1,F_CCH-H-NH2-C_NH2_TS,-1,F_minus,-1,NH2-CCH-H-NH2-C_reactant",F_minus
W1-SN2-BH_0101_F_CCH-H-NH2-C_OH_TS,W1-SN2-BH,0.02797827067618675,17.556629917209001,"1,F_CCH-H-NH2-C_OH_TS,-1,F_minus,-1,OH-CCH-H-NH2-C_reactant",F_minus
W1-SN2-BH_0102_F_CCH-H-NH2-C_PH2_TS,W1-SN2-BH,0.02736683145415021,17.172946012567301,"1,F_CCH-H-NH2-C_PH2_TS,-1,F_minus,-1,PH2-CCH-H-NH2-C_reactant",F_minus
W1-SN2-BH_0103_F_CCH-H-NH2-C_PH2_TS,W1-SN2-BH,0.02532219423535503,15.8899167867513,"1,F_CCH-H-NH2-C_PH2_TS,-1,PH2_minus,-1,F-CCH-H-NH2-C_reactant",PH2_minus
W1-SN2-BH_0104_F_CCH-Me-Me-C_F_TS,W1-SN2-BH,0.01066341103587185,6.6913914508385997,"1,F_CCH-Me-Me-C_F_TS,-1,F_minus,-1,F-CCH-Me-Me-C_reactant",F_minus
W1-SN2-BH_0105_F_CCH-Me-Me-C_NH2_TS,W1-SN2-BH,0.06018009185695169,37.763577790224801,"1,F_CCH-Me-Me-C_NH2_TS,-1,F_minus,-1,NH2-CCH-Me-Me-C_reactant",F_minus
W1-SN2-BH_0106_F_CCH-Me-Me-C_NH2_TS,W1-SN2-BH,0.002156683370752986,1.35333924770184,"1,F_CCH-Me-Me-C_NH2_TS,-1,NH2_minus,-1,F-CCH-Me-Me-C_reactant",NH2_minus
W1-SN2-BH_0107_F_CCH-Me-Me-C_SH_TS,W1-SN2-BH,0.01508025133246764,9.4630005823761305,"1,F_CCH-Me-Me-C_SH_TS,-1,F_minus,-1,SH-CCH-Me-Me-C_reactant",F_minus
W1-SN2-BH_0108_F_CCH-Me-Me-C_SH_TS,W1-SN2-BH,0.03975566981908231,24.947059459198599,"1,F_CCH-Me-Me-C_SH_TS,-1,SH_minus,-1,F-CCH-Me-Me-C_reactant",SH_minus
W1-SN2-BH_0109_F_CCH-Me-NH2-C_F_TS,W1-SN2-BH,0.004940629152500822,3.1002916010266102,"1,F_CCH-Me-NH2-C_F_TS,-1,F_minus,-1,F-CCH-Me-NH2-C_reactant",F_minus
W1-SN2-BH_0110_F_CCH-Me-NH2-C_NH2_TS,W1-SN2-BH,0.05776363876320904,36.247230580272202,"1,F_CCH-Me-NH2-C_NH2_TS,-1,F_minus,-1,NH2-CCH-Me-NH2-C_reactant",F_minus
W1-SN2-BH_0111_F_CCH-Me-NH2-C_PH2_TS,W1-SN2-BH,0.03363207206260223,21.104443851655802,"1,F_CCH-Me-NH2-C_PH2_TS,-1,F_minus,-1,PH2-CCH-Me-NH2-C_reactant",F_minus
W1-SN2-BH_0112_F_CCH-Me-NH2-C_PH2_TS,W1-SN2-BH,0.02963336429408958,18.595216842904399,"1,F_CCH-Me-NH2-C_PH2_TS,-1,PH2_minus,-1,F-CCH-Me-NH2-C_reactant",PH2_minus
W1-SN2-BH_0113_F_CCH-Me-NH2-C_SH_TS,W1-SN2-BH,0.007101209353290742,4.4560761464954401,"1,F_CCH-Me-NH2-C_SH_TS,-1,F_minus,-1,SH-CCH-Me-NH2-C_reactant",F_minus
W1-SN2-BH_0114_F_CCH-Me-NH2-C_SH_TS,W1-SN2-BH,0.03562454895842272,22.354741980635001,"1,F_CCH-Me-NH2-C_SH_TS,-1,SH_minus,-1,F-CCH-Me-NH2-C_reactant",SH_minus
W1-SN2-BH_0115_F_CCH-Me-OH-C_NH2_TS,W1-SN2-BH,0.06260648333768859,39.286161432173202,"1,F_CCH-Me-OH-C_NH2_TS,-1,F_minus,-1,NH2-CCH-Me-OH-C_reactant",F_minus
W1-SN2-BH_0116_F_CCH-Me-OH-C_NH2_TS,W1-SN2-BH,0.005664572463443804,3.5545728873279399,"1,F_CCH-Me-OH-C_NH2_TS,-1,NH2_minus,-1,F-CCH-Me-OH-C_reactant",NH2_minus
W1-SN2-BH_0117_F_CCH-Me-OH-C_SH_TS,W1-SN2-BH,0.005156263530516209,3.2356042161649698,"1,F_CCH-Me-OH-C_SH_TS,-1,F_minus,-1,SH-CCH-Me-OH-C_reactant",F_minus
W1-SN2-BH_0118_F_CCH-Me-OH-C_SH_TS,W1-SN2-BH,0.03983237139400078,24.995190424135501,"1,F_CCH-Me-OH-C_SH_TS,-1,SH_minus,-1,F-CCH-Me-OH-C_reactant",SH_minus
W1-SN2-BH_0119_F_CCH-NH2-NH2-C_F_TS,W1-SN2-BH,0.009194403719091886,5.7695754420911598,"1,F_CCH-NH2-NH2-C_F_TS,-1,F_minus,-1,F-CCH-NH2-NH2-C_reactant",F_minus
W1-SN2-BH_0120_F_CCH-OH-SH-C_SH_TS,W1-SN2-BH,0.02525033740649468,15.844825945865299,"1,F_CCH-OH-SH-C_SH_TS,-1,SH_minus,-1,F-CCH-OH-SH-C_reactant",SH_minus
W1-SN2-BH_0121_F_CCH-SH-SH-C_PH2_TS,W1-SN2-BH,0.02190004544498018,13.7424859991375,"1,F_CCH-SH-SH-C_PH2_TS,-1,F_minus,-1,PH2-CCH-SH-SH-C_reactant",F_minus
W1-SN2-BH_0122_F_CCH-SH-SH-C_PH2_TS,W1-SN2-BH,0.003609619634608773,2.2650705184811901,"1,F_CCH-SH-SH-C_PH2_TS,-1,PH2_minus,-1,F-CCH-SH-SH-C_reactant",PH2_minus
W1-SN2-BH_0123_F_Cl-Cl-Cl-C_SH_TS,W1-SN2-BH,0.02372683385067528,14.888813030819801,"1,F_Cl-Cl-Cl-C_SH_TS,-1,F_minus,-1,SH-Cl-Cl-Cl-C_reactant",F_minus
W1-SN2-BH_0124_F_Cl-Cl-Cl-C_SH_TS,W1-SN2-BH,0.05099851725081986,32.002052738059902,"1,F_Cl-Cl-Cl-C_SH_TS,-1,SH_minus,-1,F-Cl-Cl-Cl-C_reactant",SH_minus
W1-SN2-BH_0125_F_Cl-Cl-H-C_F_TS,W1-SN2-BH,0.006026166770501474,3.7814767407739098,"1,F_Cl-Cl-H-C_F_TS,-1,F_minus,-1,F-Cl-Cl-H-C_reactant",F_minus
W1-SN2-BH_0126_F_Cl-Cl-H-C_NH2_TS,W1-SN2-BH,0.06903463123614276,43.319885139131998,"1,F_Cl-Cl-H-C_NH2_TS,-1,F_minus,-1,NH2-Cl-Cl-H-C_reactant",F_minus
W1-SN2-BH_0127_F_Cl-Cl-H-C_SH_TS,W1-SN2-BH,0.01380121196277659,8.6603912601953006,"1,F_Cl-Cl-H-C_SH_TS,-1,F_minus,-1,SH-Cl-Cl-H-C_reactant",F_minus
W1-SN2-BH_0128_F_Cl-Cl-H-C_SH_TS,W1-SN2-BH,0.03910397463612436,24.538114557691198,"1,F_Cl-Cl-H-C_SH_TS,-1,SH_minus,-1,F-Cl-Cl-H-C_reactant",SH_minus
W1-SN2-BH_0129_F_Cl-Cl-Me-C_F_TS,W1-SN2-BH,0.01923394649418096,12.069483648721301,"1,F_Cl-Cl-Me-C_F_TS,-1,F_minus,-1,F-Cl-Cl-Me-C_reactant",F_minus
W1-SN2-BH_0130_F_Cl-Cl-NH2-C_F_TS,W1-SN2-BH,0.009245027675185919,5.8013424541547201,"1,F_Cl-Cl-NH2-C_F_TS,-1,F_minus,-1,F-Cl-Cl-NH2-C_reactant",F_minus
W1-SN2-BH_0131_F_Cl-Cl-OH-C_F_TS,W1-SN2-BH,0.01264957214980442,7.9377263668470102,"1,F_Cl-Cl-OH-C_F_TS,-1,F_minus,-1,F-Cl-Cl-OH-C_reactant",F_minus
W1-SN2-BH_0132_F_Cl-F-H-C_F_TS,W1-SN2-BH,0.007066462778283227,4.43427234148698,"1,F_Cl-F-H-C_F_TS,-1,F_minus,-1,F-Cl-F-H-C_reactant",F_minus
W1-SN2-BH_0133_F_Cl-F-H-C_NH2_TS,W1-SN2-BH,0.06859732462104661,43.045471095088701,"1,F_Cl-F-H-C_NH2_TS,-1,F_minus,-1,NH2-Cl-F-H-C_reactant",F_minus
W1-SN2-BH_0134_F_Cl-F-H-C_NH2_TS,W1-SN2-BH,0.003343828716656658,2.0982841993463102,"1,F_Cl-F-H-C_NH2_TS,-1,NH2_minus,-1,F-Cl-F-H-C_reactant",NH2_minus
W1-SN2-BH_0135_F_Cl-F-H-C_OH_TS,W1-SN2-BH,0.04200372911871537,26.357737967974,"1,F_Cl-F-H-C_OH_TS,-1,F_minus,-1,OH-Cl-F-H-C_reactant",F_minus
W1-SN2-BH_0136_F_Cl-F-H-C_OH_TS,W1-SN2-BH,0.002560605229716095,1.6068040409823701,"1,F_Cl-F-H-C_OH_TS,-1,OH_minus,-1,F-Cl-F-H-C_reactant",OH_minus
W1-SN2-BH_0137_F_Cl-F-Me-C_OH_TS,W1-SN2-BH,0.05521292983850833,34.646636564445203,"1,F_Cl-F-Me-C_OH_TS,-1,F_minus,-1,OH-Cl-F-Me-C_reactant",F_minus
W1-SN2-BH_0138_F_Cl-F-Me-C_OH_TS,W1-SN2-BH,0.01677608027229789,10.527149308509999,"1,F_Cl-F-Me-C_OH_TS,-1,OH_minus,-1,F-Cl-F-Me-C_reactant",OH_minus
W1-SN2-BH_0139_F_Cl-F-NH2-C_OH_TS,W1-SN2-BH,0.04329309655062228,27.166828247043998,"1,F_Cl-F-NH2-C_OH_TS,-1,F_minus,-1,OH-Cl-F-NH2-C_reactant",F_minus
W1-SN2-BH_0140_F_Cl-F-NH2-C_OH_TS,W1-SN2-BH,0.006737278163318564,4.2277058768808402,"1,F_Cl-F-NH2-C_OH_TS,-1,OH_minus,-1,F-Cl-F-NH2-C_reactant",OH_minus
W1-SN2-BH_0141_F_Cl-F-NH2-C_PH2_TS,W1-SN2-BH,0.03992104106108505,25.050831480292899,"1,F_Cl-F-NH2-C_PH2_TS,-1,F_minus,-1,PH2-Cl-F-NH2-C_reactant",F_minus
W1-SN2-BH_0142_F_Cl-F-NH2-C_PH2_TS,W1-SN2-BH,0.04353077390163612,27.3159730365754,"1,F_Cl-F-NH2-C_PH2_TS,-1,PH2_minus,-1,F-Cl-F-NH2-C_reactant",PH2_minus
W1-SN2-BH_0143_F_Cl-F-SH-C_F_TS,W1-SN2-BH,0.001384440685885176,0.86874964667136401,"1,F_Cl-F-SH-C_F_TS,-1,F_minus,-1,F-Cl-F-SH-C_reactant",F_minus
W1-SN2-BH_0144_F_Cl-H-H-C_NH2_TS,W1-SN2-BH,0.06673279158030411,41.875458947319103,"1,F_Cl-H-H-C_NH2_TS,-1,F_minus,-1,NH2-Cl-H-H-C_reactant",F_minus
W1-SN2-BH_0145_F_Cl-H-H-C_OH_TS,W1-SN2-BH,0.03573128965631387,22.4217227798298,"1,F_Cl-H-H-C_OH_TS,-1,F_minus,-1,OH-Cl-H-H-C_reactant",F_minus
W1-SN2-BH_0146_F_Cl-H-Me-C_F_TS,W1-SN2-BH,0.007817059000227084,4.9052785819527198,"1,F_Cl-H-Me-C_F_TS,-1,F_minus,-1,F-Cl-H-Me-C_reactant",F_minus
W1-SN2-BH_0147_F_Cl-H-Me-C_NH2_TS,W1-SN2-BH,0.07128637343282060,44.732874700695,"1,F_Cl-H-Me-C_NH2_TS,-1,F_minus,-1,NH2-Cl-H-Me-C_reactant",F_minus
W1-SN2-BH_0148_F_Cl-H-Me-C_NH2_TS,W1-SN2-BH,0.004184621737669956,2.6258897857582899,"1,F_Cl-H-Me-C_NH2_TS,-1,NH2_minus,-1,F-Cl-H-Me-C_reactant",NH2_minus
W1-SN2-BH_0149_F_Cl-H-Me-C_OH_TS,W1-SN2-BH,0.04184098216273820,26.255612711223399,"1,F_Cl-H-Me-C_OH_TS,-1,F_minus,-1,OH-Cl-H-Me-C_reactant",F_minus
W1-SN2-BH_0150_F_Cl-H-Me-C_OH_TS,W1-SN2-BH,0.005919652996426967,3.7146383384239399,"1,F_Cl-H-Me-C_OH_TS,-1,OH_minus,-1,F-Cl-H-Me-C_reactant",OH_minus
W1-SN2-BH_0151_F_Cl-H-NH2-C_F_TS,W1-SN2-BH,0.003225978088624572,2.02433181373189,"1,F_Cl-H-NH2-C_F_TS,-1,F_minus,-1,F-Cl-H-NH2-C_reactant",F_minus
W1-SN2-BH_0152_F_Cl-H-NH2-C_NH2_TS,W1-SN2-BH,0.05775079183012147,36.239169008047099,"1,F_Cl-H-NH2-C_NH2_TS,-1,F_minus,-1,NH2-Cl-H-NH2-C_reactant",F_minus
W1-SN2-BH_0153_F_Cl-H-OH-C_SH_TS,W1-SN2-BH,0.03607496586233656,22.6373828551191,"1,F_Cl-H-OH-C_SH_TS,-1,SH_minus,-1,F-Cl-H-OH-C_reactant",SH_minus
W1-SN2-BH_0154_F_Cl-Me-Me-C_F_TS,W1-SN2-BH,0.01985088182498677,12.4566164136862,"1,F_Cl-Me-Me-C_F_TS,-1,F_minus,-1,F-Cl-Me-Me-C_reactant",F_minus
W1-SN2-BH_0155_F_Cl-Me-Me-C_NH2_TS,W1-SN2-BH,0.08067615424086415,50.625051117118197,"1,F_Cl-Me-Me-C_NH2_TS,-1,F_minus,-1,NH2-Cl-Me-Me-C_reactant",F_minus
W1-SN2-BH_0156_F_Cl-Me-Me-C_NH2_TS,W1-SN2-BH,0.01612898201241622,10.121089019784501,"1,F_Cl-Me-Me-C_NH2_TS,-1,NH2_minus,-1,F-Cl-Me-Me-C_reactant",NH2_minus
W1-SN2-BH_0157_F_Cl-Me-Me-C_OH_TS,W1-SN2-BH,0.05440996271452984,34.142767086787501,"1,F_Cl-Me-Me-C_OH_TS,-1,F_minus,-1,OH-Cl-Me-Me-C_reactant",F_minus
W1-SN2-BH_0158_F_Cl-Me-Me-C_OH_TS,W1-SN2-BH,0.01937963239502763,12.160902931740001,"1,F_Cl-Me-Me-C_OH_TS,-1,OH_minus,-1,F-Cl-Me-Me-C_reactant",OH_minus
W1-SN2-BH_0159_F_Cl-Me-Me-C_PH2_TS,W1-SN2-BH,0.04990408079502901,31.315283493291101,"1,F_Cl-Me-Me-C_PH2_TS,-1,F_minus,-1,PH2-Cl-Me-Me-C_reactant",F_minus
W1-SN2-BH_0160_F_Cl-Me-Me-C_PH2_TS,W1-SN2-BH,0.04560272966746916,28.616144909475299,"1,F_Cl-Me-Me-C_PH2_TS,-1,PH2_minus,-1,F-Cl-Me-Me-C_reactant",PH2_minus
W1-SN2-BH_0161_F_Cl-Me-Me-C_SH_TS,W1-SN2-BH,0.02225642281272413,13.9661161737385,"1,F_Cl-Me-Me-C_SH_TS,-1,F_minus,-1,SH-Cl-Me-Me-C_reactant",F_minus
W1-SN2-BH_0162_F_Cl-Me-Me-C_SH_TS,W1-SN2-BH,0.05267496412186664,33.0540390324052,"1,F_Cl-Me-Me-C_SH_TS,-1,SH_minus,-1,F-Cl-Me-Me-C_reactant",SH_minus
W1-SN2-BH_0163_F_Cl-Me-NH2-C_F_TS,W1-SN2-BH,0.01368559548562814,8.5878408254268503,"1,F_Cl-Me-NH2-C_F_TS,-1,F_minus,-1,F-Cl-Me-NH2-C_reactant",F_minus
W1-SN2-BH_0164_F_Cl-Me-NH2-C_NH2_TS,W1-SN2-BH,0.07146516722079793,44.845069496554402,"1,F_Cl-Me-NH2-C_NH2_TS,-1,F_minus,-1,NH2-Cl-Me-NH2-C_reactant",F_minus
W1-SN2-BH_0165_F_Cl-Me-NH2-C_NH2_TS,W1-SN2-BH,0.01085733094093901,6.8130780284776602,"1,F_Cl-Me-NH2-C_NH2_TS,-1,NH2_minus,-1,F-Cl-Me-NH2-C_reactant",NH2_minus
W1-SN2-BH_0166_F_Cl-Me-NH2-C_OH_TS,W1-SN2-BH,0.04292978199760316,26.9388449229595,"1,F_Cl-Me-NH2-C_OH_TS,-1,F_minus,-1,OH-Cl-Me-NH2-C_reactant",F_minus
W1-SN2-BH_0167_F_Cl-Me-NH2-C_OH_TS,W1-SN2-BH,0.01047385519095039,6.5724433622863501,"1,F_Cl-Me-NH2-C_OH_TS,-1,OH_minus,-1,F-Cl-Me-NH2-C_reactant",OH_minus
W1-SN2-BH_0168_F_Cl-Me-OH-C_PH2_TS,W1-SN2-BH,0.03937814539508154,24.710159306447899,"1,F_Cl-Me-OH-C_PH2_TS,-1,F_minus,-1,PH2-Cl-Me-OH-C_reactant",F_minus
W1-SN2-BH_0169_F_Cl-Me-OH-C_PH2_TS,W1-SN2-BH,0.03958599079521550,24.840584264172399,"1,F_Cl-Me-OH-C_PH2_TS,-1,PH2_minus,-1,F-Cl-Me-OH-C_reactant",PH2_minus
W1-SN2-BH_0170_F_Cl-Me-OH-C_SH_TS,W1-SN2-BH,0.01053677333592079,6.6119250943457502,"1,F_Cl-Me-OH-C_SH_TS,-1,F_minus,-1,SH-Cl-Me-OH-C_reactant",F_minus
W1-SN2-BH_0171_F_Cl-Me-OH-C_SH_TS,W1-SN2-BH,0.04452489646639802,27.939794364343399,"1,F_Cl-Me-OH-C_SH_TS,-1,SH_minus,-1,F-Cl-Me-OH-C_reactant",SH_minus
W1-SN2-BH_0172_F_Cl-Me-SH-C_F_TS,W1-SN2-BH,0.003120280961779838,1.9580058652555701,"1,F_Cl-Me-SH-C_F_TS,-1,F_minus,-1,F-Cl-Me-SH-C_reactant",F_minus
W1-SN2-BH_0173_F_Cl-NH2-OH-C_OH_TS,W1-SN2-BH,0.03985729195002768,25.010828309141299,"1,F_Cl-NH2-OH-C_OH_TS,-1,F_minus,-1,OH-Cl-NH2-OH-C_reactant",F_minus
W1-SN2-BH_0174_F_Cl-NH2-OH-C_OH_TS,W1-SN2-BH,0.007723132090196571,4.8463385560391004,"1,F_Cl-NH2-OH-C_OH_TS,-1,OH_minus,-1,F-Cl-NH2-OH-C_reactant",OH_minus
W1-SN2-BH_0175_F_Cl-NH2-OH-C_PH2_TS,W1-SN2-BH,0.03981157322514096,24.9821393761328,"1,F_Cl-NH2-OH-C_PH2_TS,-1,F_minus,-1,PH2-Cl-NH2-OH-C_reactant",F_minus
W1-SN2-BH_0176_F_Cl-NH2-OH-C_PH2_TS,W1-SN2-BH,0.04284992960880328,26.888736792461,"1,F_Cl-NH2-OH-C_PH2_TS,-1,PH2_minus,-1,F-Cl-NH2-OH-C_reactant",PH2_minus
W1-SN2-BH_0177_F_Cl-OH-SH-C_PH2_TS,W1-SN2-BH,0.03021506757218892,18.9602411610053,"1,F_Cl-OH-SH-C_PH2_TS,-1,F_minus,-1,PH2-Cl-OH-SH-C_reactant",F_minus
W1-SN2-BH_0178_F_Cl-OH-SH-C_PH2_TS,W1-SN2-BH,0.02509344599045608,15.7463750959019,"1,F_Cl-OH-SH-C_PH2_TS,-1,PH2_minus,-1,F-Cl-OH-SH-C_reactant",PH2_minus
W1-SN2-BH_0179_F_Cl-SH-SH-C_PH2_TS,W1-SN2-BH,0.02619901172747926,16.4401280700835,"1,F_Cl-SH-SH-C_PH2_TS,-1,F_minus,-1,PH2-Cl-SH-SH-C_reactant",F_minus
W1-SN2-BH_0180_F_Cl-SH-SH-C_PH2_TS,W1-SN2-BH,0.01274627219671923,7.9984065624284,"1,F_Cl-SH-SH-C_PH2_TS,-1,PH2_minus,-1,F-Cl-SH-SH-C_reactant",PH2_minus
W1-SN2-BH_0181_F_CN-Cl-Cl-C_NH2_TS,W1-SN2-BH,0.04494945942249629,28.206211641631299,"1,F_CN-Cl-Cl-C_NH2_TS,-1,F_minus,-1,NH2-CN-Cl-Cl-C_reactant",F_minus
W1-SN2-BH_0182_F_CN-Cl-Cl-C_PH2_TS,W1-SN2-BH,0.02617445108931502,16.4247160369464,"1,F_CN-Cl-Cl-C_PH2_TS,-1,F_minus,-1,PH2-CN-Cl-Cl-C_reactant",F_minus
W1-SN2-BH_0183_F_CN-Cl-Cl-C_PH2_TS,W1-SN2-BH,0.006668081726286581,4.1842844570718603,"1,F_CN-Cl-Cl-C_PH2_TS,-1,PH2_minus,-1,F-CN-Cl-Cl-C_reactant",PH2_minus
W1-SN2-BH_0184_F_CN-Cl-Cl-C_SH_TS,W1-SN2-BH,0.0002100098861108372,0.131783193181463,"1,F_CN-Cl-Cl-C_SH_TS,-1,F_minus,-1,SH-CN-Cl-Cl-C_reactant",F_minus
W1-SN2-BH_0185_F_CN-Cl-Cl-C_SH_TS,W1-SN2-BH,0.02223311004199036,13.951487189236399,"1,F_CN-Cl-Cl-C_SH_TS,-1,SH_minus,-1,F-CN-Cl-Cl-C_reactant",SH_minus
W1-SN2-BH_0186_F_CN-Cl-F-C_NH2_TS,W1-SN2-BH,0.04804548687815243,30.148998202015001,"1,F_CN-Cl-F-C_NH2_TS,-1,F_minus,-1,NH2-CN-Cl-F-C_reactant",F_minus
W1-SN2-BH_0187_F_CN-Cl-F-C_OH_TS,W1-SN2-BH,0.01923233740001117,12.068473926885099,"1,F_CN-Cl-F-C_OH_TS,-1,F_minus,-1,OH-CN-Cl-F-C_reactant",F_minus
W1-SN2-BH_0188_F_CN-Cl-F-C_SH_TS,W1-SN2-BH,0.02655285264023777,16.662166595150602,"1,F_CN-Cl-F-C_SH_TS,-1,SH_minus,-1,F-CN-Cl-F-C_reactant",SH_minus
W1-SN2-BH_0189_F_CN-Cl-H-C_NH2_TS,W1-SN2-BH,0.04393893256146098,27.5720964625364,"1,F_CN-Cl-H-C_NH2_TS,-1,F_minus,-1,NH2-CN-Cl-H-C_reactant",F_minus
W1-SN2-BH_0190_F_CN-Cl-H-C_OH_TS,W1-SN2-BH,0.01363687345155291,8.5572672874490205,"1,F_CN-Cl-H-C_OH_TS,-1,F_minus,-1,OH-CN-Cl-H-C_reactant",F_minus
W1-SN2-BH_0191_F_CN-Cl-H-C_SH_TS,W1-SN2-BH,0.01103847350284882,6.9267467022321298,"1,F_CN-Cl-H-C_SH_TS,-1,SH_minus,-1,F-CN-Cl-H-C_reactant",SH_minus
W1-SN2-BH_0192_F_CN-Cl-Me-C_NH2_TS,W1-SN2-BH,0.05106567484788581,32.044194766474099,"1,F_CN-Cl-Me-C_NH2_TS,-1,F_minus,-1,NH2-CN-Cl-Me-C_reactant",F_minus
W1-SN2-BH_0193_F_CN-Cl-Me-C_OH_TS,W1-SN2-BH,0.01999732069899803,12.5485081944994,"1,F_CN-Cl-Me-C_OH_TS,-1,F_minus,-1,OH-CN-Cl-Me-C_reactant",F_minus
W1-SN2-BH_0194_F_CN-Cl-Me-C_PH2_TS,W1-SN2-BH,0.02657377006045122,16.675292474507501,"1,F_CN-Cl-Me-C_PH2_TS,-1,F_minus,-1,PH2-CN-Cl-Me-C_reactant",F_minus
W1-SN2-BH_0195_F_CN-Cl-Me-C_PH2_TS,W1-SN2-BH,0.01243850721391459,7.8052811199336203,"1,F_CN-Cl-Me-C_PH2_TS,-1,PH2_minus,-1,F-CN-Cl-Me-C_reactant",PH2_minus
W1-SN2-BH_0196_F_CN-Cl-Me-C_SH_TS,W1-SN2-BH,0.0007730266219500951,0.485081528976679,"1,F_CN-Cl-Me-C_SH_TS,-1,F_minus,-1,SH-CN-Cl-Me-C_reactant",F_minus
W1-SN2-BH_0197_F_CN-Cl-Me-C_SH_TS,W1-SN2-BH,0.02463877949142054,15.461067560218,"1,F_CN-Cl-Me-C_SH_TS,-1,SH_minus,-1,F-CN-Cl-Me-C_reactant",SH_minus
W1-SN2-BH_0198_F_CN-Cl-NH2-C_NH2_TS,W1-SN2-BH,0.03025261776283980,18.983804261391601,"1,F_CN-Cl-NH2-C_NH2_TS,-1,F_minus,-1,NH2-CN-Cl-NH2-C_reactant",F_minus
W1-SN2-BH_0199_F_CN-Cl-NH2-C_OH_TS,W1-SN2-BH,0.01141954660282628,7.1658736827785798,"1,F_CN-Cl-NH2-C_OH_TS,-1,F_minus,-1,OH-CN-Cl-NH2-C_reactant",F_minus
W1-SN2-BH_0200_F_CN-Cl-NH2-C_PH2_TS,W1-SN2-BH,0.01944999191196021,12.205054195205699,"1,F_CN-Cl-NH2-C_PH2_TS,-1,F_minus,-1,PH2-CN-Cl-NH2-C_reactant",F_minus
W1-SN2-BH_0201_F_CN-Cl-NH2-C_PH2_TS,W1-SN2-BH,0.007678458519104461,4.8183054669385701,"1,F_CN-Cl-NH2-C_PH2_TS,-1,PH2_minus,-1,F-CN-Cl-NH2-C_reactant",PH2_minus
W1-SN2-BH_0202_F_CN-Cl-NH2-C_SH_TS,W1-SN2-BH,0.01811576219915605,11.3678124098446,"1,F_CN-Cl-NH2-C_SH_TS,-1,SH_minus,-1,F-CN-Cl-NH2-C_reactant",SH_minus
W1-SN2-BH_0203_F_CN-F-F-C_NH2_TS,W1-SN2-BH,0.04838056785811283,30.359264691518501,"1,F_CN-F-F-C_NH2_TS,-1,F_minus,-1,NH2-CN-F-F-C_reactant",F_minus
W1-SN2-BH_0204_F_CN-F-F-C_OH_TS,W1-SN2-BH,0.02319194438564252,14.5531648239352,"1,F_CN-F-F-C_OH_TS,-1,F_minus,-1,OH-CN-F-F-C_reactant",F_minus
W1-SN2-BH_0205_F_CN-F-F-C_PH2_TS,W1-SN2-BH,0.01780408697416664,11.172233253332999,"1,F_CN-F-F-C_PH2_TS,-1,F_minus,-1,PH2-CN-F-F-C_reactant",F_minus
W1-SN2-BH_0206_F_CN-F-F-C_PH2_TS,W1-SN2-BH,0.02129718562288901,13.364185749243299,"1,F_CN-F-F-C_PH2_TS,-1,PH2_minus,-1,F-CN-F-F-C_reactant",PH2_minus
W1-SN2-BH_0207_F_CN-F-F-C_SH_TS,W1-SN2-BH,0.03258968396973763,20.450335447732702,"1,F_CN-F-F-C_SH_TS,-1,SH_minus,-1,F-CN-F-F-C_reactant",SH_minus
W1-SN2-BH_0208_F_CN-F-H-C_NH2_TS,W1-SN2-BH,0.03882459633003448,24.362802023772101,"1,F_CN-F-H-C_NH2_TS,-1,F_minus,-1,NH2-CN-F-H-C_reactant",F_minus
W1-SN2-BH_0209_F_CN-F-H-C_SH_TS,W1-SN2-BH,0.01523593591849973,9.5606941350768597,"1,F_CN-F-H-C_SH_TS,-1,SH_minus,-1,F-CN-F-H-C_reactant",SH_minus
W1-SN2-BH_0210_F_CN-F-Me-C_NH2_TS,W1-SN2-BH,0.04693480548826138,29.452035107192799,"1,F_CN-F-Me-C_NH2_TS,-1,F_minus,-1,NH2-CN-F-Me-C_reactant",F_minus
W1-SN2-BH_0211_F_CN-F-Me-C_PH2_TS,W1-SN2-BH,0.01981696249191267,12.435331710828301,"1,F_CN-F-Me-C_PH2_TS,-1,F_minus,-1,PH2-CN-F-Me-C_reactant",F_minus
W1-SN2-BH_0212_F_CN-F-Me-C_PH2_TS,W1-SN2-BH,0.01866586152612954,11.7130049491962,"1,F_CN-F-Me-C_PH2_TS,-1,PH2_minus,-1,F-CN-F-Me-C_reactant",PH2_minus
W1-SN2-BH_0213_F_CN-F-Me-C_SH_TS,W1-SN2-BH,0.02922293227108541,18.337666860010401,"1,F_CN-F-Me-C_SH_TS,-1,SH_minus,-1,F-CN-F-Me-C_reactant",SH_minus
W1-SN2-BH_0214_F_CN-F-NH2-C_NH2_TS,W1-SN2-BH,0.03868644502111706,24.276110768572199,"1,F_CN-F-NH2-C_NH2_TS,-1,F_minus,-1,NH2-CN-F-NH2-C_reactant",F_minus
W1-SN2-BH_0215_F_CN-F-NH2-C_PH2_TS,W1-SN2-BH,0.01022479646894181,6.4161566546279198,"1,F_CN-F-NH2-C_PH2_TS,-1,F_minus,-1,PH2-CN-F-NH2-C_reactant",F_minus
W1-SN2-BH_0216_F_CN-F-NH2-C_PH2_TS,W1-SN2-BH,0.01445580745749040,9.0711561348072394,"1,F_CN-F-NH2-C_PH2_TS,-1,PH2_minus,-1,F-CN-F-NH2-C_reactant",PH2_minus
W1-SN2-BH_0217_F_CN-F-NH2-C_SH_TS,W1-SN2-BH,0.02352976147667353,14.765148249057599,"1,F_CN-F-NH2-C_SH_TS,-1,SH_minus,-1,F-CN-F-NH2-C_reactant",SH_minus
W1-SN2-BH_0218_F_CN-H-Me-C_NH2_TS,W1-SN2-BH,0.03919340042402068,24.5942300868217,"1,F_CN-H-Me-C_NH2_TS,-1,F_minus,-1,NH2-CN-H-Me-C_reactant",F_minus
W1-SN2-BH_0219_F_CN-H-Me-C_OH_TS,W1-SN2-BH,0.01235550408171906,7.7531958681040098,"1,F_CN-H-Me-C_OH_TS,-1,F_minus,-1,OH-CN-H-Me-C_reactant",F_minus
W1-SN2-BH_0220_F_CN-H-Me-C_PH2_TS,W1-SN2-BH,0.02142627363583040,13.445189700352,"1,F_CN-H-Me-C_PH2_TS,-1,F_minus,-1,PH2-CN-H-Me-C_reactant",F_minus
W1-SN2-BH_0221_F_CN-H-Me-C_PH2_TS,W1-SN2-BH,0.004063712042626036,2.5500178066121499,"1,F_CN-H-Me-C_PH2_TS,-1,PH2_minus,-1,F-CN-H-Me-C_reactant",PH2_minus
W1-SN2-BH_0222_F_CN-H-Me-C_SH_TS,W1-SN2-BH,0.01194211204374791,7.4937884477748602,"1,F_CN-H-Me-C_SH_TS,-1,SH_minus,-1,F-CN-H-Me-C_reactant",SH_minus
W1-SN2-BH_0223_F_CN-H-NH2-C_NH2_TS,W1-SN2-BH,0.03285894299170151,20.619298034991999,"1,F_CN-H-NH2-C_NH2_TS,-1,F_minus,-1,NH2-CN-H-NH2-C_reactant",F_minus
W1-SN2-BH_0224_F_CN-H-OH-C_SH_TS,W1-SN2-BH,0.01135343565783362,7.1243884384564202,"1,F_CN-H-OH-C_SH_TS,-1,SH_minus,-1,F-CN-H-OH-C_reactant",SH_minus
W1-SN2-BH_0225_F_CN-Me-Me-C_NH2_TS,W1-SN2-BH,0.04428826018952649,27.791302858699499,"1,F_CN-Me-Me-C_NH2_TS,-1,F_minus,-1,NH2-CN-Me-Me-C_reactant",F_minus
W1-SN2-BH_0226_F_CN-Me-Me-C_OH_TS,W1-SN2-BH,0.01691576247026625,10.6148012110931,"1,F_CN-Me-Me-C_OH_TS,-1,F_minus,-1,OH-CN-Me-Me-C_reactant",F_minus
W1-SN2-BH_0227_F_CN-Me-Me-C_PH2_TS,W1-SN2-BH,0.02678331771725310,16.806785614418398,"1,F_CN-Me-Me-C_PH2_TS,-1,F_minus,-1,PH2-CN-Me-Me-C_reactant",F_minus
W1-SN2-BH_0228_F_CN-Me-Me-C_PH2_TS,W1-SN2-BH,0.01513337228045821,9.4963344805114307,"1,F_CN-Me-Me-C_PH2_TS,-1,PH2_minus,-1,F-CN-Me-Me-C_reactant",PH2_minus
W1-SN2-BH_0229_F_CN-Me-Me-C_SH_TS,W1-SN2-BH,0.02385586379863277,14.969780545600999,"1,F_CN-Me-Me-C_SH_TS,-1,SH_minus,-1,F-CN-Me-Me-C_reactant",SH_minus
W1-SN2-BH_0230_F_CN-Me-NH2-C_NH2_TS,W1-SN2-BH,0.04161063417884567,26.111067168999501,"1,F_CN-Me-NH2-C_NH2_TS,-1,F_minus,-1,NH2-CN-Me-NH2-C_reactant",F_minus
W1-SN2-BH_0231_F_CN-Me-NH2-C_PH2_TS,W1-SN2-BH,0.02361540223365770,14.818888635431099,"1,F_CN-Me-NH2-C_PH2_TS,-1,F_minus,-1,PH2-CN-Me-NH2-C_reactant",F_minus
W1-SN2-BH_0232_F_CN-Me-NH2-C_PH2_TS,W1-SN2-BH,0.01626898696845385,10.2089434561139,"1,F_CN-Me-NH2-C_PH2_TS,-1,PH2_minus,-1,F-CN-Me-NH2-C_reactant",PH2_minus
W1-SN2-BH_0233_F_CN-Me-OH-C_SH_TS,W1-SN2-BH,0.02104448792390327,13.2056155490558,"1,F_CN-Me-OH-C_SH_TS,-1,SH_minus,-1,F-CN-Me-OH-C_reactant",SH_minus
W1-SN2-BH_0234_F_CN-NH2-NH2-C_NH2_TS,W1-SN2-BH,0.03716064813922118,23.3186587696866,"1,F_CN-NH2-NH2-C_NH2_TS,-1,F_minus,-1,NH2-CN-NH2-NH2-C_reactant",F_minus
W1-SN2-BH_0235_F_CN-NH2-OH-C_SH_TS,W1-SN2-BH,0.01948789784407401,12.2288405267303,"1,F_CN-NH2-OH-C_SH_TS,-1,SH_minus,-1,F-CN-NH2-OH-C_reactant",SH_minus
W1-SN2-BH_0236_F_CN-OH-OH-C_PH2_TS,W1-SN2-BH,0.005178661602533265,3.2496592185564199,"1,F_CN-OH-OH-C_PH2_TS,-1,F_minus,-1,PH2-CN-OH-OH-C_reactant",F_minus
W1-SN2-BH_0237_F_CN-OH-OH-C_PH2_TS,W1-SN2-BH,0.01246972751971161,7.8248721576043998,"1,F_CN-OH-OH-C_PH2_TS,-1,PH2_minus,-1,F-CN-OH-OH-C_reactant",PH2_minus
W1-SN2-BH_0238_F_F-F-F-C_NH2_TS,W1-SN2-BH,0.08408527332149174,52.764305638421298,"1,F_F-F-F-C_NH2_TS,-1,F_minus,-1,NH2-F-F-F-C_reactant",F_minus
W1-SN2-BH_0239_F_F-F-F-C_NH2_TS,W1-SN2-BH,0.02246389104870220,14.096304457381899,"1,F_F-F-F-C_NH2_TS,-1,NH2_minus,-1,F-F-F-F-C_reactant",NH2_minus
W1-SN2-BH_0240_F_F-F-F-C_OH_TS,W1-SN2-BH,0.05813299954713561,36.479007971533498,"1,F_F-F-F-C_OH_TS,-1,F_minus,-1,OH-F-F-F-C_reactant",F_minus
W1-SN2-BH_0241_F_F-F-F-C_OH_TS,W1-SN2-BH,0.02170566240872639,13.6205088022911,"1,F_F-F-F-C_OH_TS,-1,OH_minus,-1,F-F-F-F-C_reactant",OH_minus
W1-SN2-BH_0242_F_F-F-F-C_PH2_TS,W1-SN2-BH,0.04868311406902870,30.549115305210101,"1,F_F-F-F-C_PH2_TS,-1,F_minus,-1,PH2-F-F-F-C_reactant",F_minus
W1-SN2-BH_0243_F_F-F-F-C_PH2_TS,W1-SN2-BH,0.06001308022995518,37.6587764120058,"1,F_F-F-F-C_PH2_TS,-1,PH2_minus,-1,F-F-F-F-C_reactant",PH2_minus
W1-SN2-BH_0244_F_F-F-H-C_F_TS,W1-SN2-BH,0.008384660903127922,5.2614541535192396,"1,F_F-F-H-C_F_TS,-1,F_minus,-1,F-F-F-H-C_reactant",F_minus
W1-SN2-BH_0245_F_F-F-H-C_NH2_TS,W1-SN2-BH,0.06818283498110893,42.785374919126802,"1,F_F-F-H-C_NH2_TS,-1,F_minus,-1,NH2-F-F-H-C_reactant",F_minus
W1-SN2-BH_0246_F_F-F-H-C_NH2_TS,W1-SN2-BH,0.008630151244161260,5.4155016683086403,"1,F_F-F-H-C_NH2_TS,-1,NH2_minus,-1,F-F-F-H-C_reactant",NH2_minus
W1-SN2-BH_0247_F_F-F-Me-C_F_TS,W1-SN2-BH,0.02433200121651877,15.2685612862804,"1,F_F-F-Me-C_F_TS,-1,F_minus,-1,F-F-F-Me-C_reactant",F_minus
W1-SN2-BH_0248_F_F-F-Me-C_NH2_TS,W1-SN2-BH,0.08144689644478372,51.108699152138001,"1,F_F-F-Me-C_NH2_TS,-1,F_minus,-1,NH2-F-F-Me-C_reactant",F_minus
W1-SN2-BH_0249_F_F-F-Me-C_NH2_TS,W1-SN2-BH,0.02387882785761565,14.984190710175699,"1,F_F-F-Me-C_NH2_TS,-1,NH2_minus,-1,F-F-F-Me-C_reactant",NH2_minus
W1-SN2-BH_0250_F_F-F-Me-C_PH2_TS,W1-SN2-BH,0.04442023395446422,27.874117646525701,"1,F_F-F-Me-C_PH2_TS,-1,F_minus,-1,PH2-F-F-Me-C_reactant",F_minus
W1-SN2-BH_0251_F_F-F-Me-C_PH2_TS,W1-SN2-BH,0.05890094142806687,36.960898777347701,"1,F_F-F-Me-C_PH2_TS,-1,PH2_minus,-1,F-F-F-Me-C_reactant",PH2_minus
W1-SN2-BH_0252_F_F-F-Me-C_SH_TS,W1-SN2-BH,0.02145687342283739,13.464391356603199,"1,F_F-F-Me-C_SH_TS,-1,F_minus,-1,SH-F-F-Me-C_reactant",F_minus
W1-SN2-BH_0253_F_F-F-Me-C_SH_TS,W1-SN2-BH,0.06522727148050144,40.9307308213005,"1,F_F-F-Me-C_SH_TS,-1,SH_minus,-1,F-F-F-Me-C_reactant",SH_minus
W1-SN2-BH_0254_F_F-F-NH2-C_F_TS,W1-SN2-BH,0.01665860960733486,10.453435353321201,"1,F_F-F-NH2-C_F_TS,-1,F_minus,-1,F-F-F-NH2-C_reactant",F_minus
W1-SN2-BH_0255_F_F-F-NH2-C_NH2_TS,W1-SN2-BH,0.07502915936642425,47.081508333421397,"1,F_F-F-NH2-C_NH2_TS,-1,F_minus,-1,NH2-F-F-NH2-C_reactant",F_minus
W1-SN2-BH_0256_F_F-F-NH2-C_NH2_TS,W1-SN2-BH,0.01256775997374958,7.8863884512788802,"1,F_F-F-NH2-C_NH2_TS,-1,NH2_minus,-1,F-F-F-NH2-C_reactant",NH2_minus
W1-SN2-BH_0257_F_F-F-SH-C_F_TS,W1-SN2-BH,0.004153926048539432,2.6066279500159899,"1,F_F-F-SH-C_F_TS,-1,F_minus,-1,F-F-F-SH-C_reactant",F_minus
W1-SN2-BH_0258_F_F-H-H-C_NH2_TS,W1-SN2-BH,0.06471279681849874,40.607893096728397,"1,F_F-H-H-C_NH2_TS,-1,F_minus,-1,NH2-F-H-H-C_reactant",F_minus
W1-SN2-BH_0259_F_F-H-H-C_SH_TS,W1-SN2-BH,0.003776726578582778,2.3699317090066101,"1,F_F-H-H-C_SH_TS,-1,F_minus,-1,SH-F-H-H-C_reactant",F_minus
W1-SN2-BH_0260_F_F-H-H-C_SH_TS,W1-SN2-BH,0.03342119035465180,20.972113582010302,"1,F_F-H-H-C_SH_TS,-1,SH_minus,-1,F-F-H-H-C_reactant",SH_minus
W1-SN2-BH_0261_F_F-H-Me-C_F_TS,W1-SN2-BH,0.008309724151121145,5.2144306316794697,"1,F_F-H-Me-C_F_TS,-1,F_minus,-1,F-F-H-Me-C_reactant",F_minus
W1-SN2-BH_0262_F_F-H-Me-C_OH_TS,W1-SN2-BH,0.04188187937182356,26.281276097387199,"1,F_F-H-Me-C_OH_TS,-1,F_minus,-1,OH-F-H-Me-C_reactant",F_minus
W1-SN2-BH_0263_F_F-H-Me-C_OH_TS,W1-SN2-BH,0.008327723982135241,5.2257256961723497,"1,F_F-H-Me-C_OH_TS,-1,OH_minus,-1,F-F-H-Me-C_reactant",OH_minus
W1-SN2-BH_0264_F_F-H-Me-C_PH2_TS,W1-SN2-BH,0.03190973048569669,20.0236581945748,"1,F_F-H-Me-C_PH2_TS,-1,F_minus,-1,PH2-F-H-Me-C_reactant",F_minus
W1-SN2-BH_0265_F_F-H-Me-C_PH2_TS,W1-SN2-BH,0.03764799695519515,23.624474768883701,"1,F_F-H-Me-C_PH2_TS,-1,PH2_minus,-1,F-F-H-Me-C_reactant",PH2_minus
W1-SN2-BH_0266_F_F-H-NH2-C_F_TS,W1-SN2-BH,0.004747129891461680,2.97886898150034,"1,F_F-H-NH2-C_F_TS,-1,F_minus,-1,F-F-H-NH2-C_reactant",F_minus
W1-SN2-BH_0267_F_F-H-NH2-C_NH2_TS,W1-SN2-BH,0.05813108395518412,36.477805919435497,"1,F_F-H-NH2-C_NH2_TS,-1,F_minus,-1,NH2-F-H-NH2-C_reactant",F_minus
W1-SN2-BH_0268_F_F-H-NH2-C_NH2_TS,W1-SN2-BH,0.002722333182713558,1.70828986370911,"1,F_F-H-NH2-C_NH2_TS,-1,NH2_minus,-1,F-F-H-NH2-C_reactant",NH2_minus
W1-SN2-BH_0269_F_F-Me-Me-C_F_TS,W1-SN2-BH,0.02084262012790126,13.0789415945563,"1,F_F-Me-Me-C_F_TS,-1,F_minus,-1,F-F-Me-Me-C_reactant",F_minus
W1-SN2-BH_0270_F_F-Me-Me-C_NH2_TS,W1-SN2-BH,0.07305396138660657,45.842052887935502,"1,F_F-Me-Me-C_NH2_TS,-1,F_minus,-1,NH2-F-Me-Me-C_reactant",F_minus
W1-SN2-BH_0271_F_F-Me-Me-C_NH2_TS,W1-SN2-BH,0.02026193103695016,12.7145536884994,"1,F_F-Me-Me-C_NH2_TS,-1,NH2_minus,-1,F-F-Me-Me-C_reactant",NH2_minus
W1-SN2-BH_0272_F_F-Me-Me-C_PH2_TS,W1-SN2-BH,0.04197026028678888,26.336735958854302,"1,F_F-Me-Me-C_PH2_TS,-1,F_minus,-1,PH2-F-Me-Me-C_reactant",F_minus
W1-SN2-BH_0273_F_F-Me-Me-C_PH2_TS,W1-SN2-BH,0.05067310634401327,31.797854311075302,"1,F_F-Me-Me-C_PH2_TS,-1,PH2_minus,-1,F-F-Me-Me-C_reactant",PH2_minus
W1-SN2-BH_0274_F_F-Me-Me-C_SH_TS,W1-SN2-BH,0.01534518945248090,9.6292517627249197,"1,F_F-Me-Me-C_SH_TS,-1,F_minus,-1,SH-F-Me-Me-C_reactant",F_minus
W1-SN2-BH_0275_F_F-Me-Me-C_SH_TS,W1-SN2-BH,0.05566352906939351,34.929391850831202,"1,F_F-Me-Me-C_SH_TS,-1,SH_minus,-1,F-F-Me-Me-C_reactant",SH_minus
W1-SN2-BH_0276_F_F-Me-NH2-C_NH2_TS,W1-SN2-BH,0.07115335526084029,44.649404537554801,"1,F_F-Me-NH2-C_NH2_TS,-1,F_minus,-1,NH2-F-Me-NH2-C_reactant",F_minus
W1-SN2-BH_0277_F_F-Me-NH2-C_NH2_TS,W1-SN2-BH,0.01489148254754905,9.3445463814323393,"1,F_F-Me-NH2-C_NH2_TS,-1,NH2_minus,-1,F-F-Me-NH2-C_reactant",NH2_minus
W1-SN2-BH_0278_F_F-Me-OH-C_SH_TS,W1-SN2-BH,0.007466189067190057,4.6851043748081,"1,F_F-Me-OH-C_SH_TS,-1,F_minus,-1,SH-F-Me-OH-C_reactant",F_minus
W1-SN2-BH_0279_F_F-Me-OH-C_SH_TS,W1-SN2-BH,0.05023366430595701,31.5221002688934,"1,F_F-Me-OH-C_SH_TS,-1,SH_minus,-1,F-F-Me-OH-C_reactant",SH_minus
W1-SN2-BH_0280_F_F-Me-SH-C_F_TS,W1-SN2-BH,0.005277186563413606,3.31148456494053,"1,F_F-Me-SH-C_F_TS,-1,F_minus,-1,F-F-Me-SH-C_reactant",F_minus
W1-SN2-BH_0281_F_F-NH2-NH2-C_F_TS,W1-SN2-BH,0.01169870989680844,7.3410512945630497,"1,F_F-NH2-NH2-C_F_TS,-1,F_minus,-1,F-F-NH2-NH2-C_reactant",F_minus
W1-SN2-BH_0282_F_F-NH2-NH2-C_PH2_TS,W1-SN2-BH,0.03196948261276279,20.061153220404201,"1,F_F-NH2-NH2-C_PH2_TS,-1,F_minus,-1,PH2-F-NH2-NH2-C_reactant",F_minus
W1-SN2-BH_0283_F_F-NH2-NH2-C_PH2_TS,W1-SN2-BH,0.04050159733994590,25.415136045504902,"1,F_F-NH2-NH2-C_PH2_TS,-1,PH2_minus,-1,F-F-NH2-NH2-C_reactant",PH2_minus
W1-SN2-BH_0284_F_F-OH-SH-C_PH2_TS,W1-SN2-BH,0.02208435955463594,13.858144849149999,"1,F_F-OH-SH-C_PH2_TS,-1,F_minus,-1,PH2-F-OH-SH-C_reactant",F_minus
W1-SN2-BH_0285_F_F-OH-SH-C_PH2_TS,W1-SN2-BH,0.02916256690812184,18.2997870228455,"1,F_F-OH-SH-C_PH2_TS,-1,PH2_minus,-1,F-F-OH-SH-C_reactant",PH2_minus
W1-SN2-BH_0286_F_F-OH-SH-C_SH_TS,W1-SN2-BH,0.03609547840233895,22.650254668307699,"1,F_F-OH-SH-C_SH_TS,-1,SH_minus,-1,F-F-OH-SH-C_reactant",SH_minus
W1-SN2-BH_0287_F_F-SH-SH-C_NH2_TS,W1-SN2-BH,0.04772886931411718,29.950317680928102,"1,F_F-SH-SH-C_NH2_TS,-1,F_minus,-1,NH2-F-SH-SH-C_reactant",F_minus
W1-SN2-BH_0288_F_F-SH-SH-C_OH_TS,W1-SN2-BH,0.02328891128984193,14.614012474990901,"1,F_F-SH-SH-C_OH_TS,-1,F_minus,-1,OH-F-SH-SH-C_reactant",F_minus
W1-SN2-BH_0289_F_H-H-H-C_PH2_TS,W1-SN2-BH,0.03523758739843649,22.1119199356454,"1,F_H-H-H-C_PH2_TS,-1,F_minus,-1,PH2-H-H-H-C_reactant",F_minus
W1-SN2-BH_0290_F_H-H-H-C_PH2_TS,W1-SN2-BH,0.01605355723640966,10.073759258261299,"1,F_H-H-H-C_PH2_TS,-1,PH2_minus,-1,F-H-H-H-C_reactant",PH2_minus
W1-SN2-BH_0291_F_H-H-H-C_SH_TS,W1-SN2-BH,0.005738374921398221,3.6008846289034802,"1,F_H-H-H-C_SH_TS,-1,F_minus,-1,SH-H-H-H-C_reactant",F_minus
W1-SN2-BH_0292_F_H-H-H-C_SH_TS,W1-SN2-BH,0.02266670065170623,14.2235694046979,"1,F_H-H-H-C_SH_TS,-1,SH_minus,-1,F-H-H-H-C_reactant",SH_minus
W1-SN2-BH_0293_F_H-H-Me-C_F_TS,W1-SN2-BH,0.003534953874620137,2.2182170467001998,"1,F_H-H-Me-C_F_TS,-1,F_minus,-1,F-H-H-Me-C_reactant",F_minus
W1-SN2-BH_0294_F_H-H-Me-C_NH2_TS,W1-SN2-BH,0.05923964545105510,37.173438760676099,"1,F_H-H-Me-C_NH2_TS,-1,F_minus,-1,NH2-H-H-Me-C_reactant",F_minus
W1-SN2-BH_0295_F_H-H-Me-C_NH2_TS,W1-SN2-BH,0.0004050772439702203,0.25418980831868299,"1,F_H-H-Me-C_NH2_TS,-1,NH2_minus,-1,F-H-H-Me-C_reactant",NH2_minus
W1-SN2-BH_0296_F_H-H-Me-C_PH2_TS,W1-SN2-BH,0.03584334359940116,22.492037690723201,"1,F_H-H-Me-C_PH2_TS,-1,F_minus,-1,PH2-H-H-Me-C_reactant",F_minus
W1-SN2-BH_0297_F_H-H-Me-C_PH2_TS,W1-SN2-BH,0.02319812729973364,14.557044661104699,"1,F_H-H-Me-C_PH2_TS,-1,PH2_minus,-1,F-H-H-Me-C_reactant",PH2_minus
W1-SN2-BH_0298_F_H-H-NH2-C_F_TS,W1-SN2-BH,0.006467399479365608,4.0583544458526797,"1,F_H-H-NH2-C_F_TS,-1,F_minus,-1,F-H-H-NH2-C_reactant",F_minus
W1-SN2-BH_0299_F_H-H-NH2-C_NH2_TS,W1-SN2-BH,0.05419053069352540,34.005071414694399,"1,F_H-H-NH2-C_NH2_TS,-1,F_minus,-1,NH2-H-H-NH2-C_reactant",F_minus
W1-SN2-BH_0300_F_H-H-NH2-C_NH2_TS,W1-SN2-BH,0.002252977200783692,1.41376453833993,"1,F_H-H-NH2-C_NH2_TS,-1,NH2_minus,-1,F-H-H-NH2-C_reactant",NH2_minus
W1-SN2-BH_0301_F_H-H-NH2-C_OH_TS,W1-SN2-BH,0.02884056530109434,18.097727963772201,"1,F_H-H-NH2-C_OH_TS,-1,F_minus,-1,OH-H-H-NH2-C_reactant",F_minus
W1-SN2-BH_0302_F_H-H-NH2-C_OH_TS,W1-SN2-BH,0.002039397288819617,1.2797411201129101,"1,F_H-H-NH2-C_OH_TS,-1,OH_minus,-1,F-H-H-NH2-C_reactant",OH_minus
W1-SN2-BH_0303_F_H-H-NH2-C_PH2_TS,W1-SN2-BH,0.02801697020120373,17.5809142357989,"1,F_H-H-NH2-C_PH2_TS,-1,F_minus,-1,PH2-H-H-NH2-C_reactant",F_minus
W1-SN2-BH_0304_F_H-H-NH2-C_PH2_TS,W1-SN2-BH,0.02874048881217031,18.0349290188414,"1,F_H-H-NH2-C_PH2_TS,-1,PH2_minus,-1,F-H-H-NH2-C_reactant",PH2_minus
W1-SN2-BH_0305_F_H-H-NH2-C_SH_TS,W1-SN2-BH,0.03265171824467861,20.489262542974799,"1,F_H-H-NH2-C_SH_TS,-1,SH_minus,-1,F-H-H-NH2-C_reactant",SH_minus
W1-SN2-BH_0306_F_H-Me-Me-C_F_TS,W1-SN2-BH,0.007481532504287139,4.6947325269512099,"1,F_H-Me-Me-C_F_TS,-1,F_minus,-1,F-H-Me-Me-C_reactant",F_minus
W1-SN2-BH_0307_F_H-Me-Me-C_NH2_TS,W1-SN2-BH,0.06108056041187789,38.3286303395369,"1,F_H-Me-Me-C_NH2_TS,-1,F_minus,-1,NH2-H-Me-Me-C_reactant",F_minus
W1-SN2-BH_0308_F_H-Me-Me-C_NH2_TS,W1-SN2-BH,0.005010242453530325,3.1439746069434298,"1,F_H-Me-Me-C_NH2_TS,-1,NH2_minus,-1,F-H-Me-Me-C_reactant",NH2_minus
W1-SN2-BH_0309_F_H-Me-Me-C_PH2_TS,W1-SN2-BH,0.03669344604128852,23.025485026931701,"1,F_H-Me-Me-C_PH2_TS,-1,F_minus,-1,PH2-H-Me-Me-C_reactant",F_minus
W1-SN2-BH_0310_F_H-Me-Me-C_PH2_TS,W1-SN2-BH,0.03020965749297814,18.956846285045099,"1,F_H-Me-Me-C_PH2_TS,-1,PH2_minus,-1,F-H-Me-Me-C_reactant",PH2_minus
W1-SN2-BH_0311_F_H-Me-Me-C_SH_TS,W1-SN2-BH,0.009496064298969100,5.9588703139154804,"1,F_H-Me-Me-C_SH_TS,-1,F_minus,-1,SH-H-Me-Me-C_reactant",F_minus
W1-SN2-BH_0312_F_H-Me-Me-C_SH_TS,W1-SN2-BH,0.03488220124247006,21.8889117558256,"1,F_H-Me-Me-C_SH_TS,-1,SH_minus,-1,F-H-Me-Me-C_reactant",SH_minus
W1-SN2-BH_0313_F_H-Me-NH2-C_F_TS,W1-SN2-BH,0.009248850188080184,5.8037411172105999,"1,F_H-Me-NH2-C_F_TS,-1,F_minus,-1,F-H-Me-NH2-C_reactant",F_minus
W1-SN2-BH_0314_F_H-Me-NH2-C_NH2_TS,W1-SN2-BH,0.05766525041616364,36.185490960363801,"1,F_H-Me-NH2-C_NH2_TS,-1,F_minus,-1,NH2-H-Me-NH2-C_reactant",F_minus
W1-SN2-BH_0315_F_H-Me-NH2-C_NH2_TS,W1-SN2-BH,0.007358341897201107,4.6174292538891404,"1,F_H-Me-NH2-C_NH2_TS,-1,NH2_minus,-1,F-H-Me-NH2-C_reactant",NH2_minus
W1-SN2-BH_0316_F_H-Me-NH2-C_PH2_TS,W1-SN2-BH,0.02519903289643375,15.8126318797399,"1,F_H-Me-NH2-C_PH2_TS,-1,F_minus,-1,PH2-H-Me-NH2-C_reactant",F_minus
W1-SN2-BH_0317_F_H-Me-NH2-C_PH2_TS,W1-SN2-BH,0.03221286474371328,20.213877813393299,"1,F_H-Me-NH2-C_PH2_TS,-1,PH2_minus,-1,F-H-Me-NH2-C_reactant",PH2_minus
W1-SN2-BH_0318_F_H-Me-NH2-C_SH_TS,W1-SN2-BH,0.0007255994409386171,0.45532052356387098,"1,F_H-Me-NH2-C_SH_TS,-1,F_minus,-1,SH-H-Me-NH2-C_reactant",F_minus
W1-SN2-BH_0319_F_H-Me-NH2-C_SH_TS,W1-SN2-BH,0.03464558283751053,21.740431464975799,"1,F_H-Me-NH2-C_SH_TS,-1,SH_minus,-1,F-H-Me-NH2-C_reactant",SH_minus
W1-SN2-BH_0320_F_H-Me-OH-C_SH_TS,W1-SN2-BH,0.03341426471063696,20.967767674777001,"1,F_H-Me-OH-C_SH_TS,-1,SH_minus,-1,F-H-Me-OH-C_reactant",SH_minus
W1-SN2-BH_0321_F_H-NH2-NH2-C_F_TS,W1-SN2-BH,0.004385309310535042,2.7518231390578598,"1,F_H-NH2-NH2-C_F_TS,-1,F_minus,-1,F-H-NH2-NH2-C_reactant",F_minus
W1-SN2-BH_0322_F_H-NH2-NH2-C_NH2_TS,W1-SN2-BH,0.05637135102132780,35.373556831619801,"1,F_H-NH2-NH2-C_NH2_TS,-1,F_minus,-1,NH2-H-NH2-NH2-C_reactant",F_minus
W1-SN2-BH_0323_F_H-NH2-NH2-C_NH2_TS,W1-SN2-BH,0.001263897564897669,0.79310769621856902,"1,F_H-NH2-NH2-C_NH2_TS,-1,NH2_minus,-1,F-H-NH2-NH2-C_reactant",NH2_minus
W1-SN2-BH_0324_F_H-NH2-NH2-C_OH_TS,W1-SN2-BH,0.03048440606597014,19.129253617582901,"1,F_H-NH2-NH2-C_OH_TS,-1,F_minus,-1,OH-H-NH2-NH2-C_reactant",F_minus
W1-SN2-BH_0325_F_H-SH-SH-C_PH2_TS,W1-SN2-BH,0.01988300878615656,12.4767763861931,"1,F_H-SH-SH-C_PH2_TS,-1,F_minus,-1,PH2-H-SH-SH-C_reactant",F_minus
W1-SN2-BH_0326_F_H-SH-SH-C_PH2_TS,W1-SN2-BH,0.005128278800551011,3.2180435329827102,"1,F_H-SH-SH-C_PH2_TS,-1,PH2_minus,-1,F-H-SH-SH-C_reactant",PH2_minus
W1-SN2-BH_0327_F_Me-Me-Me-C_F_TS,W1-SN2-BH,0.01679110038328964,10.5365745704588,"1,F_Me-Me-Me-C_F_TS,-1,F_minus,-1,F-Me-Me-Me-C_reactant",F_minus
W1-SN2-BH_0328_F_Me-Me-Me-C_SH_TS,W1-SN2-BH,0.01912541507898395,12.0013791574517,"1,F_Me-Me-Me-C_SH_TS,-1,F_minus,-1,SH-Me-Me-Me-C_reactant",F_minus
W1-SN2-BH_0329_F_Me-Me-Me-C_SH_TS,W1-SN2-BH,0.04765475620125121,29.9038110004524,"1,F_Me-Me-Me-C_SH_TS,-1,SH_minus,-1,F-Me-Me-Me-C_reactant",SH_minus
W1-SN2-BH_0330_F_Me-Me-NH2-C_F_TS,W1-SN2-BH,0.01900889130003930,11.9282593822103,"1,F_Me-Me-NH2-C_F_TS,-1,F_minus,-1,F-Me-Me-NH2-C_reactant",F_minus
W1-SN2-BH_0331_F_Me-Me-NH2-C_NH2_TS,W1-SN2-BH,0.06663609932724739,41.814783642457499,"1,F_Me-Me-NH2-C_NH2_TS,-1,F_minus,-1,NH2-Me-Me-NH2-C_reactant",F_minus
W1-SN2-BH_0332_F_Me-Me-NH2-C_NH2_TS,W1-SN2-BH,0.01807864138413700,11.344518746735201,"1,F_Me-Me-NH2-C_NH2_TS,-1,NH2_minus,-1,F-Me-Me-NH2-C_reactant",NH2_minus
W1-SN2-BH_0333_F_Me-Me-NH2-C_SH_TS,W1-SN2-BH,0.03585948396838399,22.502165925174801,"1,F_Me-Me-NH2-C_SH_TS,-1,SH_minus,-1,F-Me-Me-NH2-C_reactant",SH_minus
W1-SN2-BH_0334_F_Me-NH2-NH2-C_F_TS,W1-SN2-BH,0.01444692538549608,9.0655825504814906,"1,F_Me-NH2-NH2-C_F_TS,-1,F_minus,-1,F-Me-NH2-NH2-C_reactant",F_minus
W1-SN2-BH_0335_F_Me-NH2-NH2-C_NH2_TS,W1-SN2-BH,0.06156161604577027,38.630497307355803,"1,F_Me-NH2-NH2-C_NH2_TS,-1,F_minus,-1,NH2-Me-NH2-NH2-C_reactant",F_minus
W1-SN2-BH_0336_F_Me-NH2-NH2-C_NH2_TS,W1-SN2-BH,0.01123746618083719,7.0516164929390204,"1,F_Me-NH2-NH2-C_NH2_TS,-1,NH2_minus,-1,F-Me-NH2-NH2-C_reactant",NH2_minus
W1-SN2-BH_0337_F_Me-SH-SH-C_OH_TS,W1-SN2-BH,0.02252771998383582,14.1363577188976,"1,F_Me-SH-SH-C_OH_TS,-1,F_minus,-1,OH-Me-SH-SH-C_reactant",F_minus
W1-SN2-BH_0338_F_NH2-NH2-SH-C_PH2_TS,W1-SN2-BH,0.01920100807103785,12.0488144761383,"1,F_NH2-NH2-SH-C_PH2_TS,-1,F_minus,-1,PH2-NH2-NH2-SH-C_reactant",F_minus
W1-SN2-BH_0339_F_NH2-NH2-SH-C_PH2_TS,W1-SN2-BH,0.02306862662869608,14.475781763131099,"1,F_NH2-NH2-SH-C_PH2_TS,-1,PH2_minus,-1,F-NH2-NH2-SH-C_reactant",PH2_minus
W1-SN2-BH_0340_NH2_Br-Br-CCH-C_SH_TS,W1-SN2-BH,0.08837690772382190,55.457346885098602,"1,NH2_Br-Br-CCH-C_SH_TS,-1,SH_minus,-1,NH2-Br-Br-CCH-C_reactant",SH_minus
W1-SN2-BH_0341_NH2_Br-Br-CN-C_SH_TS,W1-SN2-BH,0.07527789886323894,47.2375947242463,"1,NH2_Br-Br-CN-C_SH_TS,-1,SH_minus,-1,NH2-Br-Br-CN-C_reactant",SH_minus
W1-SN2-BH_0342_NH2_Br-Br-H-C_SH_TS,W1-SN2-BH,0.001930142198749844,1.21118251600451,"1,NH2_Br-Br-H-C_SH_TS,-1,NH2_minus,-1,SH-Br-Br-H-C_reactant",NH2_minus
W1-SN2-BH_0343_NH2_Br-Br-H-C_SH_TS,W1-SN2-BH,0.09504455188697787,59.641356767160502,"1,NH2_Br-Br-H-C_SH_TS,-1,SH_minus,-1,NH2-Br-Br-H-C_reactant",SH_minus
W1-SN2-BH_0344_NH2_Br-Br-Me-C_SH_TS,W1-SN2-BH,0.01287287471002557,8.0778508389683292,"1,NH2_Br-Br-Me-C_SH_TS,-1,NH2_minus,-1,SH-Br-Br-Me-C_reactant",NH2_minus
W1-SN2-BH_0345_NH2_Br-Br-Me-C_SH_TS,W1-SN2-BH,0.1076706287150005,67.564339596993307,"1,NH2_Br-Br-Me-C_SH_TS,-1,SH_minus,-1,NH2-Br-Br-Me-C_reactant",SH_minus
W1-SN2-BH_0346_NH2_Br-CCH-Cl-C_SH_TS,W1-SN2-BH,0.09313086082484285,58.440497495240898,"1,NH2_Br-CCH-Cl-C_SH_TS,-1,SH_minus,-1,NH2-Br-CCH-Cl-C_reactant",SH_minus
W1-SN2-BH_0347_NH2_Br-CCH-F-C_SH_TS,W1-SN2-BH,0.09900406391903168,62.125988079941102,"1,NH2_Br-CCH-F-C_SH_TS,-1,SH_minus,-1,NH2-Br-CCH-F-C_reactant",SH_minus
W1-SN2-BH_0348_NH2_Br-CCH-H-C_F_TS,W1-SN2-BH,0.06395310383543716,40.131178552477998,"1,NH2_Br-CCH-H-C_F_TS,-1,F_minus,-1,NH2-Br-CCH-H-C_reactant",F_minus
W1-SN2-BH_0349_NH2_Br-Cl-Cl-C_SH_TS,W1-SN2-BH,0.009660032576841289,6.0617619617260896,"1,NH2_Br-Cl-Cl-C_SH_TS,-1,NH2_minus,-1,SH-Br-Cl-Cl-C_reactant",NH2_minus
W1-SN2-BH_0350_NH2_Br-Cl-Cl-C_SH_TS,W1-SN2-BH,0.1063351541445111,66.726316651640801,"1,NH2_Br-Cl-Cl-C_SH_TS,-1,SH_minus,-1,NH2-Br-Cl-Cl-C_reactant",SH_minus
W1-SN2-BH_0351_NH2_Br-CN-Cl-C_SH_TS,W1-SN2-BH,0.07623240142817977,47.836554126764199,"1,NH2_Br-CN-Cl-C_SH_TS,-1,SH_minus,-1,NH2-Br-CN-Cl-C_reactant",SH_minus
W1-SN2-BH_0352_NH2_Br-CN-F-C_SH_TS,W1-SN2-BH,0.08134674393887146,51.0458525058269,"1,NH2_Br-CN-F-C_SH_TS,-1,SH_minus,-1,NH2-Br-CN-F-C_reactant",SH_minus
W1-SN2-BH_0353_NH2_Br-CN-H-C_F_TS,W1-SN2-BH,0.04739538265108401,29.7410516404011,"1,NH2_Br-CN-H-C_F_TS,-1,F_minus,-1,NH2-Br-CN-H-C_reactant",F_minus
W1-SN2-BH_0354_NH2_Br-CN-Me-C_F_TS,W1-SN2-BH,0.05616633433900458,35.244906921121,"1,NH2_Br-CN-Me-C_F_TS,-1,F_minus,-1,NH2-Br-CN-Me-C_reactant",F_minus
W1-SN2-BH_0355_NH2_Br-F-Me-C_SH_TS,W1-SN2-BH,0.01745523586948374,10.9533258801071,"1,NH2_Br-F-Me-C_SH_TS,-1,NH2_minus,-1,SH-Br-F-Me-C_reactant",NH2_minus
W1-SN2-BH_0356_NH2_Br-F-Me-C_SH_TS,W1-SN2-BH,0.1157595164506357,72.640193285737197,"1,NH2_Br-F-Me-C_SH_TS,-1,SH_minus,-1,NH2-Br-F-Me-C_reactant",SH_minus
W1-SN2-BH_0357_NH2_Br-H-H-C_F_TS,W1-SN2-BH,0.06684565728674838,41.946283247409703,"1,NH2_Br-H-H-C_F_TS,-1,F_minus,-1,NH2-Br-H-H-C_reactant",F_minus
W1-SN2-BH_0358_NH2_Br-H-H-C_SH_TS,W1-SN2-BH,0.001246830239653851,0.782397787931157,"1,NH2_Br-H-H-C_SH_TS,-1,NH2_minus,-1,SH-Br-H-H-C_reactant",NH2_minus
W1-SN2-BH_0359_NH2_Br-H-H-C_SH_TS,W1-SN2-BH,0.09253489067147621,58.066520577744498,"1,NH2_Br-H-H-C_SH_TS,-1,SH_minus,-1,NH2-Br-H-H-C_reactant",SH_minus
W1-SN2-BH_0360_NH2_Br-H-Me-C_F_TS,W1-SN2-BH,0.07088637345910919,44.481870927566099,"1,NH2_Br-H-Me-C_F_TS,-1,F_minus,-1,NH2-Br-H-Me-C_reactant",F_minus
W1-SN2-BH_0361_NH2_Br-H-Me-C_F_TS,W1-SN2-BH,0.001835457081867441,1.1517667081080301,"1,NH2_Br-H-Me-C_F_TS,-1,NH2_minus,-1,F-Br-H-Me-C_reactant",NH2_minus
W1-SN2-BH_0362_NH2_Br-H-Me-C_SH_TS,W1-SN2-BH,0.004122373535250702,2.5868284489968101,"1,NH2_Br-H-Me-C_SH_TS,-1,NH2_minus,-1,SH-Br-H-Me-C_reactant",NH2_minus
W1-SN2-BH_0363_NH2_Br-H-Me-C_SH_TS,W1-SN2-BH,0.09668747000051544,60.672303448515201,"1,NH2_Br-H-Me-C_SH_TS,-1,SH_minus,-1,NH2-Br-H-Me-C_reactant",SH_minus
W1-SN2-BH_0364_NH2_Br-H-NH2-C_PH2_TS,W1-SN2-BH,0.02181812142779342,13.691077902199501,"1,NH2_Br-H-NH2-C_PH2_TS,-1,NH2_minus,-1,PH2-Br-H-NH2-C_reactant",NH2_minus
W1-SN2-BH_0365_NH2_Br-H-NH2-C_PH2_TS,W1-SN2-BH,0.07925026401538873,49.730291491658399,"1,NH2_Br-H-NH2-C_PH2_TS,-1,PH2_minus,-1,NH2-Br-H-NH2-C_reactant",PH2_minus
W1-SN2-BH_0366_NH2_Br-Me-Me-C_F_TS,W1-SN2-BH,0.08254635042555792,51.798616941370199,"1,NH2_Br-Me-Me-C_F_TS,-1,F_minus,-1,NH2-Br-Me-Me-C_reactant",F_minus
W1-SN2-BH_0367_NH2_Br-Me-Me-C_F_TS,W1-SN2-BH,0.01611197060284995,10.1104141991145,"1,NH2_Br-Me-Me-C_F_TS,-1,NH2_minus,-1,F-Br-Me-Me-C_reactant",NH2_minus
W1-SN2-BH_0368_NH2_Br-Me-NH2-C_F_TS,W1-SN2-BH,0.07374259995080750,46.274180111176797,"1,NH2_Br-Me-NH2-C_F_TS,-1,F_minus,-1,NH2-Br-Me-NH2-C_reactant",F_minus
W1-SN2-BH_0369_NH2_Br-Me-NH2-C_F_TS,W1-SN2-BH,0.009994616538183405,6.2717165673378297,"1,NH2_Br-Me-NH2-C_F_TS,-1,NH2_minus,-1,F-Br-Me-NH2-C_reactant",NH2_minus
W1-SN2-BH_0370_NH2_Br-Me-NH2-C_PH2_TS,W1-SN2-BH,0.03250548292263011,20.397498492946699,"1,NH2_Br-Me-NH2-C_PH2_TS,-1,NH2_minus,-1,PH2-Br-Me-NH2-C_reactant",NH2_minus
W1-SN2-BH_0371_NH2_Br-Me-NH2-C_PH2_TS,W1-SN2-BH,0.09057179990030464,56.834662520388498,"1,NH2_Br-Me-NH2-C_PH2_TS,-1,PH2_minus,-1,NH2-Br-Me-NH2-C_reactant",PH2_minus
W1-SN2-BH_0372_NH2_CCH-CCH-H-C_NH2_TS,W1-SN2-BH,0.02980098869302770,18.7004027413222,"1,NH2_CCH-CCH-H-C_NH2_TS,-1,NH2_minus,-1,NH2-CCH-CCH-H-C_reactant",NH2_minus
W1-SN2-BH_0373_NH2_CCH-CCH-H-C_OH_TS,W1-SN2-BH,0.004707028853526547,2.9537052002762798,"1,NH2_CCH-CCH-H-C_OH_TS,-1,NH2_minus,-1,OH-CCH-CCH-H-C_reactant",NH2_minus
W1-SN2-BH_0374_NH2_CCH-CCH-H-C_OH_TS,W1-SN2-BH,0.03707577474525639,23.2653999108778,"1,NH2_CCH-CCH-H-C_OH_TS,-1,OH_minus,-1,NH2-CCH-CCH-H-C_reactant",OH_minus
W1-SN2-BH_0375_NH2_CCH-CCH-H-C_PH2_TS,W1-SN2-BH,0.008035848893188389,5.0425713126151903,"1,NH2_CCH-CCH-H-C_PH2_TS,-1,NH2_minus,-1,PH2-CCH-CCH-H-C_reactant",NH2_minus
W1-SN2-BH_0376_NH2_CCH-CCH-H-C_PH2_TS,W1-SN2-BH,0.05346854069463298,33.552015850210601,"1,NH2_CCH-CCH-H-C_PH2_TS,-1,PH2_minus,-1,NH2-CCH-CCH-H-C_reactant",PH2_minus
W1-SN2-BH_0377_NH2_CCH-Cl-H-C_PH2_TS,W1-SN2-BH,0.01603106726336365,10.059646587103501,"1,NH2_CCH-Cl-H-C_PH2_TS,-1,NH2_minus,-1,PH2-CCH-Cl-H-C_reactant",NH2_minus
W1-SN2-BH_0378_NH2_CCH-Cl-H-C_PH2_TS,W1-SN2-BH,0.07117364518888355,44.662136659630001,"1,NH2_CCH-Cl-H-C_PH2_TS,-1,PH2_minus,-1,NH2-CCH-Cl-H-C_reactant",PH2_minus
W1-SN2-BH_0379_NH2_CCH-Cl-H-C_SH_TS,W1-SN2-BH,0.08528561978648258,53.517534417361198,"1,NH2_CCH-Cl-H-C_SH_TS,-1,SH_minus,-1,NH2-CCH-Cl-H-C_reactant",SH_minus
W1-SN2-BH_0380_NH2_CCH-Cl-Me-C_SH_TS,W1-SN2-BH,0.0001393576389860683,8.7448238746823101E-2,"1,NH2_CCH-Cl-Me-C_SH_TS,-1,NH2_minus,-1,SH-CCH-Cl-Me-C_reactant",NH2_minus
W1-SN2-BH_0381_NH2_CCH-Cl-Me-C_SH_TS,W1-SN2-BH,0.09440649501340158,59.240970034000298,"1,NH2_CCH-Cl-Me-C_SH_TS,-1,SH_minus,-1,NH2-CCH-Cl-Me-C_reactant",SH_minus
W1-SN2-BH_0382_NH2_CCH-Cl-NH2-C_PH2_TS,W1-SN2-BH,0.01399078694448975,8.7793513572656501,"1,NH2_CCH-Cl-NH2-C_PH2_TS,-1,NH2_minus,-1,PH2-CCH-Cl-NH2-C_reactant",NH2_minus
W1-SN2-BH_0383_NH2_CCH-Cl-NH2-C_PH2_TS,W1-SN2-BH,0.06672605412938768,41.871231133038002,"1,NH2_CCH-Cl-NH2-C_PH2_TS,-1,PH2_minus,-1,NH2-CCH-Cl-NH2-C_reactant",PH2_minus
W1-SN2-BH_0384_NH2_CCH-Cl-NH2-C_SH_TS,W1-SN2-BH,0.08182508913678527,51.346018649390402,"1,NH2_CCH-Cl-NH2-C_SH_TS,-1,SH_minus,-1,NH2-CCH-Cl-NH2-C_reactant",SH_minus
W1-SN2-BH_0385_NH2_CCH-Cl-OH-C_PH2_TS,W1-SN2-BH,0.005758686372349347,3.61363025680728,"1,NH2_CCH-Cl-OH-C_PH2_TS,-1,NH2_minus,-1,PH2-CCH-Cl-OH-C_reactant",NH2_minus
W1-SN2-BH_0386_NH2_CCH-Cl-OH-C_PH2_TS,W1-SN2-BH,0.06733778150219670,42.255095855019398,"1,NH2_CCH-Cl-OH-C_PH2_TS,-1,PH2_minus,-1,NH2-CCH-Cl-OH-C_reactant",PH2_minus
W1-SN2-BH_0387_NH2_CCH-CN-H-C_NH2_TS,W1-SN2-BH,0.01421309424858104,8.91885129673636,"1,NH2_CCH-CN-H-C_NH2_TS,-1,NH2_minus,-1,NH2-CCH-CN-H-C_reactant",NH2_minus
W1-SN2-BH_0388_NH2_CCH-CN-H-C_OH_TS,W1-SN2-BH,0.02138535728887335,13.419514304992401,"1,NH2_CCH-CN-H-C_OH_TS,-1,OH_minus,-1,NH2-CCH-CN-H-C_reactant",OH_minus
W1-SN2-BH_0389_NH2_CCH-F-F-C_NH2_TS,W1-SN2-BH,0.05524901414840214,34.6692798107686,"1,NH2_CCH-F-F-C_NH2_TS,-1,NH2_minus,-1,NH2-CCH-F-F-C_reactant",NH2_minus
W1-SN2-BH_0390_NH2_CCH-F-H-C_NH2_TS,W1-SN2-BH,0.04282419851268986,26.872590285871802,"1,NH2_CCH-F-H-C_NH2_TS,-1,NH2_minus,-1,NH2-CCH-F-H-C_reactant",NH2_minus
W1-SN2-BH_0391_NH2_CCH-F-H-C_PH2_TS,W1-SN2-BH,0.01424436453355619,8.9384736968149205,"1,NH2_CCH-F-H-C_PH2_TS,-1,NH2_minus,-1,PH2-CCH-F-H-C_reactant",NH2_minus
W1-SN2-BH_0392_NH2_CCH-F-H-C_PH2_TS,W1-SN2-BH,0.07369391367863239,46.2436290141301,"1,NH2_CCH-F-H-C_PH2_TS,-1,PH2_minus,-1,NH2-CCH-F-H-C_reactant",PH2_minus
W1-SN2-BH_0393_NH2_CCH-F-Me-C_NH2_TS,W1-SN2-BH,0.05116451559589955,32.106218272276202,"1,NH2_CCH-F-Me-C_NH2_TS,-1,NH2_minus,-1,NH2-CCH-F-Me-C_reactant",NH2_minus
W1-SN2-BH_0394_NH2_CCH-F-Me-C_SH_TS,W1-SN2-BH,0.09455275288148275,59.332748231877503,"1,NH2_CCH-F-Me-C_SH_TS,-1,SH_minus,-1,NH2-CCH-F-Me-C_reactant",SH_minus
W1-SN2-BH_0395_NH2_CCH-F-NH2-C_NH2_TS,W1-SN2-BH,0.03836731251113449,24.075852095076598,"1,NH2_CCH-F-NH2-C_NH2_TS,-1,NH2_minus,-1,NH2-CCH-F-NH2-C_reactant",NH2_minus
W1-SN2-BH_0396_NH2_CCH-F-NH2-C_OH_TS,W1-SN2-BH,0.02161594241987131,13.564208659271699,"1,NH2_CCH-F-NH2-C_OH_TS,-1,NH2_minus,-1,OH-CCH-F-NH2-C_reactant",NH2_minus
W1-SN2-BH_0397_NH2_CCH-F-NH2-C_OH_TS,W1-SN2-BH,0.04489440003752527,28.171661355925899,"1,NH2_CCH-F-NH2-C_OH_TS,-1,OH_minus,-1,NH2-CCH-F-NH2-C_reactant",OH_minus
W1-SN2-BH_0398_NH2_CCH-F-NH2-C_SH_TS,W1-SN2-BH,0.08670414502834194,54.407672445825597,"1,NH2_CCH-F-NH2-C_SH_TS,-1,SH_minus,-1,NH2-CCH-F-NH2-C_reactant",SH_minus
W1-SN2-BH_0399_NH2_CCH-H-H-C_NH2_TS,W1-SN2-BH,0.03785191290617940,23.7524339600389,"1,NH2_CCH-H-H-C_NH2_TS,-1,NH2_minus,-1,NH2-CCH-H-H-C_reactant",NH2_minus
W1-SN2-BH_0400_NH2_CCH-H-Me-C_F_TS,W1-SN2-BH,0.05465811169451104,34.2984829227048,"1,NH2_CCH-H-Me-C_F_TS,-1,F_minus,-1,NH2-CCH-H-Me-C_reactant",F_minus
W1-SN2-BH_0401_NH2_CCH-H-Me-C_NH2_TS,W1-SN2-BH,0.04089780202790794,25.663758240869299,"1,NH2_CCH-H-Me-C_NH2_TS,-1,NH2_minus,-1,NH2-CCH-H-Me-C_reactant",NH2_minus
W1-SN2-BH_0402_NH2_CCH-H-Me-C_OH_TS,W1-SN2-BH,0.02096114537590193,13.153317310592399,"1,NH2_CCH-H-Me-C_OH_TS,-1,NH2_minus,-1,OH-CCH-H-Me-C_reactant",NH2_minus
W1-SN2-BH_0403_NH2_CCH-H-Me-C_OH_TS,W1-SN2-BH,0.04809978368416013,30.1830699621962,"1,NH2_CCH-H-Me-C_OH_TS,-1,OH_minus,-1,NH2-CCH-H-Me-C_reactant",OH_minus
W1-SN2-BH_0404_NH2_CCH-H-Me-C_SH_TS,W1-SN2-BH,0.07731195777519323,48.513985962300097,"1,NH2_CCH-H-Me-C_SH_TS,-1,SH_minus,-1,NH2-CCH-H-Me-C_reactant",SH_minus
W1-SN2-BH_0405_NH2_CCH-H-NH2-C_NH2_TS,W1-SN2-BH,0.03574779727038960,22.432081464056498,"1,NH2_CCH-H-NH2-C_NH2_TS,-1,NH2_minus,-1,NH2-CCH-H-NH2-C_reactant",NH2_minus
W1-SN2-BH_0406_NH2_CCH-H-NH2-C_OH_TS,W1-SN2-BH,0.01571914794136505,9.8639142574060408,"1,NH2_CCH-H-NH2-C_OH_TS,-1,NH2_minus,-1,OH-CCH-H-NH2-C_reactant",NH2_minus
W1-SN2-BH_0407_NH2_CCH-H-NH2-C_OH_TS,W1-SN2-BH,0.04236298325469409,26.583173341897002,"1,NH2_CCH-H-NH2-C_OH_TS,-1,OH_minus,-1,NH2-CCH-H-NH2-C_reactant",OH_minus
W1-SN2-BH_0408_NH2_CCH-H-OH-C_NH2_TS,W1-SN2-BH,0.03377741886363574,21.195650346329099,"1,NH2_CCH-H-OH-C_NH2_TS,-1,NH2_minus,-1,NH2-CCH-H-OH-C_reactant",NH2_minus
W1-SN2-BH_0409_NH2_CCH-Me-Me-C_NH2_TS,W1-SN2-BH,0.04446663904658045,27.903237281473402,"1,NH2_CCH-Me-Me-C_NH2_TS,-1,NH2_minus,-1,NH2-CCH-Me-Me-C_reactant",NH2_minus
W1-SN2-BH_0410_NH2_CCH-Me-Me-C_OH_TS,W1-SN2-BH,0.03042623296495171,19.092749445558201,"1,NH2_CCH-Me-Me-C_OH_TS,-1,NH2_minus,-1,OH-CCH-Me-Me-C_reactant",NH2_minus
W1-SN2-BH_0411_NH2_CCH-Me-Me-C_OH_TS,W1-SN2-BH,0.05604382569037266,35.168031583449803,"1,NH2_CCH-Me-Me-C_OH_TS,-1,OH_minus,-1,NH2-CCH-Me-Me-C_reactant",OH_minus
W1-SN2-BH_0412_NH2_CCH-Me-Me-C_SH_TS,W1-SN2-BH,0.002443003476723678,1.5330078268131999,"1,NH2_CCH-Me-Me-C_SH_TS,-1,NH2_minus,-1,SH-CCH-Me-Me-C_reactant",NH2_minus
W1-SN2-BH_0413_NH2_CCH-Me-Me-C_SH_TS,W1-SN2-BH,0.08514183044948043,53.427305246123098,"1,NH2_CCH-Me-Me-C_SH_TS,-1,SH_minus,-1,NH2-CCH-Me-Me-C_reactant",SH_minus
W1-SN2-BH_0414_NH2_CCH-Me-NH2-C_NH2_TS,W1-SN2-BH,0.04539471049745855,28.485610909506899,"1,NH2_CCH-Me-NH2-C_NH2_TS,-1,NH2_minus,-1,NH2-CCH-Me-NH2-C_reactant",NH2_minus
W1-SN2-BH_0415_NH2_CCH-Me-NH2-C_OH_TS,W1-SN2-BH,0.02540175277846761,15.9398405262971,"1,NH2_CCH-Me-NH2-C_OH_TS,-1,NH2_minus,-1,OH-CCH-Me-NH2-C_reactant",NH2_minus
W1-SN2-BH_0416_NH2_CCH-Me-NH2-C_OH_TS,W1-SN2-BH,0.05102835368187065,32.020775381216502,"1,NH2_CCH-Me-NH2-C_OH_TS,-1,OH_minus,-1,NH2-CCH-Me-NH2-C_reactant",OH_minus
W1-SN2-BH_0417_NH2_CCH-Me-NH2-C_PH2_TS,W1-SN2-BH,0.01856555448814309,11.650061332544499,"1,NH2_CCH-Me-NH2-C_PH2_TS,-1,NH2_minus,-1,PH2-CCH-Me-NH2-C_reactant",NH2_minus
W1-SN2-BH_0418_NH2_CCH-Me-NH2-C_PH2_TS,W1-SN2-BH,0.07453191947559797,46.7694855910458,"1,NH2_CCH-Me-NH2-C_PH2_TS,-1,PH2_minus,-1,NH2-CCH-Me-NH2-C_reactant",PH2_minus
W1-SN2-BH_0419_NH2_CCH-Me-OH-C_NH2_TS,W1-SN2-BH,0.04891097377006154,30.692099426365399,"1,NH2_CCH-Me-OH-C_NH2_TS,-1,NH2_minus,-1,NH2-CCH-Me-OH-C_reactant",NH2_minus
W1-SN2-BH_0420_NH2_CCH-Me-OH-C_SH_TS,W1-SN2-BH,0.08391592562358892,52.658038353576501,"1,NH2_CCH-Me-OH-C_SH_TS,-1,SH_minus,-1,NH2-CCH-Me-OH-C_reactant",SH_minus
W1-SN2-BH_0421_NH2_CCH-NH2-NH2-C_F_TS,W1-SN2-BH,0.05420625796052186,34.014940423735801,"1,NH2_CCH-NH2-NH2-C_F_TS,-1,F_minus,-1,NH2-CCH-NH2-NH2-C_reactant",F_minus
W1-SN2-BH_0422_NH2_CCH-NH2-NH2-C_F_TS,W1-SN2-BH,0.0002430587349846307,0.15252165895664799,"1,NH2_CCH-NH2-NH2-C_F_TS,-1,NH2_minus,-1,F-CCH-NH2-NH2-C_reactant",NH2_minus
W1-SN2-BH_0423_NH2_CCH-NH2-NH2-C_NH2_TS,W1-SN2-BH,0.04139205161981038,25.973904542339898,"1,NH2_CCH-NH2-NH2-C_NH2_TS,-1,NH2_minus,-1,NH2-CCH-NH2-NH2-C_reactant",NH2_minus
W1-SN2-BH_0424_NH2_CCH-NH2-NH2-C_OH_TS,W1-SN2-BH,0.01779682929921568,11.1676789935416,"1,NH2_CCH-NH2-NH2-C_OH_TS,-1,NH2_minus,-1,OH-CCH-NH2-NH2-C_reactant",NH2_minus
W1-SN2-BH_0425_NH2_CCH-NH2-NH2-C_OH_TS,W1-SN2-BH,0.04701274740124481,29.5009443960165,"1,NH2_CCH-NH2-NH2-C_OH_TS,-1,OH_minus,-1,NH2-CCH-NH2-NH2-C_reactant",OH_minus
W1-SN2-BH_0426_NH2_CCH-NH2-NH2-C_PH2_TS,W1-SN2-BH,0.01152059065586967,7.22927978336104,"1,NH2_CCH-NH2-NH2-C_PH2_TS,-1,NH2_minus,-1,PH2-CCH-NH2-NH2-C_reactant",NH2_minus
W1-SN2-BH_0427_NH2_CCH-NH2-NH2-C_PH2_TS,W1-SN2-BH,0.07257444252272843,45.541150257859996,"1,NH2_CCH-NH2-NH2-C_PH2_TS,-1,PH2_minus,-1,NH2-CCH-NH2-NH2-C_reactant",PH2_minus
W1-SN2-BH_0428_NH2_CCH-NH2-OH-C_NH2_TS,W1-SN2-BH,0.03934789402105656,24.691176282643799,"1,NH2_CCH-NH2-OH-C_NH2_TS,-1,NH2_minus,-1,NH2-CCH-NH2-OH-C_reactant",NH2_minus
W1-SN2-BH_0429_NH2_CCH-SH-SH-C_NH2_TS,W1-SN2-BH,0.02184608699083994,13.7086265579587,"1,NH2_CCH-SH-SH-C_NH2_TS,-1,NH2_minus,-1,NH2-CCH-SH-SH-C_reactant",NH2_minus
W1-SN2-BH_0430_NH2_Cl-Cl-Cl-C_SH_TS,W1-SN2-BH,0.01181557872400265,7.4143875908500601,"1,NH2_Cl-Cl-Cl-C_SH_TS,-1,NH2_minus,-1,SH-Cl-Cl-Cl-C_reactant",NH2_minus
W1-SN2-BH_0431_NH2_Cl-Cl-Cl-C_SH_TS,W1-SN2-BH,0.1093342968198718,68.608307094496595,"1,NH2_Cl-Cl-Cl-C_SH_TS,-1,SH_minus,-1,NH2-Cl-Cl-Cl-C_reactant",SH_minus
W1-SN2-BH_0432_NH2_Cl-Cl-F-C_SH_TS,W1-SN2-BH,0.01409144618441314,8.8425159839695695,"1,NH2_Cl-Cl-F-C_SH_TS,-1,NH2_minus,-1,SH-Cl-Cl-F-C_reactant",NH2_minus
W1-SN2-BH_0433_NH2_Cl-Cl-F-C_SH_TS,W1-SN2-BH,0.1165207350064676,73.117865141354301,"1,NH2_Cl-Cl-F-C_SH_TS,-1,SH_minus,-1,NH2-Cl-Cl-F-C_reactant",SH_minus
W1-SN2-BH_0434_NH2_Cl-Cl-H-C_PH2_TS,W1-SN2-BH,0.02689051600102791,16.874053553090398,"1,NH2_Cl-Cl-H-C_PH2_TS,-1,NH2_minus,-1,PH2-Cl-Cl-H-C_reactant",NH2_minus
W1-SN2-BH_0435_NH2_Cl-Cl-H-C_PH2_TS,W1-SN2-BH,0.08502950193642277,53.356818039971998,"1,NH2_Cl-Cl-H-C_PH2_TS,-1,PH2_minus,-1,NH2-Cl-Cl-H-C_reactant",PH2_minus
W1-SN2-BH_0436_NH2_Cl-Cl-H-C_SH_TS,W1-SN2-BH,0.003259098555772340,2.0451152206525101,"1,NH2_Cl-Cl-H-C_SH_TS,-1,NH2_minus,-1,SH-Cl-Cl-H-C_reactant",NH2_minus
W1-SN2-BH_0437_NH2_Cl-Cl-H-C_SH_TS,W1-SN2-BH,0.09800355302392227,61.498158014356598,"1,NH2_Cl-Cl-H-C_SH_TS,-1,SH_minus,-1,NH2-Cl-Cl-H-C_reactant",SH_minus
W1-SN2-BH_0438_NH2_Cl-Cl-Me-C_F_TS,W1-SN2-BH,0.08293150923789721,52.040307745131997,"1,NH2_Cl-Cl-Me-C_F_TS,-1,F_minus,-1,NH2-Cl-Cl-Me-C_reactant",F_minus
W1-SN2-BH_0439_NH2_Cl-Cl-Me-C_F_TS,W1-SN2-BH,0.01596792958660848,10.020027096769301,"1,NH2_Cl-Cl-Me-C_F_TS,-1,NH2_minus,-1,F-Cl-Cl-Me-C_reactant",NH2_minus
W1-SN2-BH_0440_NH2_Cl-Cl-NH2-C_F_TS,W1-SN2-BH,0.07779807140732228,48.819026871932302,"1,NH2_Cl-Cl-NH2-C_F_TS,-1,F_minus,-1,NH2-Cl-Cl-NH2-C_reactant",F_minus
W1-SN2-BH_0441_NH2_Cl-Cl-NH2-C_F_TS,W1-SN2-BH,0.007514028509303183,4.7151240779679799,"1,NH2_Cl-Cl-NH2-C_F_TS,-1,NH2_minus,-1,F-Cl-Cl-NH2-C_reactant",NH2_minus
W1-SN2-BH_0442_NH2_Cl-F-F-C_PH2_TS,W1-SN2-BH,0.03092891856688794,19.408189423248299,"1,NH2_Cl-F-F-C_PH2_TS,-1,NH2_minus,-1,PH2-Cl-F-F-C_reactant",NH2_minus
W1-SN2-BH_0443_NH2_Cl-F-F-C_PH2_TS,W1-SN2-BH,0.09985058811590552,62.657190033503099,"1,NH2_Cl-F-F-C_PH2_TS,-1,PH2_minus,-1,NH2-Cl-F-F-C_reactant",PH2_minus
W1-SN2-BH_0444_NH2_Cl-F-Me-C_F_TS,W1-SN2-BH,0.08371852704555638,52.534168875694498,"1,NH2_Cl-F-Me-C_F_TS,-1,F_minus,-1,NH2-Cl-F-Me-C_reactant",F_minus
W1-SN2-BH_0445_NH2_Cl-F-Me-C_F_TS,W1-SN2-BH,0.02137414298284665,13.4124772217156,"1,NH2_Cl-F-Me-C_F_TS,-1,NH2_minus,-1,F-Cl-F-Me-C_reactant",NH2_minus
W1-SN2-BH_0446_NH2_Cl-F-Me-C_PH2_TS,W1-SN2-BH,0.03604431130135225,22.618146827678199,"1,NH2_Cl-F-Me-C_PH2_TS,-1,NH2_minus,-1,PH2-Cl-F-Me-C_reactant",NH2_minus
W1-SN2-BH_0447_NH2_Cl-F-Me-C_PH2_TS,W1-SN2-BH,0.1020012933817929,64.006777963764804,"1,NH2_Cl-F-Me-C_PH2_TS,-1,PH2_minus,-1,NH2-Cl-F-Me-C_reactant",PH2_minus
W1-SN2-BH_0448_NH2_Cl-F-Me-C_SH_TS,W1-SN2-BH,0.01937319038721215,12.156860510803799,"1,NH2_Cl-F-Me-C_SH_TS,-1,NH2_minus,-1,SH-Cl-F-Me-C_reactant",NH2_minus
W1-SN2-BH_0449_NH2_Cl-F-Me-C_SH_TS,W1-SN2-BH,0.1176950926792298,73.854785706951304,"1,NH2_Cl-F-Me-C_SH_TS,-1,SH_minus,-1,NH2-Cl-F-Me-C_reactant",SH_minus
W1-SN2-BH_0450_NH2_Cl-F-NH2-C_F_TS,W1-SN2-BH,0.07874529135407886,49.4134163625436,"1,NH2_Cl-F-NH2-C_F_TS,-1,F_minus,-1,NH2-Cl-F-NH2-C_reactant",F_minus
W1-SN2-BH_0451_NH2_Cl-F-NH2-C_F_TS,W1-SN2-BH,0.01213978591582216,7.6178306752761902,"1,NH2_Cl-F-NH2-C_F_TS,-1,NH2_minus,-1,F-Cl-F-NH2-C_reactant",NH2_minus
W1-SN2-BH_0452_NH2_Cl-H-H-C_SH_TS,W1-SN2-BH,0.001751961331757489,1.0993723338700301,"1,NH2_Cl-H-H-C_SH_TS,-1,NH2_minus,-1,SH-Cl-H-H-C_reactant",NH2_minus
W1-SN2-BH_0453_NH2_Cl-H-H-C_SH_TS,W1-SN2-BH,0.09333646620262273,58.569516817716099,"1,NH2_Cl-H-H-C_SH_TS,-1,SH_minus,-1,NH2-Cl-H-H-C_reactant",SH_minus
W1-SN2-BH_0454_NH2_Cl-H-Me-C_NH2_TS,W1-SN2-BH,0.05895241906999400,36.9932014853594,"1,NH2_Cl-H-Me-C_NH2_TS,-1,NH2_minus,-1,NH2-Cl-H-Me-C_reactant",NH2_minus
W1-SN2-BH_0455_NH2_Cl-H-NH2-C_OH_TS,W1-SN2-BH,0.02345027471065543,14.715269550318601,"1,NH2_Cl-H-NH2-C_OH_TS,-1,NH2_minus,-1,OH-Cl-H-NH2-C_reactant",NH2_minus
W1-SN2-BH_0456_NH2_Cl-H-NH2-C_OH_TS,W1-SN2-BH,0.04878623838099516,30.613826787975299,"1,NH2_Cl-H-NH2-C_OH_TS,-1,OH_minus,-1,NH2-Cl-H-NH2-C_reactant",OH_minus
W1-SN2-BH_0457_NH2_Cl-Me-OH-C_SH_TS,W1-SN2-BH,0.01610439912835262,10.105663027134799,"1,NH2_Cl-Me-OH-C_SH_TS,-1,NH2_minus,-1,SH-Cl-Me-OH-C_reactant",NH2_minus
W1-SN2-BH_0458_NH2_Cl-Me-OH-C_SH_TS,W1-SN2-BH,0.1118399810037631,70.180647658898494,"1,NH2_Cl-Me-OH-C_SH_TS,-1,SH_minus,-1,NH2-Cl-Me-OH-C_reactant",SH_minus
W1-SN2-BH_0459_NH2_Cl-NH2-NH2-C_PH2_TS,W1-SN2-BH,0.03071768120183029,19.275635975398501,"1,NH2_Cl-NH2-NH2-C_PH2_TS,-1,NH2_minus,-1,PH2-Cl-NH2-NH2-C_reactant",NH2_minus
W1-SN2-BH_0460_NH2_Cl-NH2-NH2-C_PH2_TS,W1-SN2-BH,0.08983702856295837,56.373586544933701,"1,NH2_Cl-NH2-NH2-C_PH2_TS,-1,PH2_minus,-1,NH2-Cl-NH2-NH2-C_reactant",PH2_minus
W1-SN2-BH_0461_NH2_Cl-NH2-NH2-C_SH_TS,W1-SN2-BH,0.007487504877346646,4.69848024762869,"1,NH2_Cl-NH2-NH2-C_SH_TS,-1,NH2_minus,-1,SH-Cl-NH2-NH2-C_reactant",NH2_minus
W1-SN2-BH_0462_NH2_Cl-NH2-NH2-C_SH_TS,W1-SN2-BH,0.09827182631000572,61.666502043012002,"1,NH2_Cl-NH2-NH2-C_SH_TS,-1,SH_minus,-1,NH2-Cl-NH2-NH2-C_reactant",SH_minus
W1-SN2-BH_0463_NH2_CN-Cl-H-C_PH2_TS,W1-SN2-BH,0.0005581012259774931,0.35021380678710801,"1,NH2_CN-Cl-H-C_PH2_TS,-1,NH2_minus,-1,PH2-CN-Cl-H-C_reactant",NH2_minus
W1-SN2-BH_0464_NH2_CN-Cl-H-C_PH2_TS,W1-SN2-BH,0.05502783458147493,34.530487537052601,"1,NH2_CN-Cl-H-C_PH2_TS,-1,PH2_minus,-1,NH2-CN-Cl-H-C_reactant",PH2_minus
W1-SN2-BH_0465_NH2_CN-Cl-H-C_SH_TS,W1-SN2-BH,0.06937977853802210,43.5364683410086,"1,NH2_CN-Cl-H-C_SH_TS,-1,SH_minus,-1,NH2-CN-Cl-H-C_reactant",SH_minus
W1-SN2-BH_0466_NH2_CN-Cl-Me-C_PH2_TS,W1-SN2-BH,0.004618634086672808,2.8982366466179599,"1,NH2_CN-Cl-Me-C_PH2_TS,-1,NH2_minus,-1,PH2-CN-Cl-Me-C_reactant",NH2_minus
W1-SN2-BH_0467_NH2_CN-Cl-Me-C_PH2_TS,W1-SN2-BH,0.06185373804274711,38.813806628041,"1,NH2_CN-Cl-Me-C_PH2_TS,-1,PH2_minus,-1,NH2-CN-Cl-Me-C_reactant",PH2_minus
W1-SN2-BH_0468_NH2_CN-Cl-Me-C_SH_TS,W1-SN2-BH,0.07797307898920647,48.928845787597503,"1,NH2_CN-Cl-Me-C_SH_TS,-1,SH_minus,-1,NH2-CN-Cl-Me-C_reactant",SH_minus
W1-SN2-BH_0469_NH2_CN-Cl-NH2-C_PH2_TS,W1-SN2-BH,0.04303361722167398,27.0040025098054,"1,NH2_CN-Cl-NH2-C_PH2_TS,-1,PH2_minus,-1,NH2-CN-Cl-NH2-C_reactant",PH2_minus
W1-SN2-BH_0470_NH2_CN-Cl-NH2-C_SH_TS,W1-SN2-BH,0.05815722496010487,36.494209647684798,"1,NH2_CN-Cl-NH2-C_SH_TS,-1,SH_minus,-1,NH2-CN-Cl-NH2-C_reactant",SH_minus
W1-SN2-BH_0471_NH2_CN-Cl-OH-C_F_TS,W1-SN2-BH,0.04876358583815855,30.599612102733701,"1,NH2_CN-Cl-OH-C_F_TS,-1,F_minus,-1,NH2-CN-Cl-OH-C_reactant",F_minus
W1-SN2-BH_0472_NH2_CN-F-F-C_NH2_TS,W1-SN2-BH,0.03274664753871937,20.5488315743515,"1,NH2_CN-F-F-C_NH2_TS,-1,NH2_minus,-1,NH2-CN-F-F-C_reactant",NH2_minus
W1-SN2-BH_0473_NH2_CN-F-H-C_NH2_TS,W1-SN2-BH,0.02456153844051120,15.412598068985799,"1,NH2_CN-F-H-C_NH2_TS,-1,NH2_minus,-1,NH2-CN-F-H-C_reactant",NH2_minus
W1-SN2-BH_0474_NH2_CN-F-H-C_OH_TS,W1-SN2-BH,0.001886674744790882,1.18390627683186,"1,NH2_CN-F-H-C_OH_TS,-1,NH2_minus,-1,OH-CN-F-H-C_reactant",NH2_minus
W1-SN2-BH_0475_NH2_CN-F-H-C_OH_TS,W1-SN2-BH,0.02832773530013161,17.7759222795843,"1,NH2_CN-F-H-C_OH_TS,-1,OH_minus,-1,NH2-CN-F-H-C_reactant",OH_minus
W1-SN2-BH_0476_NH2_CN-F-H-C_PH2_TS,W1-SN2-BH,0.05773687925624595,36.230438736131603,"1,NH2_CN-F-H-C_PH2_TS,-1,PH2_minus,-1,NH2-CN-F-H-C_reactant",PH2_minus
W1-SN2-BH_0477_NH2_CN-F-H-C_SH_TS,W1-SN2-BH,0.07054322014978473,44.266538974908897,"1,NH2_CN-F-H-C_SH_TS,-1,SH_minus,-1,NH2-CN-F-H-C_reactant",SH_minus
W1-SN2-BH_0478_NH2_CN-F-Me-C_NH2_TS,W1-SN2-BH,0.03423635264956794,21.483635644969201,"1,NH2_CN-F-Me-C_NH2_TS,-1,NH2_minus,-1,NH2-CN-F-Me-C_reactant",NH2_minus
W1-SN2-BH_0479_NH2_CN-F-Me-C_OH_TS,W1-SN2-BH,0.009795746899025700,6.1469239846628598,"1,NH2_CN-F-Me-C_OH_TS,-1,NH2_minus,-1,OH-CN-F-Me-C_reactant",NH2_minus
W1-SN2-BH_0480_NH2_CN-F-Me-C_OH_TS,W1-SN2-BH,0.03705369600728835,23.251545293627501,"1,NH2_CN-F-Me-C_OH_TS,-1,OH_minus,-1,NH2-CN-F-Me-C_reactant",OH_minus
W1-SN2-BH_0481_NH2_CN-F-Me-C_PH2_TS,W1-SN2-BH,0.004240897124560528,2.66120312418869,"1,NH2_CN-F-Me-C_PH2_TS,-1,NH2_minus,-1,PH2-CN-F-Me-C_reactant",NH2_minus
W1-SN2-BH_0482_NH2_CN-F-Me-C_PH2_TS,W1-SN2-BH,0.06620084082845150,41.541654810796601,"1,NH2_CN-F-Me-C_PH2_TS,-1,PH2_minus,-1,NH2-CN-F-Me-C_reactant",PH2_minus
W1-SN2-BH_0483_NH2_CN-F-Me-C_SH_TS,W1-SN2-BH,0.07906813788793714,49.616005621208103,"1,NH2_CN-F-Me-C_SH_TS,-1,SH_minus,-1,NH2-CN-F-Me-C_reactant",SH_minus
W1-SN2-BH_0484_NH2_CN-F-NH2-C_NH2_TS,W1-SN2-BH,0.02120085037390101,13.303734467817099,"1,NH2_CN-F-NH2-C_NH2_TS,-1,NH2_minus,-1,NH2-CN-F-NH2-C_reactant",NH2_minus
W1-SN2-BH_0485_NH2_CN-F-NH2-C_OH_TS,W1-SN2-BH,0.02776999048227663,17.425932122270702,"1,NH2_CN-F-NH2-C_OH_TS,-1,OH_minus,-1,NH2-CN-F-NH2-C_reactant",OH_minus
W1-SN2-BH_0486_NH2_CN-F-NH2-C_SH_TS,W1-SN2-BH,0.07188070537875102,45.105823627504698,"1,NH2_CN-F-NH2-C_SH_TS,-1,SH_minus,-1,NH2-CN-F-NH2-C_reactant",SH_minus
W1-SN2-BH_0487_NH2_CN-H-H-C_F_TS,W1-SN2-BH,0.03785955946620013,23.7572322488959,"1,NH2_CN-H-H-C_F_TS,-1,F_minus,-1,NH2-CN-H-H-C_reactant",F_minus
W1-SN2-BH_0488_NH2_CN-H-H-C_NH2_TS,W1-SN2-BH,0.02168439883679065,13.607165709448999,"1,NH2_CN-H-H-C_NH2_TS,-1,NH2_minus,-1,NH2-CN-H-H-C_reactant",NH2_minus
W1-SN2-BH_0489_NH2_CN-H-H-C_OH_TS,W1-SN2-BH,0.02736834744823591,17.173897313218699,"1,NH2_CN-H-H-C_OH_TS,-1,OH_minus,-1,NH2-CN-H-H-C_reactant",OH_minus
W1-SN2-BH_0490_NH2_CN-H-Me-C_NH2_TS,W1-SN2-BH,0.02523175081144954,15.8331626813839,"1,NH2_CN-H-Me-C_NH2_TS,-1,NH2_minus,-1,NH2-CN-H-Me-C_reactant",NH2_minus
W1-SN2-BH_0491_NH2_CN-H-Me-C_OH_TS,W1-SN2-BH,0.02829513885216923,17.755467699667101,"1,NH2_CN-H-Me-C_OH_TS,-1,OH_minus,-1,NH2-CN-H-Me-C_reactant",OH_minus
W1-SN2-BH_0492_NH2_CN-H-Me-C_SH_TS,W1-SN2-BH,0.06319643222856283,39.656359950409801,"1,NH2_CN-H-Me-C_SH_TS,-1,SH_minus,-1,NH2-CN-H-Me-C_reactant",SH_minus
W1-SN2-BH_0493_NH2_CN-H-NH2-C_NH2_TS,W1-SN2-BH,0.01728243403422460,10.844891091346501,"1,NH2_CN-H-NH2-C_NH2_TS,-1,NH2_minus,-1,NH2-CN-H-NH2-C_reactant",NH2_minus
W1-SN2-BH_0494_NH2_CN-H-NH2-C_OH_TS,W1-SN2-BH,0.02402782474658198,15.077687669608,"1,NH2_CN-H-NH2-C_OH_TS,-1,OH_minus,-1,NH2-CN-H-NH2-C_reactant",OH_minus
W1-SN2-BH_0495_NH2_CN-H-OH-C_NH2_TS,W1-SN2-BH,0.01831881057419156,11.4952271888725,"1,NH2_CN-H-OH-C_NH2_TS,-1,NH2_minus,-1,NH2-CN-H-OH-C_reactant",NH2_minus
W1-SN2-BH_0496_NH2_CN-H-SH-C_NH2_TS,W1-SN2-BH,0.01177291815379098,7.3876176788733003,"1,NH2_CN-H-SH-C_NH2_TS,-1,NH2_minus,-1,NH2-CN-H-SH-C_reactant",NH2_minus
W1-SN2-BH_0497_NH2_CN-Me-Me-C_NH2_TS,W1-SN2-BH,0.02797948781218926,17.5573936815818,"1,NH2_CN-Me-Me-C_NH2_TS,-1,NH2_minus,-1,NH2-CN-Me-Me-C_reactant",NH2_minus
W1-SN2-BH_0498_NH2_CN-Me-Me-C_OH_TS,W1-SN2-BH,0.004006604231557965,2.5141821141239298,"1,NH2_CN-Me-Me-C_OH_TS,-1,NH2_minus,-1,OH-CN-Me-Me-C_reactant",NH2_minus
W1-SN2-BH_0499_NH2_CN-Me-Me-C_OH_TS,W1-SN2-BH,0.03376574053062692,21.188322081724799,"1,NH2_CN-Me-Me-C_OH_TS,-1,OH_minus,-1,NH2-CN-Me-Me-C_reactant",OH_minus
W1-SN2-BH_0500_NH2_CN-Me-Me-C_PH2_TS,W1-SN2-BH,0.007747764836170404,4.8617958375098702,"1,NH2_CN-Me-Me-C_PH2_TS,-1,NH2_minus,-1,PH2-CN-Me-Me-C_reactant",NH2_minus
W1-SN2-BH_0501_NH2_CN-Me-Me-C_PH2_TS,W1-SN2-BH,0.05728490159917000,35.9468184742516,"1,NH2_CN-Me-Me-C_PH2_TS,-1,PH2_minus,-1,NH2-CN-Me-Me-C_reactant",PH2_minus
W1-SN2-BH_0502_NH2_CN-Me-Me-C_SH_TS,W1-SN2-BH,0.07023683034707051,44.0742764709494,"1,NH2_CN-Me-Me-C_SH_TS,-1,SH_minus,-1,NH2-CN-Me-Me-C_reactant",SH_minus
W1-SN2-BH_0503_NH2_CN-Me-NH2-C_NH2_TS,W1-SN2-BH,0.02891106187109107,18.141965229334101,"1,NH2_CN-Me-NH2-C_NH2_TS,-1,NH2_minus,-1,NH2-CN-Me-NH2-C_reactant",NH2_minus
W1-SN2-BH_0504_NH2_CN-Me-NH2-C_OH_TS,W1-SN2-BH,0.007688133278202233,4.8243764699316998,"1,NH2_CN-Me-NH2-C_OH_TS,-1,NH2_minus,-1,OH-CN-Me-NH2-C_reactant",NH2_minus
W1-SN2-BH_0505_NH2_CN-Me-NH2-C_OH_TS,W1-SN2-BH,0.03470109921054317,21.775268515019398,"1,NH2_CN-Me-NH2-C_OH_TS,-1,OH_minus,-1,NH2-CN-Me-NH2-C_reactant",OH_minus
W1-SN2-BH_0506_NH2_CN-Me-NH2-C_PH2_TS,W1-SN2-BH,0.004308697007580671,2.7037481931241998,"1,NH2_CN-Me-NH2-C_PH2_TS,-1,NH2_minus,-1,PH2-CN-Me-NH2-C_reactant",NH2_minus
W1-SN2-BH_0507_NH2_CN-Me-NH2-C_PH2_TS,W1-SN2-BH,0.05968166056211558,37.450807430545602,"1,NH2_CN-Me-NH2-C_PH2_TS,-1,PH2_minus,-1,NH2-CN-Me-NH2-C_reactant",PH2_minus
W1-SN2-BH_0508_NH2_CN-Me-NH2-C_SH_TS,W1-SN2-BH,0.06910998285398725,43.367168993215401,"1,NH2_CN-Me-NH2-C_SH_TS,-1,SH_minus,-1,NH2-CN-Me-NH2-C_reactant",SH_minus
W1-SN2-BH_0509_NH2_CN-Me-OH-C_NH2_TS,W1-SN2-BH,0.03090318095185749,19.392038825976901,"1,NH2_CN-Me-OH-C_NH2_TS,-1,NH2_minus,-1,NH2-CN-Me-OH-C_reactant",NH2_minus
W1-SN2-BH_0510_NH2_CN-Me-OH-C_SH_TS,W1-SN2-BH,0.06799165130312985,42.665405349908703,"1,NH2_CN-Me-OH-C_SH_TS,-1,SH_minus,-1,NH2-CN-Me-OH-C_reactant",SH_minus
W1-SN2-BH_0511_NH2_CN-NH2-NH2-C_NH2_TS,W1-SN2-BH,0.02385155793756473,14.9670785769868,"1,NH2_CN-NH2-NH2-C_NH2_TS,-1,NH2_minus,-1,NH2-CN-NH2-NH2-C_reactant",NH2_minus
W1-SN2-BH_0512_NH2_CN-NH2-NH2-C_OH_TS,W1-SN2-BH,0.006005688237415585,3.7686262672475999,"1,NH2_CN-NH2-NH2-C_OH_TS,-1,NH2_minus,-1,OH-CN-NH2-NH2-C_reactant",NH2_minus
W1-SN2-BH_0513_NH2_CN-NH2-NH2-C_OH_TS,W1-SN2-BH,0.02960718879305795,18.5787914680187,"1,NH2_CN-NH2-NH2-C_OH_TS,-1,OH_minus,-1,NH2-CN-NH2-NH2-C_reactant",OH_minus
W1-SN2-BH_0514_NH2_CN-NH2-NH2-C_SH_TS,W1-SN2-BH,0.06704152795517774,42.069193947540199,"1,NH2_CN-NH2-NH2-C_SH_TS,-1,SH_minus,-1,NH2-CN-NH2-NH2-C_reactant",SH_minus
W1-SN2-BH_0515_NH2_CN-NH2-OH-C_NH2_TS,W1-SN2-BH,0.01266782089172639,7.9491776252927799,"1,NH2_CN-NH2-OH-C_NH2_TS,-1,NH2_minus,-1,NH2-CN-NH2-OH-C_reactant",NH2_minus
W1-SN2-BH_0516_NH2_CN-SH-SH-C_NH2_TS,W1-SN2-BH,0.003903243499797495,2.4493222756981399,"1,NH2_CN-SH-SH-C_NH2_TS,-1,NH2_minus,-1,NH2-CN-SH-SH-C_reactant",NH2_minus
W1-SN2-BH_0517_NH2_F-F-F-C_OH_TS,W1-SN2-BH,0.04498117237747169,28.2261118213289,"1,NH2_F-F-F-C_OH_TS,-1,NH2_minus,-1,OH-F-F-F-C_reactant",NH2_minus
W1-SN2-BH_0518_NH2_F-F-F-C_OH_TS,W1-SN2-BH,0.07017521751190874,44.035613833161499,"1,NH2_F-F-F-C_OH_TS,-1,OH_minus,-1,NH2-F-F-F-C_reactant",OH_minus
W1-SN2-BH_0519_NH2_F-F-H-C_NH2_TS,W1-SN2-BH,0.05780480678212950,36.273063902173199,"1,NH2_F-F-H-C_NH2_TS,-1,NH2_minus,-1,NH2-F-F-H-C_reactant",NH2_minus
W1-SN2-BH_0520_NH2_F-F-Me-C_NH2_TS,W1-SN2-BH,0.07152167328578545,44.880527587676099,"1,NH2_F-F-Me-C_NH2_TS,-1,NH2_minus,-1,NH2-F-F-Me-C_reactant",NH2_minus
W1-SN2-BH_0521_NH2_F-F-Me-C_OH_TS,W1-SN2-BH,0.05204062827476376,32.655987278610297,"1,NH2_F-F-Me-C_OH_TS,-1,NH2_minus,-1,OH-F-F-Me-C_reactant",NH2_minus
W1-SN2-BH_0522_NH2_F-F-Me-C_OH_TS,W1-SN2-BH,0.07378398603358813,46.300150270216001,"1,NH2_F-F-Me-C_OH_TS,-1,OH_minus,-1,NH2-F-F-Me-C_reactant",OH_minus
W1-SN2-BH_0523_NH2_F-F-Me-C_SH_TS,W1-SN2-BH,0.02230561655668105,13.9969857141361,"1,NH2_F-F-Me-C_SH_TS,-1,NH2_minus,-1,SH-F-F-Me-C_reactant",NH2_minus
W1-SN2-BH_0524_NH2_F-F-Me-C_SH_TS,W1-SN2-BH,0.1236440832015701,77.587833620831404,"1,NH2_F-F-Me-C_SH_TS,-1,SH_minus,-1,NH2-F-F-Me-C_reactant",SH_minus
W1-SN2-BH_0525_NH2_F-F-NH2-C_NH2_TS,W1-SN2-BH,0.05898701845601699,37.014912927885597,"1,NH2_F-F-NH2-C_NH2_TS,-1,NH2_minus,-1,NH2-F-F-NH2-C_reactant",NH2_minus
W1-SN2-BH_0526_NH2_F-F-NH2-C_OH_TS,W1-SN2-BH,0.03956488431606477,24.827339748541199,"1,NH2_F-F-NH2-C_OH_TS,-1,NH2_minus,-1,OH-F-F-NH2-C_reactant",NH2_minus
W1-SN2-BH_0527_NH2_F-F-NH2-C_OH_TS,W1-SN2-BH,0.06586243924434069,41.329304610729103,"1,NH2_F-F-NH2-C_OH_TS,-1,OH_minus,-1,NH2-F-F-NH2-C_reactant",OH_minus
W1-SN2-BH_0528_NH2_F-F-NH2-C_SH_TS,W1-SN2-BH,0.01180967674776574,7.4106840448457003,"1,NH2_F-F-NH2-C_SH_TS,-1,NH2_minus,-1,SH-F-F-NH2-C_reactant",NH2_minus
W1-SN2-BH_0529_NH2_F-F-NH2-C_SH_TS,W1-SN2-BH,0.1170031159521738,73.420563754892498,"1,NH2_F-F-NH2-C_SH_TS,-1,SH_minus,-1,NH2-F-F-NH2-C_reactant",SH_minus
W1-SN2-BH_0530_NH2_F-H-H-C_NH2_TS,W1-SN2-BH,0.05650101525631880,35.4549223675238,"1,NH2_F-H-H-C_NH2_TS,-1,NH2_minus,-1,NH2-F-H-H-C_reactant",NH2_minus
W1-SN2-BH_0531_NH2_F-H-H-C_OH_TS,W1-SN2-BH,0.02949054445899895,18.505596043300901,"1,NH2_F-H-H-C_OH_TS,-1,NH2_minus,-1,OH-F-H-H-C_reactant",NH2_minus
W1-SN2-BH_0532_NH2_F-H-H-C_OH_TS,W1-SN2-BH,0.05949878993401082,37.336054378881997,"1,NH2_F-H-H-C_OH_TS,-1,OH_minus,-1,NH2-F-H-H-C_reactant",OH_minus
W1-SN2-BH_0533_NH2_F-H-Me-C_F_TS,W1-SN2-BH,0.07000121451893429,43.926425306554698,"1,NH2_F-H-Me-C_F_TS,-1,F_minus,-1,NH2-F-H-Me-C_reactant",F_minus
W1-SN2-BH_0534_NH2_F-H-Me-C_F_TS,W1-SN2-BH,0.008044592212159440,5.0480578281042803,"1,NH2_F-H-Me-C_F_TS,-1,NH2_minus,-1,F-F-H-Me-C_reactant",NH2_minus
W1-SN2-BH_0535_NH2_F-H-Me-C_NH2_TS,W1-SN2-BH,0.06296819901169828,39.513141444531399,"1,NH2_F-H-Me-C_NH2_TS,-1,NH2_minus,-1,NH2-F-H-Me-C_reactant",NH2_minus
W1-SN2-BH_0536_NH2_F-H-Me-C_OH_TS,W1-SN2-BH,0.03537807158047680,22.200075090831699,"1,NH2_F-H-Me-C_OH_TS,-1,NH2_minus,-1,OH-F-H-Me-C_reactant",NH2_minus
W1-SN2-BH_0537_NH2_F-H-Me-C_OH_TS,W1-SN2-BH,0.06378053849756323,40.022892168067202,"1,NH2_F-H-Me-C_OH_TS,-1,OH_minus,-1,NH2-F-H-Me-C_reactant",OH_minus
W1-SN2-BH_0538_NH2_F-H-NH2-C_NH2_TS,W1-SN2-BH,0.04681209050324849,29.3750302914877,"1,NH2_F-H-NH2-C_NH2_TS,-1,NH2_minus,-1,NH2-F-H-NH2-C_reactant",NH2_minus
W1-SN2-BH_0539_NH2_F-H-NH2-C_OH_TS,W1-SN2-BH,0.02923079978309544,18.342603798334,"1,NH2_F-H-NH2-C_OH_TS,-1,NH2_minus,-1,OH-F-H-NH2-C_reactant",NH2_minus
W1-SN2-BH_0540_NH2_F-H-NH2-C_OH_TS,W1-SN2-BH,0.05070210589890998,31.816051806516601,"1,NH2_F-H-NH2-C_OH_TS,-1,OH_minus,-1,NH2-F-H-NH2-C_reactant",OH_minus
W1-SN2-BH_0541_NH2_F-H-NH2-C_PH2_TS,W1-SN2-BH,0.02111375338191965,13.2490802801864,"1,NH2_F-H-NH2-C_PH2_TS,-1,NH2_minus,-1,PH2-F-H-NH2-C_reactant",NH2_minus
W1-SN2-BH_0542_NH2_F-H-NH2-C_PH2_TS,W1-SN2-BH,0.08339380976363339,52.330405704895803,"1,NH2_F-H-NH2-C_PH2_TS,-1,PH2_minus,-1,NH2-F-H-NH2-C_reactant",PH2_minus
W1-SN2-BH_0543_NH2_F-Me-Me-C_NH2_TS,W1-SN2-BH,0.06704061729120689,42.068622497270802,"1,NH2_F-Me-Me-C_NH2_TS,-1,NH2_minus,-1,NH2-F-Me-Me-C_reactant",NH2_minus
W1-SN2-BH_0544_NH2_F-Me-Me-C_OH_TS,W1-SN2-BH,0.05077985206788574,31.864838264121001,"1,NH2_F-Me-Me-C_OH_TS,-1,NH2_minus,-1,OH-F-Me-Me-C_reactant",NH2_minus
W1-SN2-BH_0545_NH2_F-Me-Me-C_OH_TS,W1-SN2-BH,0.07100544996480891,44.556592563031003,"1,NH2_F-Me-Me-C_OH_TS,-1,OH_minus,-1,NH2-F-Me-Me-C_reactant",OH_minus
W1-SN2-BH_0546_NH2_F-Me-Me-C_SH_TS,W1-SN2-BH,0.01491903942846920,9.3618385852853603,"1,NH2_F-Me-Me-C_SH_TS,-1,NH2_minus,-1,SH-F-Me-Me-C_reactant",NH2_minus
W1-SN2-BH_0547_NH2_F-Me-Me-C_SH_TS,W1-SN2-BH,0.1080294093950950,67.789477872863401,"1,NH2_F-Me-Me-C_SH_TS,-1,SH_minus,-1,NH2-F-Me-Me-C_reactant",SH_minus
W1-SN2-BH_0548_NH2_F-Me-NH2-C_NH2_TS,W1-SN2-BH,0.06429874440853231,40.3480712867158,"1,NH2_F-Me-NH2-C_NH2_TS,-1,NH2_minus,-1,NH2-F-Me-NH2-C_reactant",NH2_minus
W1-SN2-BH_0549_NH2_F-Me-NH2-C_PH2_TS,W1-SN2-BH,0.03572881206837303,22.420168069924099,"1,NH2_F-Me-NH2-C_PH2_TS,-1,NH2_minus,-1,PH2-F-Me-NH2-C_reactant",NH2_minus
W1-SN2-BH_0550_NH2_F-Me-NH2-C_PH2_TS,W1-SN2-BH,0.09954374161599764,62.464640947727801,"1,NH2_F-Me-NH2-C_PH2_TS,-1,PH2_minus,-1,NH2-F-Me-NH2-C_reactant",PH2_minus
W1-SN2-BH_0551_NH2_F-Me-NH2-C_SH_TS,W1-SN2-BH,0.01156655869189868,7.2581251614733198,"1,NH2_F-Me-NH2-C_SH_TS,-1,NH2_minus,-1,SH-F-Me-NH2-C_reactant",NH2_minus
W1-SN2-BH_0552_NH2_F-Me-NH2-C_SH_TS,W1-SN2-BH,0.1067339352233141,66.976555556666796,"1,NH2_F-Me-NH2-C_SH_TS,-1,SH_minus,-1,NH2-F-Me-NH2-C_reactant",SH_minus
W1-SN2-BH_0553_NH2_F-NH2-NH2-C_F_TS,W1-SN2-BH,0.06725133873919908,42.200852202274199,"1,NH2_F-NH2-NH2-C_F_TS,-1,F_minus,-1,NH2-F-NH2-NH2-C_reactant",F_minus
W1-SN2-BH_0554_NH2_F-NH2-NH2-C_F_TS,W1-SN2-BH,0.01019216728400181,6.3956815319471101,"1,NH2_F-NH2-NH2-C_F_TS,-1,NH2_minus,-1,F-F-NH2-NH2-C_reactant",NH2_minus
W1-SN2-BH_0555_NH2_F-NH2-NH2-C_NH2_TS,W1-SN2-BH,0.05776693033918768,36.249296075383398,"1,NH2_F-NH2-NH2-C_NH2_TS,-1,NH2_minus,-1,NH2-F-NH2-NH2-C_reactant",NH2_minus
W1-SN2-BH_0556_NH2_H-H-H-C_F_TS,W1-SN2-BH,0.05741095935220744,36.025920908561702,"1,NH2_H-H-H-C_F_TS,-1,F_minus,-1,NH2-H-H-H-C_reactant",F_minus
W1-SN2-BH_0557_NH2_H-H-H-C_NH2_TS,W1-SN2-BH,0.04669940496329935,29.3043190475797,"1,NH2_H-H-H-C_NH2_TS,-1,NH2_minus,-1,NH2-H-H-H-C_reactant",NH2_minus
W1-SN2-BH_0558_NH2_H-H-H-C_PH2_TS,W1-SN2-BH,0.02579205957041331,16.184761736034201,"1,NH2_H-H-H-C_PH2_TS,-1,NH2_minus,-1,PH2-H-H-H-C_reactant",NH2_minus
W1-SN2-BH_0559_NH2_H-H-H-C_PH2_TS,W1-SN2-BH,0.06846587786213169,42.962987008534697,"1,NH2_H-H-H-C_PH2_TS,-1,PH2_minus,-1,NH2-H-H-H-C_reactant",PH2_minus
W1-SN2-BH_0560_NH2_H-H-Me-C_NH2_TS,W1-SN2-BH,0.04960442862100925,31.1272489151701,"1,NH2_H-H-Me-C_NH2_TS,-1,NH2_minus,-1,NH2-H-H-Me-C_reactant",NH2_minus
W1-SN2-BH_0561_NH2_H-H-Me-C_OH_TS,W1-SN2-BH,0.02588249009541028,16.2415077472143,"1,NH2_H-H-Me-C_OH_TS,-1,NH2_minus,-1,OH-H-H-Me-C_reactant",NH2_minus
W1-SN2-BH_0562_NH2_H-H-Me-C_OH_TS,W1-SN2-BH,0.05392763544558080,33.840102155922999,"1,NH2_H-H-Me-C_OH_TS,-1,OH_minus,-1,NH2-H-H-Me-C_reactant",OH_minus
W1-SN2-BH_0563_NH2_H-H-NH2-C_NH2_TS,W1-SN2-BH,0.04252397396571568,26.684196538299201,"1,NH2_H-H-NH2-C_NH2_TS,-1,NH2_minus,-1,NH2-H-H-NH2-C_reactant",NH2_minus
W1-SN2-BH_0564_NH2_H-H-NH2-C_PH2_TS,W1-SN2-BH,0.01910371347709111,11.9877611966616,"1,NH2_H-H-NH2-C_PH2_TS,-1,NH2_minus,-1,PH2-H-H-NH2-C_reactant",NH2_minus
W1-SN2-BH_0565_NH2_H-H-NH2-C_PH2_TS,W1-SN2-BH,0.07176478558079944,45.033082856058599,"1,NH2_H-H-NH2-C_PH2_TS,-1,PH2_minus,-1,NH2-H-H-NH2-C_reactant",PH2_minus
W1-SN2-BH_0566_NH2_H-H-NH2-C_SH_TS,W1-SN2-BH,0.08102250063476903,50.842386760601102,"1,NH2_H-H-NH2-C_SH_TS,-1,SH_minus,-1,NH2-H-H-NH2-C_reactant",SH_minus
W1-SN2-BH_0567_NH2_H-H-OH-C_NH2_TS,W1-SN2-BH,0.03814199566116517,23.934463637054801,"1,NH2_H-H-OH-C_NH2_TS,-1,NH2_minus,-1,NH2-H-H-OH-C_reactant",NH2_minus
W1-SN2-BH_0568_NH2_H-Me-Me-C_NH2_TS,W1-SN2-BH,0.05409158947056251,33.942984859909799,"1,NH2_H-Me-Me-C_NH2_TS,-1,NH2_minus,-1,NH2-H-Me-Me-C_reactant",NH2_minus
W1-SN2-BH_0569_NH2_H-Me-NH2-C_NH2_TS,W1-SN2-BH,0.05008413176497012,31.428267182743401,"1,NH2_H-Me-NH2-C_NH2_TS,-1,NH2_minus,-1,NH2-H-Me-NH2-C_reactant",NH2_minus
W1-SN2-BH_0570_NH2_H-Me-NH2-C_PH2_TS,W1-SN2-BH,0.02086398061289236,13.0923455012588,"1,NH2_H-Me-NH2-C_PH2_TS,-1,NH2_minus,-1,PH2-H-Me-NH2-C_reactant",NH2_minus
W1-SN2-BH_0571_NH2_H-Me-NH2-C_PH2_TS,W1-SN2-BH,0.07818472097913448,49.061653141386898,"1,NH2_H-Me-NH2-C_PH2_TS,-1,PH2_minus,-1,NH2-H-Me-NH2-C_reactant",PH2_minus
W1-SN2-BH_0572_NH2_H-Me-OH-C_NH2_TS,W1-SN2-BH,0.04940407055702302,31.001522331813799,"1,NH2_H-Me-OH-C_NH2_TS,-1,NH2_minus,-1,NH2-H-Me-OH-C_reactant",NH2_minus
W1-SN2-BH_0573_NH2_H-NH2-NH2-C_NH2_TS,W1-SN2-BH,0.04659408228130658,29.2382280667955,"1,NH2_H-NH2-NH2-C_NH2_TS,-1,NH2_minus,-1,NH2-H-NH2-NH2-C_reactant",NH2_minus
W1-SN2-BH_0574_NH2_Me-Me-Me-C_F_TS,W1-SN2-BH,0.07215189284075688,45.275996329160499,"1,NH2_Me-Me-Me-C_F_TS,-1,F_minus,-1,NH2-Me-Me-Me-C_reactant",F_minus
W1-SN2-BH_0575_NH2_Me-Me-Me-C_F_TS,W1-SN2-BH,0.01788291651123260,11.221699534677899,"1,NH2_Me-Me-Me-C_F_TS,-1,NH2_minus,-1,F-Me-Me-Me-C_reactant",NH2_minus
W1-SN2-BH_0576_NH2_Me-Me-Me-C_NH2_TS,W1-SN2-BH,0.06554299025242771,41.1288473418238,"1,NH2_Me-Me-Me-C_NH2_TS,-1,NH2_minus,-1,NH2-Me-Me-Me-C_reactant",NH2_minus
W1-SN2-BH_0577_NH2_Me-Me-Me-C_PH2_TS,W1-SN2-BH,0.04091175174583128,25.672511821026699,"1,NH2_Me-Me-Me-C_PH2_TS,-1,NH2_minus,-1,PH2-Me-Me-Me-C_reactant",NH2_minus
W1-SN2-BH_0578_NH2_Me-Me-Me-C_PH2_TS,W1-SN2-BH,0.09288418660467445,58.285707085078101,"1,NH2_Me-Me-Me-C_PH2_TS,-1,PH2_minus,-1,NH2-Me-Me-Me-C_reactant",PH2_minus
W1-SN2-BH_0579_NH2_Me-Me-Me-C_SH_TS,W1-SN2-BH,0.01927884975997893,12.0976608734259,"1,NH2_Me-Me-Me-C_SH_TS,-1,NH2_minus,-1,SH-Me-Me-Me-C_reactant",NH2_minus
W1-SN2-BH_0580_NH2_Me-Me-Me-C_SH_TS,W1-SN2-BH,0.1020771672117134,64.054389510873406,"1,NH2_Me-Me-Me-C_SH_TS,-1,SH_minus,-1,NH2-Me-Me-Me-C_reactant",SH_minus
W1-SN2-BH_0581_NH2_Me-Me-NH2-C_NH2_TS,W1-SN2-BH,0.05849968147808295,36.709104357170702,"1,NH2_Me-Me-NH2-C_NH2_TS,-1,NH2_minus,-1,NH2-Me-Me-NH2-C_reactant",NH2_minus
W1-SN2-BH_0582_NH2_Me-Me-NH2-C_OH_TS,W1-SN2-BH,0.03676851500432327,23.072591512444099,"1,NH2_Me-Me-NH2-C_OH_TS,-1,NH2_minus,-1,OH-Me-Me-NH2-C_reactant",NH2_minus
W1-SN2-BH_0583_NH2_Me-Me-NH2-C_OH_TS,W1-SN2-BH,0.05946562727006066,37.3152444930681,"1,NH2_Me-Me-NH2-C_OH_TS,-1,OH_minus,-1,NH2-Me-Me-NH2-C_reactant",OH_minus
W1-SN2-BH_0584_NH2_Me-Me-NH2-C_PH2_TS,W1-SN2-BH,0.03448826268851168,21.641711581018001,"1,NH2_Me-Me-NH2-C_PH2_TS,-1,NH2_minus,-1,PH2-Me-Me-NH2-C_reactant",NH2_minus
W1-SN2-BH_0585_NH2_Me-Me-NH2-C_PH2_TS,W1-SN2-BH,0.09073494979995127,56.937040628109202,"1,NH2_Me-Me-NH2-C_PH2_TS,-1,PH2_minus,-1,NH2-Me-Me-NH2-C_reactant",PH2_minus
W1-SN2-BH_0586_NH2_Me-NH2-NH2-C_NH2_TS,W1-SN2-BH,0.05745541495618688,36.053817221233999,"1,NH2_Me-NH2-NH2-C_NH2_TS,-1,NH2_minus,-1,NH2-Me-NH2-NH2-C_reactant",NH2_minus
W1-SN2-BH_0587_NH2_Me-OH-SH-C_PH2_TS,W1-SN2-BH,0.02438547602462569,15.302117234991201,"1,NH2_Me-OH-SH-C_PH2_TS,-1,NH2_minus,-1,PH2-Me-OH-SH-C_reactant",NH2_minus
W1-SN2-BH_0588_NH2_Me-OH-SH-C_PH2_TS,W1-SN2-BH,0.08291543188575594,52.030219054345501,"1,NH2_Me-OH-SH-C_PH2_TS,-1,PH2_minus,-1,NH2-Me-OH-SH-C_reactant",PH2_minus
W1-SN2-BH_0589_NH2_Me-SH-SH-C_NH2_TS,W1-SN2-BH,0.03617551416232375,22.700477865962,"1,NH2_Me-SH-SH-C_NH2_TS,-1,NH2_minus,-1,NH2-Me-SH-SH-C_reactant",NH2_minus
W1-SN2-BH_0590_NH2_NH2-NH2-NH2-C_NH2_TS,W1-SN2-BH,0.05315350431368246,33.354327536489599,"1,NH2_NH2-NH2-NH2-C_NH2_TS,-1,NH2_minus,-1,NH2-NH2-NH2-NH2-C_reactant",NH2_minus
W1-SN2-BH_0591_NH2_NH2-NH2-NH2-C_OH_TS,W1-SN2-BH,0.03577998393244017,22.4522788994317,"1,NH2_NH2-NH2-NH2-C_OH_TS,-1,NH2_minus,-1,OH-NH2-NH2-NH2-C_reactant",NH2_minus
W1-SN2-BH_0592_NH2_NH2-NH2-NH2-C_OH_TS,W1-SN2-BH,0.05431091615855186,34.080614434537999,"1,NH2_NH2-NH2-NH2-C_OH_TS,-1,OH_minus,-1,NH2-NH2-NH2-NH2-C_reactant",OH_minus
W1-SN2-BH_0593_NH2_NH2-NH2-OH-C_NH2_TS,W1-SN2-BH,0.06297850593668895,39.519609137611504,"1,NH2_NH2-NH2-OH-C_NH2_TS,-1,NH2_minus,-1,NH2-NH2-NH2-OH-C_reactant",NH2_minus
W1-SN2-BH_0594_NH2_NH2-NH2-SH-C_NH2_TS,W1-SN2-BH,0.03967514732402223,24.8965308306732,"1,NH2_NH2-NH2-SH-C_NH2_TS,-1,NH2_minus,-1,NH2-NH2-NH2-SH-C_reactant",NH2_minus
W1-SN2-BH_0595_NH2_NH2-OH-SH-C_PH2_TS,W1-SN2-BH,0.01477628828649020,9.2722608912602098,"1,NH2_NH2-OH-SH-C_PH2_TS,-1,NH2_minus,-1,PH2-NH2-OH-SH-C_reactant",NH2_minus
W1-SN2-BH_0596_NH2_NH2-OH-SH-C_PH2_TS,W1-SN2-BH,0.07620416650736355,47.8188364464526,"1,NH2_NH2-OH-SH-C_PH2_TS,-1,PH2_minus,-1,NH2-NH2-OH-SH-C_reactant",PH2_minus
W1-SN2-BH_0597_NH2_SH-SH-SH-C_NH2_TS,W1-SN2-BH,0.01998577341991238,12.5412621674735,"1,NH2_SH-SH-SH-C_NH2_TS,-1,NH2_minus,-1,NH2-SH-SH-SH-C_reactant",NH2_minus
W1-SN2-BH_0598_OH_Br-Br-CN-C_SH_TS,W1-SN2-BH,0.04773561563772292,29.9545510629058,"1,OH_Br-Br-CN-C_SH_TS,-1,SH_minus,-1,OH-Br-Br-CN-C_reactant",SH_minus
W1-SN2-BH_0599_OH_Br-Br-H-C_SH_TS,W1-SN2-BH,0.006598875370646422,4.1408568132422801,"1,OH_Br-Br-H-C_SH_TS,-1,OH_minus,-1,SH-Br-Br-H-C_reactant",OH_minus
W1-SN2-BH_0600_OH_Br-Br-H-C_SH_TS,W1-SN2-BH,0.07021743869539614,44.062108025805998,"1,OH_Br-Br-H-C_SH_TS,-1,SH_minus,-1,OH-Br-Br-H-C_reactant",SH_minus
W1-SN2-BH_0601_OH_Br-CCH-Cl-C_SH_TS,W1-SN2-BH,0.007675427651203224,4.8164035686159101,"1,OH_Br-CCH-Cl-C_SH_TS,-1,OH_minus,-1,SH-Br-CCH-Cl-C_reactant",OH_minus
W1-SN2-BH_0602_OH_Br-CCH-Cl-C_SH_TS,W1-SN2-BH,0.07224580255298152,45.334925563288003,"1,OH_Br-CCH-Cl-C_SH_TS,-1,SH_minus,-1,OH-Br-CCH-Cl-C_reactant",SH_minus
W1-SN2-BH_0603_OH_Br-CCH-H-C_PH2_TS,W1-SN2-BH,0.02580779646509341,16.1946367865383,"1,OH_Br-CCH-H-C_PH2_TS,-1,OH_minus,-1,PH2-Br-CCH-H-C_reactant",OH_minus
W1-SN2-BH_0604_OH_Br-CCH-H-C_PH2_TS,W1-SN2-BH,0.04699876894738147,29.4921727837845,"1,OH_Br-CCH-H-C_PH2_TS,-1,PH2_minus,-1,OH-Br-CCH-H-C_reactant",PH2_minus
W1-SN2-BH_0605_OH_Br-CCH-H-C_SH_TS,W1-SN2-BH,0.0008799458045384291,0.55217432900994101,"1,OH_Br-CCH-H-C_SH_TS,-1,OH_minus,-1,SH-Br-CCH-H-C_reactant",OH_minus
W1-SN2-BH_0606_OH_Br-CCH-H-C_SH_TS,W1-SN2-BH,0.06005119997085824,37.682696910571302,"1,OH_Br-CCH-H-C_SH_TS,-1,SH_minus,-1,OH-Br-CCH-H-C_reactant",SH_minus
W1-SN2-BH_0607_OH_Br-CCH-Me-C_F_TS,W1-SN2-BH,0.04019069172550766,25.220039826905499,"1,OH_Br-CCH-Me-C_F_TS,-1,F_minus,-1,OH-Br-CCH-Me-C_reactant",F_minus
W1-SN2-BH_0608_OH_Br-CCH-Me-C_F_TS,W1-SN2-BH,0.0009248677228222213,0.58036325832610902,"1,OH_Br-CCH-Me-C_F_TS,-1,OH_minus,-1,F-Br-CCH-Me-C_reactant",OH_minus
W1-SN2-BH_0609_OH_Br-CCH-Me-C_PH2_TS,W1-SN2-BH,0.02982225091973546,18.713744990020999,"1,OH_Br-CCH-Me-C_PH2_TS,-1,OH_minus,-1,PH2-Br-CCH-Me-C_reactant",OH_minus
W1-SN2-BH_0610_OH_Br-CCH-Me-C_PH2_TS,W1-SN2-BH,0.05488598100640182,34.441473074764502,"1,OH_Br-CCH-Me-C_PH2_TS,-1,PH2_minus,-1,OH-Br-CCH-Me-C_reactant",PH2_minus
W1-SN2-BH_0611_OH_Br-CCH-Me-C_SH_TS,W1-SN2-BH,0.007124958329961588,4.4709788543556996,"1,OH_Br-CCH-Me-C_SH_TS,-1,OH_minus,-1,SH-Br-CCH-Me-C_reactant",OH_minus
W1-SN2-BH_0612_OH_Br-CCH-Me-C_SH_TS,W1-SN2-BH,0.07036431905973616,44.154276845983198,"1,OH_Br-CCH-Me-C_SH_TS,-1,SH_minus,-1,OH-Br-CCH-Me-C_reactant",SH_minus
W1-SN2-BH_0613_OH_Br-CCH-NH2-C_F_TS,W1-SN2-BH,0.03315020826842994,20.802069755604698,"1,OH_Br-CCH-NH2-C_F_TS,-1,F_minus,-1,OH-Br-CCH-NH2-C_reactant",F_minus
W1-SN2-BH_0614_OH_Br-CCH-NH2-C_PH2_TS,W1-SN2-BH,0.02647333623014946,16.6122692944767,"1,OH_Br-CCH-NH2-C_PH2_TS,-1,OH_minus,-1,PH2-Br-CCH-NH2-C_reactant",OH_minus
W1-SN2-BH_0615_OH_Br-CCH-NH2-C_PH2_TS,W1-SN2-BH,0.05231720653338516,32.829542756215098,"1,OH_Br-CCH-NH2-C_PH2_TS,-1,PH2_minus,-1,OH-Br-CCH-NH2-C_reactant",PH2_minus
W1-SN2-BH_0616_OH_Br-CCH-NH2-C_SH_TS,W1-SN2-BH,0.002123517451550661,1.33252731918637,"1,OH_Br-CCH-NH2-C_SH_TS,-1,OH_minus,-1,SH-Br-CCH-NH2-C_reactant",OH_minus
W1-SN2-BH_0617_OH_Br-CCH-NH2-C_SH_TS,W1-SN2-BH,0.06539959223052318,41.038863724516801,"1,OH_Br-CCH-NH2-C_SH_TS,-1,SH_minus,-1,OH-Br-CCH-NH2-C_reactant",SH_minus
W1-SN2-BH_0618_OH_Br-CCH-OH-C_PH2_TS,W1-SN2-BH,0.01628011635802972,10.2159272535133,"1,OH_Br-CCH-OH-C_PH2_TS,-1,OH_minus,-1,PH2-Br-CCH-OH-C_reactant",OH_minus
W1-SN2-BH_0619_OH_Br-CCH-OH-C_PH2_TS,W1-SN2-BH,0.04790419023238738,30.060333218144098,"1,OH_Br-CCH-OH-C_PH2_TS,-1,PH2_minus,-1,OH-Br-CCH-OH-C_reactant",PH2_minus
W1-SN2-BH_0620_OH_Br-CCH-OH-C_SH_TS,W1-SN2-BH,0.06279847233195752,39.406636344992798,"1,OH_Br-CCH-OH-C_SH_TS,-1,SH_minus,-1,OH-Br-CCH-OH-C_reactant",SH_minus
W1-SN2-BH_0621_OH_Br-Cl-H-C_SH_TS,W1-SN2-BH,0.007007802065550261,4.3974621884917502,"1,OH_Br-Cl-H-C_SH_TS,-1,OH_minus,-1,SH-Br-Cl-H-C_reactant",OH_minus
W1-SN2-BH_0622_OH_Br-Cl-H-C_SH_TS,W1-SN2-BH,0.07210590002025820,45.247135398558697,"1,OH_Br-Cl-H-C_SH_TS,-1,SH_minus,-1,OH-Br-Cl-H-C_reactant",SH_minus
W1-SN2-BH_0623_OH_Br-CN-Cl-C_SH_TS,W1-SN2-BH,0.05164305637098560,32.406507142368199,"1,OH_Br-CN-Cl-C_SH_TS,-1,SH_minus,-1,OH-Br-CN-Cl-C_reactant",SH_minus
W1-SN2-BH_0624_OH_Br-CN-F-C_F_TS,W1-SN2-BH,0.01904353747376658,11.9500001844642,"1,OH_Br-CN-F-C_F_TS,-1,F_minus,-1,OH-Br-CN-F-C_reactant",F_minus
W1-SN2-BH_0625_OH_Br-CN-H-C_SH_TS,W1-SN2-BH,0.04410763343059743,27.677957856202202,"1,OH_Br-CN-H-C_SH_TS,-1,SH_minus,-1,OH-Br-CN-H-C_reactant",SH_minus
W1-SN2-BH_0626_OH_Br-CN-Me-C_OH_TS,W1-SN2-BH,0.01072594911858150,6.7306346902286496,"1,OH_Br-CN-Me-C_OH_TS,-1,OH_minus,-1,OH-Br-CN-Me-C_reactant",OH_minus
W1-SN2-BH_0627_OH_Br-CN-Me-C_PH2_TS,W1-SN2-BH,0.01622340815829946,10.180342320925501,"1,OH_Br-CN-Me-C_PH2_TS,-1,OH_minus,-1,PH2-Br-CN-Me-C_reactant",OH_minus
W1-SN2-BH_0628_OH_Br-CN-Me-C_PH2_TS,W1-SN2-BH,0.03876036522225563,24.322496395111301,"1,OH_Br-CN-Me-C_PH2_TS,-1,PH2_minus,-1,OH-Br-CN-Me-C_reactant",PH2_minus
W1-SN2-BH_0629_OH_Br-CN-NH2-C_PH2_TS,W1-SN2-BH,0.01083568241602003,6.7994933739915098,"1,OH_Br-CN-NH2-C_PH2_TS,-1,OH_minus,-1,PH2-Br-CN-NH2-C_reactant",OH_minus
W1-SN2-BH_0630_OH_Br-CN-NH2-C_PH2_TS,W1-SN2-BH,0.03490105903360121,21.900745198420299,"1,OH_Br-CN-NH2-C_PH2_TS,-1,PH2_minus,-1,OH-Br-CN-NH2-C_reactant",PH2_minus
W1-SN2-BH_0631_OH_Br-CN-NH2-C_SH_TS,W1-SN2-BH,0.04725041386361745,29.650082352822398,"1,OH_Br-CN-NH2-C_SH_TS,-1,SH_minus,-1,OH-Br-CN-NH2-C_reactant",SH_minus
W1-SN2-BH_0632_OH_Br-CN-OH-C_PH2_TS,W1-SN2-BH,0.001768200029623133,1.1095622706271699,"1,OH_Br-CN-OH-C_PH2_TS,-1,OH_minus,-1,PH2-Br-CN-OH-C_reactant",OH_minus
W1-SN2-BH_0633_OH_Br-CN-OH-C_PH2_TS,W1-SN2-BH,0.03174117386605805,19.917887318835501,"1,OH_Br-CN-OH-C_PH2_TS,-1,PH2_minus,-1,OH-Br-CN-OH-C_reactant",PH2_minus
W1-SN2-BH_0634_OH_Br-F-H-C_SH_TS,W1-SN2-BH,0.006319457741302631,3.9655196036087998,"1,OH_Br-F-H-C_SH_TS,-1,OH_minus,-1,SH-Br-F-H-C_reactant",OH_minus
W1-SN2-BH_0635_OH_Br-F-H-C_SH_TS,W1-SN2-BH,0.07798968619533950,48.939266966783698,"1,OH_Br-F-H-C_SH_TS,-1,SH_minus,-1,OH-Br-F-H-C_reactant",SH_minus
W1-SN2-BH_0636_OH_Br-F-Me-C_SH_TS,W1-SN2-BH,0.01851132734005038,11.616033283364899,"1,OH_Br-F-Me-C_SH_TS,-1,OH_minus,-1,SH-Br-F-Me-C_reactant",OH_minus
W1-SN2-BH_0637_OH_Br-F-Me-C_SH_TS,W1-SN2-BH,0.09203096883250028,57.7503048495998,"1,OH_Br-F-Me-C_SH_TS,-1,SH_minus,-1,OH-Br-F-Me-C_reactant",SH_minus
W1-SN2-BH_0638_OH_Br-F-NH2-C_SH_TS,W1-SN2-BH,0.007872532664013840,4.9400888315399003,"1,OH_Br-F-NH2-C_SH_TS,-1,OH_minus,-1,SH-Br-F-NH2-C_reactant",OH_minus
W1-SN2-BH_0639_OH_Br-F-NH2-C_SH_TS,W1-SN2-BH,0.08172837594198767,51.285330203388,"1,OH_Br-F-NH2-C_SH_TS,-1,SH_minus,-1,OH-Br-F-NH2-C_reactant",SH_minus
W1-SN2-BH_0640_OH_Br-H-H-C_F_TS,W1-SN2-BH,0.03488642394735759,21.891561543148701,"1,OH_Br-H-H-C_F_TS,-1,F_minus,-1,OH-Br-H-H-C_reactant",F_minus
W1-SN2-BH_0641_OH_Br-H-H-C_PH2_TS,W1-SN2-BH,0.03109813503038969,19.514374357263101,"1,OH_Br-H-H-C_PH2_TS,-1,OH_minus,-1,PH2-Br-H-H-C_reactant",OH_minus
W1-SN2-BH_0642_OH_Br-H-H-C_PH2_TS,W1-SN2-BH,0.05343641294129316,33.5318553806095,"1,OH_Br-H-H-C_PH2_TS,-1,PH2_minus,-1,OH-Br-H-H-C_reactant",PH2_minus
W1-SN2-BH_0643_OH_Br-H-H-C_SH_TS,W1-SN2-BH,0.004803948792385979,3.0145233801361901,"1,OH_Br-H-H-C_SH_TS,-1,OH_minus,-1,SH-Br-H-H-C_reactant",OH_minus
W1-SN2-BH_0644_OH_Br-H-H-C_SH_TS,W1-SN2-BH,0.06230516049082447,39.097078491014301,"1,OH_Br-H-H-C_SH_TS,-1,SH_minus,-1,OH-Br-H-H-C_reactant",SH_minus
W1-SN2-BH_0645_OH_Br-H-Me-C_OH_TS,W1-SN2-BH,0.03331640235029812,20.906358116510201,"1,OH_Br-H-Me-C_OH_TS,-1,OH_minus,-1,OH-Br-H-Me-C_reactant",OH_minus
W1-SN2-BH_0646_OH_Br-H-NH2-C_F_TS,W1-SN2-BH,0.03216016539858551,20.1808084750487,"1,OH_Br-H-NH2-C_F_TS,-1,F_minus,-1,OH-Br-H-NH2-C_reactant",F_minus
W1-SN2-BH_0647_OH_Br-H-OH-C_PH2_TS,W1-SN2-BH,0.02337415901767196,14.6675062318466,"1,OH_Br-H-OH-C_PH2_TS,-1,OH_minus,-1,PH2-Br-H-OH-C_reactant",OH_minus
W1-SN2-BH_0648_OH_Br-H-OH-C_PH2_TS,W1-SN2-BH,0.05765915913946170,36.1816686265242,"1,OH_Br-H-OH-C_PH2_TS,-1,PH2_minus,-1,OH-Br-H-OH-C_reactant",PH2_minus
W1-SN2-BH_0649_OH_Br-Me-Me-C_OH_TS,W1-SN2-BH,0.04693532054790073,29.4523583119962,"1,OH_Br-Me-Me-C_OH_TS,-1,OH_minus,-1,OH-Br-Me-Me-C_reactant",OH_minus
W1-SN2-BH_0650_OH_Br-Me-Me-C_PH2_TS,W1-SN2-BH,0.04580221141617215,28.741321596689101,"1,OH_Br-Me-Me-C_PH2_TS,-1,OH_minus,-1,PH2-Br-Me-Me-C_reactant",OH_minus
W1-SN2-BH_0651_OH_Br-Me-Me-C_PH2_TS,W1-SN2-BH,0.07478532303660494,46.928498726339001,"1,OH_Br-Me-Me-C_PH2_TS,-1,PH2_minus,-1,OH-Br-Me-Me-C_reactant",PH2_minus
W1-SN2-BH_0652_OH_Br-Me-OH-C_PH2_TS,W1-SN2-BH,0.03175855201560676,19.928792272319001,"1,OH_Br-Me-OH-C_PH2_TS,-1,OH_minus,-1,PH2-Br-Me-OH-C_reactant",OH_minus
W1-SN2-BH_0653_OH_Br-Me-OH-C_PH2_TS,W1-SN2-BH,0.06973859234839392,43.761627406441598,"1,OH_Br-Me-OH-C_PH2_TS,-1,PH2_minus,-1,OH-Br-Me-OH-C_reactant",PH2_minus
W1-SN2-BH_0654_OH_Br-NH2-OH-C_F_TS,W1-SN2-BH,0.03649025779210700,22.897982475551999,"1,OH_Br-NH2-OH-C_F_TS,-1,F_minus,-1,OH-Br-NH2-OH-C_reactant",F_minus
W1-SN2-BH_0655_OH_Br-NH2-OH-C_F_TS,W1-SN2-BH,0.003615062046356163,2.26848568341443,"1,OH_Br-NH2-OH-C_F_TS,-1,OH_minus,-1,F-Br-NH2-OH-C_reactant",OH_minus
W1-SN2-BH_0656_OH_Br-NH2-OH-C_PH2_TS,W1-SN2-BH,0.02936919980698140,18.429451124532999,"1,OH_Br-NH2-OH-C_PH2_TS,-1,OH_minus,-1,PH2-Br-NH2-OH-C_reactant",OH_minus
W1-SN2-BH_0657_OH_Br-NH2-OH-C_PH2_TS,W1-SN2-BH,0.06198617573558893,38.896912535022302,"1,OH_Br-NH2-OH-C_PH2_TS,-1,PH2_minus,-1,OH-Br-NH2-OH-C_reactant",PH2_minus
W1-SN2-BH_0658_OH_Br-NH2-SH-C_PH2_TS,W1-SN2-BH,0.02307670061550061,14.480848266344401,"1,OH_Br-NH2-SH-C_PH2_TS,-1,OH_minus,-1,PH2-Br-NH2-SH-C_reactant",OH_minus
W1-SN2-BH_0659_OH_Br-NH2-SH-C_PH2_TS,W1-SN2-BH,0.04998153408948733,31.363886169361098,"1,OH_Br-NH2-SH-C_PH2_TS,-1,PH2_minus,-1,OH-Br-NH2-SH-C_reactant",PH2_minus
W1-SN2-BH_0660_OH_Br-SH-SH-C_PH2_TS,W1-SN2-BH,0.01116524369378161,7.0062961980712402,"1,OH_Br-SH-SH-C_PH2_TS,-1,OH_minus,-1,PH2-Br-SH-SH-C_reactant",OH_minus
W1-SN2-BH_0661_OH_Br-SH-SH-C_PH2_TS,W1-SN2-BH,0.03884085961427037,24.3730073887095,"1,OH_Br-SH-SH-C_PH2_TS,-1,PH2_minus,-1,OH-Br-SH-SH-C_reactant",PH2_minus
W1-SN2-BH_0662_OH_CCH-CCH-H-C_F_TS,W1-SN2-BH,0.02101573847288720,13.187574996169101,"1,OH_CCH-CCH-H-C_F_TS,-1,F_minus,-1,OH-CCH-CCH-H-C_reactant",F_minus
W1-SN2-BH_0663_OH_CCH-CCH-H-C_OH_TS,W1-SN2-BH,0.01069342068297392,6.7102227887084398,"1,OH_CCH-CCH-H-C_OH_TS,-1,OH_minus,-1,OH-CCH-CCH-H-C_reactant",OH_minus
W1-SN2-BH_0664_OH_CCH-CCH-H-C_SH_TS,W1-SN2-BH,0.04503811424355753,28.2618433817686,"1,OH_CCH-CCH-H-C_SH_TS,-1,SH_minus,-1,OH-CCH-CCH-H-C_reactant",SH_minus
W1-SN2-BH_0665_OH_CCH-Cl-Cl-C_F_TS,W1-SN2-BH,0.04060253136300231,25.478473101228101,"1,OH_CCH-Cl-Cl-C_F_TS,-1,F_minus,-1,OH-CCH-Cl-Cl-C_reactant",F_minus
W1-SN2-BH_0666_OH_CCH-Cl-Cl-C_SH_TS,W1-SN2-BH,0.009832554039042295,6.1700208137364401,"1,OH_CCH-Cl-Cl-C_SH_TS,-1,OH_minus,-1,SH-CCH-Cl-Cl-C_reactant",OH_minus
W1-SN2-BH_0667_OH_CCH-Cl-Cl-C_SH_TS,W1-SN2-BH,0.07545773792949796,47.3504454421305,"1,OH_CCH-Cl-Cl-C_SH_TS,-1,SH_minus,-1,OH-CCH-Cl-Cl-C_reactant",SH_minus
W1-SN2-BH_0668_OH_CCH-Cl-F-C_PH2_TS,W1-SN2-BH,0.02771106105245613,17.388953346757202,"1,OH_CCH-Cl-F-C_PH2_TS,-1,OH_minus,-1,PH2-CCH-Cl-F-C_reactant",OH_minus
W1-SN2-BH_0669_OH_CCH-Cl-F-C_PH2_TS,W1-SN2-BH,0.06344209721577096,39.810517057328497,"1,OH_CCH-Cl-F-C_PH2_TS,-1,PH2_minus,-1,OH-CCH-Cl-F-C_reactant",PH2_minus
W1-SN2-BH_0670_OH_CCH-Cl-F-C_SH_TS,W1-SN2-BH,0.005776215098523024,3.6246296985495201,"1,OH_CCH-Cl-F-C_SH_TS,-1,OH_minus,-1,SH-CCH-Cl-F-C_reactant",OH_minus
W1-SN2-BH_0671_OH_CCH-Cl-F-C_SH_TS,W1-SN2-BH,0.07940291861311463,49.826083697990697,"1,OH_CCH-Cl-F-C_SH_TS,-1,SH_minus,-1,OH-CCH-Cl-F-C_reactant",SH_minus
W1-SN2-BH_0672_OH_CCH-Cl-H-C_OH_TS,W1-SN2-BH,0.02102655773585424,13.1943641861833,"1,OH_CCH-Cl-H-C_OH_TS,-1,OH_minus,-1,OH-CCH-Cl-H-C_reactant",OH_minus
W1-SN2-BH_0673_OH_CCH-Cl-H-C_PH2_TS,W1-SN2-BH,0.02455903549847301,15.4110274491438,"1,OH_CCH-Cl-H-C_PH2_TS,-1,OH_minus,-1,PH2-CCH-Cl-H-C_reactant",OH_minus
W1-SN2-BH_0674_OH_CCH-Cl-H-C_PH2_TS,W1-SN2-BH,0.04604322015134974,28.892556861345,"1,OH_CCH-Cl-H-C_PH2_TS,-1,PH2_minus,-1,OH-CCH-Cl-H-C_reactant",PH2_minus
W1-SN2-BH_0675_OH_CCH-Cl-Me-C_F_TS,W1-SN2-BH,0.04174755216070862,26.196984499788101,"1,OH_CCH-Cl-Me-C_F_TS,-1,F_minus,-1,OH-CCH-Cl-Me-C_reactant",F_minus
W1-SN2-BH_0676_OH_CCH-Cl-Me-C_F_TS,W1-SN2-BH,0.003249285827578884,2.0389576407447101,"1,OH_CCH-Cl-Me-C_F_TS,-1,OH_minus,-1,F-CCH-Cl-Me-C_reactant",OH_minus
W1-SN2-BH_0677_OH_CCH-Cl-Me-C_NH2_TS,W1-SN2-BH,0.02714695719327980,17.034972830768499,"1,OH_CCH-Cl-Me-C_NH2_TS,-1,NH2_minus,-1,OH-CCH-Cl-Me-C_reactant",NH2_minus
W1-SN2-BH_0678_OH_CCH-Cl-Me-C_NH2_TS,W1-SN2-BH,0.05676310851331345,35.619388369375997,"1,OH_CCH-Cl-Me-C_NH2_TS,-1,OH_minus,-1,NH2-CCH-Cl-Me-C_reactant",OH_minus
W1-SN2-BH_0679_OH_CCH-Cl-Me-C_OH_TS,W1-SN2-BH,0.03188897756476694,20.010635540076901,"1,OH_CCH-Cl-Me-C_OH_TS,-1,OH_minus,-1,OH-CCH-Cl-Me-C_reactant",OH_minus
W1-SN2-BH_0680_OH_CCH-Cl-Me-C_PH2_TS,W1-SN2-BH,0.02967909364994599,18.623912446947099,"1,OH_CCH-Cl-Me-C_PH2_TS,-1,OH_minus,-1,PH2-CCH-Cl-Me-C_reactant",OH_minus
W1-SN2-BH_0681_OH_CCH-Cl-Me-C_PH2_TS,W1-SN2-BH,0.05677923703840148,35.629509171671401,"1,OH_CCH-Cl-Me-C_PH2_TS,-1,PH2_minus,-1,OH-CCH-Cl-Me-C_reactant",PH2_minus
W1-SN2-BH_0682_OH_CCH-Cl-Me-C_SH_TS,W1-SN2-BH,0.006873198600251335,4.3129972387749502,"1,OH_CCH-Cl-Me-C_SH_TS,-1,OH_minus,-1,SH-CCH-Cl-Me-C_reactant",OH_minus
W1-SN2-BH_0683_OH_CCH-Cl-Me-C_SH_TS,W1-SN2-BH,0.07152418465474694,44.882103495492302,"1,OH_CCH-Cl-Me-C_SH_TS,-1,SH_minus,-1,OH-CCH-Cl-Me-C_reactant",SH_minus
W1-SN2-BH_0684_OH_CCH-Cl-NH2-C_F_TS,W1-SN2-BH,0.03394823617849994,21.3028398297404,"1,OH_CCH-Cl-NH2-C_F_TS,-1,F_minus,-1,OH-CCH-Cl-NH2-C_reactant",F_minus
W1-SN2-BH_0685_OH_CCH-Cl-NH2-C_PH2_TS,W1-SN2-BH,0.02791867590818865,17.519233635685602,"1,OH_CCH-Cl-NH2-C_PH2_TS,-1,OH_minus,-1,PH2-CCH-Cl-NH2-C_reactant",OH_minus
W1-SN2-BH_0686_OH_CCH-Cl-NH2-C_PH2_TS,W1-SN2-BH,0.05347396039754834,33.555416765136599,"1,OH_CCH-Cl-NH2-C_PH2_TS,-1,PH2_minus,-1,OH-CCH-Cl-NH2-C_reactant",PH2_minus
W1-SN2-BH_0687_OH_CCH-Cl-NH2-C_SH_TS,W1-SN2-BH,0.0006146408069817367,0.38569292952682899,"1,OH_CCH-Cl-NH2-C_SH_TS,-1,OH_minus,-1,SH-CCH-Cl-NH2-C_reactant",OH_minus
W1-SN2-BH_0688_OH_CCH-Cl-NH2-C_SH_TS,W1-SN2-BH,0.06317382259977900,39.642172194142901,"1,OH_CCH-Cl-NH2-C_SH_TS,-1,SH_minus,-1,OH-CCH-Cl-NH2-C_reactant",SH_minus
W1-SN2-BH_0689_OH_CCH-CN-H-C_F_TS,W1-SN2-BH,0.003687050364617183,2.3136590351450899,"1,OH_CCH-CN-H-C_F_TS,-1,F_minus,-1,OH-CCH-CN-H-C_reactant",F_minus
W1-SN2-BH_0690_OH_CCH-CN-H-C_PH2_TS,W1-SN2-BH,0.003467930901585135,2.1761594961408601,"1,OH_CCH-CN-H-C_PH2_TS,-1,OH_minus,-1,PH2-CCH-CN-H-C_reactant",OH_minus
W1-SN2-BH_0691_OH_CCH-CN-H-C_PH2_TS,W1-SN2-BH,0.01503288649345260,9.4332786971567195,"1,OH_CCH-CN-H-C_PH2_TS,-1,PH2_minus,-1,OH-CCH-CN-H-C_reactant",PH2_minus
W1-SN2-BH_0692_OH_CCH-CN-H-C_SH_TS,W1-SN2-BH,0.02991669537204160,18.773009778615801,"1,OH_CCH-CN-H-C_SH_TS,-1,SH_minus,-1,OH-CCH-CN-H-C_reactant",SH_minus
W1-SN2-BH_0693_OH_CCH-F-F-C_F_TS,W1-SN2-BH,0.04688899283025041,29.4232872302589,"1,OH_CCH-F-F-C_F_TS,-1,F_minus,-1,OH-CCH-F-F-C_reactant",F_minus
W1-SN2-BH_0694_OH_CCH-F-F-C_F_TS,W1-SN2-BH,0.009927148840031277,6.2293799475541398,"1,OH_CCH-F-F-C_F_TS,-1,OH_minus,-1,F-CCH-F-F-C_reactant",OH_minus
W1-SN2-BH_0695_OH_CCH-F-F-C_NH2_TS,W1-SN2-BH,0.03572901417537610,22.4202948939833,"1,OH_CCH-F-F-C_NH2_TS,-1,NH2_minus,-1,OH-CCH-F-F-C_reactant",NH2_minus
W1-SN2-BH_0696_OH_CCH-F-F-C_NH2_TS,W1-SN2-BH,0.06076544201781103,38.1308905618084,"1,OH_CCH-F-F-C_NH2_TS,-1,OH_minus,-1,NH2-CCH-F-F-C_reactant",OH_minus
W1-SN2-BH_0697_OH_CCH-F-F-C_OH_TS,W1-SN2-BH,0.03967602152896522,24.8970794025572,"1,OH_CCH-F-F-C_OH_TS,-1,OH_minus,-1,OH-CCH-F-F-C_reactant",OH_minus
W1-SN2-BH_0698_OH_CCH-F-F-C_PH2_TS,W1-SN2-BH,0.02790933693317054,17.513373340383701,"1,OH_CCH-F-F-C_PH2_TS,-1,OH_minus,-1,PH2-CCH-F-F-C_reactant",OH_minus
W1-SN2-BH_0699_OH_CCH-F-F-C_PH2_TS,W1-SN2-BH,0.07256952813472831,45.538066432830703,"1,OH_CCH-F-F-C_PH2_TS,-1,PH2_minus,-1,OH-CCH-F-F-C_reactant",PH2_minus
W1-SN2-BH_0700_OH_CCH-F-F-C_SH_TS,W1-SN2-BH,0.007612164082191486,4.776705079698,"1,OH_CCH-F-F-C_SH_TS,-1,OH_minus,-1,SH-CCH-F-F-C_reactant",OH_minus
W1-SN2-BH_0701_OH_CCH-F-F-C_SH_TS,W1-SN2-BH,0.08567327962432742,53.760794638322601,"1,OH_CCH-F-F-C_SH_TS,-1,SH_minus,-1,OH-CCH-F-F-C_reactant",SH_minus
W1-SN2-BH_0702_OH_CCH-F-H-C_NH2_TS,W1-SN2-BH,0.02019809370098466,12.6744951553821,"1,OH_CCH-F-H-C_NH2_TS,-1,NH2_minus,-1,OH-CCH-F-H-C_reactant",NH2_minus
W1-SN2-BH_0703_OH_CCH-F-H-C_NH2_TS,W1-SN2-BH,0.04658715342330792,29.233880142756899,"1,OH_CCH-F-H-C_NH2_TS,-1,OH_minus,-1,NH2-CCH-F-H-C_reactant",OH_minus
W1-SN2-BH_0704_OH_CCH-F-H-C_OH_TS,W1-SN2-BH,0.02284706102372990,14.336747246888301,"1,OH_CCH-F-H-C_OH_TS,-1,OH_minus,-1,OH-CCH-F-H-C_reactant",OH_minus
W1-SN2-BH_0705_OH_CCH-F-H-C_SH_TS,W1-SN2-BH,0.06354428490769744,39.874640802145002,"1,OH_CCH-F-H-C_SH_TS,-1,SH_minus,-1,OH-CCH-F-H-C_reactant",SH_minus
W1-SN2-BH_0706_OH_CCH-F-Me-C_NH2_TS,W1-SN2-BH,0.03227138614078690,20.2506005444924,"1,OH_CCH-F-Me-C_NH2_TS,-1,NH2_minus,-1,OH-CCH-F-Me-C_reactant",NH2_minus
W1-SN2-BH_0707_OH_CCH-F-Me-C_NH2_TS,W1-SN2-BH,0.05439013266958354,34.130323545712599,"1,OH_CCH-F-Me-C_NH2_TS,-1,OH_minus,-1,NH2-CCH-F-Me-C_reactant",OH_minus
W1-SN2-BH_0708_OH_CCH-F-Me-C_OH_TS,W1-SN2-BH,0.03504428400151518,21.990620222708699,"1,OH_CCH-F-Me-C_OH_TS,-1,OH_minus,-1,OH-CCH-F-Me-C_reactant",OH_minus
W1-SN2-BH_0709_OH_CCH-F-Me-C_SH_TS,W1-SN2-BH,0.003360675308616395,2.1088555954067201,"1,OH_CCH-F-Me-C_SH_TS,-1,OH_minus,-1,SH-CCH-F-Me-C_reactant",OH_minus
W1-SN2-BH_0710_OH_CCH-F-Me-C_SH_TS,W1-SN2-BH,0.07607466239445684,47.737571388673501,"1,OH_CCH-F-Me-C_SH_TS,-1,SH_minus,-1,OH-CCH-F-Me-C_reactant",SH_minus
W1-SN2-BH_0711_OH_CCH-F-NH2-C_F_TS,W1-SN2-BH,0.03499214164850728,21.957900402196302,"1,OH_CCH-F-NH2-C_F_TS,-1,F_minus,-1,OH-CCH-F-NH2-C_reactant",F_minus
W1-SN2-BH_0712_OH_CCH-F-NH2-C_OH_TS,W1-SN2-BH,0.02729388437323427,17.127171028187298,"1,OH_CCH-F-NH2-C_OH_TS,-1,OH_minus,-1,OH-CCH-F-NH2-C_reactant",OH_minus
W1-SN2-BH_0713_OH_CCH-F-NH2-C_PH2_TS,W1-SN2-BH,0.02380608120562820,14.938541496847201,"1,OH_CCH-F-NH2-C_PH2_TS,-1,OH_minus,-1,PH2-CCH-F-NH2-C_reactant",OH_minus
W1-SN2-BH_0714_OH_CCH-F-NH2-C_PH2_TS,W1-SN2-BH,0.06057673153798297,38.012472947861298,"1,OH_CCH-F-NH2-C_PH2_TS,-1,PH2_minus,-1,OH-CCH-F-NH2-C_reactant",PH2_minus
W1-SN2-BH_0715_OH_CCH-F-OH-C_PH2_TS,W1-SN2-BH,0.01594221034337108,10.003888027972099,"1,OH_CCH-F-OH-C_PH2_TS,-1,OH_minus,-1,PH2-CCH-F-OH-C_reactant",OH_minus
W1-SN2-BH_0716_OH_CCH-F-OH-C_PH2_TS,W1-SN2-BH,0.05844162922020446,36.672676015361198,"1,OH_CCH-F-OH-C_PH2_TS,-1,PH2_minus,-1,OH-CCH-F-OH-C_reactant",PH2_minus
W1-SN2-BH_0717_OH_CCH-F-OH-C_SH_TS,W1-SN2-BH,0.06971996791404901,43.749940397441101,"1,OH_CCH-F-OH-C_SH_TS,-1,SH_minus,-1,OH-CCH-F-OH-C_reactant",SH_minus
W1-SN2-BH_0718_OH_CCH-H-H-C_F_TS,W1-SN2-BH,0.02728131950622908,17.1192864551012,"1,OH_CCH-H-H-C_F_TS,-1,F_minus,-1,OH-CCH-H-H-C_reactant",F_minus
W1-SN2-BH_0719_OH_CCH-H-H-C_NH2_TS,W1-SN2-BH,0.01442801579352571,9.0537166023694198,"1,OH_CCH-H-H-C_NH2_TS,-1,NH2_minus,-1,OH-CCH-H-H-C_reactant",NH2_minus
W1-SN2-BH_0720_OH_CCH-H-H-C_NH2_TS,W1-SN2-BH,0.04559824284838981,28.6133293879946,"1,OH_CCH-H-H-C_NH2_TS,-1,OH_minus,-1,NH2-CCH-H-H-C_reactant",OH_minus
W1-SN2-BH_0721_OH_CCH-H-H-C_OH_TS,W1-SN2-BH,0.01582940197039293,9.9330997051746692,"1,OH_CCH-H-H-C_OH_TS,-1,OH_minus,-1,OH-CCH-H-H-C_reactant",OH_minus
W1-SN2-BH_0722_OH_CCH-H-H-C_SH_TS,W1-SN2-BH,0.04775801351112903,29.968605940667,"1,OH_CCH-H-H-C_SH_TS,-1,SH_minus,-1,OH-CCH-H-H-C_reactant",SH_minus
W1-SN2-BH_0723_OH_CCH-H-Me-C_F_TS,W1-SN2-BH,0.03263545839469461,20.479059333062999,"1,OH_CCH-H-Me-C_F_TS,-1,F_minus,-1,OH-CCH-H-Me-C_reactant",F_minus
W1-SN2-BH_0724_OH_CCH-H-Me-C_OH_TS,W1-SN2-BH,0.02412429346960164,15.1382227072536,"1,OH_CCH-H-Me-C_OH_TS,-1,OH_minus,-1,OH-CCH-H-Me-C_reactant",OH_minus
W1-SN2-BH_0725_OH_CCH-H-Me-C_PH2_TS,W1-SN2-BH,0.02439089528859597,15.305517874474999,"1,OH_CCH-H-Me-C_PH2_TS,-1,OH_minus,-1,PH2-CCH-H-Me-C_reactant",OH_minus
W1-SN2-BH_0726_OH_CCH-H-Me-C_PH2_TS,W1-SN2-BH,0.04356444287162345,27.337100634224399,"1,OH_CCH-H-Me-C_PH2_TS,-1,PH2_minus,-1,OH-CCH-H-Me-C_reactant",PH2_minus
W1-SN2-BH_0727_OH_CCH-H-Me-C_SH_TS,W1-SN2-BH,0.003071835115665963,1.9276056378401101,"1,OH_CCH-H-Me-C_SH_TS,-1,OH_minus,-1,SH-CCH-H-Me-C_reactant",OH_minus
W1-SN2-BH_0728_OH_CCH-H-Me-C_SH_TS,W1-SN2-BH,0.05749560067728735,36.0790341419466,"1,OH_CCH-H-Me-C_SH_TS,-1,SH_minus,-1,OH-CCH-H-Me-C_reactant",SH_minus
W1-SN2-BH_0729_OH_CCH-H-NH2-C_OH_TS,W1-SN2-BH,0.01717788760928504,10.779287219217499,"1,OH_CCH-H-NH2-C_OH_TS,-1,OH_minus,-1,OH-CCH-H-NH2-C_reactant",OH_minus
W1-SN2-BH_0730_OH_CCH-H-OH-C_PH2_TS,W1-SN2-BH,0.01366450289764471,8.5746050266347407,"1,OH_CCH-H-OH-C_PH2_TS,-1,OH_minus,-1,PH2-CCH-H-OH-C_reactant",OH_minus
W1-SN2-BH_0731_OH_CCH-H-OH-C_PH2_TS,W1-SN2-BH,0.04387673438557053,27.533066517895701,"1,OH_CCH-H-OH-C_PH2_TS,-1,PH2_minus,-1,OH-CCH-H-OH-C_reactant",PH2_minus
W1-SN2-BH_0732_OH_CCH-H-OH-C_SH_TS,W1-SN2-BH,0.05286811929866389,33.175245735809803,"1,OH_CCH-H-OH-C_SH_TS,-1,SH_minus,-1,OH-CCH-H-OH-C_reactant",SH_minus
W1-SN2-BH_0733_OH_CCH-Me-Me-C_F_TS,W1-SN2-BH,0.03668624039329994,23.020963414552099,"1,OH_CCH-Me-Me-C_F_TS,-1,F_minus,-1,OH-CCH-Me-Me-C_reactant",F_minus
W1-SN2-BH_0734_OH_CCH-Me-Me-C_F_TS,W1-SN2-BH,0.004280424632578830,2.6860070099562798,"1,OH_CCH-Me-Me-C_F_TS,-1,OH_minus,-1,F-CCH-Me-Me-C_reactant",OH_minus
W1-SN2-BH_0735_OH_CCH-Me-Me-C_OH_TS,W1-SN2-BH,0.02824083161721317,17.721389395222001,"1,OH_CCH-Me-Me-C_OH_TS,-1,OH_minus,-1,OH-CCH-Me-Me-C_reactant",OH_minus
W1-SN2-BH_0736_OH_CCH-Me-Me-C_PH2_TS,W1-SN2-BH,0.03682971400126278,23.110994462826799,"1,OH_CCH-Me-Me-C_PH2_TS,-1,OH_minus,-1,PH2-CCH-Me-Me-C_reactant",OH_minus
W1-SN2-BH_0737_OH_CCH-Me-Me-C_PH2_TS,W1-SN2-BH,0.06007930709902875,37.700334399787003,"1,OH_CCH-Me-Me-C_PH2_TS,-1,PH2_minus,-1,OH-CCH-Me-Me-C_reactant",PH2_minus
W1-SN2-BH_0738_OH_CCH-Me-Me-C_SH_TS,W1-SN2-BH,0.01452290249951084,9.1132589093377305,"1,OH_CCH-Me-Me-C_SH_TS,-1,OH_minus,-1,SH-CCH-Me-Me-C_reactant",OH_minus
W1-SN2-BH_0739_OH_CCH-Me-Me-C_SH_TS,W1-SN2-BH,0.07160413674678986,44.932274190720399,"1,OH_CCH-Me-Me-C_SH_TS,-1,SH_minus,-1,OH-CCH-Me-Me-C_reactant",SH_minus
W1-SN2-BH_0740_OH_CCH-Me-NH2-C_F_TS,W1-SN2-BH,0.03653125372428429,22.923707811391299,"1,OH_CCH-Me-NH2-C_F_TS,-1,F_minus,-1,OH-CCH-Me-NH2-C_reactant",F_minus
W1-SN2-BH_0741_OH_CCH-Me-NH2-C_F_TS,W1-SN2-BH,0.002192781871719989,1.3759913990581101,"1,OH_CCH-Me-NH2-C_F_TS,-1,OH_minus,-1,F-CCH-Me-NH2-C_reactant",OH_minus
W1-SN2-BH_0742_OH_CCH-Me-NH2-C_OH_TS,W1-SN2-BH,0.02771636965019113,17.3922845421299,"1,OH_CCH-Me-NH2-C_OH_TS,-1,OH_minus,-1,OH-CCH-Me-NH2-C_reactant",OH_minus
W1-SN2-BH_0743_OH_CCH-Me-NH2-C_PH2_TS,W1-SN2-BH,0.02739528156016248,17.190798723628099,"1,OH_CCH-Me-NH2-C_PH2_TS,-1,OH_minus,-1,PH2-CCH-Me-NH2-C_reactant",OH_minus
W1-SN2-BH_0744_OH_CCH-Me-NH2-C_PH2_TS,W1-SN2-BH,0.05773504564421416,36.229288127209898,"1,OH_CCH-Me-NH2-C_PH2_TS,-1,PH2_minus,-1,OH-CCH-Me-NH2-C_reactant",PH2_minus
W1-SN2-BH_0745_OH_CCH-Me-OH-C_PH2_TS,W1-SN2-BH,0.01849024649716789,11.602804854734901,"1,OH_CCH-Me-OH-C_PH2_TS,-1,OH_minus,-1,PH2-CCH-Me-OH-C_reactant",OH_minus
W1-SN2-BH_0746_OH_CCH-Me-OH-C_PH2_TS,W1-SN2-BH,0.05535708806246878,34.737097215744498,"1,OH_CCH-Me-OH-C_PH2_TS,-1,PH2_minus,-1,OH-CCH-Me-OH-C_reactant",PH2_minus
W1-SN2-BH_0747_OH_CCH-NH2-NH2-C_F_TS,W1-SN2-BH,0.03066711309388375,19.2439040085766,"1,OH_CCH-NH2-NH2-C_F_TS,-1,F_minus,-1,OH-CCH-NH2-NH2-C_reactant",F_minus
W1-SN2-BH_0748_OH_CCH-NH2-NH2-C_F_TS,W1-SN2-BH,0.005919831970432351,3.7147506463079298,"1,OH_CCH-NH2-NH2-C_F_TS,-1,OH_minus,-1,F-CCH-NH2-NH2-C_reactant",OH_minus
W1-SN2-BH_0749_OH_CCH-NH2-NH2-C_OH_TS,W1-SN2-BH,0.01926981284310103,12.091990122468699,"1,OH_CCH-NH2-NH2-C_OH_TS,-1,OH_minus,-1,OH-CCH-NH2-NH2-C_reactant",OH_minus
W1-SN2-BH_0750_OH_CCH-NH2-NH2-C_PH2_TS,W1-SN2-BH,0.02409856776360858,15.122079583015999,"1,OH_CCH-NH2-NH2-C_PH2_TS,-1,OH_minus,-1,PH2-CCH-NH2-NH2-C_reactant",OH_minus
W1-SN2-BH_0751_OH_CCH-NH2-NH2-C_PH2_TS,W1-SN2-BH,0.05593650152849519,35.100684655075803,"1,OH_CCH-NH2-NH2-C_PH2_TS,-1,PH2_minus,-1,OH-CCH-NH2-NH2-C_reactant",PH2_minus
W1-SN2-BH_0752_OH_CCH-SH-SH-C_NH2_TS,W1-SN2-BH,0.003276036059458223,2.0557436646823799,"1,OH_CCH-SH-SH-C_NH2_TS,-1,NH2_minus,-1,OH-CCH-SH-SH-C_reactant",NH2_minus
W1-SN2-BH_0753_OH_CCH-SH-SH-C_NH2_TS,W1-SN2-BH,0.03354296835758872,21.0485304325857,"1,OH_CCH-SH-SH-C_NH2_TS,-1,OH_minus,-1,NH2-CCH-SH-SH-C_reactant",OH_minus
W1-SN2-BH_0754_OH_Cl-Cl-H-C_F_TS,W1-SN2-BH,0.04130196060276238,25.9173715756143,"1,OH_Cl-Cl-H-C_F_TS,-1,F_minus,-1,OH-Cl-Cl-H-C_reactant",F_minus
W1-SN2-BH_0755_OH_Cl-Cl-H-C_F_TS,W1-SN2-BH,0.0001325544019303782,8.3179143040080394E-2,"1,OH_Cl-Cl-H-C_F_TS,-1,OH_minus,-1,F-Cl-Cl-H-C_reactant",OH_minus
W1-SN2-BH_0756_OH_Cl-Cl-Me-C_F_TS,W1-SN2-BH,0.05311230480981760,33.328474457487701,"1,OH_Cl-Cl-Me-C_F_TS,-1,F_minus,-1,OH-Cl-Cl-Me-C_reactant",F_minus
W1-SN2-BH_0757_OH_Cl-Cl-Me-C_F_TS,W1-SN2-BH,0.01284180792079511,8.0583561343974903,"1,OH_Cl-Cl-Me-C_F_TS,-1,OH_minus,-1,F-Cl-Cl-Me-C_reactant",OH_minus
W1-SN2-BH_0758_OH_Cl-Cl-Me-C_SH_TS,W1-SN2-BH,0.01892133125412137,11.873314623847399,"1,OH_Cl-Cl-Me-C_SH_TS,-1,OH_minus,-1,SH-Cl-Cl-Me-C_reactant",OH_minus
W1-SN2-BH_0759_OH_Cl-Cl-Me-C_SH_TS,W1-SN2-BH,0.08829770722626335,55.407647822530102,"1,OH_Cl-Cl-Me-C_SH_TS,-1,SH_minus,-1,OH-Cl-Cl-Me-C_reactant",SH_minus
W1-SN2-BH_0760_OH_Cl-Cl-NH2-C_SH_TS,W1-SN2-BH,0.006719527396405346,4.2165671024709104,"1,OH_Cl-Cl-NH2-C_SH_TS,-1,OH_minus,-1,SH-Cl-Cl-NH2-C_reactant",OH_minus
W1-SN2-BH_0761_OH_Cl-Cl-NH2-C_SH_TS,W1-SN2-BH,0.08031682685975274,50.399569781180503,"1,OH_Cl-Cl-NH2-C_SH_TS,-1,SH_minus,-1,OH-Cl-Cl-NH2-C_reactant",SH_minus
W1-SN2-BH_0762_OH_Cl-F-H-C_PH2_TS,W1-SN2-BH,0.03143691129073349,19.726959670216502,"1,OH_Cl-F-H-C_PH2_TS,-1,OH_minus,-1,PH2-Cl-F-H-C_reactant",OH_minus
W1-SN2-BH_0763_OH_Cl-F-H-C_PH2_TS,W1-SN2-BH,0.07106818442277240,44.595959029753303,"1,OH_Cl-F-H-C_PH2_TS,-1,PH2_minus,-1,OH-Cl-F-H-C_reactant",PH2_minus
W1-SN2-BH_0764_OH_Cl-F-Me-C_SH_TS,W1-SN2-BH,0.02015579099204065,12.6479498047412,"1,OH_Cl-F-Me-C_SH_TS,-1,OH_minus,-1,SH-Cl-F-Me-C_reactant",OH_minus
W1-SN2-BH_0765_OH_Cl-F-Me-C_SH_TS,W1-SN2-BH,0.09457015878755916,59.343670602845101,"1,OH_Cl-F-Me-C_SH_TS,-1,SH_minus,-1,OH-Cl-F-Me-C_reactant",SH_minus
W1-SN2-BH_0766_OH_Cl-F-NH2-C_PH2_TS,W1-SN2-BH,0.03308127685372009,20.7588146398137,"1,OH_Cl-F-NH2-C_PH2_TS,-1,OH_minus,-1,PH2-Cl-F-NH2-C_reactant",OH_minus
W1-SN2-BH_0767_OH_Cl-F-NH2-C_PH2_TS,W1-SN2-BH,0.07324682808157510,45.963078566259497,"1,OH_Cl-F-NH2-C_PH2_TS,-1,PH2_minus,-1,OH-Cl-F-NH2-C_reactant",PH2_minus
W1-SN2-BH_0768_OH_Cl-F-NH2-C_SH_TS,W1-SN2-BH,0.01152113318287428,7.2296202241963696,"1,OH_Cl-F-NH2-C_SH_TS,-1,OH_minus,-1,SH-Cl-F-NH2-C_reactant",OH_minus
W1-SN2-BH_0769_OH_Cl-F-NH2-C_SH_TS,W1-SN2-BH,0.08451711847661087,53.035292564586797,"1,OH_Cl-F-NH2-C_SH_TS,-1,SH_minus,-1,OH-Cl-F-NH2-C_reactant",SH_minus
W1-SN2-BH_0770_OH_Cl-H-H-C_NH2_TS,W1-SN2-BH,0.02607983043832652,16.365340682009101,"1,OH_Cl-H-H-C_NH2_TS,-1,NH2_minus,-1,OH-Cl-H-H-C_reactant",NH2_minus
W1-SN2-BH_0771_OH_Cl-H-H-C_NH2_TS,W1-SN2-BH,0.05883724200509246,36.920926785938903,"1,OH_Cl-H-H-C_NH2_TS,-1,OH_minus,-1,NH2-Cl-H-H-C_reactant",OH_minus
W1-SN2-BH_0772_OH_Cl-H-H-C_OH_TS,W1-SN2-BH,0.02813359203913879,17.6540955439858,"1,OH_Cl-H-H-C_OH_TS,-1,OH_minus,-1,OH-Cl-H-H-C_reactant",OH_minus
W1-SN2-BH_0773_OH_Cl-H-H-C_PH2_TS,W1-SN2-BH,0.03023602213389213,18.973390346998901,"1,OH_Cl-H-H-C_PH2_TS,-1,OH_minus,-1,PH2-Cl-H-H-C_reactant",OH_minus
W1-SN2-BH_0774_OH_Cl-H-H-C_PH2_TS,W1-SN2-BH,0.05497981865839506,34.500357090414099,"1,OH_Cl-H-H-C_PH2_TS,-1,PH2_minus,-1,OH-Cl-H-H-C_reactant",PH2_minus
W1-SN2-BH_0775_OH_Cl-H-Me-C_NH2_TS,W1-SN2-BH,0.03368010432452704,21.134584551074301,"1,OH_Cl-H-Me-C_NH2_TS,-1,NH2_minus,-1,OH-Cl-H-Me-C_reactant",NH2_minus
W1-SN2-BH_0776_OH_Cl-H-Me-C_NH2_TS,W1-SN2-BH,0.06486052685336636,40.700595093211497,"1,OH_Cl-H-Me-C_NH2_TS,-1,OH_minus,-1,NH2-Cl-H-Me-C_reactant",OH_minus
W1-SN2-BH_0777_OH_Cl-H-Me-C_OH_TS,W1-SN2-BH,0.03476062634743504,21.812622357382899,"1,OH_Cl-H-Me-C_OH_TS,-1,OH_minus,-1,OH-Cl-H-Me-C_reactant",OH_minus
W1-SN2-BH_0778_OH_Cl-H-Me-C_PH2_TS,W1-SN2-BH,0.03469824280345039,21.7734760925069,"1,OH_Cl-H-Me-C_PH2_TS,-1,OH_minus,-1,PH2-Cl-H-Me-C_reactant",OH_minus
W1-SN2-BH_0779_OH_Cl-H-Me-C_PH2_TS,W1-SN2-BH,0.06271484119469373,39.354157014033099,"1,OH_Cl-H-Me-C_PH2_TS,-1,PH2_minus,-1,OH-Cl-H-Me-C_reactant",PH2_minus
W1-SN2-BH_0780_OH_Cl-H-Me-C_SH_TS,W1-SN2-BH,0.008774276135027219,5.5059414027753402,"1,OH_Cl-H-Me-C_SH_TS,-1,OH_minus,-1,SH-Cl-H-Me-C_reactant",OH_minus
W1-SN2-BH_0781_OH_Cl-H-Me-C_SH_TS,W1-SN2-BH,0.07031447039887617,44.122996339024198,"1,OH_Cl-H-Me-C_SH_TS,-1,SH_minus,-1,OH-Cl-H-Me-C_reactant",SH_minus
W1-SN2-BH_0782_OH_Cl-H-NH2-C_F_TS,W1-SN2-BH,0.03446074744755587,21.624445506637102,"1,OH_Cl-H-NH2-C_F_TS,-1,F_minus,-1,OH-Cl-H-NH2-C_reactant",F_minus
W1-SN2-BH_0783_OH_Cl-H-NH2-C_PH2_TS,W1-SN2-BH,0.02913237995406145,18.280844423179499,"1,OH_Cl-H-NH2-C_PH2_TS,-1,OH_minus,-1,PH2-Cl-H-NH2-C_reactant",OH_minus
W1-SN2-BH_0784_OH_Cl-H-NH2-C_PH2_TS,W1-SN2-BH,0.05937864288813208,37.260660969312397,"1,OH_Cl-H-NH2-C_PH2_TS,-1,PH2_minus,-1,OH-Cl-H-NH2-C_reactant",PH2_minus
W1-SN2-BH_0785_OH_Cl-H-NH2-C_SH_TS,W1-SN2-BH,0.06526755593339092,40.956009697146101,"1,OH_Cl-H-NH2-C_SH_TS,-1,SH_minus,-1,OH-Cl-H-NH2-C_reactant",SH_minus
W1-SN2-BH_0786_OH_Cl-H-OH-C_PH2_TS,W1-SN2-BH,0.02320762220363943,14.5630028032609,"1,OH_Cl-H-OH-C_PH2_TS,-1,OH_minus,-1,PH2-Cl-H-OH-C_reactant",OH_minus
W1-SN2-BH_0787_OH_Cl-H-OH-C_PH2_TS,W1-SN2-BH,0.05908049064507196,37.073567612079003,"1,OH_Cl-H-OH-C_PH2_TS,-1,PH2_minus,-1,OH-Cl-H-OH-C_reactant",PH2_minus
W1-SN2-BH_0788_OH_Cl-Me-Me-C_NH2_TS,W1-SN2-BH,0.04688445679136406,29.420440822882998,"1,OH_Cl-Me-Me-C_NH2_TS,-1,NH2_minus,-1,OH-Cl-Me-Me-C_reactant",NH2_minus
W1-SN2-BH_0789_OH_Cl-Me-Me-C_NH2_TS,W1-SN2-BH,0.07640129870030962,47.942538765169097,"1,OH_Cl-Me-Me-C_NH2_TS,-1,OH_minus,-1,NH2-Cl-Me-Me-C_reactant",OH_minus
W1-SN2-BH_0790_OH_Cl-Me-Me-C_OH_TS,W1-SN2-BH,0.04886443150209961,30.662893712274901,"1,OH_Cl-Me-Me-C_OH_TS,-1,OH_minus,-1,OH-Cl-Me-Me-C_reactant",OH_minus
W1-SN2-BH_0791_OH_Cl-Me-Me-C_PH2_TS,W1-SN2-BH,0.04585781478743199,28.7762132389445,"1,OH_Cl-Me-Me-C_PH2_TS,-1,OH_minus,-1,PH2-Cl-Me-Me-C_reactant",OH_minus
W1-SN2-BH_0792_OH_Cl-Me-Me-C_PH2_TS,W1-SN2-BH,0.07658679397937452,48.058938810176301,"1,OH_Cl-Me-Me-C_PH2_TS,-1,PH2_minus,-1,OH-Cl-Me-Me-C_reactant",PH2_minus
W1-SN2-BH_0793_OH_Cl-Me-Me-C_SH_TS,W1-SN2-BH,0.02122197671988358,13.3169914500735,"1,OH_Cl-Me-Me-C_SH_TS,-1,OH_minus,-1,SH-Cl-Me-Me-C_reactant",OH_minus
W1-SN2-BH_0794_OH_Cl-Me-Me-C_SH_TS,W1-SN2-BH,0.08667084834852847,54.386778463787799,"1,OH_Cl-Me-Me-C_SH_TS,-1,SH_minus,-1,OH-Cl-Me-Me-C_reactant",SH_minus
W1-SN2-BH_0795_OH_Cl-Me-NH2-C_NH2_TS,W1-SN2-BH,0.03434595157644022,21.5524100099287,"1,OH_Cl-Me-NH2-C_NH2_TS,-1,NH2_minus,-1,OH-Cl-Me-NH2-C_reactant",NH2_minus
W1-SN2-BH_0796_OH_Cl-Me-NH2-C_NH2_TS,W1-SN2-BH,0.06249786104964638,39.2179999173323,"1,OH_Cl-Me-NH2-C_NH2_TS,-1,OH_minus,-1,NH2-Cl-Me-NH2-C_reactant",OH_minus
W1-SN2-BH_0797_OH_Cl-Me-NH2-C_OH_TS,W1-SN2-BH,0.03544363787337369,22.241218560803699,"1,OH_Cl-Me-NH2-C_OH_TS,-1,OH_minus,-1,OH-Cl-Me-NH2-C_reactant",OH_minus
W1-SN2-BH_0798_OH_Cl-Me-NH2-C_SH_TS,W1-SN2-BH,0.01415397950466749,8.8817562348737908,"1,OH_Cl-Me-NH2-C_SH_TS,-1,OH_minus,-1,SH-Cl-Me-NH2-C_reactant",OH_minus
W1-SN2-BH_0799_OH_Cl-Me-NH2-C_SH_TS,W1-SN2-BH,0.07717371622308501,48.427238078643001,"1,OH_Cl-Me-NH2-C_SH_TS,-1,SH_minus,-1,OH-Cl-Me-NH2-C_reactant",SH_minus
W1-SN2-BH_0800_OH_Cl-Me-OH-C_PH2_TS,W1-SN2-BH,0.03213754315670192,20.166612803942201,"1,OH_Cl-Me-OH-C_PH2_TS,-1,OH_minus,-1,PH2-Cl-Me-OH-C_reactant",OH_minus
W1-SN2-BH_0801_OH_Cl-Me-OH-C_PH2_TS,W1-SN2-BH,0.07139350732891798,44.800102235489398,"1,OH_Cl-Me-OH-C_PH2_TS,-1,PH2_minus,-1,OH-Cl-Me-OH-C_reactant",PH2_minus
W1-SN2-BH_0802_OH_Cl-NH2-NH2-C_F_TS,W1-SN2-BH,0.04199168944567843,26.350182959078701,"1,OH_Cl-NH2-NH2-C_F_TS,-1,F_minus,-1,OH-Cl-NH2-NH2-C_reactant",F_minus
W1-SN2-BH_0803_OH_Cl-NH2-NH2-C_F_TS,W1-SN2-BH,0.01275537389161829,8.0041179622075909,"1,OH_Cl-NH2-NH2-C_F_TS,-1,OH_minus,-1,F-Cl-NH2-NH2-C_reactant",OH_minus
W1-SN2-BH_0804_OH_Cl-NH2-NH2-C_PH2_TS,W1-SN2-BH,0.03317383285260094,20.816894405992802,"1,OH_Cl-NH2-NH2-C_PH2_TS,-1,OH_minus,-1,PH2-Cl-NH2-NH2-C_reactant",OH_minus
W1-SN2-BH_0805_OH_Cl-NH2-NH2-C_PH2_TS,W1-SN2-BH,0.06675205502608116,41.887546942047301,"1,OH_Cl-NH2-NH2-C_PH2_TS,-1,PH2_minus,-1,OH-Cl-NH2-NH2-C_reactant",PH2_minus
W1-SN2-BH_0806_OH_Cl-NH2-OH-C_PH2_TS,W1-SN2-BH,0.02994949793100078,18.793593695136199,"1,OH_Cl-NH2-OH-C_PH2_TS,-1,OH_minus,-1,PH2-Cl-NH2-OH-C_reactant",OH_minus
W1-SN2-BH_0807_OH_Cl-NH2-OH-C_PH2_TS,W1-SN2-BH,0.06512201417449420,40.864680864566601,"1,OH_Cl-NH2-OH-C_PH2_TS,-1,PH2_minus,-1,OH-Cl-NH2-OH-C_reactant",PH2_minus
W1-SN2-BH_0808_OH_Cl-NH2-SH-C_PH2_TS,W1-SN2-BH,0.01803468298726867,11.3169344362357,"1,OH_Cl-NH2-SH-C_PH2_TS,-1,OH_minus,-1,PH2-Cl-NH2-SH-C_reactant",OH_minus
W1-SN2-BH_0809_OH_Cl-NH2-SH-C_PH2_TS,W1-SN2-BH,0.05305244918771153,33.290914487540199,"1,OH_Cl-NH2-SH-C_PH2_TS,-1,PH2_minus,-1,OH-Cl-NH2-SH-C_reactant",PH2_minus
W1-SN2-BH_0810_OH_Cl-SH-SH-C_OH_TS,W1-SN2-BH,0.01200569619293002,7.5336881037868801,"1,OH_Cl-SH-SH-C_OH_TS,-1,OH_minus,-1,OH-Cl-SH-SH-C_reactant",OH_minus
W1-SN2-BH_0811_OH_Cl-SH-SH-C_PH2_TS,W1-SN2-BH,0.01512175664068134,9.4890455565041396,"1,OH_Cl-SH-SH-C_PH2_TS,-1,OH_minus,-1,PH2-Cl-SH-SH-C_reactant",OH_minus
W1-SN2-BH_0812_OH_Cl-SH-SH-C_PH2_TS,W1-SN2-BH,0.04083094901101090,25.6218073393967,"1,OH_Cl-SH-SH-C_PH2_TS,-1,PH2_minus,-1,OH-Cl-SH-SH-C_reactant",PH2_minus
W1-SN2-BH_0813_OH_Cl-SH-SH-C_SH_TS,W1-SN2-BH,0.05625486555416519,35.300461097384598,"1,OH_Cl-SH-SH-C_SH_TS,-1,SH_minus,-1,OH-Cl-SH-SH-C_reactant",SH_minus
W1-SN2-BH_0814_OH_CN-Cl-Cl-C_F_TS,W1-SN2-BH,0.01760580949649323,11.047812257599601,"1,OH_CN-Cl-Cl-C_F_TS,-1,F_minus,-1,OH-CN-Cl-Cl-C_reactant",F_minus
W1-SN2-BH_0815_OH_CN-Cl-H-C_OH_TS,W1-SN2-BH,0.004858559024421829,3.04879181811947,"1,OH_CN-Cl-H-C_OH_TS,-1,OH_minus,-1,OH-CN-Cl-H-C_reactant",OH_minus
W1-SN2-BH_0816_OH_CN-Cl-H-C_PH2_TS,W1-SN2-BH,0.009510984821029916,5.9682330828666101,"1,OH_CN-Cl-H-C_PH2_TS,-1,OH_minus,-1,PH2-CN-Cl-H-C_reactant",OH_minus
W1-SN2-BH_0817_OH_CN-Cl-H-C_PH2_TS,W1-SN2-BH,0.03069953791894536,19.2642508934976,"1,OH_CN-Cl-H-C_PH2_TS,-1,PH2_minus,-1,OH-CN-Cl-H-C_reactant",PH2_minus
W1-SN2-BH_0818_OH_CN-Cl-H-C_SH_TS,W1-SN2-BH,0.04343591892161152,27.2564506379479,"1,OH_CN-Cl-H-C_SH_TS,-1,SH_minus,-1,OH-CN-Cl-H-C_reactant",SH_minus
W1-SN2-BH_0819_OH_CN-Cl-Me-C_NH2_TS,W1-SN2-BH,0.005085387406495766,3.19112877685727,"1,OH_CN-Cl-Me-C_NH2_TS,-1,NH2_minus,-1,OH-CN-Cl-Me-C_reactant",NH2_minus
W1-SN2-BH_0820_OH_CN-Cl-Me-C_NH2_TS,W1-SN2-BH,0.03892494921905950,24.4257744123849,"1,OH_CN-Cl-Me-C_NH2_TS,-1,OH_minus,-1,NH2-CN-Cl-Me-C_reactant",OH_minus
W1-SN2-BH_0821_OH_CN-Cl-Me-C_OH_TS,W1-SN2-BH,0.009786030677030816,6.14082696330897,"1,OH_CN-Cl-Me-C_OH_TS,-1,OH_minus,-1,OH-CN-Cl-Me-C_reactant",OH_minus
W1-SN2-BH_0822_OH_CN-Cl-NH2-C_PH2_TS,W1-SN2-BH,0.009202071149031862,5.7743868270202103,"1,OH_CN-Cl-NH2-C_PH2_TS,-1,OH_minus,-1,PH2-CN-Cl-NH2-C_reactant",OH_minus
W1-SN2-BH_0823_OH_CN-Cl-NH2-C_PH2_TS,W1-SN2-BH,0.03307466794862477,20.754667489253201,"1,OH_CN-Cl-NH2-C_PH2_TS,-1,PH2_minus,-1,OH-CN-Cl-NH2-C_reactant",PH2_minus
W1-SN2-BH_0824_OH_CN-Cl-OH-C_PH2_TS,W1-SN2-BH,0.001061677413993146,0.66621263567951094,"1,OH_CN-Cl-OH-C_PH2_TS,-1,OH_minus,-1,PH2-CN-Cl-OH-C_reactant",OH_minus
W1-SN2-BH_0825_OH_CN-Cl-OH-C_PH2_TS,W1-SN2-BH,0.03148989110492791,19.760205005557602,"1,OH_CN-Cl-OH-C_PH2_TS,-1,PH2_minus,-1,OH-CN-Cl-OH-C_reactant",PH2_minus
W1-SN2-BH_0826_OH_CN-Cl-OH-C_SH_TS,W1-SN2-BH,0.04532232959649174,28.440191208409001,"1,OH_CN-Cl-OH-C_SH_TS,-1,SH_minus,-1,OH-CN-Cl-OH-C_reactant",SH_minus
W1-SN2-BH_0827_OH_CN-CN-H-C_NH2_TS,W1-SN2-BH,0.003352742703672729,2.10387781065057,"1,OH_CN-CN-H-C_NH2_TS,-1,OH_minus,-1,NH2-CN-CN-H-C_reactant",OH_minus
W1-SN2-BH_0828_OH_CN-F-F-C_NH2_TS,W1-SN2-BH,0.01247029610373942,7.8252289494686504,"1,OH_CN-F-F-C_NH2_TS,-1,NH2_minus,-1,OH-CN-F-F-C_reactant",NH2_minus
W1-SN2-BH_0829_OH_CN-F-F-C_NH2_TS,W1-SN2-BH,0.03903124250711875,24.492474457671399,"1,OH_CN-F-F-C_NH2_TS,-1,OH_minus,-1,NH2-CN-F-F-C_reactant",OH_minus
W1-SN2-BH_0830_OH_CN-F-H-C_F_TS,W1-SN2-BH,0.01325731617365293,8.3190914996171799,"1,OH_CN-F-H-C_F_TS,-1,F_minus,-1,OH-CN-F-H-C_reactant",F_minus
W1-SN2-BH_0831_OH_CN-F-H-C_OH_TS,W1-SN2-BH,0.004485459712501835,2.8146684651232499,"1,OH_CN-F-H-C_OH_TS,-1,OH_minus,-1,OH-CN-F-H-C_reactant",OH_minus
W1-SN2-BH_0832_OH_CN-F-H-C_SH_TS,W1-SN2-BH,0.04853473172512063,30.4560039786241,"1,OH_CN-F-H-C_SH_TS,-1,SH_minus,-1,OH-CN-F-H-C_reactant",SH_minus
W1-SN2-BH_0833_OH_CN-F-Me-C_F_TS,W1-SN2-BH,0.02076539042191513,13.0304792223709,"1,OH_CN-F-Me-C_F_TS,-1,F_minus,-1,OH-CN-F-Me-C_reactant",F_minus
W1-SN2-BH_0834_OH_CN-F-Me-C_OH_TS,W1-SN2-BH,0.01272669008571291,7.9861186022497801,"1,OH_CN-F-Me-C_OH_TS,-1,OH_minus,-1,OH-CN-F-Me-C_reactant",OH_minus
W1-SN2-BH_0835_OH_CN-F-Me-C_SH_TS,W1-SN2-BH,0.05627770790138378,35.3147948866741,"1,OH_CN-F-Me-C_SH_TS,-1,SH_minus,-1,OH-CN-F-Me-C_reactant",SH_minus
W1-SN2-BH_0836_OH_CN-F-NH2-C_F_TS,W1-SN2-BH,0.01069336884194645,6.7101902579725596,"1,OH_CN-F-NH2-C_F_TS,-1,F_minus,-1,OH-CN-F-NH2-C_reactant",F_minus
W1-SN2-BH_0837_OH_CN-F-NH2-C_OH_TS,W1-SN2-BH,0.002044174442823062,1.28273882950913,"1,OH_CN-F-NH2-C_OH_TS,-1,OH_minus,-1,OH-CN-F-NH2-C_reactant",OH_minus
W1-SN2-BH_0838_OH_CN-F-OH-C_PH2_TS,W1-SN2-BH,0.03903952420312957,24.497671300379501,"1,OH_CN-F-OH-C_PH2_TS,-1,PH2_minus,-1,OH-CN-F-OH-C_reactant",PH2_minus
W1-SN2-BH_0839_OH_CN-F-OH-C_SH_TS,W1-SN2-BH,0.05097280165090450,31.985915955481801,"1,OH_CN-F-OH-C_SH_TS,-1,SH_minus,-1,OH-CN-F-OH-C_reactant",SH_minus
W1-SN2-BH_0840_OH_CN-F-SH-C_PH2_TS,W1-SN2-BH,0.02700615345544426,16.9466171512932,"1,OH_CN-F-SH-C_PH2_TS,-1,PH2_minus,-1,OH-CN-F-SH-C_reactant",PH2_minus
W1-SN2-BH_0841_OH_CN-H-H-C_F_TS,W1-SN2-BH,0.006964481701270395,4.3702782494862698,"1,OH_CN-H-H-C_F_TS,-1,F_minus,-1,OH-CN-H-H-C_reactant",F_minus
W1-SN2-BH_0842_OH_CN-H-H-C_PH2_TS,W1-SN2-BH,0.009874359113071714,6.1962538937538101,"1,OH_CN-H-H-C_PH2_TS,-1,OH_minus,-1,PH2-CN-H-H-C_reactant",OH_minus
W1-SN2-BH_0843_OH_CN-H-H-C_PH2_TS,W1-SN2-BH,0.02153321165587303,13.5122943210663,"1,OH_CN-H-H-C_PH2_TS,-1,PH2_minus,-1,OH-CN-H-H-C_reactant",PH2_minus
W1-SN2-BH_0844_OH_CN-H-H-C_SH_TS,W1-SN2-BH,0.03284631775772440,20.6113755810591,"1,OH_CN-H-H-C_SH_TS,-1,SH_minus,-1,OH-CN-H-H-C_reactant",SH_minus
W1-SN2-BH_0845_OH_CN-H-Me-C_OH_TS,W1-SN2-BH,0.003652139953632015,2.2917524215084599,"1,OH_CN-H-Me-C_OH_TS,-1,OH_minus,-1,OH-CN-H-Me-C_reactant",OH_minus
W1-SN2-BH_0846_OH_CN-H-Me-C_PH2_TS,W1-SN2-BH,0.01063463365387560,6.67333337099722,"1,OH_CN-H-Me-C_PH2_TS,-1,OH_minus,-1,PH2-CN-H-Me-C_reactant",OH_minus
W1-SN2-BH_0847_OH_CN-H-Me-C_PH2_TS,W1-SN2-BH,0.02875692228708014,18.045241180039099,"1,OH_CN-H-Me-C_PH2_TS,-1,PH2_minus,-1,OH-CN-H-Me-C_reactant",PH2_minus
W1-SN2-BH_0848_OH_CN-H-Me-C_SH_TS,W1-SN2-BH,0.03881685292113447,24.357942961325801,"1,OH_CN-H-Me-C_SH_TS,-1,SH_minus,-1,OH-CN-H-Me-C_reactant",SH_minus
W1-SN2-BH_0849_OH_CN-H-NH2-C_F_TS,W1-SN2-BH,0.01067718901788974,6.7000372650882998,"1,OH_CN-H-NH2-C_F_TS,-1,F_minus,-1,OH-CN-H-NH2-C_reactant",F_minus
W1-SN2-BH_0850_OH_CN-H-NH2-C_PH2_TS,W1-SN2-BH,0.001778490825748453,1.11601984269146,"1,OH_CN-H-NH2-C_PH2_TS,-1,OH_minus,-1,PH2-CN-H-NH2-C_reactant",OH_minus
W1-SN2-BH_0851_OH_CN-H-NH2-C_PH2_TS,W1-SN2-BH,0.02928048061108939,18.373778988579499,"1,OH_CN-H-NH2-C_PH2_TS,-1,PH2_minus,-1,OH-CN-H-NH2-C_reactant",PH2_minus
W1-SN2-BH_0852_OH_CN-H-OH-C_PH2_TS,W1-SN2-BH,0.02400560397652107,15.0637439258738,"1,OH_CN-H-OH-C_PH2_TS,-1,PH2_minus,-1,OH-CN-H-OH-C_reactant",PH2_minus
W1-SN2-BH_0853_OH_CN-H-OH-C_SH_TS,W1-SN2-BH,0.03727797195734030,23.392280577089601,"1,OH_CN-H-OH-C_SH_TS,-1,SH_minus,-1,OH-CN-H-OH-C_reactant",SH_minus
W1-SN2-BH_0854_OH_CN-Me-Me-C_OH_TS,W1-SN2-BH,0.008583548528168624,5.3862580225061896,"1,OH_CN-Me-Me-C_OH_TS,-1,OH_minus,-1,OH-CN-Me-Me-C_reactant",OH_minus
W1-SN2-BH_0855_OH_CN-Me-NH2-C_F_TS,W1-SN2-BH,0.01582241653937956,9.9287162810333598,"1,OH_CN-Me-NH2-C_F_TS,-1,F_minus,-1,OH-CN-Me-NH2-C_reactant",F_minus
W1-SN2-BH_0856_OH_CN-Me-NH2-C_OH_TS,W1-SN2-BH,0.01088352871094837,6.8295173773578597,"1,OH_CN-Me-NH2-C_OH_TS,-1,OH_minus,-1,OH-CN-Me-NH2-C_reactant",OH_minus
W1-SN2-BH_0857_OH_CN-Me-NH2-C_PH2_TS,W1-SN2-BH,0.01446831542150479,9.0790050007275092,"1,OH_CN-Me-NH2-C_PH2_TS,-1,OH_minus,-1,PH2-CN-Me-NH2-C_reactant",OH_minus
W1-SN2-BH_0858_OH_CN-Me-NH2-C_PH2_TS,W1-SN2-BH,0.04282831304375547,26.875172193096802,"1,OH_CN-Me-NH2-C_PH2_TS,-1,PH2_minus,-1,OH-CN-Me-NH2-C_reactant",PH2_minus
W1-SN2-BH_0859_OH_CN-Me-NH2-C_SH_TS,W1-SN2-BH,0.05263700294465722,33.0302180340597,"1,OH_CN-Me-NH2-C_SH_TS,-1,SH_minus,-1,OH-CN-Me-NH2-C_reactant",SH_minus
W1-SN2-BH_0860_OH_CN-Me-OH-C_PH2_TS,W1-SN2-BH,0.03464740258247663,21.741573372182401,"1,OH_CN-Me-OH-C_PH2_TS,-1,PH2_minus,-1,OH-CN-Me-OH-C_reactant",PH2_minus
W1-SN2-BH_0861_OH_CN-NH2-NH2-C_F_TS,W1-SN2-BH,0.02052173241689253,12.877581515787901,"1,OH_CN-NH2-NH2-C_F_TS,-1,F_minus,-1,OH-CN-NH2-NH2-C_reactant",F_minus
W1-SN2-BH_0862_OH_CN-NH2-NH2-C_OH_TS,W1-SN2-BH,0.008688955617096160,5.4524019694416301,"1,OH_CN-NH2-NH2-C_OH_TS,-1,OH_minus,-1,OH-CN-NH2-NH2-C_reactant",OH_minus
W1-SN2-BH_0863_OH_CN-NH2-NH2-C_SH_TS,W1-SN2-BH,0.05071802326485097,31.826040104446701,"1,OH_CN-NH2-NH2-C_SH_TS,-1,SH_minus,-1,OH-CN-NH2-NH2-C_reactant",SH_minus
W1-SN2-BH_0864_OH_CN-NH2-OH-C_PH2_TS,W1-SN2-BH,0.003016127949687437,1.89264886341538,"1,OH_CN-NH2-OH-C_PH2_TS,-1,OH_minus,-1,PH2-CN-NH2-OH-C_reactant",OH_minus
W1-SN2-BH_0865_OH_CN-NH2-OH-C_PH2_TS,W1-SN2-BH,0.04239332599974001,26.602213701882398,"1,OH_CN-NH2-OH-C_PH2_TS,-1,PH2_minus,-1,OH-CN-NH2-OH-C_reactant",PH2_minus
W1-SN2-BH_0866_OH_CN-OH-SH-C_PH2_TS,W1-SN2-BH,0.02181271267985560,13.6876838616257,"1,OH_CN-OH-SH-C_PH2_TS,-1,PH2_minus,-1,OH-CN-OH-SH-C_reactant",PH2_minus
W1-SN2-BH_0867_OH_CN-SH-SH-C_PH2_TS,W1-SN2-BH,0.01210059453970836,7.5932377154632098,"1,OH_CN-SH-SH-C_PH2_TS,-1,PH2_minus,-1,OH-CN-SH-SH-C_reactant",PH2_minus
W1-SN2-BH_0868_OH_F-F-F-C_PH2_TS,W1-SN2-BH,0.04135889270678685,25.953097010267999,"1,OH_F-F-F-C_PH2_TS,-1,OH_minus,-1,PH2-F-F-F-C_reactant",OH_minus
W1-SN2-BH_0869_OH_F-F-F-C_PH2_TS,W1-SN2-BH,0.08911619600612272,55.921257286306201,"1,OH_F-F-F-C_PH2_TS,-1,PH2_minus,-1,OH-F-F-F-C_reactant",PH2_minus
W1-SN2-BH_0870_OH_F-F-H-C_F_TS,W1-SN2-BH,0.04279162584164737,26.852150626197101,"1,OH_F-F-H-C_F_TS,-1,F_minus,-1,OH-F-F-H-C_reactant",F_minus
W1-SN2-BH_0871_OH_F-F-H-C_F_TS,W1-SN2-BH,0.006057599840419470,3.8012012899463401,"1,OH_F-F-H-C_F_TS,-1,OH_minus,-1,F-F-F-H-C_reactant",OH_minus
W1-SN2-BH_0872_OH_F-F-H-C_NH2_TS,W1-SN2-BH,0.03947301017303581,24.769687853369099,"1,OH_F-F-H-C_NH2_TS,-1,NH2_minus,-1,OH-F-F-H-C_reactant",NH2_minus
W1-SN2-BH_0873_OH_F-F-H-C_NH2_TS,W1-SN2-BH,0.06229166790875542,39.088611767936399,"1,OH_F-F-H-C_NH2_TS,-1,OH_minus,-1,NH2-F-F-H-C_reactant",OH_minus
W1-SN2-BH_0874_OH_F-F-H-C_OH_TS,W1-SN2-BH,0.03759030265425180,23.588271048442301,"1,OH_F-F-H-C_OH_TS,-1,OH_minus,-1,OH-F-F-H-C_reactant",OH_minus
W1-SN2-BH_0875_OH_F-F-H-C_SH_TS,W1-SN2-BH,0.004197824040635054,2.6341743559483399,"1,OH_F-F-H-C_SH_TS,-1,OH_minus,-1,SH-F-F-H-C_reactant",OH_minus
W1-SN2-BH_0876_OH_F-F-H-C_SH_TS,W1-SN2-BH,0.08359319595468382,52.4555224287773,"1,OH_F-F-H-C_SH_TS,-1,SH_minus,-1,OH-F-F-H-C_reactant",SH_minus
W1-SN2-BH_0877_OH_F-F-Me-C_F_TS,W1-SN2-BH,0.05735543848121195,35.991081036003798,"1,OH_F-F-Me-C_F_TS,-1,F_minus,-1,OH-F-F-Me-C_reactant",F_minus
W1-SN2-BH_0878_OH_F-F-Me-C_F_TS,W1-SN2-BH,0.02153072765281136,13.510735585611499,"1,OH_F-F-Me-C_F_TS,-1,OH_minus,-1,F-F-F-Me-C_reactant",OH_minus
W1-SN2-BH_0879_OH_F-F-Me-C_OH_TS,W1-SN2-BH,0.05249563913970027,32.941510907159604,"1,OH_F-F-Me-C_OH_TS,-1,OH_minus,-1,OH-F-F-Me-C_reactant",OH_minus
W1-SN2-BH_0880_OH_F-F-Me-C_PH2_TS,W1-SN2-BH,0.03982464351199431,24.990341104961999,"1,OH_F-F-Me-C_PH2_TS,-1,OH_minus,-1,PH2-F-F-Me-C_reactant",OH_minus
W1-SN2-BH_0881_OH_F-F-Me-C_PH2_TS,W1-SN2-BH,0.09013006181399756,56.557467686176302,"1,OH_F-F-Me-C_PH2_TS,-1,PH2_minus,-1,OH-F-F-Me-C_reactant",PH2_minus
W1-SN2-BH_0882_OH_F-F-Me-C_SH_TS,W1-SN2-BH,0.01979939920198457,12.4243105800027,"1,OH_F-F-Me-C_SH_TS,-1,OH_minus,-1,SH-F-F-Me-C_reactant",OH_minus
W1-SN2-BH_0883_OH_F-F-Me-C_SH_TS,W1-SN2-BH,0.09939450808804906,62.370995495092203,"1,OH_F-F-Me-C_SH_TS,-1,SH_minus,-1,OH-F-F-Me-C_reactant",SH_minus
W1-SN2-BH_0884_OH_F-F-NH2-C_F_TS,W1-SN2-BH,0.04948681625503790,31.053446041256102,"1,OH_F-F-NH2-C_F_TS,-1,F_minus,-1,OH-F-F-NH2-C_reactant",F_minus
W1-SN2-BH_0885_OH_F-F-NH2-C_F_TS,W1-SN2-BH,0.01332297179069607,8.3602910213372095,"1,OH_F-F-NH2-C_F_TS,-1,OH_minus,-1,F-F-F-NH2-C_reactant",OH_minus
W1-SN2-BH_0886_OH_F-F-NH2-C_OH_TS,W1-SN2-BH,0.04351483993059571,27.305974318788099,"1,OH_F-F-NH2-C_OH_TS,-1,OH_minus,-1,OH-F-F-NH2-C_reactant",OH_minus
W1-SN2-BH_0887_OH_F-F-NH2-C_PH2_TS,W1-SN2-BH,0.03485571758553418,21.8722930101905,"1,OH_F-F-NH2-C_PH2_TS,-1,OH_minus,-1,PH2-F-F-NH2-C_reactant",OH_minus
W1-SN2-BH_0888_OH_F-F-NH2-C_PH2_TS,W1-SN2-BH,0.08439378720258358,52.957901021686403,"1,OH_F-F-NH2-C_PH2_TS,-1,PH2_minus,-1,OH-F-F-NH2-C_reactant",PH2_minus
W1-SN2-BH_0889_OH_F-F-NH2-C_SH_TS,W1-SN2-BH,0.01331908907766538,8.3578545821253805,"1,OH_F-F-NH2-C_SH_TS,-1,OH_minus,-1,SH-F-F-NH2-C_reactant",OH_minus
W1-SN2-BH_0890_OH_F-F-NH2-C_SH_TS,W1-SN2-BH,0.09221497335379757,57.865769429984297,"1,OH_F-F-NH2-C_SH_TS,-1,SH_minus,-1,OH-F-F-NH2-C_reactant",SH_minus
W1-SN2-BH_0891_OH_F-H-H-C_F_TS,W1-SN2-BH,0.03554660066243496,22.305828686415602,"1,OH_F-H-H-C_F_TS,-1,F_minus,-1,OH-F-H-H-C_reactant",F_minus
W1-SN2-BH_0892_OH_F-H-H-C_F_TS,W1-SN2-BH,0.00001588023098815413,9.9649953953771398E-3,"1,OH_F-H-H-C_F_TS,-1,OH_minus,-1,F-F-H-H-C_reactant",OH_minus
W1-SN2-BH_0893_OH_F-H-H-C_OH_TS,W1-SN2-BH,0.03058316621592760,19.191226547341099,"1,OH_F-H-H-C_OH_TS,-1,OH_minus,-1,OH-F-H-H-C_reactant",OH_minus
W1-SN2-BH_0894_OH_F-H-Me-C_OH_TS,W1-SN2-BH,0.03736409455324865,23.446323321952999,"1,OH_F-H-Me-C_OH_TS,-1,OH_minus,-1,OH-F-H-Me-C_reactant",OH_minus
W1-SN2-BH_0895_OH_F-H-Me-C_PH2_TS,W1-SN2-BH,0.02957806782692818,18.5605177858784,"1,OH_F-H-Me-C_PH2_TS,-1,OH_minus,-1,PH2-F-H-Me-C_reactant",OH_minus
W1-SN2-BH_0896_OH_F-H-Me-C_PH2_TS,W1-SN2-BH,0.06887048968611488,43.216884761402099,"1,OH_F-H-Me-C_PH2_TS,-1,PH2_minus,-1,OH-F-H-Me-C_reactant",PH2_minus
W1-SN2-BH_0897_OH_F-H-NH2-C_F_TS,W1-SN2-BH,0.03577763721038470,22.450806309108899,"1,OH_F-H-NH2-C_F_TS,-1,F_minus,-1,OH-F-H-NH2-C_reactant",F_minus
W1-SN2-BH_0898_OH_F-H-NH2-C_F_TS,W1-SN2-BH,0.001840192553785560,1.1547382616008099,"1,OH_F-H-NH2-C_F_TS,-1,OH_minus,-1,F-F-H-NH2-C_reactant",OH_minus
W1-SN2-BH_0899_OH_F-H-NH2-C_OH_TS,W1-SN2-BH,0.02927650855009506,18.371286482674002,"1,OH_F-H-NH2-C_OH_TS,-1,OH_minus,-1,OH-F-H-NH2-C_reactant",OH_minus
W1-SN2-BH_0900_OH_F-Me-Me-C_F_TS,W1-SN2-BH,0.05480328962244419,34.389583447907697,"1,OH_F-Me-Me-C_F_TS,-1,F_minus,-1,OH-F-Me-Me-C_reactant",F_minus
W1-SN2-BH_0901_OH_F-Me-Me-C_F_TS,W1-SN2-BH,0.02223685716976785,13.9538385474173,"1,OH_F-Me-Me-C_F_TS,-1,OH_minus,-1,F-F-Me-Me-C_reactant",OH_minus
W1-SN2-BH_0902_OH_F-Me-Me-C_OH_TS,W1-SN2-BH,0.05143237997379035,32.274305707166697,"1,OH_F-Me-Me-C_OH_TS,-1,OH_minus,-1,OH-F-Me-Me-C_reactant",OH_minus
W1-SN2-BH_0903_OH_F-Me-Me-C_SH_TS,W1-SN2-BH,0.01774756394914912,11.1367645196318,"1,OH_F-Me-Me-C_SH_TS,-1,OH_minus,-1,SH-F-Me-Me-C_reactant",OH_minus
W1-SN2-BH_0904_OH_F-Me-Me-C_SH_TS,W1-SN2-BH,0.09063233601885204,56.8726495083,"1,OH_F-Me-Me-C_SH_TS,-1,SH_minus,-1,OH-F-Me-Me-C_reactant",SH_minus
W1-SN2-BH_0905_OH_F-Me-NH2-C_F_TS,W1-SN2-BH,0.04519634270042417,28.3611332375188,"1,OH_F-Me-NH2-C_F_TS,-1,F_minus,-1,OH-F-Me-NH2-C_reactant",F_minus
W1-SN2-BH_0906_OH_F-Me-NH2-C_F_TS,W1-SN2-BH,0.01449183652257283,9.0937647144881009,"1,OH_F-Me-NH2-C_F_TS,-1,OH_minus,-1,F-F-Me-NH2-C_reactant",OH_minus
W1-SN2-BH_0907_OH_F-Me-NH2-C_NH2_TS,W1-SN2-BH,0.04130233213885137,25.917604718030098,"1,OH_F-Me-NH2-C_NH2_TS,-1,NH2_minus,-1,OH-F-Me-NH2-C_reactant",NH2_minus
W1-SN2-BH_0908_OH_F-Me-NH2-C_NH2_TS,W1-SN2-BH,0.06685969867423429,41.955094351086103,"1,OH_F-Me-NH2-C_NH2_TS,-1,OH_minus,-1,NH2-F-Me-NH2-C_reactant",OH_minus
W1-SN2-BH_0909_OH_F-Me-NH2-C_OH_TS,W1-SN2-BH,0.03744934988723970,23.499821851746798,"1,OH_F-Me-NH2-C_OH_TS,-1,OH_minus,-1,OH-F-Me-NH2-C_reactant",OH_minus
W1-SN2-BH_0910_OH_F-Me-OH-C_PH2_TS,W1-SN2-BH,0.02859772441908085,17.945343009618899,"1,OH_F-Me-OH-C_PH2_TS,-1,OH_minus,-1,PH2-F-Me-OH-C_reactant",OH_minus
W1-SN2-BH_0911_OH_F-Me-OH-C_PH2_TS,W1-SN2-BH,0.07626374191437938,47.856220578776203,"1,OH_F-Me-OH-C_PH2_TS,-1,PH2_minus,-1,OH-F-Me-OH-C_reactant",PH2_minus
W1-SN2-BH_0912_OH_F-NH2-NH2-C_F_TS,W1-SN2-BH,0.04647794851227783,29.165353026471301,"1,OH_F-NH2-NH2-C_F_TS,-1,F_minus,-1,OH-F-NH2-NH2-C_reactant",F_minus
W1-SN2-BH_0913_OH_F-NH2-NH2-C_F_TS,W1-SN2-BH,0.01061743973595057,6.6625440246030001,"1,OH_F-NH2-NH2-C_F_TS,-1,OH_minus,-1,F-F-NH2-NH2-C_reactant",OH_minus
W1-SN2-BH_0914_OH_F-NH2-NH2-C_NH2_TS,W1-SN2-BH,0.04087551960189378,25.6497758074403,"1,OH_F-NH2-NH2-C_NH2_TS,-1,NH2_minus,-1,OH-F-NH2-NH2-C_reactant",NH2_minus
W1-SN2-BH_0915_OH_F-NH2-NH2-C_NH2_TS,W1-SN2-BH,0.06207418228070708,38.952137475863502,"1,OH_F-NH2-NH2-C_NH2_TS,-1,OH_minus,-1,NH2-F-NH2-NH2-C_reactant",OH_minus
W1-SN2-BH_0916_OH_F-NH2-NH2-C_OH_TS,W1-SN2-BH,0.03747667701422309,23.516969882827802,"1,OH_F-NH2-NH2-C_OH_TS,-1,OH_minus,-1,OH-F-NH2-NH2-C_reactant",OH_minus
W1-SN2-BH_0917_OH_F-NH2-NH2-C_PH2_TS,W1-SN2-BH,0.03504800110545147,21.9929527406448,"1,OH_F-NH2-NH2-C_PH2_TS,-1,OH_minus,-1,PH2-F-NH2-NH2-C_reactant",OH_minus
W1-SN2-BH_0918_OH_F-NH2-NH2-C_PH2_TS,W1-SN2-BH,0.07944062460907546,49.8497445676851,"1,OH_F-NH2-NH2-C_PH2_TS,-1,PH2_minus,-1,OH-F-NH2-NH2-C_reactant",PH2_minus
W1-SN2-BH_0919_OH_F-OH-SH-C_PH2_TS,W1-SN2-BH,0.01481392551646615,9.2958786096476107,"1,OH_F-OH-SH-C_PH2_TS,-1,OH_minus,-1,PH2-F-OH-SH-C_reactant",OH_minus
W1-SN2-BH_0920_OH_F-OH-SH-C_PH2_TS,W1-SN2-BH,0.05802748335221097,36.412795559551199,"1,OH_F-OH-SH-C_PH2_TS,-1,PH2_minus,-1,OH-F-OH-SH-C_reactant",PH2_minus
W1-SN2-BH_0921_OH_F-SH-SH-C_PH2_TS,W1-SN2-BH,0.01200745558269084,7.5347921375303599,"1,OH_F-SH-SH-C_PH2_TS,-1,OH_minus,-1,PH2-F-SH-SH-C_reactant",OH_minus
W1-SN2-BH_0922_OH_F-SH-SH-C_PH2_TS,W1-SN2-BH,0.04819453387715056,30.242526605967001,"1,OH_F-SH-SH-C_PH2_TS,-1,PH2_minus,-1,OH-F-SH-SH-C_reactant",PH2_minus
W1-SN2-BH_0923_OH_H-H-H-C_F_TS,W1-SN2-BH,0.02851512801615597,17.893512984259999,"1,OH_H-H-H-C_F_TS,-1,F_minus,-1,OH-H-H-H-C_reactant",F_minus
W1-SN2-BH_0924_OH_H-H-H-C_NH2_TS,W1-SN2-BH,0.02066718922992197,12.9688570440309,"1,OH_H-H-H-C_NH2_TS,-1,NH2_minus,-1,OH-H-H-H-C_reactant",NH2_minus
W1-SN2-BH_0925_OH_H-H-H-C_NH2_TS,W1-SN2-BH,0.05034254420493432,31.590423437036701,"1,OH_H-H-H-C_NH2_TS,-1,OH_minus,-1,NH2-H-H-H-C_reactant",OH_minus
W1-SN2-BH_0926_OH_H-H-H-C_OH_TS,W1-SN2-BH,0.02325307380265613,14.5915241122552,"1,OH_H-H-H-C_OH_TS,-1,OH_minus,-1,OH-H-H-H-C_reactant",OH_minus
W1-SN2-BH_0927_OH_H-H-H-C_PH2_TS,W1-SN2-BH,0.02946050988304496,18.486749062340301,"1,OH_H-H-H-C_PH2_TS,-1,OH_minus,-1,PH2-H-H-H-C_reactant",OH_minus
W1-SN2-BH_0928_OH_H-H-H-C_PH2_TS,W1-SN2-BH,0.04245897319975083,26.643407941834901,"1,OH_H-H-H-C_PH2_TS,-1,PH2_minus,-1,OH-H-H-H-C_reactant",PH2_minus
W1-SN2-BH_0929_OH_H-H-Me-C_F_TS,W1-SN2-BH,0.03228527205177367,20.259314085192599,"1,OH_H-H-Me-C_F_TS,-1,F_minus,-1,OH-H-H-Me-C_reactant",F_minus
W1-SN2-BH_0930_OH_H-H-Me-C_F_TS,W1-SN2-BH,0.001495849194859251,0.93865954154384001,"1,OH_H-H-Me-C_F_TS,-1,OH_minus,-1,F-H-H-Me-C_reactant",OH_minus
W1-SN2-BH_0931_OH_H-H-Me-C_OH_TS,W1-SN2-BH,0.02646174928234401,16.604998374953301,"1,OH_H-H-Me-C_OH_TS,-1,OH_minus,-1,OH-H-H-Me-C_reactant",OH_minus
W1-SN2-BH_0932_OH_H-H-Me-C_PH2_TS,W1-SN2-BH,0.02915070492403130,18.292343515447499,"1,OH_H-H-Me-C_PH2_TS,-1,OH_minus,-1,PH2-H-H-Me-C_reactant",OH_minus
W1-SN2-BH_0933_OH_H-H-Me-C_PH2_TS,W1-SN2-BH,0.04729491148130664,29.678005029495601,"1,OH_H-H-Me-C_PH2_TS,-1,PH2_minus,-1,OH-H-H-Me-C_reactant",PH2_minus
W1-SN2-BH_0934_OH_H-H-NH2-C_NH2_TS,W1-SN2-BH,0.02078054855191102,13.0399910925524,"1,OH_H-H-NH2-C_NH2_TS,-1,NH2_minus,-1,OH-H-H-NH2-C_reactant",NH2_minus
W1-SN2-BH_0935_OH_H-H-NH2-C_NH2_TS,W1-SN2-BH,0.04591693403237804,28.813311125247601,"1,OH_H-H-NH2-C_NH2_TS,-1,OH_minus,-1,NH2-H-H-NH2-C_reactant",OH_minus
W1-SN2-BH_0936_OH_H-H-NH2-C_OH_TS,W1-SN2-BH,0.02328199164866267,14.609670334593799,"1,OH_H-H-NH2-C_OH_TS,-1,OH_minus,-1,OH-H-H-NH2-C_reactant",OH_minus
W1-SN2-BH_0937_OH_H-H-NH2-C_SH_TS,W1-SN2-BH,0.05596822182138736,35.120589439385697,"1,OH_H-H-NH2-C_SH_TS,-1,SH_minus,-1,OH-H-H-NH2-C_reactant",SH_minus
W1-SN2-BH_0938_OH_H-H-OH-C_PH2_TS,W1-SN2-BH,0.01263003209667530,7.9254647983847901,"1,OH_H-H-OH-C_PH2_TS,-1,OH_minus,-1,PH2-H-H-OH-C_reactant",OH_minus
W1-SN2-BH_0939_OH_H-H-OH-C_PH2_TS,W1-SN2-BH,0.04505628476546770,28.273245556415901,"1,OH_H-H-OH-C_PH2_TS,-1,PH2_minus,-1,OH-H-H-OH-C_reactant",PH2_minus
W1-SN2-BH_0940_OH_H-H-OH-C_SH_TS,W1-SN2-BH,0.05088878154992783,31.9331925461072,"1,OH_H-H-OH-C_SH_TS,-1,SH_minus,-1,OH-H-H-OH-C_reactant",SH_minus
W1-SN2-BH_0941_OH_H-Me-Me-C_F_TS,W1-SN2-BH,0.03487711931946362,21.8857228009926,"1,OH_H-Me-Me-C_F_TS,-1,F_minus,-1,OH-H-Me-Me-C_reactant",F_minus
W1-SN2-BH_0942_OH_H-Me-Me-C_F_TS,W1-SN2-BH,0.004947352487491116,3.10451055743032,"1,OH_H-Me-Me-C_F_TS,-1,OH_minus,-1,F-H-Me-Me-C_reactant",OH_minus
W1-SN2-BH_0943_OH_H-Me-Me-C_NH2_TS,W1-SN2-BH,0.03097136420588019,19.434824463848599,"1,OH_H-Me-Me-C_NH2_TS,-1,NH2_minus,-1,OH-H-Me-Me-C_reactant",NH2_minus
W1-SN2-BH_0944_OH_H-Me-Me-C_NH2_TS,W1-SN2-BH,0.05711191533225510,35.838267952879697,"1,OH_H-Me-Me-C_NH2_TS,-1,OH_minus,-1,NH2-H-Me-Me-C_reactant",OH_minus
W1-SN2-BH_0945_OH_H-Me-Me-C_OH_TS,W1-SN2-BH,0.03014590712096323,18.9168423226307,"1,OH_H-Me-Me-C_OH_TS,-1,OH_minus,-1,OH-H-Me-Me-C_reactant",OH_minus
W1-SN2-BH_0946_OH_H-Me-Me-C_PH2_TS,W1-SN2-BH,0.03092453070185528,19.405435996369398,"1,OH_H-Me-Me-C_PH2_TS,-1,OH_minus,-1,PH2-H-Me-Me-C_reactant",OH_minus
W1-SN2-BH_0947_OH_H-Me-Me-C_PH2_TS,W1-SN2-BH,0.05437050898546070,34.118009498009499,"1,OH_H-Me-Me-C_PH2_TS,-1,PH2_minus,-1,OH-H-Me-Me-C_reactant",PH2_minus
W1-SN2-BH_0948_OH_H-Me-NH2-C_F_TS,W1-SN2-BH,0.03568419751541524,22.392172015261998,"1,OH_H-Me-NH2-C_F_TS,-1,F_minus,-1,OH-H-Me-NH2-C_reactant",F_minus
W1-SN2-BH_0949_OH_H-Me-NH2-C_F_TS,W1-SN2-BH,0.009087538378078298,5.7025164281561498,"1,OH_H-Me-NH2-C_F_TS,-1,OH_minus,-1,F-H-Me-NH2-C_reactant",OH_minus
W1-SN2-BH_0950_OH_H-Me-NH2-C_NH2_TS,W1-SN2-BH,0.02821447500816054,17.704850373337301,"1,OH_H-Me-NH2-C_NH2_TS,-1,NH2_minus,-1,OH-H-Me-NH2-C_reactant",NH2_minus
W1-SN2-BH_0951_OH_H-Me-NH2-C_NH2_TS,W1-SN2-BH,0.05192472438972937,32.5832564926705,"1,OH_H-Me-NH2-C_NH2_TS,-1,OH_minus,-1,NH2-H-Me-NH2-C_reactant",OH_minus
W1-SN2-BH_0952_OH_H-Me-NH2-C_OH_TS,W1-SN2-BH,0.02945913305404044,18.485885089095799,"1,OH_H-Me-NH2-C_OH_TS,-1,OH_minus,-1,OH-H-Me-NH2-C_reactant",OH_minus
W1-SN2-BH_0953_OH_H-Me-OH-C_PH2_TS,W1-SN2-BH,0.01757650197617434,11.029421510938199,"1,OH_H-Me-OH-C_PH2_TS,-1,OH_minus,-1,PH2-H-Me-OH-C_reactant",OH_minus
W1-SN2-BH_0954_OH_H-Me-OH-C_PH2_TS,W1-SN2-BH,0.05730329665122038,35.958361543689101,"1,OH_H-Me-OH-C_PH2_TS,-1,PH2_minus,-1,OH-H-Me-OH-C_reactant",PH2_minus
W1-SN2-BH_0955_OH_H-Me-OH-C_SH_TS,W1-SN2-BH,0.06190845579774765,38.848142537703303,"1,OH_H-Me-OH-C_SH_TS,-1,SH_minus,-1,OH-H-Me-OH-C_reactant",SH_minus
W1-SN2-BH_0956_OH_H-NH2-NH2-C_NH2_TS,W1-SN2-BH,0.02685461572329436,16.851525788691099,"1,OH_H-NH2-NH2-C_NH2_TS,-1,NH2_minus,-1,OH-H-NH2-NH2-C_reactant",NH2_minus
W1-SN2-BH_0957_OH_H-NH2-NH2-C_NH2_TS,W1-SN2-BH,0.04961288962404260,31.132558274733601,"1,OH_H-NH2-NH2-C_NH2_TS,-1,OH_minus,-1,NH2-H-NH2-NH2-C_reactant",OH_minus
W1-SN2-BH_0958_OH_H-NH2-NH2-C_OH_TS,W1-SN2-BH,0.02888640432109343,18.1264923831034,"1,OH_H-NH2-NH2-C_OH_TS,-1,OH_minus,-1,OH-H-NH2-NH2-C_reactant",OH_minus
W1-SN2-BH_0959_OH_Me-Me-Me-C_F_TS,W1-SN2-BH,0.04465378338653664,28.020672127813199,"1,OH_Me-Me-Me-C_F_TS,-1,F_minus,-1,OH-Me-Me-Me-C_reactant",F_minus
W1-SN2-BH_0960_OH_Me-Me-Me-C_F_TS,W1-SN2-BH,0.01583719284945936,9.9379885556001302,"1,OH_Me-Me-Me-C_F_TS,-1,OH_minus,-1,F-Me-Me-Me-C_reactant",OH_minus
W1-SN2-BH_0961_OH_Me-Me-Me-C_NH2_TS,W1-SN2-BH,0.04207886966375781,26.4048893718744,"1,OH_Me-Me-Me-C_NH2_TS,-1,NH2_minus,-1,OH-Me-Me-Me-C_reactant",NH2_minus
W1-SN2-BH_0962_OH_Me-Me-Me-C_NH2_TS,W1-SN2-BH,0.06753125545620460,42.376502594143801,"1,OH_Me-Me-Me-C_NH2_TS,-1,OH_minus,-1,NH2-Me-Me-Me-C_reactant",OH_minus
W1-SN2-BH_0963_OH_Me-Me-Me-C_OH_TS,W1-SN2-BH,0.04205176775574329,26.387882667830102,"1,OH_Me-Me-Me-C_OH_TS,-1,OH_minus,-1,OH-Me-Me-Me-C_reactant",OH_minus
W1-SN2-BH_0964_OH_Me-Me-Me-C_PH2_TS,W1-SN2-BH,0.04240542241978934,26.609804320065599,"1,OH_Me-Me-Me-C_PH2_TS,-1,OH_minus,-1,PH2-Me-Me-Me-C_reactant",OH_minus
W1-SN2-BH_0965_OH_Me-Me-Me-C_PH2_TS,W1-SN2-BH,0.06892547148607210,43.251386361776298,"1,OH_Me-Me-Me-C_PH2_TS,-1,PH2_minus,-1,OH-Me-Me-Me-C_reactant",PH2_minus
W1-SN2-BH_0966_OH_Me-Me-Me-C_SH_TS,W1-SN2-BH,0.01848676067807541,11.6006174702295,"1,OH_Me-Me-Me-C_SH_TS,-1,OH_minus,-1,SH-Me-Me-Me-C_reactant",OH_minus
W1-SN2-BH_0967_OH_Me-Me-Me-C_SH_TS,W1-SN2-BH,0.07583269233736312,47.585732885407602,"1,OH_Me-Me-Me-C_SH_TS,-1,SH_minus,-1,OH-Me-Me-Me-C_reactant",SH_minus
W1-SN2-BH_0968_OH_Me-Me-NH2-C_F_TS,W1-SN2-BH,0.04155407681079670,26.0755768847207,"1,OH_Me-Me-NH2-C_F_TS,-1,F_minus,-1,OH-Me-Me-NH2-C_reactant",F_minus
W1-SN2-BH_0969_OH_Me-Me-NH2-C_F_TS,W1-SN2-BH,0.01569373113336710,9.84796496958689,"1,OH_Me-Me-NH2-C_F_TS,-1,OH_minus,-1,F-Me-Me-NH2-C_reactant",OH_minus
W1-SN2-BH_0970_OH_Me-Me-NH2-C_OH_TS,W1-SN2-BH,0.03880514159705802,24.350593994514,"1,OH_Me-Me-NH2-C_OH_TS,-1,OH_minus,-1,OH-Me-Me-NH2-C_reactant",OH_minus
W1-SN2-BH_0971_OH_Me-Me-OH-C_OH_TS,W1-SN2-BH,0.04026625871499431,25.267458828734799,"1,OH_Me-Me-OH-C_OH_TS,-1,OH_minus,-1,OH-Me-Me-OH-C_reactant",OH_minus
W1-SN2-BH_0972_OH_Me-Me-SH-C_PH2_TS,W1-SN2-BH,0.03000264341590790,18.826942990419099,"1,OH_Me-Me-SH-C_PH2_TS,-1,OH_minus,-1,PH2-Me-Me-SH-C_reactant",OH_minus
W1-SN2-BH_0973_OH_Me-Me-SH-C_PH2_TS,W1-SN2-BH,0.05772919609614036,36.225617480374602,"1,OH_Me-Me-SH-C_PH2_TS,-1,PH2_minus,-1,OH-Me-Me-SH-C_reactant",PH2_minus
W1-SN2-BH_0974_OH_Me-NH2-NH2-C_NH2_TS,W1-SN2-BH,0.03900533061107563,24.476214497413402,"1,OH_Me-NH2-NH2-C_NH2_TS,-1,NH2_minus,-1,OH-Me-NH2-NH2-C_reactant",NH2_minus
W1-SN2-BH_0975_OH_Me-NH2-NH2-C_NH2_TS,W1-SN2-BH,0.05883964198408822,36.922432795496299,"1,OH_Me-NH2-NH2-C_NH2_TS,-1,OH_minus,-1,NH2-Me-NH2-NH2-C_reactant",OH_minus
W1-SN2-BH_0976_OH_NH2-SH-SH-C_PH2_TS,W1-SN2-BH,0.01491610845355429,9.3599993707580094,"1,OH_NH2-SH-SH-C_PH2_TS,-1,OH_minus,-1,PH2-NH2-SH-SH-C_reactant",OH_minus
W1-SN2-BH_0977_OH_NH2-SH-SH-C_PH2_TS,W1-SN2-BH,0.04164735899179978,26.134112337061399,"1,OH_NH2-SH-SH-C_PH2_TS,-1,PH2_minus,-1,OH-NH2-SH-SH-C_reactant",PH2_minus
W1-SN2-BH_0978_OH_OH-SH-SH-C_NH2_TS,W1-SN2-BH,0.01306822837073481,8.2004371118562798,"1,OH_OH-SH-SH-C_NH2_TS,-1,NH2_minus,-1,OH-OH-SH-SH-C_reactant",NH2_minus
W1-SN2-BH_0979_OH_OH-SH-SH-C_NH2_TS,W1-SN2-BH,0.03823855375210056,23.9950547539142,"1,OH_OH-SH-SH-C_NH2_TS,-1,OH_minus,-1,NH2-OH-SH-SH-C_reactant",OH_minus
W1-SN2-BH_0980_PH2_Br-Br-CCH-C_PH2_TS,W1-SN2-BH,0.04106188232841309,25.766720183943399,"1,PH2_Br-Br-CCH-C_PH2_TS,-1,PH2_minus,-1,PH2-Br-Br-CCH-C_reactant",PH2_minus
W1-SN2-BH_0981_PH2_Br-Br-CCH-C_SH_TS,W1-SN2-BH,0.01972573538097913,12.3780858344261,"1,PH2_Br-Br-CCH-C_SH_TS,-1,PH2_minus,-1,SH-Br-Br-CCH-C_reactant",PH2_minus
W1-SN2-BH_0982_PH2_Br-Br-CCH-C_SH_TS,W1-SN2-BH,0.06115503987188139,38.375366906312202,"1,PH2_Br-Br-CCH-C_SH_TS,-1,SH_minus,-1,PH2-Br-Br-CCH-C_reactant",SH_minus
W1-SN2-BH_0983_PH2_Br-Br-Cl-C_SH_TS,W1-SN2-BH,0.03375471689129697,21.181404643606601,"1,PH2_Br-Br-Cl-C_SH_TS,-1,PH2_minus,-1,SH-Br-Br-Cl-C_reactant",PH2_minus
W1-SN2-BH_0984_PH2_Br-Br-Cl-C_SH_TS,W1-SN2-BH,0.07443903175205351,46.711197664497497,"1,PH2_Br-Br-Cl-C_SH_TS,-1,SH_minus,-1,PH2-Br-Br-Cl-C_reactant",SH_minus
W1-SN2-BH_0985_PH2_Br-Br-CN-C_PH2_TS,W1-SN2-BH,0.02628916325656360,16.496699008685201,"1,PH2_Br-Br-CN-C_PH2_TS,-1,PH2_minus,-1,PH2-Br-Br-CN-C_reactant",PH2_minus
W1-SN2-BH_0986_PH2_Br-Br-H-C_PH2_TS,W1-SN2-BH,0.05032895127390960,31.5818937440384,"1,PH2_Br-Br-H-C_PH2_TS,-1,PH2_minus,-1,PH2-Br-Br-H-C_reactant",PH2_minus
W1-SN2-BH_0987_PH2_Br-Br-Me-C_PH2_TS,W1-SN2-BH,0.06045203839341058,37.9342268182914,"1,PH2_Br-Br-Me-C_PH2_TS,-1,PH2_minus,-1,PH2-Br-Br-Me-C_reactant",PH2_minus
W1-SN2-BH_0988_PH2_Br-Br-NH2-C_SH_TS,W1-SN2-BH,0.02834487586903020,17.786678148958998,"1,PH2_Br-Br-NH2-C_SH_TS,-1,PH2_minus,-1,SH-Br-Br-NH2-C_reactant",PH2_minus
W1-SN2-BH_0989_PH2_Br-Br-NH2-C_SH_TS,W1-SN2-BH,0.07058748041090043,44.294312708083503,"1,PH2_Br-Br-NH2-C_SH_TS,-1,SH_minus,-1,PH2-Br-Br-NH2-C_reactant",SH_minus
W1-SN2-BH_0990_PH2_Br-CCH-Cl-C_PH2_TS,W1-SN2-BH,0.04124559396717778,25.882000977763902,"1,PH2_Br-CCH-Cl-C_PH2_TS,-1,PH2_minus,-1,PH2-Br-CCH-Cl-C_reactant",PH2_minus
W1-SN2-BH_0991_PH2_Br-CCH-F-C_PH2_TS,W1-SN2-BH,0.04635646060739843,29.0891182151754,"1,PH2_Br-CCH-F-C_PH2_TS,-1,PH2_minus,-1,PH2-Br-CCH-F-C_reactant",PH2_minus
W1-SN2-BH_0992_PH2_Br-CCH-H-C_F_TS,W1-SN2-BH,0.03441194564738477,21.593821914678401,"1,PH2_Br-CCH-H-C_F_TS,-1,F_minus,-1,PH2-Br-CCH-H-C_reactant",F_minus
W1-SN2-BH_0993_PH2_Br-CCH-H-C_F_TS,W1-SN2-BH,0.01527624904866662,9.5859910061857203,"1,PH2_Br-CCH-H-C_F_TS,-1,PH2_minus,-1,F-Br-CCH-H-C_reactant",PH2_minus
W1-SN2-BH_0994_PH2_Br-CCH-H-C_NH2_TS,W1-SN2-BH,0.01631821379232471,10.239833754470901,"1,PH2_Br-CCH-H-C_NH2_TS,-1,NH2_minus,-1,PH2-Br-CCH-H-C_reactant",NH2_minus
W1-SN2-BH_0995_PH2_Br-CCH-H-C_NH2_TS,W1-SN2-BH,0.07010150282871952,43.989357171082702,"1,PH2_Br-CCH-H-C_NH2_TS,-1,PH2_minus,-1,NH2-Br-CCH-H-C_reactant",PH2_minus
W1-SN2-BH_0996_PH2_Br-CCH-H-C_PH2_TS,W1-SN2-BH,0.03835764906785604,24.0697881928673,"1,PH2_Br-CCH-H-C_PH2_TS,-1,PH2_minus,-1,PH2-Br-CCH-H-C_reactant",PH2_minus
W1-SN2-BH_0997_PH2_Br-CCH-Me-C_F_TS,W1-SN2-BH,0.04232215386247901,26.5575525114618,"1,PH2_Br-CCH-Me-C_F_TS,-1,F_minus,-1,PH2-Br-CCH-Me-C_reactant",F_minus
W1-SN2-BH_0998_PH2_Br-CCH-Me-C_F_TS,W1-SN2-BH,0.02812005994645991,17.6456040276259,"1,PH2_Br-CCH-Me-C_F_TS,-1,PH2_minus,-1,F-Br-CCH-Me-C_reactant",PH2_minus
W1-SN2-BH_0999_PH2_Br-CCH-Me-C_NH2_TS,W1-SN2-BH,0.02117730529758633,13.2889597093621,"1,PH2_Br-CCH-Me-C_NH2_TS,-1,NH2_minus,-1,PH2-Br-CCH-Me-C_reactant",NH2_minus
W1-SN2-BH_1000_PH2_Br-CCH-Me-C_NH2_TS,W1-SN2-BH,0.07676184118009846,48.168782587038798,"1,PH2_Br-CCH-Me-C_NH2_TS,-1,PH2_minus,-1,NH2-Br-CCH-Me-C_reactant",PH2_minus
W1-SN2-BH_1001_PH2_Br-CCH-Me-C_PH2_TS,W1-SN2-BH,0.04435483854840271,27.833081409661901,"1,PH2_Br-CCH-Me-C_PH2_TS,-1,PH2_minus,-1,PH2-Br-CCH-Me-C_reactant",PH2_minus
W1-SN2-BH_1002_PH2_Br-CCH-NH2-C_F_TS,W1-SN2-BH,0.03738673236909232,23.460528765867,"1,PH2_Br-CCH-NH2-C_F_TS,-1,F_minus,-1,PH2-Br-CCH-NH2-C_reactant",F_minus
W1-SN2-BH_1003_PH2_Br-CCH-NH2-C_F_TS,W1-SN2-BH,0.02481157294938082,15.5694970921442,"1,PH2_Br-CCH-NH2-C_F_TS,-1,PH2_minus,-1,F-Br-CCH-NH2-C_reactant",PH2_minus
W1-SN2-BH_1004_PH2_Br-CCH-NH2-C_NH2_TS,W1-SN2-BH,0.01349400752952356,8.4676175678548393,"1,PH2_Br-CCH-NH2-C_NH2_TS,-1,NH2_minus,-1,PH2-Br-CCH-NH2-C_reactant",NH2_minus
W1-SN2-BH_1005_PH2_Br-CCH-NH2-C_NH2_TS,W1-SN2-BH,0.06605298669837510,41.448874943394301,"1,PH2_Br-CCH-NH2-C_NH2_TS,-1,PH2_minus,-1,NH2-Br-CCH-NH2-C_reactant",PH2_minus
W1-SN2-BH_1006_PH2_Br-CCH-NH2-C_PH2_TS,W1-SN2-BH,0.04362967986087469,27.378037463038901,"1,PH2_Br-CCH-NH2-C_PH2_TS,-1,PH2_minus,-1,PH2-Br-CCH-NH2-C_reactant",PH2_minus
W1-SN2-BH_1007_PH2_Br-Cl-Cl-C_SH_TS,W1-SN2-BH,0.03566045369194143,22.377272541081702,"1,PH2_Br-Cl-Cl-C_SH_TS,-1,PH2_minus,-1,SH-Br-Cl-Cl-C_reactant",PH2_minus
W1-SN2-BH_1008_PH2_Br-Cl-Cl-C_SH_TS,W1-SN2-BH,0.07608755494455862,47.745661586007202,"1,PH2_Br-Cl-Cl-C_SH_TS,-1,SH_minus,-1,PH2-Br-Cl-Cl-C_reactant",SH_minus
W1-SN2-BH_1009_PH2_Br-Cl-H-C_PH2_TS,W1-SN2-BH,0.05128736037870971,32.183304537328802,"1,PH2_Br-Cl-H-C_PH2_TS,-1,PH2_minus,-1,PH2-Br-Cl-H-C_reactant",PH2_minus
W1-SN2-BH_1010_PH2_Br-Cl-H-C_SH_TS,W1-SN2-BH,0.02615316153979475,16.411356642923899,"1,PH2_Br-Cl-H-C_SH_TS,-1,PH2_minus,-1,SH-Br-Cl-H-C_reactant",PH2_minus
W1-SN2-BH_1011_PH2_Br-Cl-H-C_SH_TS,W1-SN2-BH,0.06362337003789932,39.9242674706042,"1,PH2_Br-Cl-H-C_SH_TS,-1,SH_minus,-1,PH2-Br-Cl-H-C_reactant",SH_minus
W1-SN2-BH_1012_PH2_Br-Cl-Me-C_PH2_TS,W1-SN2-BH,0.06174672890772225,38.746657382001601,"1,PH2_Br-Cl-Me-C_PH2_TS,-1,PH2_minus,-1,PH2-Br-Cl-Me-C_reactant",PH2_minus
W1-SN2-BH_1013_PH2_Br-Cl-Me-C_SH_TS,W1-SN2-BH,0.04038842889898152,25.3441217766348,"1,PH2_Br-Cl-Me-C_SH_TS,-1,PH2_minus,-1,SH-Br-Cl-Me-C_reactant",PH2_minus
W1-SN2-BH_1014_PH2_Br-Cl-Me-C_SH_TS,W1-SN2-BH,0.07799585060627254,48.943135193046203,"1,PH2_Br-Cl-Me-C_SH_TS,-1,SH_minus,-1,PH2-Br-Cl-Me-C_reactant",SH_minus
W1-SN2-BH_1015_PH2_Br-CN-Cl-C_PH2_TS,W1-SN2-BH,0.02579087205017306,16.184016555832802,"1,PH2_Br-CN-Cl-C_PH2_TS,-1,PH2_minus,-1,PH2-Br-CN-Cl-C_reactant",PH2_minus
W1-SN2-BH_1016_PH2_Br-CN-F-C_PH2_TS,W1-SN2-BH,0.03067275261820087,19.247442863514799,"1,PH2_Br-CN-F-C_PH2_TS,-1,PH2_minus,-1,PH2-Br-CN-F-C_reactant",PH2_minus
W1-SN2-BH_1017_PH2_Br-CN-H-C_F_TS,W1-SN2-BH,0.02127770458959952,13.351961216289601,"1,PH2_Br-CN-H-C_F_TS,-1,F_minus,-1,PH2-Br-CN-H-C_reactant",F_minus
W1-SN2-BH_1018_PH2_Br-CN-H-C_NH2_TS,W1-SN2-BH,0.001131871592747172,0.71026014787174097,"1,PH2_Br-CN-H-C_NH2_TS,-1,NH2_minus,-1,PH2-Br-CN-H-C_reactant",NH2_minus
W1-SN2-BH_1019_PH2_Br-CN-H-C_NH2_TS,W1-SN2-BH,0.05401115829866131,33.892513537531798,"1,PH2_Br-CN-H-C_NH2_TS,-1,PH2_minus,-1,NH2-Br-CN-H-C_reactant",PH2_minus
W1-SN2-BH_1020_PH2_Br-CN-H-C_OH_TS,W1-SN2-BH,0.01220193044232557,7.6568269544182499,"1,PH2_Br-CN-H-C_OH_TS,-1,OH_minus,-1,PH2-Br-CN-H-C_reactant",OH_minus
W1-SN2-BH_1021_PH2_Br-CN-H-C_OH_TS,W1-SN2-BH,0.03087170846637193,19.372289543162399,"1,PH2_Br-CN-H-C_OH_TS,-1,PH2_minus,-1,OH-Br-CN-H-C_reactant",PH2_minus
W1-SN2-BH_1022_PH2_Br-CN-H-C_PH2_TS,W1-SN2-BH,0.02489676680829446,15.622957045744499,"1,PH2_Br-CN-H-C_PH2_TS,-1,PH2_minus,-1,PH2-Br-CN-H-C_reactant",PH2_minus
W1-SN2-BH_1023_PH2_Br-CN-Me-C_F_TS,W1-SN2-BH,0.02946656282187360,18.4905473388012,"1,PH2_Br-CN-Me-C_F_TS,-1,F_minus,-1,PH2-Br-CN-Me-C_reactant",F_minus
W1-SN2-BH_1024_PH2_Br-CN-Me-C_F_TS,W1-SN2-BH,0.01093375667259454,6.8610358991537099,"1,PH2_Br-CN-Me-C_F_TS,-1,PH2_minus,-1,F-Br-CN-Me-C_reactant",PH2_minus
W1-SN2-BH_1025_PH2_Br-CN-Me-C_NH2_TS,W1-SN2-BH,0.006094956263337847,3.8246427992447298,"1,PH2_Br-CN-Me-C_NH2_TS,-1,NH2_minus,-1,PH2-Br-CN-Me-C_reactant",NH2_minus
W1-SN2-BH_1026_PH2_Br-CN-Me-C_NH2_TS,W1-SN2-BH,0.06052234007557524,37.978341789892298,"1,PH2_Br-CN-Me-C_NH2_TS,-1,PH2_minus,-1,NH2-Br-CN-Me-C_reactant",PH2_minus
W1-SN2-BH_1027_PH2_Br-CN-Me-C_PH2_TS,W1-SN2-BH,0.03069910308304841,19.263978029852598,"1,PH2_Br-CN-Me-C_PH2_TS,-1,PH2_minus,-1,PH2-Br-CN-Me-C_reactant",PH2_minus
W1-SN2-BH_1028_PH2_Br-CN-Me-C_SH_TS,W1-SN2-BH,0.009948042506403097,6.2424909211503703,"1,PH2_Br-CN-Me-C_SH_TS,-1,PH2_minus,-1,SH-Br-CN-Me-C_reactant",PH2_minus
W1-SN2-BH_1029_PH2_Br-CN-Me-C_SH_TS,W1-SN2-BH,0.05001307428617145,31.3836779415942,"1,PH2_Br-CN-Me-C_SH_TS,-1,SH_minus,-1,PH2-Br-CN-Me-C_reactant",SH_minus
W1-SN2-BH_1030_PH2_Br-CN-NH2-C_F_TS,W1-SN2-BH,0.02321293381140404,14.566335887455701,"1,PH2_Br-CN-NH2-C_F_TS,-1,F_minus,-1,PH2-Br-CN-NH2-C_reactant",F_minus
W1-SN2-BH_1031_PH2_Br-CN-NH2-C_F_TS,W1-SN2-BH,0.006491353456369593,4.0733857933641699,"1,PH2_Br-CN-NH2-C_F_TS,-1,PH2_minus,-1,F-Br-CN-NH2-C_reactant",PH2_minus
W1-SN2-BH_1032_PH2_Br-CN-NH2-C_NH2_TS,W1-SN2-BH,0.04887615432844176,30.6702498968674,"1,PH2_Br-CN-NH2-C_NH2_TS,-1,PH2_minus,-1,NH2-Br-CN-NH2-C_reactant",PH2_minus
W1-SN2-BH_1033_PH2_Br-CN-NH2-C_PH2_TS,W1-SN2-BH,0.02848046691392580,17.871762814229101,"1,PH2_Br-CN-NH2-C_PH2_TS,-1,PH2_minus,-1,PH2-Br-CN-NH2-C_reactant",PH2_minus
W1-SN2-BH_1034_PH2_Br-CN-NH2-C_SH_TS,W1-SN2-BH,0.006944455584500426,4.3577116714844202,"1,PH2_Br-CN-NH2-C_SH_TS,-1,PH2_minus,-1,SH-Br-CN-NH2-C_reactant",PH2_minus
W1-SN2-BH_1035_PH2_Br-CN-NH2-C_SH_TS,W1-SN2-BH,0.04563460076174524,28.636144323082299,"1,PH2_Br-CN-NH2-C_SH_TS,-1,SH_minus,-1,PH2-Br-CN-NH2-C_reactant",SH_minus
W1-SN2-BH_1036_PH2_Br-F-H-C_PH2_TS,W1-SN2-BH,0.05515578320491997,34.610776510457697,"1,PH2_Br-F-H-C_PH2_TS,-1,PH2_minus,-1,PH2-Br-F-H-C_reactant",PH2_minus
W1-SN2-BH_1037_PH2_Br-F-H-C_SH_TS,W1-SN2-BH,0.03058589943440731,19.1929416678318,"1,PH2_Br-F-H-C_SH_TS,-1,PH2_minus,-1,SH-Br-F-H-C_reactant",PH2_minus
W1-SN2-BH_1038_PH2_Br-F-H-C_SH_TS,W1-SN2-BH,0.06470508618653718,40.603054602121503,"1,PH2_Br-F-H-C_SH_TS,-1,SH_minus,-1,PH2-Br-F-H-C_reactant",SH_minus
W1-SN2-BH_1039_PH2_Br-F-Me-C_PH2_TS,W1-SN2-BH,0.06498588422465665,40.779258031339801,"1,PH2_Br-F-Me-C_PH2_TS,-1,PH2_minus,-1,PH2-Br-F-Me-C_reactant",PH2_minus
W1-SN2-BH_1040_PH2_Br-F-Me-C_SH_TS,W1-SN2-BH,0.04591978885029943,28.815102550540001,"1,PH2_Br-F-Me-C_SH_TS,-1,PH2_minus,-1,SH-Br-F-Me-C_reactant",PH2_minus
W1-SN2-BH_1041_PH2_Br-F-Me-C_SH_TS,W1-SN2-BH,0.07870888298093420,49.3905697634601,"1,PH2_Br-F-Me-C_SH_TS,-1,SH_minus,-1,PH2-Br-F-Me-C_reactant",SH_minus
W1-SN2-BH_1042_PH2_Br-F-NH2-C_SH_TS,W1-SN2-BH,0.03977930761593764,24.961892400671299,"1,PH2_Br-F-NH2-C_SH_TS,-1,PH2_minus,-1,SH-Br-F-NH2-C_reactant",PH2_minus
W1-SN2-BH_1043_PH2_Br-F-NH2-C_SH_TS,W1-SN2-BH,0.07312961066865187,45.889523529125,"1,PH2_Br-F-NH2-C_SH_TS,-1,SH_minus,-1,PH2-Br-F-NH2-C_reactant",SH_minus
W1-SN2-BH_1044_PH2_Br-H-H-C_F_TS,W1-SN2-BH,0.03628316374123498,22.768028996607701,"1,PH2_Br-H-H-C_F_TS,-1,F_minus,-1,PH2-Br-H-H-C_reactant",F_minus
W1-SN2-BH_1045_PH2_Br-H-H-C_F_TS,W1-SN2-BH,0.01993997478557079,12.512523090525001,"1,PH2_Br-H-H-C_F_TS,-1,PH2_minus,-1,F-Br-H-H-C_reactant",PH2_minus
W1-SN2-BH_1046_PH2_Br-H-H-C_NH2_TS,W1-SN2-BH,0.02322617307748445,14.574643652350799,"1,PH2_Br-H-H-C_NH2_TS,-1,NH2_minus,-1,PH2-Br-H-H-C_reactant",NH2_minus
W1-SN2-BH_1047_PH2_Br-H-H-C_NH2_TS,W1-SN2-BH,0.07935129972177190,49.793692354632498,"1,PH2_Br-H-H-C_NH2_TS,-1,PH2_minus,-1,NH2-Br-H-H-C_reactant",PH2_minus
W1-SN2-BH_1048_PH2_Br-H-H-C_PH2_TS,W1-SN2-BH,0.04447051924178887,27.905672140727901,"1,PH2_Br-H-H-C_PH2_TS,-1,PH2_minus,-1,PH2-Br-H-H-C_reactant",PH2_minus
W1-SN2-BH_1049_PH2_Br-H-H-C_SH_TS,W1-SN2-BH,0.02037932412826801,12.7882189654909,"1,PH2_Br-H-H-C_SH_TS,-1,PH2_minus,-1,SH-Br-H-H-C_reactant",PH2_minus
W1-SN2-BH_1050_PH2_Br-H-H-C_SH_TS,W1-SN2-BH,0.05554225791534836,34.8532930527373,"1,PH2_Br-H-H-C_SH_TS,-1,SH_minus,-1,PH2-Br-H-H-C_reactant",SH_minus
W1-SN2-BH_1051_PH2_Br-H-Me-C_F_TS,W1-SN2-BH,0.04099102413553547,25.722255996597699,"1,PH2_Br-H-Me-C_F_TS,-1,F_minus,-1,PH2-Br-H-Me-C_reactant",F_minus
W1-SN2-BH_1052_PH2_Br-H-Me-C_F_TS,W1-SN2-BH,0.02997231564375958,18.807912026068799,"1,PH2_Br-H-Me-C_F_TS,-1,PH2_minus,-1,F-Br-H-Me-C_reactant",PH2_minus
W1-SN2-BH_1053_PH2_Br-H-Me-C_NH2_TS,W1-SN2-BH,0.02624140151110494,16.4667280609121,"1,PH2_Br-H-Me-C_NH2_TS,-1,NH2_minus,-1,PH2-Br-H-Me-C_reactant",NH2_minus
W1-SN2-BH_1054_PH2_Br-H-Me-C_NH2_TS,W1-SN2-BH,0.08427360939702551,52.882488310126597,"1,PH2_Br-H-Me-C_NH2_TS,-1,PH2_minus,-1,NH2-Br-H-Me-C_reactant",PH2_minus
W1-SN2-BH_1055_PH2_Br-H-Me-C_OH_TS,W1-SN2-BH,0.03538863141428663,22.2067014865919,"1,PH2_Br-H-Me-C_OH_TS,-1,OH_minus,-1,PH2-Br-H-Me-C_reactant",OH_minus
W1-SN2-BH_1056_PH2_Br-H-Me-C_OH_TS,W1-SN2-BH,0.06124714885729949,38.4331661673084,"1,PH2_Br-H-Me-C_OH_TS,-1,PH2_minus,-1,OH-Br-H-Me-C_reactant",PH2_minus
W1-SN2-BH_1057_PH2_Br-H-Me-C_PH2_TS,W1-SN2-BH,0.04912032811177510,30.823471259226899,"1,PH2_Br-H-Me-C_PH2_TS,-1,PH2_minus,-1,PH2-Br-H-Me-C_reactant",PH2_minus
W1-SN2-BH_1058_PH2_Br-H-Me-C_SH_TS,W1-SN2-BH,0.02524730828800649,15.842925145315901,"1,PH2_Br-H-Me-C_SH_TS,-1,PH2_minus,-1,SH-Br-H-Me-C_reactant",PH2_minus
W1-SN2-BH_1059_PH2_Br-H-Me-C_SH_TS,W1-SN2-BH,0.05978019686780533,37.512639895905103,"1,PH2_Br-H-Me-C_SH_TS,-1,SH_minus,-1,PH2-Br-H-Me-C_reactant",SH_minus
W1-SN2-BH_1060_PH2_Br-H-NH2-C_F_TS,W1-SN2-BH,0.03622990259963835,22.7346071256564,"1,PH2_Br-H-NH2-C_F_TS,-1,F_minus,-1,PH2-Br-H-NH2-C_reactant",F_minus
W1-SN2-BH_1061_PH2_Br-H-NH2-C_F_TS,W1-SN2-BH,0.02746609585070757,17.2352353618442,"1,PH2_Br-H-NH2-C_F_TS,-1,PH2_minus,-1,F-Br-H-NH2-C_reactant",PH2_minus
W1-SN2-BH_1062_PH2_Br-H-NH2-C_OH_TS,W1-SN2-BH,0.02966259484193905,18.613559288611999,"1,PH2_Br-H-NH2-C_OH_TS,-1,OH_minus,-1,PH2-Br-H-NH2-C_reactant",OH_minus
W1-SN2-BH_1063_PH2_Br-H-NH2-C_OH_TS,W1-SN2-BH,0.05693707649989373,35.728554929138802,"1,PH2_Br-H-NH2-C_OH_TS,-1,PH2_minus,-1,OH-Br-H-NH2-C_reactant",PH2_minus
W1-SN2-BH_1064_PH2_Br-H-NH2-C_PH2_TS,W1-SN2-BH,0.04419803669053482,27.734686758299102,"1,PH2_Br-H-NH2-C_PH2_TS,-1,PH2_minus,-1,PH2-Br-H-NH2-C_reactant",PH2_minus
W1-SN2-BH_1065_PH2_Br-H-NH2-C_SH_TS,W1-SN2-BH,0.02005743302223191,12.5862292468366,"1,PH2_Br-H-NH2-C_SH_TS,-1,PH2_minus,-1,SH-Br-H-NH2-C_reactant",PH2_minus
W1-SN2-BH_1066_PH2_Br-H-NH2-C_SH_TS,W1-SN2-BH,0.05749422291150335,36.078169580864099,"1,PH2_Br-H-NH2-C_SH_TS,-1,SH_minus,-1,PH2-Br-H-NH2-C_reactant",SH_minus
W1-SN2-BH_1067_PH2_Br-Me-Me-C_F_TS,W1-SN2-BH,0.05048023841747510,31.676827859929698,"1,PH2_Br-Me-Me-C_F_TS,-1,F_minus,-1,PH2-Br-Me-Me-C_reactant",F_minus
W1-SN2-BH_1068_PH2_Br-Me-Me-C_F_TS,W1-SN2-BH,0.04347043456454574,27.2781095308925,"1,PH2_Br-Me-Me-C_F_TS,-1,PH2_minus,-1,F-Br-Me-Me-C_reactant",PH2_minus
W1-SN2-BH_1069_PH2_Br-Me-Me-C_NH2_TS,W1-SN2-BH,0.03693724769019895,23.178472871415199,"1,PH2_Br-Me-Me-C_NH2_TS,-1,NH2_minus,-1,PH2-Br-Me-Me-C_reactant",NH2_minus
W1-SN2-BH_1070_PH2_Br-Me-Me-C_NH2_TS,W1-SN2-BH,0.09636182365997771,60.467957284633798,"1,PH2_Br-Me-Me-C_NH2_TS,-1,PH2_minus,-1,NH2-Br-Me-Me-C_reactant",PH2_minus
W1-SN2-BH_1071_PH2_Br-Me-Me-C_PH2_TS,W1-SN2-BH,0.06316026340984246,39.633663673997098,"1,PH2_Br-Me-Me-C_PH2_TS,-1,PH2_minus,-1,PH2-Br-Me-Me-C_reactant",PH2_minus
W1-SN2-BH_1072_PH2_Br-Me-Me-C_SH_TS,W1-SN2-BH,0.04119742444976973,25.8517741492293,"1,PH2_Br-Me-Me-C_SH_TS,-1,PH2_minus,-1,SH-Br-Me-Me-C_reactant",PH2_minus
W1-SN2-BH_1073_PH2_Br-Me-Me-C_SH_TS,W1-SN2-BH,0.07655936481345205,48.041726748694302,"1,PH2_Br-Me-Me-C_SH_TS,-1,SH_minus,-1,PH2-Br-Me-Me-C_reactant",SH_minus
W1-SN2-BH_1074_PH2_Br-Me-NH2-C_F_TS,W1-SN2-BH,0.04506342186143009,28.277724151749599,"1,PH2_Br-Me-NH2-C_F_TS,-1,F_minus,-1,PH2-Br-Me-NH2-C_reactant",F_minus
W1-SN2-BH_1075_PH2_Br-Me-NH2-C_F_TS,W1-SN2-BH,0.03938175542648032,24.712424635352299,"1,PH2_Br-Me-NH2-C_F_TS,-1,PH2_minus,-1,F-Br-Me-NH2-C_reactant",PH2_minus
W1-SN2-BH_1076_PH2_Br-Me-NH2-C_OH_TS,W1-SN2-BH,0.03945966209688524,24.761311809124098,"1,PH2_Br-Me-NH2-C_OH_TS,-1,OH_minus,-1,PH2-Br-Me-NH2-C_reactant",OH_minus
W1-SN2-BH_1077_PH2_Br-Me-NH2-C_OH_TS,W1-SN2-BH,0.07010997293832437,43.994672245106102,"1,PH2_Br-Me-NH2-C_OH_TS,-1,PH2_minus,-1,OH-Br-Me-NH2-C_reactant",PH2_minus
W1-SN2-BH_1078_PH2_Br-Me-NH2-C_PH2_TS,W1-SN2-BH,0.06156476722271059,38.632474700740303,"1,PH2_Br-Me-NH2-C_PH2_TS,-1,PH2_minus,-1,PH2-Br-Me-NH2-C_reactant",PH2_minus
W1-SN2-BH_1079_PH2_Br-Me-NH2-C_SH_TS,W1-SN2-BH,0.03900146394215684,24.473788126033799,"1,PH2_Br-Me-NH2-C_SH_TS,-1,PH2_minus,-1,SH-Br-Me-NH2-C_reactant",PH2_minus
W1-SN2-BH_1080_PH2_Br-Me-NH2-C_SH_TS,W1-SN2-BH,0.07336351286984483,46.036299376377798,"1,PH2_Br-Me-NH2-C_SH_TS,-1,SH_minus,-1,PH2-Br-Me-NH2-C_reactant",SH_minus
W1-SN2-BH_1081_PH2_Br-Me-SH-C_NH2_TS,W1-SN2-BH,0.01773602953338830,11.129526564464101,"1,PH2_Br-Me-SH-C_NH2_TS,-1,NH2_minus,-1,PH2-Br-Me-SH-C_reactant",NH2_minus
W1-SN2-BH_1082_PH2_Br-Me-SH-C_NH2_TS,W1-SN2-BH,0.07708130818762359,48.369251160911404,"1,PH2_Br-Me-SH-C_NH2_TS,-1,PH2_minus,-1,NH2-Br-Me-SH-C_reactant",PH2_minus
W1-SN2-BH_1083_PH2_Br-NH2-NH2-C_OH_TS,W1-SN2-BH,0.03329757509556521,20.8945438357947,"1,PH2_Br-NH2-NH2-C_OH_TS,-1,OH_minus,-1,PH2-Br-NH2-NH2-C_reactant",OH_minus
W1-SN2-BH_1084_PH2_Br-NH2-NH2-C_OH_TS,W1-SN2-BH,0.06653229084453777,41.7496428360691,"1,PH2_Br-NH2-NH2-C_OH_TS,-1,PH2_minus,-1,OH-Br-NH2-NH2-C_reactant",PH2_minus
W1-SN2-BH_1085_PH2_Br-NH2-NH2-C_PH2_TS,W1-SN2-BH,0.06049978279753393,37.964186884212303,"1,PH2_Br-NH2-NH2-C_PH2_TS,-1,PH2_minus,-1,PH2-Br-NH2-NH2-C_reactant",PH2_minus
W1-SN2-BH_1086_PH2_Br-SH-SH-C_F_TS,W1-SN2-BH,0.02134070072465010,13.3914918878632,"1,PH2_Br-SH-SH-C_F_TS,-1,F_minus,-1,PH2-Br-SH-SH-C_reactant",F_minus
W1-SN2-BH_1087_PH2_Br-SH-SH-C_F_TS,W1-SN2-BH,0.007332077173659256,4.6009478910329804,"1,PH2_Br-SH-SH-C_F_TS,-1,PH2_minus,-1,F-Br-SH-SH-C_reactant",PH2_minus
W1-SN2-BH_1088_PH2_CCH-CCH-H-C_F_TS,W1-SN2-BH,0.02754740983228129,17.2862606556555,"1,PH2_CCH-CCH-H-C_F_TS,-1,F_minus,-1,PH2-CCH-CCH-H-C_reactant",F_minus
W1-SN2-BH_1089_PH2_CCH-CCH-H-C_F_TS,W1-SN2-BH,0.005971938105485354,3.7474477397105002,"1,PH2_CCH-CCH-H-C_F_TS,-1,PH2_minus,-1,F-CCH-CCH-H-C_reactant",PH2_minus
W1-SN2-BH_1090_PH2_CCH-CCH-H-C_OH_TS,W1-SN2-BH,0.01748047002326276,10.969160550673401,"1,PH2_CCH-CCH-H-C_OH_TS,-1,OH_minus,-1,PH2-CCH-CCH-H-C_reactant",OH_minus
W1-SN2-BH_1091_PH2_CCH-CCH-H-C_OH_TS,W1-SN2-BH,0.03054441593292063,19.166910377631599,"1,PH2_CCH-CCH-H-C_OH_TS,-1,PH2_minus,-1,OH-CCH-CCH-H-C_reactant",PH2_minus
W1-SN2-BH_1092_PH2_CCH-CCH-H-C_PH2_TS,W1-SN2-BH,0.02793266476422705,17.528011775381,"1,PH2_CCH-CCH-H-C_PH2_TS,-1,PH2_minus,-1,PH2-CCH-CCH-H-C_reactant",PH2_minus
W1-SN2-BH_1093_PH2_CCH-Cl-Cl-C_F_TS,W1-SN2-BH,0.04178334479104721,26.219444714427201,"1,PH2_CCH-Cl-Cl-C_F_TS,-1,F_minus,-1,PH2-CCH-Cl-Cl-C_reactant",F_minus
W1-SN2-BH_1094_PH2_CCH-Cl-Cl-C_F_TS,W1-SN2-BH,0.02630453500850456,16.5063449286611,"1,PH2_CCH-Cl-Cl-C_F_TS,-1,PH2_minus,-1,F-CCH-Cl-Cl-C_reactant",PH2_minus
W1-SN2-BH_1095_PH2_CCH-Cl-Cl-C_NH2_TS,W1-SN2-BH,0.01930475748428361,12.113918215878501,"1,PH2_CCH-Cl-Cl-C_NH2_TS,-1,NH2_minus,-1,PH2-CCH-Cl-Cl-C_reactant",NH2_minus
W1-SN2-BH_1096_PH2_CCH-Cl-Cl-C_NH2_TS,W1-SN2-BH,0.07440132439548853,46.687535941011099,"1,PH2_CCH-Cl-Cl-C_NH2_TS,-1,PH2_minus,-1,NH2-CCH-Cl-Cl-C_reactant",PH2_minus
W1-SN2-BH_1097_PH2_CCH-Cl-Cl-C_PH2_TS,W1-SN2-BH,0.04194033301188289,26.3179563103179,"1,PH2_CCH-Cl-Cl-C_PH2_TS,-1,PH2_minus,-1,PH2-CCH-Cl-Cl-C_reactant",PH2_minus
W1-SN2-BH_1098_PH2_CCH-Cl-Cl-C_SH_TS,W1-SN2-BH,0.02166803889086103,13.596899688382999,"1,PH2_CCH-Cl-Cl-C_SH_TS,-1,PH2_minus,-1,SH-CCH-Cl-Cl-C_reactant",PH2_minus
W1-SN2-BH_1099_PH2_CCH-Cl-Cl-C_SH_TS,W1-SN2-BH,0.06195436811267439,38.876952950296001,"1,PH2_CCH-Cl-Cl-C_SH_TS,-1,SH_minus,-1,PH2-CCH-Cl-Cl-C_reactant",SH_minus
W1-SN2-BH_1100_PH2_CCH-Cl-F-C_F_TS,W1-SN2-BH,0.03654864635355718,22.934621851038901,"1,PH2_CCH-Cl-F-C_F_TS,-1,F_minus,-1,PH2-CCH-Cl-F-C_reactant",F_minus
W1-SN2-BH_1101_PH2_CCH-Cl-F-C_F_TS,W1-SN2-BH,0.03296288762190249,20.684524275221101,"1,PH2_CCH-Cl-F-C_F_TS,-1,PH2_minus,-1,F-CCH-Cl-F-C_reactant",PH2_minus
W1-SN2-BH_1102_PH2_CCH-Cl-F-C_NH2_TS,W1-SN2-BH,0.02047628920898754,12.849065472295701,"1,PH2_CCH-Cl-F-C_NH2_TS,-1,NH2_minus,-1,PH2-CCH-Cl-F-C_reactant",NH2_minus
W1-SN2-BH_1103_PH2_CCH-Cl-F-C_NH2_TS,W1-SN2-BH,0.08382725485465180,52.602396605995999,"1,PH2_CCH-Cl-F-C_NH2_TS,-1,PH2_minus,-1,NH2-CCH-Cl-F-C_reactant",PH2_minus
W1-SN2-BH_1104_PH2_CCH-Cl-F-C_PH2_TS,W1-SN2-BH,0.04728651507436718,29.672736204593001,"1,PH2_CCH-Cl-F-C_PH2_TS,-1,PH2_minus,-1,PH2-CCH-Cl-F-C_reactant",PH2_minus
W1-SN2-BH_1105_PH2_CCH-Cl-F-C_SH_TS,W1-SN2-BH,0.02570552241459860,16.130458850901999,"1,PH2_CCH-Cl-F-C_SH_TS,-1,PH2_minus,-1,SH-CCH-Cl-F-C_reactant",PH2_minus
W1-SN2-BH_1106_PH2_CCH-Cl-F-C_SH_TS,W1-SN2-BH,0.06360118976587542,39.910349139771903,"1,PH2_CCH-Cl-F-C_SH_TS,-1,SH_minus,-1,PH2-CCH-Cl-F-C_reactant",SH_minus
W1-SN2-BH_1107_PH2_CCH-Cl-H-C_F_TS,W1-SN2-BH,0.03340160559258211,20.959823958264298,"1,PH2_CCH-Cl-H-C_F_TS,-1,F_minus,-1,PH2-CCH-Cl-H-C_reactant",F_minus
W1-SN2-BH_1108_PH2_CCH-Cl-H-C_F_TS,W1-SN2-BH,0.01736718293723679,10.898071830903101,"1,PH2_CCH-Cl-H-C_F_TS,-1,PH2_minus,-1,F-CCH-Cl-H-C_reactant",PH2_minus
W1-SN2-BH_1109_PH2_CCH-Cl-H-C_PH2_TS,W1-SN2-BH,0.03842699683423354,24.113304573274299,"1,PH2_CCH-Cl-H-C_PH2_TS,-1,PH2_minus,-1,PH2-CCH-Cl-H-C_reactant",PH2_minus
W1-SN2-BH_1110_PH2_CCH-Cl-H-C_SH_TS,W1-SN2-BH,0.01555774766941784,9.7626340576428099,"1,PH2_CCH-Cl-H-C_SH_TS,-1,PH2_minus,-1,SH-CCH-Cl-H-C_reactant",PH2_minus
W1-SN2-BH_1111_PH2_CCH-Cl-H-C_SH_TS,W1-SN2-BH,0.05249853330764890,32.943327024966898,"1,PH2_CCH-Cl-H-C_SH_TS,-1,SH_minus,-1,PH2-CCH-Cl-H-C_reactant",SH_minus
W1-SN2-BH_1112_PH2_CCH-Cl-Me-C_F_TS,W1-SN2-BH,0.04188203664568328,26.281374788224198,"1,PH2_CCH-Cl-Me-C_F_TS,-1,F_minus,-1,PH2-CCH-Cl-Me-C_reactant",F_minus
W1-SN2-BH_1113_PH2_CCH-Cl-Me-C_F_TS,W1-SN2-BH,0.03048391370078161,19.128944653762399,"1,PH2_CCH-Cl-Me-C_F_TS,-1,PH2_minus,-1,F-CCH-Cl-Me-C_reactant",PH2_minus
W1-SN2-BH_1114_PH2_CCH-Cl-Me-C_NH2_TS,W1-SN2-BH,0.02153100063582720,13.5109068850402,"1,PH2_CCH-Cl-Me-C_NH2_TS,-1,NH2_minus,-1,PH2-CCH-Cl-Me-C_reactant",NH2_minus
W1-SN2-BH_1115_PH2_CCH-Cl-Me-C_NH2_TS,W1-SN2-BH,0.07824729534420271,49.100919148300697,"1,PH2_CCH-Cl-Me-C_NH2_TS,-1,PH2_minus,-1,NH2-CCH-Cl-Me-C_reactant",PH2_minus
W1-SN2-BH_1116_PH2_CCH-Cl-Me-C_PH2_TS,W1-SN2-BH,0.04495224128939289,28.207957289464499,"1,PH2_CCH-Cl-Me-C_PH2_TS,-1,PH2_minus,-1,PH2-CCH-Cl-Me-C_reactant",PH2_minus
W1-SN2-BH_1117_PH2_CCH-Cl-Me-C_SH_TS,W1-SN2-BH,0.02440666006059606,15.3154104182615,"1,PH2_CCH-Cl-Me-C_SH_TS,-1,PH2_minus,-1,SH-CCH-Cl-Me-C_reactant",PH2_minus
W1-SN2-BH_1118_PH2_CCH-Cl-Me-C_SH_TS,W1-SN2-BH,0.06195750272663625,38.878919950254598,"1,PH2_CCH-Cl-Me-C_SH_TS,-1,SH_minus,-1,PH2-CCH-Cl-Me-C_reactant",SH_minus
W1-SN2-BH_1119_PH2_CCH-Cl-NH2-C_PH2_TS,W1-SN2-BH,0.04425327189561096,27.7693473727862,"1,PH2_CCH-Cl-NH2-C_PH2_TS,-1,PH2_minus,-1,PH2-CCH-Cl-NH2-C_reactant",PH2_minus
W1-SN2-BH_1120_PH2_CCH-Cl-NH2-C_SH_TS,W1-SN2-BH,0.02311503021673541,14.504900454256299,"1,PH2_CCH-Cl-NH2-C_SH_TS,-1,PH2_minus,-1,SH-CCH-Cl-NH2-C_reactant",PH2_minus
W1-SN2-BH_1121_PH2_CCH-Cl-NH2-C_SH_TS,W1-SN2-BH,0.06011892752017318,37.7251965894215,"1,PH2_CCH-Cl-NH2-C_SH_TS,-1,SH_minus,-1,PH2-CCH-Cl-NH2-C_reactant",SH_minus
W1-SN2-BH_1122_PH2_CCH-Cl-OH-C_OH_TS,W1-SN2-BH,0.01703299956726983,10.688368600174501,"1,PH2_CCH-Cl-OH-C_OH_TS,-1,OH_minus,-1,PH2-CCH-Cl-OH-C_reactant",OH_minus
W1-SN2-BH_1123_PH2_CCH-Cl-OH-C_OH_TS,W1-SN2-BH,0.04894246090529006,30.711857902032399,"1,PH2_CCH-Cl-OH-C_OH_TS,-1,PH2_minus,-1,OH-CCH-Cl-OH-C_reactant",PH2_minus
W1-SN2-BH_1124_PH2_CCH-CN-H-C_F_TS,W1-SN2-BH,0.01451778324055327,9.1100465258416694,"1,PH2_CCH-CN-H-C_F_TS,-1,F_minus,-1,PH2-CCH-CN-H-C_reactant",F_minus
W1-SN2-BH_1125_PH2_CCH-CN-H-C_NH2_TS,W1-SN2-BH,0.03914720102618198,24.565239526981902,"1,PH2_CCH-CN-H-C_NH2_TS,-1,PH2_minus,-1,NH2-CCH-CN-H-C_reactant",PH2_minus
W1-SN2-BH_1126_PH2_CCH-CN-H-C_PH2_TS,W1-SN2-BH,0.01443126829761188,9.0557575794979197,"1,PH2_CCH-CN-H-C_PH2_TS,-1,PH2_minus,-1,PH2-CCH-CN-H-C_reactant",PH2_minus
W1-SN2-BH_1127_PH2_CCH-F-F-C_F_TS,W1-SN2-BH,0.03418577867850690,21.4518999989874,"1,PH2_CCH-F-F-C_F_TS,-1,F_minus,-1,PH2-CCH-F-F-C_reactant",F_minus
W1-SN2-BH_1128_PH2_CCH-F-F-C_F_TS,W1-SN2-BH,0.04188412588984563,26.282685808729699,"1,PH2_CCH-F-F-C_F_TS,-1,PH2_minus,-1,F-CCH-F-F-C_reactant",PH2_minus
W1-SN2-BH_1129_PH2_CCH-F-F-C_NH2_TS,W1-SN2-BH,0.02225280514372991,13.9638460521706,"1,PH2_CCH-F-F-C_NH2_TS,-1,NH2_minus,-1,PH2-CCH-F-F-C_reactant",NH2_minus
W1-SN2-BH_1130_PH2_CCH-F-F-C_NH2_TS,W1-SN2-BH,0.09194942418772261,57.699134812442701,"1,PH2_CCH-F-F-C_NH2_TS,-1,PH2_minus,-1,NH2-CCH-F-F-C_reactant",PH2_minus
W1-SN2-BH_1131_PH2_CCH-F-F-C_PH2_TS,W1-SN2-BH,0.05235426042471455,32.852794424075199,"1,PH2_CCH-F-F-C_PH2_TS,-1,PH2_minus,-1,PH2-CCH-F-F-C_reactant",PH2_minus
W1-SN2-BH_1132_PH2_CCH-F-F-C_SH_TS,W1-SN2-BH,0.03207821327278298,20.129382739688001,"1,PH2_CCH-F-F-C_SH_TS,-1,PH2_minus,-1,SH-CCH-F-F-C_reactant",PH2_minus
W1-SN2-BH_1133_PH2_CCH-F-F-C_SH_TS,W1-SN2-BH,0.06547913761347477,41.088779205936902,"1,PH2_CCH-F-F-C_SH_TS,-1,SH_minus,-1,PH2-CCH-F-F-C_reactant",SH_minus
W1-SN2-BH_1134_PH2_CCH-F-H-C_F_TS,W1-SN2-BH,0.02581397604435170,16.1985145310686,"1,PH2_CCH-F-H-C_F_TS,-1,F_minus,-1,PH2-CCH-F-H-C_reactant",F_minus
W1-SN2-BH_1135_PH2_CCH-F-H-C_F_TS,W1-SN2-BH,0.02323455493165606,14.579903345253699,"1,PH2_CCH-F-H-C_F_TS,-1,PH2_minus,-1,F-CCH-F-H-C_reactant",PH2_minus
W1-SN2-BH_1136_PH2_CCH-F-H-C_OH_TS,W1-SN2-BH,0.01964808173791206,12.329357437705999,"1,PH2_CCH-F-H-C_OH_TS,-1,OH_minus,-1,PH2-CCH-F-H-C_reactant",OH_minus
W1-SN2-BH_1137_PH2_CCH-F-H-C_OH_TS,W1-SN2-BH,0.05270857116060799,33.075127767610603,"1,PH2_CCH-F-H-C_OH_TS,-1,PH2_minus,-1,OH-CCH-F-H-C_reactant",PH2_minus
W1-SN2-BH_1138_PH2_CCH-F-H-C_PH2_TS,W1-SN2-BH,0.03928247425406580,24.650124759066099,"1,PH2_CCH-F-H-C_PH2_TS,-1,PH2_minus,-1,PH2-CCH-F-H-C_reactant",PH2_minus
W1-SN2-BH_1139_PH2_CCH-F-H-C_SH_TS,W1-SN2-BH,0.01898520543013624,11.9133962744447,"1,PH2_CCH-F-H-C_SH_TS,-1,PH2_minus,-1,SH-CCH-F-H-C_reactant",PH2_minus
W1-SN2-BH_1140_PH2_CCH-F-H-C_SH_TS,W1-SN2-BH,0.05033283130393103,31.584328499636499,"1,PH2_CCH-F-H-C_SH_TS,-1,SH_minus,-1,PH2-CCH-F-H-C_reactant",SH_minus
W1-SN2-BH_1141_PH2_CCH-F-Me-C_F_TS,W1-SN2-BH,0.03578071836936383,22.4527397655594,"1,PH2_CCH-F-Me-C_F_TS,-1,F_minus,-1,PH2-CCH-F-Me-C_reactant",F_minus
W1-SN2-BH_1142_PH2_CCH-F-Me-C_F_TS,W1-SN2-BH,0.03687035249724737,23.136495504068801,"1,PH2_CCH-F-Me-C_F_TS,-1,PH2_minus,-1,F-CCH-F-Me-C_reactant",PH2_minus
W1-SN2-BH_1143_PH2_CCH-F-Me-C_NH2_TS,W1-SN2-BH,0.02159999264277919,13.5542000230372,"1,PH2_CCH-F-Me-C_NH2_TS,-1,NH2_minus,-1,PH2-CCH-F-Me-C_reactant",NH2_minus
W1-SN2-BH_1144_PH2_CCH-F-Me-C_NH2_TS,W1-SN2-BH,0.08143061729788007,51.098483833226297,"1,PH2_CCH-F-Me-C_NH2_TS,-1,PH2_minus,-1,NH2-CCH-F-Me-C_reactant",PH2_minus
W1-SN2-BH_1145_PH2_CCH-F-Me-C_OH_TS,W1-SN2-BH,0.02682344742723604,16.8319673876241,"1,PH2_CCH-F-Me-C_OH_TS,-1,OH_minus,-1,PH2-CCH-F-Me-C_reactant",OH_minus
W1-SN2-BH_1146_PH2_CCH-F-Me-C_OH_TS,W1-SN2-BH,0.06453532555348355,40.496528196557399,"1,PH2_CCH-F-Me-C_OH_TS,-1,PH2_minus,-1,OH-CCH-F-Me-C_reactant",PH2_minus
W1-SN2-BH_1147_PH2_CCH-F-Me-C_PH2_TS,W1-SN2-BH,0.04804172406812836,30.146637003075799,"1,PH2_CCH-F-Me-C_PH2_TS,-1,PH2_minus,-1,PH2-CCH-F-Me-C_reactant",PH2_minus
W1-SN2-BH_1148_PH2_CCH-F-Me-C_SH_TS,W1-SN2-BH,0.02545655573345382,15.974229899757599,"1,PH2_CCH-F-Me-C_SH_TS,-1,PH2_minus,-1,SH-CCH-F-Me-C_reactant",PH2_minus
W1-SN2-BH_1149_PH2_CCH-F-Me-C_SH_TS,W1-SN2-BH,0.06045866469293331,37.938384884019897,"1,PH2_CCH-F-Me-C_SH_TS,-1,SH_minus,-1,PH2-CCH-F-Me-C_reactant",SH_minus
W1-SN2-BH_1150_PH2_CCH-F-NH2-C_F_TS,W1-SN2-BH,0.03168519254677144,19.8827585106126,"1,PH2_CCH-F-NH2-C_F_TS,-1,F_minus,-1,PH2-CCH-F-NH2-C_reactant",F_minus
W1-SN2-BH_1151_PH2_CCH-F-NH2-C_F_TS,W1-SN2-BH,0.03171041225470514,19.898584116274101,"1,PH2_CCH-F-NH2-C_F_TS,-1,PH2_minus,-1,F-CCH-F-NH2-C_reactant",PH2_minus
W1-SN2-BH_1152_PH2_CCH-F-NH2-C_NH2_TS,W1-SN2-BH,0.01534749428952012,9.6306980698032003,"1,PH2_CCH-F-NH2-C_NH2_TS,-1,NH2_minus,-1,PH2-CCH-F-NH2-C_reactant",NH2_minus
W1-SN2-BH_1153_PH2_CCH-F-NH2-C_NH2_TS,W1-SN2-BH,0.07539660223941508,47.312082217400103,"1,PH2_CCH-F-NH2-C_NH2_TS,-1,PH2_minus,-1,NH2-CCH-F-NH2-C_reactant",PH2_minus
W1-SN2-BH_1154_PH2_CCH-F-NH2-C_PH2_TS,W1-SN2-BH,0.04716858391728674,29.598733286237799,"1,PH2_CCH-F-NH2-C_PH2_TS,-1,PH2_minus,-1,PH2-CCH-F-NH2-C_reactant",PH2_minus
W1-SN2-BH_1155_PH2_CCH-F-NH2-C_SH_TS,W1-SN2-BH,0.02678278425734223,16.8064508632703,"1,PH2_CCH-F-NH2-C_SH_TS,-1,PH2_minus,-1,SH-CCH-F-NH2-C_reactant",PH2_minus
W1-SN2-BH_1156_PH2_CCH-F-NH2-C_SH_TS,W1-SN2-BH,0.05920391829404624,37.1510196311717,"1,PH2_CCH-F-NH2-C_SH_TS,-1,SH_minus,-1,PH2-CCH-F-NH2-C_reactant",SH_minus
W1-SN2-BH_1157_PH2_CCH-H-H-C_F_TS,W1-SN2-BH,0.03134250530493742,19.667719019721201,"1,PH2_CCH-H-H-C_F_TS,-1,F_minus,-1,PH2-CCH-H-H-C_reactant",F_minus
W1-SN2-BH_1158_PH2_CCH-H-H-C_F_TS,W1-SN2-BH,0.01037848183896359,6.5125956803414802,"1,PH2_CCH-H-H-C_F_TS,-1,PH2_minus,-1,F-CCH-H-H-C_reactant",PH2_minus
W1-SN2-BH_1159_PH2_CCH-H-H-C_NH2_TS,W1-SN2-BH,0.01651434516229447,10.362908047287901,"1,PH2_CCH-H-H-C_NH2_TS,-1,NH2_minus,-1,PH2-CCH-H-H-C_reactant",NH2_minus
W1-SN2-BH_1160_PH2_CCH-H-H-C_NH2_TS,W1-SN2-BH,0.06153340181885739,38.612792612664599,"1,PH2_CCH-H-H-C_NH2_TS,-1,PH2_minus,-1,NH2-CCH-H-H-C_reactant",PH2_minus
W1-SN2-BH_1161_PH2_CCH-H-H-C_OH_TS,W1-SN2-BH,0.02618388014137042,16.4306328564426,"1,PH2_CCH-H-H-C_OH_TS,-1,OH_minus,-1,PH2-CCH-H-H-C_reactant",OH_minus
W1-SN2-BH_1162_PH2_CCH-H-H-C_OH_TS,W1-SN2-BH,0.04003270974301248,25.1209046361585,"1,PH2_CCH-H-H-C_OH_TS,-1,PH2_minus,-1,OH-CCH-H-H-C_reactant",PH2_minus
W1-SN2-BH_1163_PH2_CCH-H-H-C_PH2_TS,W1-SN2-BH,0.03628258658942601,22.7676668283796,"1,PH2_CCH-H-H-C_PH2_TS,-1,PH2_minus,-1,PH2-CCH-H-H-C_reactant",PH2_minus
W1-SN2-BH_1164_PH2_CCH-H-H-C_SH_TS,W1-SN2-BH,0.01075868356491400,6.7511758654304996,"1,PH2_CCH-H-H-C_SH_TS,-1,PH2_minus,-1,SH-CCH-H-H-C_reactant",PH2_minus
W1-SN2-BH_1165_PH2_CCH-H-H-C_SH_TS,W1-SN2-BH,0.04855388576607458,30.4680233207893,"1,PH2_CCH-H-H-C_SH_TS,-1,SH_minus,-1,PH2-CCH-H-H-C_reactant",SH_minus
W1-SN2-BH_1166_PH2_CCH-H-Me-C_F_TS,W1-SN2-BH,0.03408827299459152,21.390714258555501,"1,PH2_CCH-H-Me-C_F_TS,-1,F_minus,-1,PH2-CCH-H-Me-C_reactant",F_minus
W1-SN2-BH_1167_PH2_CCH-H-Me-C_F_TS,W1-SN2-BH,0.01997497265396439,12.534484584514001,"1,PH2_CCH-H-Me-C_F_TS,-1,PH2_minus,-1,F-CCH-H-Me-C_reactant",PH2_minus
W1-SN2-BH_1168_PH2_CCH-H-Me-C_NH2_TS,W1-SN2-BH,0.01765619280711034,11.0794282623465,"1,PH2_CCH-H-Me-C_NH2_TS,-1,NH2_minus,-1,PH2-CCH-H-Me-C_reactant",NH2_minus
W1-SN2-BH_1169_PH2_CCH-H-Me-C_NH2_TS,W1-SN2-BH,0.06396837869856639,40.140763673806603,"1,PH2_CCH-H-Me-C_NH2_TS,-1,PH2_minus,-1,NH2-CCH-H-Me-C_reactant",PH2_minus
W1-SN2-BH_1170_PH2_CCH-H-Me-C_PH2_TS,W1-SN2-BH,0.03946829655707119,24.7667300146942,"1,PH2_CCH-H-Me-C_PH2_TS,-1,PH2_minus,-1,PH2-CCH-H-Me-C_reactant",PH2_minus
W1-SN2-BH_1171_PH2_CCH-H-Me-C_SH_TS,W1-SN2-BH,0.01622865358736412,10.1836338773591,"1,PH2_CCH-H-Me-C_SH_TS,-1,PH2_minus,-1,SH-CCH-H-Me-C_reactant",PH2_minus
W1-SN2-BH_1172_PH2_CCH-H-Me-C_SH_TS,W1-SN2-BH,0.05147887156573079,32.303479621573601,"1,PH2_CCH-H-Me-C_SH_TS,-1,SH_minus,-1,PH2-CCH-H-Me-C_reactant",SH_minus
W1-SN2-BH_1173_PH2_CCH-H-NH2-C_NH2_TS,W1-SN2-BH,0.009844965508965754,6.17780912870046,"1,PH2_CCH-H-NH2-C_NH2_TS,-1,NH2_minus,-1,PH2-CCH-H-NH2-C_reactant",NH2_minus
W1-SN2-BH_1174_PH2_CCH-H-NH2-C_NH2_TS,W1-SN2-BH,0.06451660280253395,40.484779492956001,"1,PH2_CCH-H-NH2-C_NH2_TS,-1,PH2_minus,-1,NH2-CCH-H-NH2-C_reactant",PH2_minus
W1-SN2-BH_1175_PH2_CCH-H-NH2-C_OH_TS,W1-SN2-BH,0.01685893160823609,10.579139306749999,"1,PH2_CCH-H-NH2-C_OH_TS,-1,OH_minus,-1,PH2-CCH-H-NH2-C_reactant",OH_minus
W1-SN2-BH_1176_PH2_CCH-H-NH2-C_OH_TS,W1-SN2-BH,0.04488673358847527,28.166850586514599,"1,PH2_CCH-H-NH2-C_OH_TS,-1,PH2_minus,-1,OH-CCH-H-NH2-C_reactant",PH2_minus
W1-SN2-BH_1177_PH2_CCH-H-NH2-C_PH2_TS,W1-SN2-BH,0.03465857782354573,21.7485859418282,"1,PH2_CCH-H-NH2-C_PH2_TS,-1,PH2_minus,-1,PH2-CCH-H-NH2-C_reactant",PH2_minus
W1-SN2-BH_1178_PH2_CCH-H-OH-C_NH2_TS,W1-SN2-BH,0.003348873875670260,2.1014500844255002,"1,PH2_CCH-H-OH-C_NH2_TS,-1,NH2_minus,-1,PH2-CCH-H-OH-C_reactant",NH2_minus
W1-SN2-BH_1179_PH2_CCH-H-OH-C_NH2_TS,W1-SN2-BH,0.05866116805715523,36.8104387154726,"1,PH2_CCH-H-OH-C_NH2_TS,-1,PH2_minus,-1,NH2-CCH-H-OH-C_reactant",PH2_minus
W1-SN2-BH_1180_PH2_CCH-Me-Me-C_F_TS,W1-SN2-BH,0.04014565838093515,25.191780976537501,"1,PH2_CCH-Me-Me-C_F_TS,-1,F_minus,-1,PH2-CCH-Me-Me-C_reactant",F_minus
W1-SN2-BH_1181_PH2_CCH-Me-Me-C_F_TS,W1-SN2-BH,0.03098943571780968,19.446164508795,"1,PH2_CCH-Me-Me-C_F_TS,-1,PH2_minus,-1,F-CCH-Me-Me-C_reactant",PH2_minus
W1-SN2-BH_1182_PH2_CCH-Me-Me-C_NH2_TS,W1-SN2-BH,0.02316882574570013,14.538657658343899,"1,PH2_CCH-Me-Me-C_NH2_TS,-1,NH2_minus,-1,PH2-CCH-Me-Me-C_reactant",NH2_minus
W1-SN2-BH_1183_PH2_CCH-Me-Me-C_NH2_TS,W1-SN2-BH,0.07203601156883032,45.203279733160102,"1,PH2_CCH-Me-Me-C_NH2_TS,-1,PH2_minus,-1,NH2-CCH-Me-Me-C_reactant",PH2_minus
W1-SN2-BH_1184_PH2_CCH-Me-Me-C_PH2_TS,W1-SN2-BH,0.04809271962124758,30.1786371957932,"1,PH2_CCH-Me-Me-C_PH2_TS,-1,PH2_minus,-1,PH2-CCH-Me-Me-C_reactant",PH2_minus
W1-SN2-BH_1185_PH2_CCH-Me-Me-C_SH_TS,W1-SN2-BH,0.02785891805824099,17.481735018693801,"1,PH2_CCH-Me-Me-C_SH_TS,-1,PH2_minus,-1,SH-CCH-Me-Me-C_reactant",PH2_minus
W1-SN2-BH_1186_PH2_CCH-Me-Me-C_SH_TS,W1-SN2-BH,0.06169055920786755,38.711410363187497,"1,PH2_CCH-Me-Me-C_SH_TS,-1,SH_minus,-1,PH2-CCH-Me-Me-C_reactant",SH_minus
W1-SN2-BH_1187_PH2_CCH-Me-NH2-C_PH2_TS,W1-SN2-BH,0.04487501853444732,28.159499279122901,"1,PH2_CCH-Me-NH2-C_PH2_TS,-1,PH2_minus,-1,PH2-CCH-Me-NH2-C_reactant",PH2_minus
W1-SN2-BH_1188_PH2_CCH-Me-SH-C_NH2_TS,W1-SN2-BH,0.009132884545001825,5.7309715775131096,"1,PH2_CCH-Me-SH-C_NH2_TS,-1,NH2_minus,-1,PH2-CCH-Me-SH-C_reactant",NH2_minus
W1-SN2-BH_1189_PH2_CCH-Me-SH-C_NH2_TS,W1-SN2-BH,0.06095334957388858,38.248804333495102,"1,PH2_CCH-Me-SH-C_NH2_TS,-1,PH2_minus,-1,NH2-CCH-Me-SH-C_reactant",PH2_minus
W1-SN2-BH_1190_PH2_CCH-NH2-NH2-C_PH2_TS,W1-SN2-BH,0.04234158172079653,26.569743676616799,"1,PH2_CCH-NH2-NH2-C_PH2_TS,-1,PH2_minus,-1,PH2-CCH-NH2-NH2-C_reactant",PH2_minus
W1-SN2-BH_1191_PH2_CCH-NH2-OH-C_NH2_TS,W1-SN2-BH,0.005499186912531493,3.4507918872573198,"1,PH2_CCH-NH2-OH-C_NH2_TS,-1,NH2_minus,-1,PH2-CCH-NH2-OH-C_reactant",NH2_minus
W1-SN2-BH_1192_PH2_CCH-NH2-OH-C_NH2_TS,W1-SN2-BH,0.06450204953954962,40.475647182554802,"1,PH2_CCH-NH2-OH-C_NH2_TS,-1,PH2_minus,-1,NH2-CCH-NH2-OH-C_reactant",PH2_minus
W1-SN2-BH_1193_PH2_CCH-OH-OH-C_PH2_TS,W1-SN2-BH,0.04297728904566457,26.968656045702801,"1,PH2_CCH-OH-OH-C_PH2_TS,-1,PH2_minus,-1,PH2-CCH-OH-OH-C_reactant",PH2_minus
W1-SN2-BH_1194_PH2_CCH-SH-SH-C_NH2_TS,W1-SN2-BH,0.04710397609441501,29.558191265287199,"1,PH2_CCH-SH-SH-C_NH2_TS,-1,PH2_minus,-1,NH2-CCH-SH-SH-C_reactant",PH2_minus
W1-SN2-BH_1195_PH2_CCH-SH-SH-C_OH_TS,W1-SN2-BH,0.01089326010109799,6.8356239168725503,"1,PH2_CCH-SH-SH-C_OH_TS,-1,OH_minus,-1,PH2-CCH-SH-SH-C_reactant",OH_minus
W1-SN2-BH_1196_PH2_CCH-SH-SH-C_OH_TS,W1-SN2-BH,0.03162168375684249,19.842906143245902,"1,PH2_CCH-SH-SH-C_OH_TS,-1,PH2_minus,-1,OH-CCH-SH-SH-C_reactant",PH2_minus
W1-SN2-BH_1197_PH2_Cl-Cl-H-C_F_TS,W1-SN2-BH,0.04068059623091548,25.5274595454351,"1,PH2_Cl-Cl-H-C_F_TS,-1,F_minus,-1,PH2-Cl-Cl-H-C_reactant",F_minus
W1-SN2-BH_1198_PH2_Cl-Cl-H-C_F_TS,W1-SN2-BH,0.02937789037105336,18.434904535823101,"1,PH2_Cl-Cl-H-C_F_TS,-1,PH2_minus,-1,F-Cl-Cl-H-C_reactant",PH2_minus
W1-SN2-BH_1199_PH2_Cl-Cl-H-C_OH_TS,W1-SN2-BH,0.03359408903864790,21.080609144270898,"1,PH2_Cl-Cl-H-C_OH_TS,-1,OH_minus,-1,PH2-Cl-Cl-H-C_reactant",OH_minus
W1-SN2-BH_1200_PH2_Cl-Cl-H-C_OH_TS,W1-SN2-BH,0.06346078937961792,39.822246567233201,"1,PH2_Cl-Cl-H-C_OH_TS,-1,PH2_minus,-1,OH-Cl-Cl-H-C_reactant",PH2_minus
W1-SN2-BH_1201_PH2_Cl-Cl-H-C_PH2_TS,W1-SN2-BH,0.05169797028364334,32.440966142818802,"1,PH2_Cl-Cl-H-C_PH2_TS,-1,PH2_minus,-1,PH2-Cl-Cl-H-C_reactant",PH2_minus
W1-SN2-BH_1202_PH2_Cl-Cl-H-C_SH_TS,W1-SN2-BH,0.02698152159838796,16.931160427626601,"1,PH2_Cl-Cl-H-C_SH_TS,-1,PH2_minus,-1,SH-Cl-Cl-H-C_reactant",PH2_minus
W1-SN2-BH_1203_PH2_Cl-Cl-H-C_SH_TS,W1-SN2-BH,0.06358699013159785,39.901438734734498,"1,PH2_Cl-Cl-H-C_SH_TS,-1,SH_minus,-1,PH2-Cl-Cl-H-C_reactant",SH_minus
W1-SN2-BH_1204_PH2_Cl-Cl-Me-C_F_TS,W1-SN2-BH,0.05284141530788252,33.158488728599202,"1,PH2_Cl-Cl-Me-C_F_TS,-1,F_minus,-1,PH2-Cl-Cl-Me-C_reactant",F_minus
W1-SN2-BH_1205_PH2_Cl-Cl-Me-C_F_TS,W1-SN2-BH,0.04470684997255101,28.053971913293399,"1,PH2_Cl-Cl-Me-C_F_TS,-1,PH2_minus,-1,F-Cl-Cl-Me-C_reactant",PH2_minus
W1-SN2-BH_1206_PH2_Cl-Cl-Me-C_PH2_TS,W1-SN2-BH,0.06315702552684980,39.631631871743302,"1,PH2_Cl-Cl-Me-C_PH2_TS,-1,PH2_minus,-1,PH2-Cl-Cl-Me-C_reactant",PH2_minus
W1-SN2-BH_1207_PH2_Cl-Cl-NH2-C_PH2_TS,W1-SN2-BH,0.05620885434840180,35.271588629855003,"1,PH2_Cl-Cl-NH2-C_PH2_TS,-1,PH2_minus,-1,PH2-Cl-Cl-NH2-C_reactant",PH2_minus
W1-SN2-BH_1208_PH2_Cl-F-F-C_OH_TS,W1-SN2-BH,0.03304811777192843,20.738007001838199,"1,PH2_Cl-F-F-C_OH_TS,-1,OH_minus,-1,PH2-Cl-F-F-C_reactant",OH_minus
W1-SN2-BH_1209_PH2_Cl-F-F-C_OH_TS,W1-SN2-BH,0.07590036954148502,47.628200972172202,"1,PH2_Cl-F-F-C_OH_TS,-1,PH2_minus,-1,OH-Cl-F-F-C_reactant",PH2_minus
W1-SN2-BH_1210_PH2_Cl-F-F-C_SH_TS,W1-SN2-BH,0.05078103109407080,31.865578114222298,"1,PH2_Cl-F-F-C_SH_TS,-1,PH2_minus,-1,SH-Cl-F-F-C_reactant",PH2_minus
W1-SN2-BH_1211_PH2_Cl-F-F-C_SH_TS,W1-SN2-BH,0.08627627589563511,54.139180511392901,"1,PH2_Cl-F-F-C_SH_TS,-1,SH_minus,-1,PH2-Cl-F-F-C_reactant",SH_minus
W1-SN2-BH_1212_PH2_Cl-F-H-C_F_TS,W1-SN2-BH,0.03545098847856063,22.2458311351986,"1,PH2_Cl-F-H-C_F_TS,-1,F_minus,-1,PH2-Cl-F-H-C_reactant",F_minus
W1-SN2-BH_1213_PH2_Cl-F-H-C_F_TS,W1-SN2-BH,0.03563913772160015,22.363896567743701,"1,PH2_Cl-F-H-C_F_TS,-1,PH2_minus,-1,F-Cl-F-H-C_reactant",PH2_minus
W1-SN2-BH_1214_PH2_Cl-F-H-C_NH2_TS,W1-SN2-BH,0.02629016386535399,16.497326900181001,"1,PH2_Cl-F-H-C_NH2_TS,-1,NH2_minus,-1,PH2-Cl-F-H-C_reactant",NH2_minus
W1-SN2-BH_1215_PH2_Cl-F-H-C_NH2_TS,W1-SN2-BH,0.09173180901278348,57.562579228468501,"1,PH2_Cl-F-H-C_NH2_TS,-1,PH2_minus,-1,NH2-Cl-F-H-C_reactant",PH2_minus
W1-SN2-BH_1216_PH2_Cl-F-H-C_SH_TS,W1-SN2-BH,0.03117976287676599,19.565596604211599,"1,PH2_Cl-F-H-C_SH_TS,-1,PH2_minus,-1,SH-Cl-F-H-C_reactant",PH2_minus
W1-SN2-BH_1217_PH2_Cl-F-H-C_SH_TS,W1-SN2-BH,0.06457914350140514,40.5240243740122,"1,PH2_Cl-F-H-C_SH_TS,-1,SH_minus,-1,PH2-Cl-F-H-C_reactant",SH_minus
W1-SN2-BH_1218_PH2_Cl-F-Me-C_F_TS,W1-SN2-BH,0.04807327662200328,30.1664365295632,"1,PH2_Cl-F-Me-C_F_TS,-1,F_minus,-1,PH2-Cl-F-Me-C_reactant",F_minus
W1-SN2-BH_1219_PH2_Cl-F-Me-C_F_TS,W1-SN2-BH,0.05168587463984778,32.433376011742197,"1,PH2_Cl-F-Me-C_F_TS,-1,PH2_minus,-1,F-Cl-F-Me-C_reactant",PH2_minus
W1-SN2-BH_1220_PH2_Cl-F-Me-C_OH_TS,W1-SN2-BH,0.04002966963282602,25.118996938214298,"1,PH2_Cl-F-Me-C_OH_TS,-1,OH_minus,-1,PH2-Cl-F-Me-C_reactant",OH_minus
W1-SN2-BH_1221_PH2_Cl-F-Me-C_OH_TS,W1-SN2-BH,0.08207911721676733,51.505423676257202,"1,PH2_Cl-F-Me-C_OH_TS,-1,PH2_minus,-1,OH-Cl-F-Me-C_reactant",PH2_minus
W1-SN2-BH_1222_PH2_Cl-F-Me-C_PH2_TS,W1-SN2-BH,0.06692808531906856,41.998007618618999,"1,PH2_Cl-F-Me-C_PH2_TS,-1,PH2_minus,-1,PH2-Cl-F-Me-C_reactant",PH2_minus
W1-SN2-BH_1223_PH2_Cl-F-Me-C_SH_TS,W1-SN2-BH,0.04753805856534566,29.830582128320899,"1,PH2_Cl-F-Me-C_SH_TS,-1,PH2_minus,-1,SH-Cl-F-Me-C_reactant",PH2_minus
W1-SN2-BH_1224_PH2_Cl-F-Me-C_SH_TS,W1-SN2-BH,0.07990297877692285,50.139876188381898,"1,PH2_Cl-F-Me-C_SH_TS,-1,SH_minus,-1,PH2-Cl-F-Me-C_reactant",SH_minus
W1-SN2-BH_1225_PH2_Cl-F-NH2-C_PH2_TS,W1-SN2-BH,0.06271999085885494,39.357388477082502,"1,PH2_Cl-F-NH2-C_PH2_TS,-1,PH2_minus,-1,PH2-Cl-F-NH2-C_reactant",PH2_minus
W1-SN2-BH_1226_PH2_Cl-H-H-C_F_TS,W1-SN2-BH,0.03508747641842134,22.017723873525,"1,PH2_Cl-H-H-C_F_TS,-1,F_minus,-1,PH2-Cl-H-H-C_reactant",F_minus
W1-SN2-BH_1227_PH2_Cl-H-H-C_F_TS,W1-SN2-BH,0.02210993456872567,13.8741934127906,"1,PH2_Cl-H-H-C_F_TS,-1,PH2_minus,-1,F-Cl-H-H-C_reactant",PH2_minus
W1-SN2-BH_1228_PH2_Cl-H-H-C_NH2_TS,W1-SN2-BH,0.02303729055365951,14.4561180791657,"1,PH2_Cl-H-H-C_NH2_TS,-1,NH2_minus,-1,PH2-Cl-H-H-C_reactant",NH2_minus
W1-SN2-BH_1229_PH2_Cl-H-H-C_NH2_TS,W1-SN2-BH,0.08053849864492838,50.538670926510697,"1,PH2_Cl-H-H-C_NH2_TS,-1,PH2_minus,-1,NH2-Cl-H-H-C_reactant",PH2_minus
W1-SN2-BH_1230_PH2_Cl-H-H-C_PH2_TS,W1-SN2-BH,0.04459942929572100,27.986564420872298,"1,PH2_Cl-H-H-C_PH2_TS,-1,PH2_minus,-1,PH2-Cl-H-H-C_reactant",PH2_minus
W1-SN2-BH_1231_PH2_Cl-H-H-C_SH_TS,W1-SN2-BH,0.02113214066677161,13.260618475633301,"1,PH2_Cl-H-H-C_SH_TS,-1,PH2_minus,-1,SH-Cl-H-H-C_reactant",PH2_minus
W1-SN2-BH_1232_PH2_Cl-H-H-C_SH_TS,W1-SN2-BH,0.05521543744648182,34.648210112205803,"1,PH2_Cl-H-H-C_SH_TS,-1,SH_minus,-1,PH2-Cl-H-H-C_reactant",SH_minus
W1-SN2-BH_1233_PH2_Cl-H-Me-C_F_TS,W1-SN2-BH,0.03994460548888907,25.065618381990799,"1,PH2_Cl-H-Me-C_F_TS,-1,F_minus,-1,PH2-Cl-H-Me-C_reactant",F_minus
W1-SN2-BH_1234_PH2_Cl-H-Me-C_F_TS,W1-SN2-BH,0.03203987471382111,20.105324930717501,"1,PH2_Cl-H-Me-C_F_TS,-1,PH2_minus,-1,F-Cl-H-Me-C_reactant",PH2_minus
W1-SN2-BH_1235_PH2_Cl-H-Me-C_NH2_TS,W1-SN2-BH,0.02642014197631746,16.5788893962314,"1,PH2_Cl-H-Me-C_NH2_TS,-1,NH2_minus,-1,PH2-Cl-H-Me-C_reactant",NH2_minus
W1-SN2-BH_1236_PH2_Cl-H-Me-C_NH2_TS,W1-SN2-BH,0.08561716289640012,53.725580859894798,"1,PH2_Cl-H-Me-C_NH2_TS,-1,PH2_minus,-1,NH2-Cl-H-Me-C_reactant",PH2_minus
W1-SN2-BH_1237_PH2_Cl-H-Me-C_PH2_TS,W1-SN2-BH,0.04945231521199481,31.0317963098815,"1,PH2_Cl-H-Me-C_PH2_TS,-1,PH2_minus,-1,PH2-Cl-H-Me-C_reactant",PH2_minus
W1-SN2-BH_1238_PH2_Cl-H-Me-C_SH_TS,W1-SN2-BH,0.02606392021731893,16.355356867592398,"1,PH2_Cl-H-Me-C_SH_TS,-1,PH2_minus,-1,SH-Cl-H-Me-C_reactant",PH2_minus
W1-SN2-BH_1239_PH2_Cl-H-Me-C_SH_TS,W1-SN2-BH,0.05958751608992477,37.391730882315201,"1,PH2_Cl-H-Me-C_SH_TS,-1,SH_minus,-1,PH2-Cl-H-Me-C_reactant",SH_minus
W1-SN2-BH_1240_PH2_Cl-H-NH2-C_F_TS,W1-SN2-BH,0.03564848215040317,22.369760285347301,"1,PH2_Cl-H-NH2-C_F_TS,-1,F_minus,-1,PH2-Cl-H-NH2-C_reactant",F_minus
W1-SN2-BH_1241_PH2_Cl-H-NH2-C_F_TS,W1-SN2-BH,0.02999143852497029,18.819911815199902,"1,PH2_Cl-H-NH2-C_F_TS,-1,PH2_minus,-1,F-Cl-H-NH2-C_reactant",PH2_minus
W1-SN2-BH_1242_PH2_Cl-H-NH2-C_NH2_TS,W1-SN2-BH,0.01799268263517717,11.290578817384301,"1,PH2_Cl-H-NH2-C_NH2_TS,-1,NH2_minus,-1,PH2-Cl-H-NH2-C_reactant",NH2_minus
W1-SN2-BH_1243_PH2_Cl-H-NH2-C_NH2_TS,W1-SN2-BH,0.07357490923958739,46.1689526011738,"1,PH2_Cl-H-NH2-C_NH2_TS,-1,PH2_minus,-1,NH2-Cl-H-NH2-C_reactant",PH2_minus
W1-SN2-BH_1244_PH2_Cl-H-NH2-C_PH2_TS,W1-SN2-BH,0.04457162463752130,27.969116734428901,"1,PH2_Cl-H-NH2-C_PH2_TS,-1,PH2_minus,-1,PH2-Cl-H-NH2-C_reactant",PH2_minus
W1-SN2-BH_1245_PH2_Cl-H-NH2-C_SH_TS,W1-SN2-BH,0.02097245428893180,13.160413760659999,"1,PH2_Cl-H-NH2-C_SH_TS,-1,PH2_minus,-1,SH-Cl-H-NH2-C_reactant",PH2_minus
W1-SN2-BH_1246_PH2_Cl-H-NH2-C_SH_TS,W1-SN2-BH,0.05733260179718946,35.976750800423503,"1,PH2_Cl-H-NH2-C_SH_TS,-1,SH_minus,-1,PH2-Cl-H-NH2-C_reactant",SH_minus
W1-SN2-BH_1247_PH2_Cl-Me-Me-C_NH2_TS,W1-SN2-BH,0.03771140070326095,23.6642612214861,"1,PH2_Cl-Me-Me-C_NH2_TS,-1,NH2_minus,-1,PH2-Cl-Me-Me-C_reactant",NH2_minus
W1-SN2-BH_1248_PH2_Cl-Me-Me-C_NH2_TS,W1-SN2-BH,0.09795722180414888,61.469084735003896,"1,PH2_Cl-Me-Me-C_NH2_TS,-1,PH2_minus,-1,NH2-Cl-Me-Me-C_reactant",PH2_minus
W1-SN2-BH_1249_PH2_Cl-Me-Me-C_PH2_TS,W1-SN2-BH,0.06433559959863192,40.371198267671701,"1,PH2_Cl-Me-Me-C_PH2_TS,-1,PH2_minus,-1,PH2-Cl-Me-Me-C_reactant",PH2_minus
W1-SN2-BH_1250_PH2_Cl-Me-NH2-C_F_TS,W1-SN2-BH,0.04551851200741773,28.563297529909601,"1,PH2_Cl-Me-NH2-C_F_TS,-1,F_minus,-1,PH2-Cl-Me-NH2-C_reactant",F_minus
W1-SN2-BH_1251_PH2_Cl-Me-NH2-C_F_TS,W1-SN2-BH,0.04216197732474790,26.457040216512901,"1,PH2_Cl-Me-NH2-C_F_TS,-1,PH2_minus,-1,F-Cl-Me-NH2-C_reactant",PH2_minus
W1-SN2-BH_1252_PH2_Cl-Me-NH2-C_NH2_TS,W1-SN2-BH,0.03223185501570813,20.225794388985101,"1,PH2_Cl-Me-NH2-C_NH2_TS,-1,NH2_minus,-1,PH2-Cl-Me-NH2-C_reactant",NH2_minus
W1-SN2-BH_1253_PH2_Cl-Me-NH2-C_NH2_TS,W1-SN2-BH,0.08948315661301093,56.151528543736497,"1,PH2_Cl-Me-NH2-C_NH2_TS,-1,PH2_minus,-1,NH2-Cl-Me-NH2-C_reactant",PH2_minus
W1-SN2-BH_1254_PH2_Cl-Me-NH2-C_OH_TS,W1-SN2-BH,0.03992873087198425,25.055656909485901,"1,PH2_Cl-Me-NH2-C_OH_TS,-1,OH_minus,-1,PH2-Cl-Me-NH2-C_reactant",OH_minus
W1-SN2-BH_1255_PH2_Cl-Me-NH2-C_OH_TS,W1-SN2-BH,0.06902812299608105,43.3158011568338,"1,PH2_Cl-Me-NH2-C_OH_TS,-1,PH2_minus,-1,OH-Cl-Me-NH2-C_reactant",PH2_minus
W1-SN2-BH_1256_PH2_Cl-Me-NH2-C_PH2_TS,W1-SN2-BH,0.06284038439871630,39.432936563961498,"1,PH2_Cl-Me-NH2-C_PH2_TS,-1,PH2_minus,-1,PH2-Cl-Me-NH2-C_reactant",PH2_minus
W1-SN2-BH_1257_PH2_Cl-Me-NH2-C_SH_TS,W1-SN2-BH,0.04018933753291676,25.219190058224999,"1,PH2_Cl-Me-NH2-C_SH_TS,-1,PH2_minus,-1,SH-Cl-Me-NH2-C_reactant",PH2_minus
W1-SN2-BH_1258_PH2_Cl-Me-NH2-C_SH_TS,W1-SN2-BH,0.07410968212757881,46.504527654860503,"1,PH2_Cl-Me-NH2-C_SH_TS,-1,SH_minus,-1,PH2-Cl-Me-NH2-C_reactant",SH_minus
W1-SN2-BH_1259_PH2_Cl-Me-SH-C_NH2_TS,W1-SN2-BH,0.01833322286208650,11.5042710360695,"1,PH2_Cl-Me-SH-C_NH2_TS,-1,NH2_minus,-1,PH2-Cl-Me-SH-C_reactant",NH2_minus
W1-SN2-BH_1260_PH2_Cl-Me-SH-C_NH2_TS,W1-SN2-BH,0.07576713255559564,47.544593501230999,"1,PH2_Cl-Me-SH-C_NH2_TS,-1,PH2_minus,-1,NH2-Cl-Me-SH-C_reactant",PH2_minus
W1-SN2-BH_1261_PH2_Cl-NH2-NH2-C_F_TS,W1-SN2-BH,0.03954358003295772,24.813971109053401,"1,PH2_Cl-NH2-NH2-C_F_TS,-1,F_minus,-1,PH2-Cl-NH2-NH2-C_reactant",F_minus
W1-SN2-BH_1262_PH2_Cl-NH2-NH2-C_F_TS,W1-SN2-BH,0.04388548665260523,27.5385586483795,"1,PH2_Cl-NH2-NH2-C_F_TS,-1,PH2_minus,-1,F-Cl-NH2-NH2-C_reactant",PH2_minus
W1-SN2-BH_1263_PH2_Cl-NH2-NH2-C_PH2_TS,W1-SN2-BH,0.06097123048085345,38.260024772020401,"1,PH2_Cl-NH2-NH2-C_PH2_TS,-1,PH2_minus,-1,PH2-Cl-NH2-NH2-C_reactant",PH2_minus
W1-SN2-BH_1264_PH2_Cl-NH2-NH2-C_SH_TS,W1-SN2-BH,0.03803686230621177,23.868491460781499,"1,PH2_Cl-NH2-NH2-C_SH_TS,-1,PH2_minus,-1,SH-Cl-NH2-NH2-C_reactant",PH2_minus
W1-SN2-BH_1265_PH2_Cl-NH2-NH2-C_SH_TS,W1-SN2-BH,0.06970183637785653,43.738562686701002,"1,PH2_Cl-NH2-NH2-C_SH_TS,-1,SH_minus,-1,PH2-Cl-NH2-NH2-C_reactant",SH_minus
W1-SN2-BH_1266_PH2_Cl-NH2-OH-C_PH2_TS,W1-SN2-BH,0.06170636376980617,38.721327875537398,"1,PH2_Cl-NH2-OH-C_PH2_TS,-1,PH2_minus,-1,PH2-Cl-NH2-OH-C_reactant",PH2_minus
W1-SN2-BH_1267_PH2_Cl-OH-OH-C_PH2_TS,W1-SN2-BH,0.06289102287864497,39.464712689868897,"1,PH2_Cl-OH-OH-C_PH2_TS,-1,PH2_minus,-1,PH2-Cl-OH-OH-C_reactant",PH2_minus
W1-SN2-BH_1268_PH2_Cl-OH-OH-C_SH_TS,W1-SN2-BH,0.04287757714974694,26.906085886337699,"1,PH2_Cl-OH-OH-C_SH_TS,-1,PH2_minus,-1,SH-Cl-OH-OH-C_reactant",PH2_minus
W1-SN2-BH_1269_PH2_Cl-OH-OH-C_SH_TS,W1-SN2-BH,0.07801166251817875,48.953057317570398,"1,PH2_Cl-OH-OH-C_SH_TS,-1,SH_minus,-1,PH2-Cl-OH-OH-C_reactant",SH_minus
W1-SN2-BH_1270_PH2_Cl-OH-SH-C_OH_TS,W1-SN2-BH,0.01937021040622160,12.1549905444997,"1,PH2_Cl-OH-SH-C_OH_TS,-1,OH_minus,-1,PH2-Cl-OH-SH-C_reactant",OH_minus
W1-SN2-BH_1271_PH2_Cl-OH-SH-C_OH_TS,W1-SN2-BH,0.04937661430998623,30.984293276675999,"1,PH2_Cl-OH-SH-C_OH_TS,-1,PH2_minus,-1,OH-Cl-OH-SH-C_reactant",PH2_minus
W1-SN2-BH_1272_PH2_Cl-SH-SH-C_NH2_TS,W1-SN2-BH,0.003633778023502811,2.2802301363902999,"1,PH2_Cl-SH-SH-C_NH2_TS,-1,NH2_minus,-1,PH2-Cl-SH-SH-C_reactant",NH2_minus
W1-SN2-BH_1273_PH2_Cl-SH-SH-C_NH2_TS,W1-SN2-BH,0.06085759315489791,38.188716273376102,"1,PH2_Cl-SH-SH-C_NH2_TS,-1,PH2_minus,-1,NH2-Cl-SH-SH-C_reactant",PH2_minus
W1-SN2-BH_1274_PH2_CN-Cl-Cl-C_NH2_TS,W1-SN2-BH,0.002921068288448647,1.8329980253868099,"1,PH2_CN-Cl-Cl-C_NH2_TS,-1,NH2_minus,-1,PH2-CN-Cl-Cl-C_reactant",NH2_minus
W1-SN2-BH_1275_PH2_CN-Cl-Cl-C_NH2_TS,W1-SN2-BH,0.05511222413443326,34.583442781045903,"1,PH2_CN-Cl-Cl-C_NH2_TS,-1,PH2_minus,-1,NH2-CN-Cl-Cl-C_reactant",PH2_minus
W1-SN2-BH_1276_PH2_CN-Cl-Cl-C_PH2_TS,W1-SN2-BH,0.02627969245426747,16.4907559905174,"1,PH2_CN-Cl-Cl-C_PH2_TS,-1,PH2_minus,-1,PH2-CN-Cl-Cl-C_reactant",PH2_minus
W1-SN2-BH_1277_PH2_CN-Cl-Cl-C_SH_TS,W1-SN2-BH,0.005643834602438790,3.5415596830754899,"1,PH2_CN-Cl-Cl-C_SH_TS,-1,PH2_minus,-1,SH-CN-Cl-Cl-C_reactant",PH2_minus
W1-SN2-BH_1278_PH2_CN-Cl-Cl-C_SH_TS,W1-SN2-BH,0.04717330412134681,29.601695259005002,"1,PH2_CN-Cl-Cl-C_SH_TS,-1,SH_minus,-1,PH2-CN-Cl-Cl-C_reactant",SH_minus
W1-SN2-BH_1279_PH2_CN-Cl-F-C_F_TS,W1-SN2-BH,0.02084401658607507,13.079817885290501,"1,PH2_CN-Cl-F-C_F_TS,-1,F_minus,-1,PH2-CN-Cl-F-C_reactant",F_minus
W1-SN2-BH_1280_PH2_CN-Cl-F-C_F_TS,W1-SN2-BH,0.01322508091360560,8.2988635685385894,"1,PH2_CN-Cl-F-C_F_TS,-1,PH2_minus,-1,F-CN-Cl-F-C_reactant",PH2_minus
W1-SN2-BH_1281_PH2_CN-Cl-F-C_NH2_TS,W1-SN2-BH,0.003183422598929631,1.9976278407749199,"1,PH2_CN-Cl-F-C_NH2_TS,-1,NH2_minus,-1,PH2-CN-Cl-F-C_reactant",NH2_minus
W1-SN2-BH_1282_PH2_CN-Cl-F-C_NH2_TS,W1-SN2-BH,0.06638198292140302,41.655323190275297,"1,PH2_CN-Cl-F-C_NH2_TS,-1,PH2_minus,-1,NH2-CN-Cl-F-C_reactant",PH2_minus
W1-SN2-BH_1283_PH2_CN-Cl-F-C_OH_TS,W1-SN2-BH,0.009848378991056169,6.1799511210517402,"1,PH2_CN-Cl-F-C_OH_TS,-1,OH_minus,-1,PH2-CN-Cl-F-C_reactant",OH_minus
W1-SN2-BH_1284_PH2_CN-Cl-F-C_OH_TS,W1-SN2-BH,0.04145263087472515,26.011918598730599,"1,PH2_CN-Cl-F-C_OH_TS,-1,PH2_minus,-1,OH-CN-Cl-F-C_reactant",PH2_minus
W1-SN2-BH_1285_PH2_CN-Cl-F-C_PH2_TS,W1-SN2-BH,0.03152658149384861,19.783228572212401,"1,PH2_CN-Cl-F-C_PH2_TS,-1,PH2_minus,-1,PH2-CN-Cl-F-C_reactant",PH2_minus
W1-SN2-BH_1286_PH2_CN-Cl-F-C_SH_TS,W1-SN2-BH,0.009630454642943030,6.0432015279817204,"1,PH2_CN-Cl-F-C_SH_TS,-1,PH2_minus,-1,SH-CN-Cl-F-C_reactant",PH2_minus
W1-SN2-BH_1287_PH2_CN-Cl-F-C_SH_TS,W1-SN2-BH,0.04892316289700902,30.6997482190055,"1,PH2_CN-Cl-F-C_SH_TS,-1,SH_minus,-1,PH2-CN-Cl-F-C_reactant",SH_minus
W1-SN2-BH_1288_PH2_CN-Cl-H-C_F_TS,W1-SN2-BH,0.01997932380917599,12.5372149756324,"1,PH2_CN-Cl-H-C_F_TS,-1,F_minus,-1,PH2-CN-Cl-H-C_reactant",F_minus
W1-SN2-BH_1289_PH2_CN-Cl-H-C_PH2_TS,W1-SN2-BH,0.02481456934947918,15.571377361593999,"1,PH2_CN-Cl-H-C_PH2_TS,-1,PH2_minus,-1,PH2-CN-Cl-H-C_reactant",PH2_minus
W1-SN2-BH_1290_PH2_CN-Cl-H-C_SH_TS,W1-SN2-BH,0.001561614850813696,0.97992811372322897,"1,PH2_CN-Cl-H-C_SH_TS,-1,PH2_minus,-1,SH-CN-Cl-H-C_reactant",PH2_minus
W1-SN2-BH_1291_PH2_CN-Cl-H-C_SH_TS,W1-SN2-BH,0.03996827180692972,25.080469220777498,"1,PH2_CN-Cl-H-C_SH_TS,-1,SH_minus,-1,PH2-CN-Cl-H-C_reactant",SH_minus
W1-SN2-BH_1292_PH2_CN-Cl-Me-C_OH_TS,W1-SN2-BH,0.01364965534479857,8.5652880465571304,"1,PH2_CN-Cl-Me-C_OH_TS,-1,OH_minus,-1,PH2-CN-Cl-Me-C_reactant",OH_minus
W1-SN2-BH_1293_PH2_CN-Cl-Me-C_OH_TS,W1-SN2-BH,0.03704519748830907,23.246212392452499,"1,PH2_CN-Cl-Me-C_OH_TS,-1,PH2_minus,-1,OH-CN-Cl-Me-C_reactant",PH2_minus
W1-SN2-BH_1294_PH2_CN-Cl-Me-C_PH2_TS,W1-SN2-BH,0.02963253140908242,18.594694199671601,"1,PH2_CN-Cl-Me-C_PH2_TS,-1,PH2_minus,-1,PH2-CN-Cl-Me-C_reactant",PH2_minus
W1-SN2-BH_1295_PH2_CN-Cl-Me-C_SH_TS,W1-SN2-BH,0.009042195540132765,5.6740633677644201,"1,PH2_CN-Cl-Me-C_SH_TS,-1,PH2_minus,-1,SH-CN-Cl-Me-C_reactant",PH2_minus
W1-SN2-BH_1296_PH2_CN-Cl-Me-C_SH_TS,W1-SN2-BH,0.04704321125613997,29.520060753579699,"1,PH2_CN-Cl-Me-C_SH_TS,-1,SH_minus,-1,PH2-CN-Cl-Me-C_reactant",SH_minus
W1-SN2-BH_1297_PH2_CN-Cl-NH2-C_PH2_TS,W1-SN2-BH,0.02652761060523241,16.646326979040101,"1,PH2_CN-Cl-NH2-C_PH2_TS,-1,PH2_minus,-1,PH2-CN-Cl-NH2-C_reactant",PH2_minus
W1-SN2-BH_1298_PH2_CN-Cl-NH2-C_SH_TS,W1-SN2-BH,0.007471076455361956,4.6881712571893903,"1,PH2_CN-Cl-NH2-C_SH_TS,-1,PH2_minus,-1,SH-CN-Cl-NH2-C_reactant",PH2_minus
W1-SN2-BH_1299_PH2_CN-Cl-NH2-C_SH_TS,W1-SN2-BH,0.04331724081062987,27.181978998942999,"1,PH2_CN-Cl-NH2-C_SH_TS,-1,SH_minus,-1,PH2-CN-Cl-NH2-C_reactant",SH_minus
W1-SN2-BH_1300_PH2_CN-CN-H-C_F_TS,W1-SN2-BH,0.001063363187774876,0.66727047469867395,"1,PH2_CN-CN-H-C_F_TS,-1,F_minus,-1,PH2-CN-CN-H-C_reactant",F_minus
W1-SN2-BH_1301_PH2_CN-CN-H-C_NH2_TS,W1-SN2-BH,0.02294771985767756,14.399911618838599,"1,PH2_CN-CN-H-C_NH2_TS,-1,PH2_minus,-1,NH2-CN-CN-H-C_reactant",PH2_minus
W1-SN2-BH_1302_PH2_CN-F-F-C_NH2_TS,W1-SN2-BH,0.004538218214518779,2.8477749249762598,"1,PH2_CN-F-F-C_NH2_TS,-1,NH2_minus,-1,PH2-CN-F-F-C_reactant",NH2_minus
W1-SN2-BH_1303_PH2_CN-F-F-C_NH2_TS,W1-SN2-BH,0.07413137070164221,46.518137440564203,"1,PH2_CN-F-F-C_NH2_TS,-1,PH2_minus,-1,NH2-CN-F-F-C_reactant",PH2_minus
W1-SN2-BH_1304_PH2_CN-F-F-C_OH_TS,W1-SN2-BH,0.009605186625038195,6.02734560735564,"1,PH2_CN-F-F-C_OH_TS,-1,OH_minus,-1,PH2-CN-F-F-C_reactant",OH_minus
W1-SN2-BH_1305_PH2_CN-F-F-C_OH_TS,W1-SN2-BH,0.05263739270872535,33.030462614705101,"1,PH2_CN-F-F-C_OH_TS,-1,PH2_minus,-1,OH-CN-F-F-C_reactant",PH2_minus
W1-SN2-BH_1306_PH2_CN-F-F-C_PH2_TS,W1-SN2-BH,0.03690806415231175,23.160159924904299,"1,PH2_CN-F-F-C_PH2_TS,-1,PH2_minus,-1,PH2-CN-F-F-C_reactant",PH2_minus
W1-SN2-BH_1307_PH2_CN-F-F-C_SH_TS,W1-SN2-BH,0.01625609642856267,10.2008545202064,"1,PH2_CN-F-F-C_SH_TS,-1,PH2_minus,-1,SH-CN-F-F-C_reactant",PH2_minus
W1-SN2-BH_1308_PH2_CN-F-F-C_SH_TS,W1-SN2-BH,0.05117504242397615,32.112823956626102,"1,PH2_CN-F-F-C_SH_TS,-1,SH_minus,-1,PH2-CN-F-F-C_reactant",SH_minus
W1-SN2-BH_1309_PH2_CN-F-H-C_F_TS,W1-SN2-BH,0.01196949957470824,7.5109743829236697,"1,PH2_CN-F-H-C_F_TS,-1,F_minus,-1,PH2-CN-F-H-C_reactant",F_minus
W1-SN2-BH_1310_PH2_CN-F-H-C_F_TS,W1-SN2-BH,0.004956179230432121,3.1100494222509201,"1,PH2_CN-F-H-C_F_TS,-1,PH2_minus,-1,F-CN-F-H-C_reactant",PH2_minus
W1-SN2-BH_1311_PH2_CN-F-H-C_OH_TS,W1-SN2-BH,0.003904464572490994,2.4500885103818302,"1,PH2_CN-F-H-C_OH_TS,-1,OH_minus,-1,PH2-CN-F-H-C_reactant",OH_minus
W1-SN2-BH_1312_PH2_CN-F-H-C_OH_TS,W1-SN2-BH,0.03719143524325582,23.3379779691473,"1,PH2_CN-F-H-C_OH_TS,-1,PH2_minus,-1,OH-CN-F-H-C_reactant",PH2_minus
W1-SN2-BH_1313_PH2_CN-F-H-C_PH2_TS,W1-SN2-BH,0.02588576861832083,16.2435650514016,"1,PH2_CN-F-H-C_PH2_TS,-1,PH2_minus,-1,PH2-CN-F-H-C_reactant",PH2_minus
W1-SN2-BH_1314_PH2_CN-F-H-C_SH_TS,W1-SN2-BH,0.005033047254476997,3.1582848355915898,"1,PH2_CN-F-H-C_SH_TS,-1,PH2_minus,-1,SH-CN-F-H-C_reactant",PH2_minus
W1-SN2-BH_1315_PH2_CN-F-H-C_SH_TS,W1-SN2-BH,0.03795457562312416,23.8168557875548,"1,PH2_CN-F-H-C_SH_TS,-1,SH_minus,-1,PH2-CN-F-H-C_reactant",SH_minus
W1-SN2-BH_1316_PH2_CN-F-Me-C_OH_TS,W1-SN2-BH,0.009970019381874116,6.2562816187187398,"1,PH2_CN-F-Me-C_OH_TS,-1,OH_minus,-1,PH2-CN-F-Me-C_reactant",OH_minus
W1-SN2-BH_1317_PH2_CN-F-Me-C_OH_TS,W1-SN2-BH,0.04467201397750243,28.032111996362001,"1,PH2_CN-F-Me-C_OH_TS,-1,PH2_minus,-1,OH-CN-F-Me-C_reactant",PH2_minus
W1-SN2-BH_1318_PH2_CN-F-Me-C_PH2_TS,W1-SN2-BH,0.03268928430169185,20.512835599653801,"1,PH2_CN-F-Me-C_PH2_TS,-1,PH2_minus,-1,PH2-CN-F-Me-C_reactant",PH2_minus
W1-SN2-BH_1319_PH2_CN-F-Me-C_SH_TS,W1-SN2-BH,0.01053033092690450,6.6078824216522403,"1,PH2_CN-F-Me-C_SH_TS,-1,PH2_minus,-1,SH-CN-F-Me-C_reactant",PH2_minus
W1-SN2-BH_1320_PH2_CN-F-Me-C_SH_TS,W1-SN2-BH,0.04589623905433250,28.8003248304585,"1,PH2_CN-F-Me-C_SH_TS,-1,SH_minus,-1,PH2-CN-F-Me-C_reactant",SH_minus
W1-SN2-BH_1321_PH2_CN-F-NH2-C_NH2_TS,W1-SN2-BH,0.06137718461487913,38.514764837156598,"1,PH2_CN-F-NH2-C_NH2_TS,-1,PH2_minus,-1,NH2-CN-F-NH2-C_reactant",PH2_minus
W1-SN2-BH_1322_PH2_CN-F-NH2-C_OH_TS,W1-SN2-BH,0.002344897130674998,1.47144516520194,"1,PH2_CN-F-NH2-C_OH_TS,-1,OH_minus,-1,PH2-CN-F-NH2-C_reactant",OH_minus
W1-SN2-BH_1323_PH2_CN-F-NH2-C_OH_TS,W1-SN2-BH,0.03898006044113584,24.460357226365002,"1,PH2_CN-F-NH2-C_OH_TS,-1,PH2_minus,-1,OH-CN-F-NH2-C_reactant",PH2_minus
W1-SN2-BH_1324_PH2_CN-F-NH2-C_PH2_TS,W1-SN2-BH,0.02625024026437824,16.472274462329999,"1,PH2_CN-F-NH2-C_PH2_TS,-1,PH2_minus,-1,PH2-CN-F-NH2-C_reactant",PH2_minus
W1-SN2-BH_1325_PH2_CN-F-NH2-C_SH_TS,W1-SN2-BH,0.01129411174793066,7.08716212295385,"1,PH2_CN-F-NH2-C_SH_TS,-1,PH2_minus,-1,SH-CN-F-NH2-C_reactant",PH2_minus
W1-SN2-BH_1326_PH2_CN-F-NH2-C_SH_TS,W1-SN2-BH,0.03982446981590030,24.990232109017398,"1,PH2_CN-F-NH2-C_SH_TS,-1,SH_minus,-1,PH2-CN-F-NH2-C_reactant",SH_minus
W1-SN2-BH_1327_PH2_CN-H-H-C_F_TS,W1-SN2-BH,0.01931762352113676,12.1219917758975,"1,PH2_CN-H-H-C_F_TS,-1,F_minus,-1,PH2-CN-H-H-C_reactant",F_minus
W1-SN2-BH_1328_PH2_CN-H-H-C_NH2_TS,W1-SN2-BH,0.002795386063840785,1.75413123872405,"1,PH2_CN-H-H-C_NH2_TS,-1,NH2_minus,-1,PH2-CN-H-H-C_reactant",NH2_minus
W1-SN2-BH_1329_PH2_CN-H-H-C_NH2_TS,W1-SN2-BH,0.04779026021227870,29.988841051145702,"1,PH2_CN-H-H-C_NH2_TS,-1,PH2_minus,-1,NH2-CN-H-H-C_reactant",PH2_minus
W1-SN2-BH_1330_PH2_CN-H-H-C_PH2_TS,W1-SN2-BH,0.02414986357060108,15.154268187883501,"1,PH2_CN-H-H-C_PH2_TS,-1,PH2_minus,-1,PH2-CN-H-H-C_reactant",PH2_minus
W1-SN2-BH_1331_PH2_CN-H-H-C_SH_TS,W1-SN2-BH,0.03745417884134342,23.502852066196699,"1,PH2_CN-H-H-C_SH_TS,-1,SH_minus,-1,PH2-CN-H-H-C_reactant",SH_minus
W1-SN2-BH_1332_PH2_CN-H-Me-C_NH2_TS,W1-SN2-BH,0.003294736452640525,2.0674783385729798,"1,PH2_CN-H-Me-C_NH2_TS,-1,NH2_minus,-1,PH2-CN-H-Me-C_reactant",NH2_minus
W1-SN2-BH_1333_PH2_CN-H-Me-C_NH2_TS,W1-SN2-BH,0.05004679794805416,31.404839858925701,"1,PH2_CN-H-Me-C_NH2_TS,-1,PH2_minus,-1,NH2-CN-H-Me-C_reactant",PH2_minus
W1-SN2-BH_1334_PH2_CN-H-Me-C_PH2_TS,W1-SN2-BH,0.02666372113133262,16.7317376236877,"1,PH2_CN-H-Me-C_PH2_TS,-1,PH2_minus,-1,PH2-CN-H-Me-C_reactant",PH2_minus
W1-SN2-BH_1335_PH2_CN-H-Me-C_SH_TS,W1-SN2-BH,0.003555298196699291,2.2309833015482599,"1,PH2_CN-H-Me-C_SH_TS,-1,PH2_minus,-1,SH-CN-H-Me-C_reactant",PH2_minus
W1-SN2-BH_1336_PH2_CN-H-Me-C_SH_TS,W1-SN2-BH,0.03965767718999841,24.885568156060099,"1,PH2_CN-H-Me-C_SH_TS,-1,SH_minus,-1,PH2-CN-H-Me-C_reactant",SH_minus
W1-SN2-BH_1337_PH2_CN-H-NH2-C_F_TS,W1-SN2-BH,0.01224438669375669,7.6834686544244803,"1,PH2_CN-H-NH2-C_F_TS,-1,F_minus,-1,PH2-CN-H-NH2-C_reactant",F_minus
W1-SN2-BH_1338_PH2_CN-H-NH2-C_F_TS,W1-SN2-BH,0.003092570538713586,1.9406173122512,"1,PH2_CN-H-NH2-C_F_TS,-1,PH2_minus,-1,F-CN-H-NH2-C_reactant",PH2_minus
W1-SN2-BH_1339_PH2_CN-H-NH2-C_NH2_TS,W1-SN2-BH,0.04752129099119499,29.820060316684302,"1,PH2_CN-H-NH2-C_NH2_TS,-1,PH2_minus,-1,NH2-CN-H-NH2-C_reactant",PH2_minus
W1-SN2-BH_1340_PH2_CN-H-NH2-C_PH2_TS,W1-SN2-BH,0.01795601498919469,11.2675695221387,"1,PH2_CN-H-NH2-C_PH2_TS,-1,PH2_minus,-1,PH2-CN-H-NH2-C_reactant",PH2_minus
W1-SN2-BH_1341_PH2_CN-H-OH-C_NH2_TS,W1-SN2-BH,0.04594948512946720,28.833737247062199,"1,PH2_CN-H-OH-C_NH2_TS,-1,PH2_minus,-1,NH2-CN-H-OH-C_reactant",PH2_minus
W1-SN2-BH_1342_PH2_CN-Me-Me-C_OH_TS,W1-SN2-BH,0.02264378642268766,14.209190508897899,"1,PH2_CN-Me-Me-C_OH_TS,-1,OH_minus,-1,PH2-CN-Me-Me-C_reactant",OH_minus
W1-SN2-BH_1343_PH2_CN-Me-Me-C_OH_TS,W1-SN2-BH,0.04242178688678872,26.620073178145699,"1,PH2_CN-Me-Me-C_OH_TS,-1,PH2_minus,-1,OH-CN-Me-Me-C_reactant",PH2_minus
W1-SN2-BH_1344_PH2_CN-Me-Me-C_PH2_TS,W1-SN2-BH,0.03432409205659491,21.538692954127299,"1,PH2_CN-Me-Me-C_PH2_TS,-1,PH2_minus,-1,PH2-CN-Me-Me-C_reactant",PH2_minus
W1-SN2-BH_1345_PH2_CN-Me-Me-C_SH_TS,W1-SN2-BH,0.01243029198167338,7.8001259838706298,"1,PH2_CN-Me-Me-C_SH_TS,-1,PH2_minus,-1,SH-CN-Me-Me-C_reactant",PH2_minus
W1-SN2-BH_1346_PH2_CN-Me-Me-C_SH_TS,W1-SN2-BH,0.04860882397906662,30.502497569929901,"1,PH2_CN-Me-Me-C_SH_TS,-1,SH_minus,-1,PH2-CN-Me-Me-C_reactant",SH_minus
W1-SN2-BH_1347_PH2_CN-Me-NH2-C_PH2_TS,W1-SN2-BH,0.03225080541681937,20.237685945219699,"1,PH2_CN-Me-NH2-C_PH2_TS,-1,PH2_minus,-1,PH2-CN-Me-NH2-C_reactant",PH2_minus
W1-SN2-BH_1348_PH2_CN-Me-NH2-C_SH_TS,W1-SN2-BH,0.01014978760202012,6.3690878799958197,"1,PH2_CN-Me-NH2-C_SH_TS,-1,PH2_minus,-1,SH-CN-Me-NH2-C_reactant",PH2_minus
W1-SN2-BH_1349_PH2_CN-Me-NH2-C_SH_TS,W1-SN2-BH,0.04467234818849727,28.032321716927601,"1,PH2_CN-Me-NH2-C_SH_TS,-1,SH_minus,-1,PH2-CN-Me-NH2-C_reactant",SH_minus
W1-SN2-BH_1350_PH2_CN-Me-SH-C_NH2_TS,W1-SN2-BH,0.04220069252786204,26.481334373257301,"1,PH2_CN-Me-SH-C_NH2_TS,-1,PH2_minus,-1,NH2-CN-Me-SH-C_reactant",PH2_minus
W1-SN2-BH_1351_PH2_CN-NH2-NH2-C_F_TS,W1-SN2-BH,0.01495431274551866,9.3839729259155291,"1,PH2_CN-NH2-NH2-C_F_TS,-1,F_minus,-1,PH2-CN-NH2-NH2-C_reactant",F_minus
W1-SN2-BH_1352_PH2_CN-NH2-NH2-C_F_TS,W1-SN2-BH,0.01848209684426961,11.597690870330901,"1,PH2_CN-NH2-NH2-C_F_TS,-1,PH2_minus,-1,F-CN-NH2-NH2-C_reactant",PH2_minus
W1-SN2-BH_1353_PH2_CN-NH2-NH2-C_NH2_TS,W1-SN2-BH,0.05784412989928983,36.297739530740998,"1,PH2_CN-NH2-NH2-C_NH2_TS,-1,PH2_minus,-1,NH2-CN-NH2-NH2-C_reactant",PH2_minus
W1-SN2-BH_1354_PH2_CN-NH2-NH2-C_OH_TS,W1-SN2-BH,0.008353304942103418,5.2417779909080098,"1,PH2_CN-NH2-NH2-C_OH_TS,-1,OH_minus,-1,PH2-CN-NH2-NH2-C_reactant",OH_minus
W1-SN2-BH_1355_PH2_CN-NH2-NH2-C_OH_TS,W1-SN2-BH,0.04488533253348783,28.165971411236299,"1,PH2_CN-NH2-NH2-C_OH_TS,-1,PH2_minus,-1,OH-CN-NH2-NH2-C_reactant",PH2_minus
W1-SN2-BH_1356_PH2_CN-NH2-NH2-C_PH2_TS,W1-SN2-BH,0.02957684483906613,18.559750349408301,"1,PH2_CN-NH2-NH2-C_PH2_TS,-1,PH2_minus,-1,PH2-CN-NH2-NH2-C_reactant",PH2_minus
W1-SN2-BH_1357_PH2_CN-NH2-OH-C_NH2_TS,W1-SN2-BH,0.04895877584905244,30.7220956838121,"1,PH2_CN-NH2-OH-C_NH2_TS,-1,PH2_minus,-1,NH2-CN-NH2-OH-C_reactant",PH2_minus
W1-SN2-BH_1358_PH2_CN-OH-OH-C_OH_TS,W1-SN2-BH,0.03728295546023015,23.395407772367001,"1,PH2_CN-OH-OH-C_OH_TS,-1,PH2_minus,-1,OH-CN-OH-OH-C_reactant",PH2_minus
W1-SN2-BH_1359_PH2_CN-OH-OH-C_SH_TS,W1-SN2-BH,0.002002507956743633,1.25659271474337,"1,PH2_CN-OH-OH-C_SH_TS,-1,PH2_minus,-1,SH-CN-OH-OH-C_reactant",PH2_minus
W1-SN2-BH_1360_PH2_CN-OH-OH-C_SH_TS,W1-SN2-BH,0.03282346879870684,20.597037642803102,"1,PH2_CN-OH-OH-C_SH_TS,-1,SH_minus,-1,PH2-CN-OH-OH-C_reactant",SH_minus
W1-SN2-BH_1361_PH2_CN-SH-SH-C_NH2_TS,W1-SN2-BH,0.03072957033882848,19.2830965215033,"1,PH2_CN-SH-SH-C_NH2_TS,-1,PH2_minus,-1,NH2-CN-SH-SH-C_reactant",PH2_minus
W1-SN2-BH_1362_PH2_F-F-F-C_NH2_TS,W1-SN2-BH,0.03928668211304394,24.652765230440401,"1,PH2_F-F-F-C_NH2_TS,-1,NH2_minus,-1,PH2-F-F-F-C_reactant",NH2_minus
W1-SN2-BH_1363_PH2_F-F-F-C_NH2_TS,W1-SN2-BH,0.1122380305467601,70.430427518275593,"1,PH2_F-F-F-C_NH2_TS,-1,PH2_minus,-1,NH2-F-F-F-C_reactant",PH2_minus
W1-SN2-BH_1364_PH2_F-F-H-C_F_TS,W1-SN2-BH,0.02945378311800909,18.482527953550498,"1,PH2_F-F-H-C_F_TS,-1,F_minus,-1,PH2-F-F-H-C_reactant",F_minus
W1-SN2-BH_1365_PH2_F-F-H-C_F_TS,W1-SN2-BH,0.04265506806874228,26.766459329942201,"1,PH2_F-F-H-C_F_TS,-1,PH2_minus,-1,F-F-F-H-C_reactant",PH2_minus
W1-SN2-BH_1366_PH2_F-F-H-C_NH2_TS,W1-SN2-BH,0.02629481139726314,16.500243270485001,"1,PH2_F-F-H-C_NH2_TS,-1,NH2_minus,-1,PH2-F-F-H-C_reactant",NH2_minus
W1-SN2-BH_1367_PH2_F-F-H-C_NH2_TS,W1-SN2-BH,0.09904878008505768,62.154047897766198,"1,PH2_F-F-H-C_NH2_TS,-1,PH2_minus,-1,NH2-F-F-H-C_reactant",PH2_minus
W1-SN2-BH_1368_PH2_F-F-H-C_OH_TS,W1-SN2-BH,0.02699717164115562,16.940980977732799,"1,PH2_F-F-H-C_OH_TS,-1,OH_minus,-1,PH2-F-F-H-C_reactant",OH_minus
W1-SN2-BH_1369_PH2_F-F-H-C_OH_TS,W1-SN2-BH,0.07693248259317350,48.275861690410899,"1,PH2_F-F-H-C_OH_TS,-1,PH2_minus,-1,OH-F-F-H-C_reactant",PH2_minus
W1-SN2-BH_1370_PH2_F-F-H-C_PH2_TS,W1-SN2-BH,0.05781394701419495,36.278799484389403,"1,PH2_F-F-H-C_PH2_TS,-1,PH2_minus,-1,PH2-F-F-H-C_reactant",PH2_minus
W1-SN2-BH_1371_PH2_F-F-Me-C_NH2_TS,W1-SN2-BH,0.03921755339607793,24.6093863056144,"1,PH2_F-F-Me-C_NH2_TS,-1,NH2_minus,-1,PH2-F-F-Me-C_reactant",NH2_minus
W1-SN2-BH_1372_PH2_F-F-Me-C_NH2_TS,W1-SN2-BH,0.1112663294567919,69.820675878363105,"1,PH2_F-F-Me-C_NH2_TS,-1,PH2_minus,-1,NH2-F-F-Me-C_reactant",PH2_minus
W1-SN2-BH_1373_PH2_F-F-Me-C_PH2_TS,W1-SN2-BH,0.07242050159572311,45.4445508677181,"1,PH2_F-F-Me-C_PH2_TS,-1,PH2_minus,-1,PH2-F-F-Me-C_reactant",PH2_minus
W1-SN2-BH_1374_PH2_F-F-NH2-C_F_TS,W1-SN2-BH,0.03968029883002400,24.899763449495001,"1,PH2_F-F-NH2-C_F_TS,-1,F_minus,-1,PH2-F-F-NH2-C_reactant",F_minus
W1-SN2-BH_1375_PH2_F-F-NH2-C_F_TS,W1-SN2-BH,0.05305452398261792,33.292216441000697,"1,PH2_F-F-NH2-C_F_TS,-1,PH2_minus,-1,F-F-F-NH2-C_reactant",PH2_minus
W1-SN2-BH_1376_PH2_F-F-NH2-C_NH2_TS,W1-SN2-BH,0.03004125985903872,18.851175174338302,"1,PH2_F-F-NH2-C_NH2_TS,-1,NH2_minus,-1,PH2-F-F-NH2-C_reactant",NH2_minus
W1-SN2-BH_1377_PH2_F-F-NH2-C_NH2_TS,W1-SN2-BH,0.1058768844043642,66.438748048022205,"1,PH2_F-F-NH2-C_NH2_TS,-1,PH2_minus,-1,NH2-F-F-NH2-C_reactant",PH2_minus
W1-SN2-BH_1378_PH2_F-F-NH2-C_PH2_TS,W1-SN2-BH,0.06982209085199904,43.814023508523903,"1,PH2_F-F-NH2-C_PH2_TS,-1,PH2_minus,-1,PH2-F-F-NH2-C_reactant",PH2_minus
W1-SN2-BH_1379_PH2_F-F-NH2-C_SH_TS,W1-SN2-BH,0.04778606863416520,29.986210796168201,"1,PH2_F-F-NH2-C_SH_TS,-1,PH2_minus,-1,SH-F-F-NH2-C_reactant",PH2_minus
W1-SN2-BH_1380_PH2_F-F-NH2-C_SH_TS,W1-SN2-BH,0.07714388329324781,48.408517632531101,"1,PH2_F-F-NH2-C_SH_TS,-1,SH_minus,-1,PH2-F-F-NH2-C_reactant",SH_minus
W1-SN2-BH_1381_PH2_F-H-H-C_F_TS,W1-SN2-BH,0.02686947132431587,16.860847819075001,"1,PH2_F-H-H-C_F_TS,-1,F_minus,-1,PH2-F-H-H-C_reactant",F_minus
W1-SN2-BH_1382_PH2_F-H-H-C_F_TS,W1-SN2-BH,0.02804861290521668,17.600770332351999,"1,PH2_F-H-H-C_F_TS,-1,PH2_minus,-1,F-F-H-H-C_reactant",PH2_minus
W1-SN2-BH_1383_PH2_F-H-H-C_NH2_TS,W1-SN2-BH,0.02013652527798375,12.6358603866459,"1,PH2_F-H-H-C_NH2_TS,-1,NH2_minus,-1,PH2-F-H-H-C_reactant",NH2_minus
W1-SN2-BH_1384_PH2_F-H-H-C_NH2_TS,W1-SN2-BH,0.08685463276528662,54.502104926488698,"1,PH2_F-H-H-C_NH2_TS,-1,PH2_minus,-1,NH2-F-H-H-C_reactant",PH2_minus
W1-SN2-BH_1385_PH2_F-H-H-C_OH_TS,W1-SN2-BH,0.02422180746254694,15.1994136616805,"1,PH2_F-H-H-C_OH_TS,-1,OH_minus,-1,PH2-F-H-H-C_reactant",OH_minus
W1-SN2-BH_1386_PH2_F-H-H-C_OH_TS,W1-SN2-BH,0.06093166947483778,38.2351998659421,"1,PH2_F-H-H-C_OH_TS,-1,PH2_minus,-1,OH-F-H-H-C_reactant",PH2_minus
W1-SN2-BH_1387_PH2_F-H-H-C_PH2_TS,W1-SN2-BH,0.04439267677852673,27.8568252575465,"1,PH2_F-H-H-C_PH2_TS,-1,PH2_minus,-1,PH2-F-H-H-C_reactant",PH2_minus
W1-SN2-BH_1388_PH2_F-H-H-C_SH_TS,W1-SN2-BH,0.02348355427764408,14.7361527938967,"1,PH2_F-H-H-C_SH_TS,-1,PH2_minus,-1,SH-F-H-H-C_reactant",PH2_minus
W1-SN2-BH_1389_PH2_F-H-H-C_SH_TS,W1-SN2-BH,0.05194887647281246,32.598412153623499,"1,PH2_F-H-H-C_SH_TS,-1,SH_minus,-1,PH2-F-H-H-C_reactant",SH_minus
W1-SN2-BH_1390_PH2_F-H-Me-C_NH2_TS,W1-SN2-BH,0.02509847377641566,15.749530079225099,"1,PH2_F-H-Me-C_NH2_TS,-1,NH2_minus,-1,PH2-F-H-Me-C_reactant",NH2_minus
W1-SN2-BH_1391_PH2_F-H-Me-C_NH2_TS,W1-SN2-BH,0.09279336255268878,58.228714131984297,"1,PH2_F-H-Me-C_NH2_TS,-1,PH2_minus,-1,NH2-F-H-Me-C_reactant",PH2_minus
W1-SN2-BH_1392_PH2_F-H-Me-C_PH2_TS,W1-SN2-BH,0.05007993112391249,31.425631240682598,"1,PH2_F-H-Me-C_PH2_TS,-1,PH2_minus,-1,PH2-F-H-Me-C_reactant",PH2_minus
W1-SN2-BH_1393_PH2_F-H-Me-C_SH_TS,W1-SN2-BH,0.02431750196063727,15.259462865847899,"1,PH2_F-H-Me-C_SH_TS,-1,PH2_minus,-1,SH-F-H-Me-C_reactant",PH2_minus
W1-SN2-BH_1394_PH2_F-H-Me-C_SH_TS,W1-SN2-BH,0.05680006586928346,35.642579460383502,"1,PH2_F-H-Me-C_SH_TS,-1,SH_minus,-1,PH2-F-H-Me-C_reactant",SH_minus
W1-SN2-BH_1395_PH2_F-H-NH2-C_F_TS,W1-SN2-BH,0.02945993329307627,18.486387246672301,"1,PH2_F-H-NH2-C_F_TS,-1,F_minus,-1,PH2-F-H-NH2-C_reactant",F_minus
W1-SN2-BH_1396_PH2_F-H-NH2-C_F_TS,W1-SN2-BH,0.03633123890243321,22.798196615726699,"1,PH2_F-H-NH2-C_F_TS,-1,PH2_minus,-1,F-F-H-NH2-C_reactant",PH2_minus
W1-SN2-BH_1397_PH2_F-H-NH2-C_OH_TS,W1-SN2-BH,0.02497162504447621,15.669931298160201,"1,PH2_F-H-NH2-C_OH_TS,-1,OH_minus,-1,PH2-F-H-NH2-C_reactant",OH_minus
W1-SN2-BH_1398_PH2_F-H-NH2-C_OH_TS,W1-SN2-BH,0.06578037531048903,41.277808714758301,"1,PH2_F-H-NH2-C_OH_TS,-1,PH2_minus,-1,OH-F-H-NH2-C_reactant",PH2_minus
W1-SN2-BH_1399_PH2_F-H-NH2-C_PH2_TS,W1-SN2-BH,0.04692483947729838,29.4457813408949,"1,PH2_F-H-NH2-C_PH2_TS,-1,PH2_minus,-1,PH2-F-H-NH2-C_reactant",PH2_minus
W1-SN2-BH_1400_PH2_F-Me-Me-C_NH2_TS,W1-SN2-BH,0.03609255178833740,22.648418190294802,"1,PH2_F-Me-Me-C_NH2_TS,-1,NH2_minus,-1,PH2-F-Me-Me-C_reactant",NH2_minus
W1-SN2-BH_1401_PH2_F-Me-Me-C_NH2_TS,W1-SN2-BH,0.09758742819516130,61.237035741916202,"1,PH2_F-Me-Me-C_NH2_TS,-1,PH2_minus,-1,NH2-F-Me-Me-C_reactant",PH2_minus
W1-SN2-BH_1402_PH2_F-Me-Me-C_OH_TS,W1-SN2-BH,0.04208438066573028,26.408347577823701,"1,PH2_F-Me-Me-C_OH_TS,-1,OH_minus,-1,PH2-F-Me-Me-C_reactant",OH_minus
W1-SN2-BH_1403_PH2_F-Me-Me-C_OH_TS,W1-SN2-BH,0.08335365917563117,52.305210830535202,"1,PH2_F-Me-Me-C_OH_TS,-1,PH2_minus,-1,OH-F-Me-Me-C_reactant",PH2_minus
W1-SN2-BH_1404_PH2_F-Me-Me-C_PH2_TS,W1-SN2-BH,0.06550059022743697,41.102240924441602,"1,PH2_F-Me-Me-C_PH2_TS,-1,PH2_minus,-1,PH2-F-Me-Me-C_reactant",PH2_minus
W1-SN2-BH_1405_PH2_F-Me-Me-C_SH_TS,W1-SN2-BH,0.04255341871070871,26.702673394743702,"1,PH2_F-Me-Me-C_SH_TS,-1,PH2_minus,-1,SH-F-Me-Me-C_reactant",PH2_minus
W1-SN2-BH_1406_PH2_F-Me-Me-C_SH_TS,W1-SN2-BH,0.07416891227051074,46.541695130700397,"1,PH2_F-Me-Me-C_SH_TS,-1,SH_minus,-1,PH2-F-Me-Me-C_reactant",SH_minus
W1-SN2-BH_1407_PH2_F-Me-NH2-C_F_TS,W1-SN2-BH,0.04085087431688706,25.6343106576076,"1,PH2_F-Me-NH2-C_F_TS,-1,F_minus,-1,PH2-F-Me-NH2-C_reactant",F_minus
W1-SN2-BH_1408_PH2_F-Me-NH2-C_F_TS,W1-SN2-BH,0.04840393115116349,30.373925379253102,"1,PH2_F-Me-NH2-C_F_TS,-1,PH2_minus,-1,F-F-Me-NH2-C_reactant",PH2_minus
W1-SN2-BH_1409_PH2_F-Me-NH2-C_OH_TS,W1-SN2-BH,0.03830380371813579,24.035999725783601,"1,PH2_F-Me-NH2-C_OH_TS,-1,OH_minus,-1,PH2-F-Me-NH2-C_reactant",OH_minus
W1-SN2-BH_1410_PH2_F-Me-NH2-C_OH_TS,W1-SN2-BH,0.07656136673043421,48.042982970566896,"1,PH2_F-Me-NH2-C_OH_TS,-1,PH2_minus,-1,OH-F-Me-NH2-C_reactant",PH2_minus
W1-SN2-BH_1411_PH2_F-Me-NH2-C_PH2_TS,W1-SN2-BH,0.06719782323620650,42.1672707171371,"1,PH2_F-Me-NH2-C_PH2_TS,-1,PH2_minus,-1,PH2-F-Me-NH2-C_reactant",PH2_minus
W1-SN2-BH_1412_PH2_F-Me-NH2-C_SH_TS,W1-SN2-BH,0.04310798850768488,27.0506711963755,"1,PH2_F-Me-NH2-C_SH_TS,-1,PH2_minus,-1,SH-F-Me-NH2-C_reactant",PH2_minus
W1-SN2-BH_1413_PH2_F-Me-NH2-C_SH_TS,W1-SN2-BH,0.07446043549147569,46.724628713765298,"1,PH2_F-Me-NH2-C_SH_TS,-1,SH_minus,-1,PH2-F-Me-NH2-C_reactant",SH_minus
W1-SN2-BH_1414_PH2_F-NH2-NH2-C_NH2_TS,W1-SN2-BH,0.02917472144999850,18.307414113025999,"1,PH2_F-NH2-NH2-C_NH2_TS,-1,NH2_minus,-1,PH2-F-NH2-NH2-C_reactant",NH2_minus
W1-SN2-BH_1415_PH2_F-NH2-NH2-C_NH2_TS,W1-SN2-BH,0.09476600763243578,59.466567608489498,"1,PH2_F-NH2-NH2-C_NH2_TS,-1,PH2_minus,-1,NH2-F-NH2-NH2-C_reactant",PH2_minus
W1-SN2-BH_1416_PH2_F-NH2-NH2-C_PH2_TS,W1-SN2-BH,0.06664036447523993,41.817460063231103,"1,PH2_F-NH2-NH2-C_PH2_TS,-1,PH2_minus,-1,PH2-F-NH2-NH2-C_reactant",PH2_minus
W1-SN2-BH_1417_PH2_F-NH2-OH-C_PH2_TS,W1-SN2-BH,0.06186192804083053,38.818945929430903,"1,PH2_F-NH2-OH-C_PH2_TS,-1,PH2_minus,-1,PH2-F-NH2-OH-C_reactant",PH2_minus
W1-SN2-BH_1418_PH2_F-NH2-SH-C_OH_TS,W1-SN2-BH,0.02414911927253785,15.1538011337973,"1,PH2_F-NH2-SH-C_OH_TS,-1,OH_minus,-1,PH2-F-NH2-SH-C_reactant",OH_minus
W1-SN2-BH_1419_PH2_F-NH2-SH-C_OH_TS,W1-SN2-BH,0.06256984676868519,39.2631716380264,"1,PH2_F-NH2-SH-C_OH_TS,-1,PH2_minus,-1,OH-F-NH2-SH-C_reactant",PH2_minus
W1-SN2-BH_1420_PH2_F-SH-SH-C_F_TS,W1-SN2-BH,0.01867444237717348,11.7183895145218,"1,PH2_F-SH-SH-C_F_TS,-1,F_minus,-1,PH2-F-SH-SH-C_reactant",F_minus
W1-SN2-BH_1421_PH2_F-SH-SH-C_F_TS,W1-SN2-BH,0.01638649402042416,10.2826802444945,"1,PH2_F-SH-SH-C_F_TS,-1,PH2_minus,-1,F-F-SH-SH-C_reactant",PH2_minus
W1-SN2-BH_1422_PH2_H-H-H-C_SH_TS,W1-SN2-BH,0.01637577319633183,10.275952825806799,"1,PH2_H-H-H-C_SH_TS,-1,PH2_minus,-1,SH-H-H-H-C_reactant",PH2_minus
W1-SN2-BH_1423_PH2_H-H-H-C_SH_TS,W1-SN2-BH,0.05248812908878026,32.936798279056603,"1,PH2_H-H-H-C_SH_TS,-1,SH_minus,-1,PH2-H-H-H-C_reactant",SH_minus
W1-SN2-BH_1424_PH2_H-H-Me-C_NH2_TS,W1-SN2-BH,0.02664686900930405,16.7211627574567,"1,PH2_H-H-Me-C_NH2_TS,-1,NH2_minus,-1,PH2-H-H-Me-C_reactant",NH2_minus
W1-SN2-BH_1425_PH2_H-H-Me-C_NH2_TS,W1-SN2-BH,0.07283622091672170,45.705418680195798,"1,PH2_H-H-Me-C_NH2_TS,-1,PH2_minus,-1,NH2-H-H-Me-C_reactant",PH2_minus
W1-SN2-BH_1426_PH2_H-H-Me-C_PH2_TS,W1-SN2-BH,0.04586964605044023,28.783637468572302,"1,PH2_H-H-Me-C_PH2_TS,-1,PH2_minus,-1,PH2-H-H-Me-C_reactant",PH2_minus
W1-SN2-BH_1427_PH2_H-H-Me-C_SH_TS,W1-SN2-BH,0.02249199054575749,14.1139371580005,"1,PH2_H-H-Me-C_SH_TS,-1,PH2_minus,-1,SH-H-H-Me-C_reactant",PH2_minus
W1-SN2-BH_1428_PH2_H-H-Me-C_SH_TS,W1-SN2-BH,0.05643794606033671,35.415345849523497,"1,PH2_H-H-Me-C_SH_TS,-1,SH_minus,-1,PH2-H-H-Me-C_reactant",SH_minus
W1-SN2-BH_1429_PH2_H-H-NH2-C_OH_TS,W1-SN2-BH,0.02354555905869490,14.775061381443299,"1,PH2_H-H-NH2-C_OH_TS,-1,OH_minus,-1,PH2-H-H-NH2-C_reactant",OH_minus
W1-SN2-BH_1430_PH2_H-H-NH2-C_OH_TS,W1-SN2-BH,0.05107024568187932,32.047063008109397,"1,PH2_H-H-NH2-C_OH_TS,-1,PH2_minus,-1,OH-H-H-NH2-C_reactant",PH2_minus
W1-SN2-BH_1431_PH2_H-H-NH2-C_PH2_TS,W1-SN2-BH,0.04134616394985960,25.945109594703101,"1,PH2_H-H-NH2-C_PH2_TS,-1,PH2_minus,-1,PH2-H-H-NH2-C_reactant",PH2_minus
W1-SN2-BH_1432_PH2_H-H-NH2-C_SH_TS,W1-SN2-BH,0.01828135732828624,11.4717249222325,"1,PH2_H-H-NH2-C_SH_TS,-1,PH2_minus,-1,SH-H-H-NH2-C_reactant",PH2_minus
W1-SN2-BH_1433_PH2_H-H-NH2-C_SH_TS,W1-SN2-BH,0.05038293650903084,31.615769990536499,"1,PH2_H-H-NH2-C_SH_TS,-1,SH_minus,-1,PH2-H-H-NH2-C_reactant",SH_minus
W1-SN2-BH_1434_PH2_H-Me-Me-C_NH2_TS,W1-SN2-BH,0.02885810282515122,18.1087329262695,"1,PH2_H-Me-Me-C_NH2_TS,-1,NH2_minus,-1,PH2-H-Me-Me-C_reactant",NH2_minus
W1-SN2-BH_1435_PH2_H-Me-Me-C_NH2_TS,W1-SN2-BH,0.07844463223518860,49.224749916976499,"1,PH2_H-Me-Me-C_NH2_TS,-1,PH2_minus,-1,NH2-H-Me-Me-C_reactant",PH2_minus
W1-SN2-BH_1436_PH2_H-Me-Me-C_PH2_TS,W1-SN2-BH,0.05067944529789350,31.801832064690799,"1,PH2_H-Me-Me-C_PH2_TS,-1,PH2_minus,-1,PH2-H-Me-Me-C_reactant",PH2_minus
W1-SN2-BH_1437_PH2_H-Me-Me-C_SH_TS,W1-SN2-BH,0.02782825756018903,17.462495265686702,"1,PH2_H-Me-Me-C_SH_TS,-1,PH2_minus,-1,SH-H-Me-Me-C_reactant",PH2_minus
W1-SN2-BH_1438_PH2_H-Me-Me-C_SH_TS,W1-SN2-BH,0.05969818305200033,37.461175449483399,"1,PH2_H-Me-Me-C_SH_TS,-1,SH_minus,-1,PH2-H-Me-Me-C_reactant",SH_minus
W1-SN2-BH_1439_PH2_H-Me-NH2-C_OH_TS,W1-SN2-BH,0.02251012072668900,14.1253140183015,"1,PH2_H-Me-NH2-C_OH_TS,-1,OH_minus,-1,PH2-H-Me-NH2-C_reactant",OH_minus
W1-SN2-BH_1440_PH2_H-Me-NH2-C_OH_TS,W1-SN2-BH,0.05612061171136245,35.216215539096503,"1,PH2_H-Me-NH2-C_OH_TS,-1,PH2_minus,-1,OH-H-Me-NH2-C_reactant",PH2_minus
W1-SN2-BH_1441_PH2_H-Me-NH2-C_PH2_TS,W1-SN2-BH,0.04583361999044193,28.761030774610202,"1,PH2_H-Me-NH2-C_PH2_TS,-1,PH2_minus,-1,PH2-H-Me-NH2-C_reactant",PH2_minus
W1-SN2-BH_1442_PH2_H-Me-SH-C_NH2_TS,W1-SN2-BH,0.01690807759428521,10.609978878608,"1,PH2_H-Me-SH-C_NH2_TS,-1,NH2_minus,-1,PH2-H-Me-SH-C_reactant",NH2_minus
W1-SN2-BH_1443_PH2_H-Me-SH-C_NH2_TS,W1-SN2-BH,0.06414473129862732,40.2514266011205,"1,PH2_H-Me-SH-C_NH2_TS,-1,PH2_minus,-1,NH2-H-Me-SH-C_reactant",PH2_minus
W1-SN2-BH_1444_PH2_H-NH2-NH2-C_NH2_TS,W1-SN2-BH,0.01114903083090879,6.9961224730168601,"1,PH2_H-NH2-NH2-C_NH2_TS,-1,NH2_minus,-1,PH2-H-NH2-NH2-C_reactant",NH2_minus
W1-SN2-BH_1445_PH2_H-NH2-NH2-C_NH2_TS,W1-SN2-BH,0.07687923644425601,48.242449227507798,"1,PH2_H-NH2-NH2-C_NH2_TS,-1,PH2_minus,-1,NH2-H-NH2-NH2-C_reactant",PH2_minus
W1-SN2-BH_1446_PH2_H-SH-SH-C_NH2_TS,W1-SN2-BH,0.002440910144951084,1.5316942412935399,"1,PH2_H-SH-SH-C_NH2_TS,-1,NH2_minus,-1,PH2-H-SH-SH-C_reactant",NH2_minus
W1-SN2-BH_1447_PH2_H-SH-SH-C_NH2_TS,W1-SN2-BH,0.05491202867158664,34.457818231445202,"1,PH2_H-SH-SH-C_NH2_TS,-1,PH2_minus,-1,NH2-H-SH-SH-C_reactant",PH2_minus
W1-SN2-BH_1448_PH2_H-SH-SH-C_OH_TS,W1-SN2-BH,0.01110803915800884,6.9703998099144497,"1,PH2_H-SH-SH-C_OH_TS,-1,OH_minus,-1,PH2-H-SH-SH-C_reactant",OH_minus
W1-SN2-BH_1449_PH2_H-SH-SH-C_OH_TS,W1-SN2-BH,0.03365175795172882,21.116796933588098,"1,PH2_H-SH-SH-C_OH_TS,-1,PH2_minus,-1,OH-H-SH-SH-C_reactant",PH2_minus
W1-SN2-BH_1450_PH2_Me-Me-Me-C_F_TS,W1-SN2-BH,0.04565980173249650,28.651958170984301,"1,PH2_Me-Me-Me-C_F_TS,-1,F_minus,-1,PH2-Me-Me-Me-C_reactant",F_minus
W1-SN2-BH_1451_PH2_Me-Me-Me-C_F_TS,W1-SN2-BH,0.04336326026164487,27.210856640446099,"1,PH2_Me-Me-Me-C_F_TS,-1,PH2_minus,-1,F-Me-Me-Me-C_reactant",PH2_minus
W1-SN2-BH_1452_PH2_Me-Me-Me-C_SH_TS,W1-SN2-BH,0.04419005795454191,27.729680025872501,"1,PH2_Me-Me-Me-C_SH_TS,-1,PH2_minus,-1,SH-Me-Me-Me-C_reactant",PH2_minus
W1-SN2-BH_1453_PH2_Me-Me-Me-C_SH_TS,W1-SN2-BH,0.07501594054743323,47.073213399268603,"1,PH2_Me-Me-Me-C_SH_TS,-1,SH_minus,-1,PH2-Me-Me-Me-C_reactant",SH_minus
W1-SN2-BH_1454_PH2_Me-Me-NH2-C_OH_TS,W1-SN2-BH,0.03575578527038177,22.437094009730401,"1,PH2_Me-Me-NH2-C_OH_TS,-1,OH_minus,-1,PH2-Me-Me-NH2-C_reactant",OH_minus
W1-SN2-BH_1455_PH2_Me-Me-NH2-C_OH_TS,W1-SN2-BH,0.06930536011608397,43.489770076197601,"1,PH2_Me-Me-NH2-C_OH_TS,-1,PH2_minus,-1,OH-Me-Me-NH2-C_reactant",PH2_minus
W1-SN2-BH_1456_PH2_Me-Me-NH2-C_PH2_TS,W1-SN2-BH,0.06368813411161993,39.964907540442802,"1,PH2_Me-Me-NH2-C_PH2_TS,-1,PH2_minus,-1,PH2-Me-Me-NH2-C_reactant",PH2_minus
W1-SN2-BH_1457_PH2_Me-NH2-NH2-C_NH2_TS,W1-SN2-BH,0.02670439333228147,16.7572598151141,"1,PH2_Me-NH2-NH2-C_NH2_TS,-1,NH2_minus,-1,PH2-Me-NH2-NH2-C_reactant",NH2_minus
W1-SN2-BH_1458_PH2_Me-NH2-NH2-C_NH2_TS,W1-SN2-BH,0.08879300864901565,55.718454157824098,"1,PH2_Me-NH2-NH2-C_NH2_TS,-1,PH2_minus,-1,NH2-Me-NH2-NH2-C_reactant",PH2_minus
W1-SN2-BH_1459_PH2_Me-NH2-NH2-C_PH2_TS,W1-SN2-BH,0.06025261498197167,37.809086738263503,"1,PH2_Me-NH2-NH2-C_PH2_TS,-1,PH2_minus,-1,PH2-Me-NH2-NH2-C_reactant",PH2_minus
W1-SN2-BH_1460_PH2_Me-NH2-SH-C_NH2_TS,W1-SN2-BH,0.01841245378815456,11.553989192815999,"1,PH2_Me-NH2-SH-C_NH2_TS,-1,NH2_minus,-1,PH2-Me-NH2-SH-C_reactant",NH2_minus
W1-SN2-BH_1461_PH2_Me-NH2-SH-C_NH2_TS,W1-SN2-BH,0.07273953945271627,45.6447501455661,"1,PH2_Me-NH2-SH-C_NH2_TS,-1,PH2_minus,-1,NH2-Me-NH2-SH-C_reactant",PH2_minus
W1-SN2-BH_1462_PH2_Me-OH-OH-C_PH2_TS,W1-SN2-BH,0.06451307312158147,40.482564584717899,"1,PH2_Me-OH-OH-C_PH2_TS,-1,PH2_minus,-1,PH2-Me-OH-OH-C_reactant",PH2_minus
W1-SN2-BH_1463_PH2_Me-OH-SH-C_F_TS,W1-SN2-BH,0.02837103203920661,17.803091393549899,"1,PH2_Me-OH-SH-C_F_TS,-1,F_minus,-1,PH2-Me-OH-SH-C_reactant",F_minus
W1-SN2-BH_1464_PH2_Me-OH-SH-C_F_TS,W1-SN2-BH,0.02809422009319744,17.629389274895299,"1,PH2_Me-OH-SH-C_F_TS,-1,PH2_minus,-1,F-Me-OH-SH-C_reactant",PH2_minus
W1-SN2-BH_1465_PH2_Me-OH-SH-C_OH_TS,W1-SN2-BH,0.01864247179213514,11.6983276695189,"1,PH2_Me-OH-SH-C_OH_TS,-1,OH_minus,-1,PH2-Me-OH-SH-C_reactant",OH_minus
W1-SN2-BH_1466_PH2_Me-OH-SH-C_OH_TS,W1-SN2-BH,0.05196834509479612,32.610628898365199,"1,PH2_Me-OH-SH-C_OH_TS,-1,PH2_minus,-1,OH-Me-OH-SH-C_reactant",PH2_minus
W1-SN2-BH_1467_PH2_Me-SH-SH-C_F_TS,W1-SN2-BH,0.02784312757141512,17.471826338610501,"1,PH2_Me-SH-SH-C_F_TS,-1,F_minus,-1,PH2-Me-SH-SH-C_reactant",F_minus
W1-SN2-BH_1468_PH2_Me-SH-SH-C_F_TS,W1-SN2-BH,0.01576475398451931,9.8925324815598703,"1,PH2_Me-SH-SH-C_F_TS,-1,PH2_minus,-1,F-Me-SH-SH-C_reactant",PH2_minus
W1-SN2-BH_1469_PH2_Me-SH-SH-C_OH_TS,W1-SN2-BH,0.01850305409625809,11.610841744504,"1,PH2_Me-SH-SH-C_OH_TS,-1,OH_minus,-1,PH2-Me-SH-SH-C_reactant",OH_minus
W1-SN2-BH_1470_PH2_Me-SH-SH-C_OH_TS,W1-SN2-BH,0.04345912908656376,27.271015236349999,"1,PH2_Me-SH-SH-C_OH_TS,-1,PH2_minus,-1,OH-Me-SH-SH-C_reactant",PH2_minus
W1-SN2-BH_1471_PH2_NH2-NH2-SH-C_SH_TS,W1-SN2-BH,0.01573828042456619,9.8759200718771094,"1,PH2_NH2-NH2-SH-C_SH_TS,-1,PH2_minus,-1,SH-NH2-NH2-SH-C_reactant",PH2_minus
W1-SN2-BH_1472_PH2_NH2-NH2-SH-C_SH_TS,W1-SN2-BH,0.04930757517608825,30.940970566073901,"1,PH2_NH2-NH2-SH-C_SH_TS,-1,SH_minus,-1,PH2-NH2-NH2-SH-C_reactant",SH_minus
W1-SN2-BH_1473_PH2_OH-OH-SH-C_SH_TS,W1-SN2-BH,0.02172664182385022,13.633673584041601,"1,PH2_OH-OH-SH-C_SH_TS,-1,PH2_minus,-1,SH-OH-OH-SH-C_reactant",PH2_minus
W1-SN2-BH_1474_PH2_OH-OH-SH-C_SH_TS,W1-SN2-BH,0.05286748933977347,33.174850430637797,"1,PH2_OH-OH-SH-C_SH_TS,-1,SH_minus,-1,PH2-OH-OH-SH-C_reactant",SH_minus
W1-SN2-BH_1475_PH2_SH-SH-SH-C_OH_TS,W1-SN2-BH,0.006802933283550226,4.26890508684696,"1,PH2_SH-SH-SH-C_OH_TS,-1,OH_minus,-1,PH2-SH-SH-SH-C_reactant",OH_minus
W1-SN2-BH_1476_PH2_SH-SH-SH-C_OH_TS,W1-SN2-BH,0.02677707095339371,16.8028657109144,"1,PH2_SH-SH-SH-C_OH_TS,-1,PH2_minus,-1,OH-SH-SH-SH-C_reactant",PH2_minus
W1-SN2-BH_1477_SH_Br-Br-Br-C_F_TS,W1-SN2-BH,0.01646234342313599,10.330276463298199,"1,SH_Br-Br-Br-C_F_TS,-1,F_minus,-1,SH-Br-Br-Br-C_reactant",F_minus
W1-SN2-BH_1478_SH_Br-Br-Br-C_F_TS,W1-SN2-BH,0.03876832019860886,24.3274882181389,"1,SH_Br-Br-Br-C_F_TS,-1,SH_minus,-1,F-Br-Br-Br-C_reactant",SH_minus
W1-SN2-BH_1479_SH_Br-Br-Br-C_PH2_TS,W1-SN2-BH,0.03200082166809971,20.080818774536301,"1,SH_Br-Br-Br-C_PH2_TS,-1,PH2_minus,-1,SH-Br-Br-Br-C_reactant",PH2_minus
W1-SN2-BH_1480_SH_Br-Br-Br-C_PH2_TS,W1-SN2-BH,0.07298546593295261,45.799071341837397,"1,SH_Br-Br-Br-C_PH2_TS,-1,SH_minus,-1,PH2-Br-Br-Br-C_reactant",SH_minus
W1-SN2-BH_1481_SH_Br-Br-Br-C_SH_TS,W1-SN2-BH,0.04985284857547232,31.283134790142,"1,SH_Br-Br-Br-C_SH_TS,-1,SH_minus,-1,SH-Br-Br-Br-C_reactant",SH_minus
W1-SN2-BH_1482_SH_Br-Br-CCH-C_OH_TS,W1-SN2-BH,0.006187071151831272,3.8824457644766199,"1,SH_Br-Br-CCH-C_OH_TS,-1,OH_minus,-1,SH-Br-Br-CCH-C_reactant",OH_minus
W1-SN2-BH_1483_SH_Br-Br-CCH-C_OH_TS,W1-SN2-BH,0.06919294278700344,43.419227137150699,"1,SH_Br-Br-CCH-C_OH_TS,-1,SH_minus,-1,OH-Br-Br-CCH-C_reactant",SH_minus
W1-SN2-BH_1484_SH_Br-Br-CCH-C_SH_TS,W1-SN2-BH,0.03981409446769059,24.983721479719101,"1,SH_Br-Br-CCH-C_SH_TS,-1,SH_minus,-1,SH-Br-Br-CCH-C_reactant",SH_minus
W1-SN2-BH_1485_SH_Br-Br-Cl-C_SH_TS,W1-SN2-BH,0.05093074016746761,31.959521976131999,"1,SH_Br-Br-Cl-C_SH_TS,-1,SH_minus,-1,SH-Br-Br-Cl-C_reactant",SH_minus
W1-SN2-BH_1486_SH_Br-Br-CN-C_F_TS,W1-SN2-BH,0.01749327196290852,10.9771938890875,"1,SH_Br-Br-CN-C_F_TS,-1,SH_minus,-1,F-Br-Br-CN-C_reactant",SH_minus
W1-SN2-BH_1487_SH_Br-Br-CN-C_PH2_TS,W1-SN2-BH,0.004247755045553586,2.6655065345842099,"1,SH_Br-Br-CN-C_PH2_TS,-1,PH2_minus,-1,SH-Br-Br-CN-C_reactant",PH2_minus
W1-SN2-BH_1488_SH_Br-Br-CN-C_PH2_TS,W1-SN2-BH,0.04686016557099618,29.4051978519656,"1,SH_Br-Br-CN-C_PH2_TS,-1,SH_minus,-1,PH2-Br-Br-CN-C_reactant",SH_minus
W1-SN2-BH_1489_SH_Br-Br-CN-C_SH_TS,W1-SN2-BH,0.02471793027531661,15.5107354269923,"1,SH_Br-Br-CN-C_SH_TS,-1,SH_minus,-1,SH-Br-Br-CN-C_reactant",SH_minus
W1-SN2-BH_1490_SH_Br-Br-H-C_PH2_TS,W1-SN2-BH,0.02534184300129536,15.9022465735325,"1,SH_Br-Br-H-C_PH2_TS,-1,PH2_minus,-1,SH-Br-Br-H-C_reactant",PH2_minus
W1-SN2-BH_1491_SH_Br-Br-H-C_PH2_TS,W1-SN2-BH,0.06316596574107841,39.637241940871903,"1,SH_Br-Br-H-C_PH2_TS,-1,SH_minus,-1,PH2-Br-Br-H-C_reactant",SH_minus
W1-SN2-BH_1492_SH_Br-Br-H-C_SH_TS,W1-SN2-BH,0.03697528804233282,23.202343552775901,"1,SH_Br-Br-H-C_SH_TS,-1,SH_minus,-1,SH-Br-Br-H-C_reactant",SH_minus
W1-SN2-BH_1493_SH_Br-Br-Me-C_F_TS,W1-SN2-BH,0.02466650317935334,15.4784644370518,"1,SH_Br-Br-Me-C_F_TS,-1,F_minus,-1,SH-Br-Br-Me-C_reactant",F_minus
W1-SN2-BH_1494_SH_Br-Br-Me-C_F_TS,W1-SN2-BH,0.05005073561411903,31.407310781687102,"1,SH_Br-Br-Me-C_F_TS,-1,SH_minus,-1,F-Br-Br-Me-C_reactant",SH_minus
W1-SN2-BH_1495_SH_Br-Br-Me-C_OH_TS,W1-SN2-BH,0.01637446003150172,10.275128802434899,"1,SH_Br-Br-Me-C_OH_TS,-1,OH_minus,-1,SH-Br-Br-Me-C_reactant",OH_minus
W1-SN2-BH_1496_SH_Br-Br-Me-C_OH_TS,W1-SN2-BH,0.08338887498373891,52.327309083759602,"1,SH_Br-Br-Me-C_OH_TS,-1,SH_minus,-1,OH-Br-Br-Me-C_reactant",SH_minus
W1-SN2-BH_1497_SH_Br-Br-Me-C_PH2_TS,W1-SN2-BH,0.03876609586560690,24.326092428106701,"1,SH_Br-Br-Me-C_PH2_TS,-1,PH2_minus,-1,SH-Br-Br-Me-C_reactant",PH2_minus
W1-SN2-BH_1498_SH_Br-Br-Me-C_PH2_TS,W1-SN2-BH,0.07711859680191396,48.392650119653297,"1,SH_Br-Br-Me-C_PH2_TS,-1,SH_minus,-1,PH2-Br-Br-Me-C_reactant",SH_minus
W1-SN2-BH_1499_SH_Br-Br-Me-C_SH_TS,W1-SN2-BH,0.05268567373529986,33.060759416298097,"1,SH_Br-Br-Me-C_SH_TS,-1,SH_minus,-1,SH-Br-Br-Me-C_reactant",SH_minus
W1-SN2-BH_1500_SH_Br-Br-NH2-C_F_TS,W1-SN2-BH,0.008070572473213985,5.0643606880546397,"1,SH_Br-Br-NH2-C_F_TS,-1,F_minus,-1,SH-Br-Br-NH2-C_reactant",F_minus
W1-SN2-BH_1501_SH_Br-Br-NH2-C_F_TS,W1-SN2-BH,0.03933788736289961,24.684897009846601,"1,SH_Br-Br-NH2-C_F_TS,-1,SH_minus,-1,F-Br-Br-NH2-C_reactant",SH_minus
W1-SN2-BH_1502_SH_Br-Br-NH2-C_SH_TS,W1-SN2-BH,0.03953221873473836,24.806841786783099,"1,SH_Br-Br-NH2-C_SH_TS,-1,SH_minus,-1,SH-Br-Br-NH2-C_reactant",SH_minus
W1-SN2-BH_1503_SH_Br-Br-OH-C_PH2_TS,W1-SN2-BH,0.03316743426087928,20.812879229066802,"1,SH_Br-Br-OH-C_PH2_TS,-1,PH2_minus,-1,SH-Br-Br-OH-C_reactant",PH2_minus
W1-SN2-BH_1504_SH_Br-Br-OH-C_PH2_TS,W1-SN2-BH,0.07162905559205725,44.9479110022084,"1,SH_Br-Br-OH-C_PH2_TS,-1,SH_minus,-1,PH2-Br-Br-OH-C_reactant",SH_minus
W1-SN2-BH_1505_SH_Br-CCH-Cl-C_F_TS,W1-SN2-BH,0.01664038674121929,10.4420003321891,"1,SH_Br-CCH-Cl-C_F_TS,-1,F_minus,-1,SH-Br-CCH-Cl-C_reactant",F_minus
W1-SN2-BH_1506_SH_Br-CCH-Cl-C_F_TS,W1-SN2-BH,0.03972551871002703,24.928139352612899,"1,SH_Br-CCH-Cl-C_F_TS,-1,SH_minus,-1,F-Br-CCH-Cl-C_reactant",SH_minus
W1-SN2-BH_1507_SH_Br-CCH-Cl-C_PH2_TS,W1-SN2-BH,0.02061025407712919,12.933129696246199,"1,SH_Br-CCH-Cl-C_PH2_TS,-1,PH2_minus,-1,SH-Br-CCH-Cl-C_reactant",PH2_minus
W1-SN2-BH_1508_SH_Br-CCH-Cl-C_PH2_TS,W1-SN2-BH,0.06168195570278859,38.706011582240301,"1,SH_Br-CCH-Cl-C_PH2_TS,-1,SH_minus,-1,PH2-Br-CCH-Cl-C_reactant",SH_minus
W1-SN2-BH_1509_SH_Br-CCH-Cl-C_SH_TS,W1-SN2-BH,0.04051720290000970,25.424928682293,"1,SH_Br-CCH-Cl-C_SH_TS,-1,SH_minus,-1,SH-Br-CCH-Cl-C_reactant",SH_minus
W1-SN2-BH_1510_SH_Br-CCH-F-C_F_TS,W1-SN2-BH,0.01151884531257241,7.2281845639065203,"1,SH_Br-CCH-F-C_F_TS,-1,F_minus,-1,SH-Br-CCH-F-C_reactant",F_minus
W1-SN2-BH_1511_SH_Br-CCH-F-C_F_TS,W1-SN2-BH,0.04419030536847830,27.7298352804616,"1,SH_Br-CCH-F-C_F_TS,-1,SH_minus,-1,F-Br-CCH-F-C_reactant",SH_minus
W1-SN2-BH_1512_SH_Br-CCH-F-C_OH_TS,W1-SN2-BH,0.005088079466020129,3.19281806971355,"1,SH_Br-CCH-F-C_OH_TS,-1,OH_minus,-1,SH-Br-CCH-F-C_reactant",OH_minus
W1-SN2-BH_1513_SH_Br-CCH-F-C_OH_TS,W1-SN2-BH,0.07484588146937750,46.966499716638197,"1,SH_Br-CCH-F-C_OH_TS,-1,SH_minus,-1,OH-Br-CCH-F-C_reactant",SH_minus
W1-SN2-BH_1514_SH_Br-CCH-F-C_PH2_TS,W1-SN2-BH,0.02451619062848241,15.384141887309699,"1,SH_Br-CCH-F-C_PH2_TS,-1,PH2_minus,-1,SH-Br-CCH-F-C_reactant",PH2_minus
W1-SN2-BH_1515_SH_Br-CCH-F-C_PH2_TS,W1-SN2-BH,0.06317742158445516,39.644430591124198,"1,SH_Br-CCH-F-C_PH2_TS,-1,SH_minus,-1,PH2-Br-CCH-F-C_reactant",SH_minus
W1-SN2-BH_1516_SH_Br-CCH-F-C_SH_TS,W1-SN2-BH,0.04055947926191549,25.451457499917801,"1,SH_Br-CCH-F-C_SH_TS,-1,SH_minus,-1,SH-Br-CCH-F-C_reactant",SH_minus
W1-SN2-BH_1517_SH_Br-CCH-H-C_F_TS,W1-SN2-BH,0.008562623473201965,5.3731273522693197,"1,SH_Br-CCH-H-C_F_TS,-1,F_minus,-1,SH-Br-CCH-H-C_reactant",F_minus
W1-SN2-BH_1518_SH_Br-CCH-H-C_F_TS,W1-SN2-BH,0.02740720855851557,17.198283028091801,"1,SH_Br-CCH-H-C_F_TS,-1,SH_minus,-1,F-Br-CCH-H-C_reactant",SH_minus
W1-SN2-BH_1519_SH_Br-CCH-H-C_NH2_TS,W1-SN2-BH,0.08450022797038159,53.024693611906201,"1,SH_Br-CCH-H-C_NH2_TS,-1,SH_minus,-1,NH2-Br-CCH-H-C_reactant",SH_minus
W1-SN2-BH_1520_SH_Br-CCH-H-C_PH2_TS,W1-SN2-BH,0.01494572971691700,9.3785869941518296,"1,SH_Br-CCH-H-C_PH2_TS,-1,PH2_minus,-1,SH-Br-CCH-H-C_reactant",PH2_minus
W1-SN2-BH_1521_SH_Br-CCH-H-C_PH2_TS,W1-SN2-BH,0.05292601140094877,33.211573578466997,"1,SH_Br-CCH-H-C_PH2_TS,-1,SH_minus,-1,PH2-Br-CCH-H-C_reactant",SH_minus
W1-SN2-BH_1522_SH_Br-CCH-H-C_SH_TS,W1-SN2-BH,0.02867723829133800,17.995238717779699,"1,SH_Br-CCH-H-C_SH_TS,-1,SH_minus,-1,SH-Br-CCH-H-C_reactant",SH_minus
W1-SN2-BH_1523_SH_Br-CCH-Me-C_F_TS,W1-SN2-BH,0.01662522758002686,10.432487814922,"1,SH_Br-CCH-Me-C_F_TS,-1,F_minus,-1,SH-Br-CCH-Me-C_reactant",F_minus
W1-SN2-BH_1524_SH_Br-CCH-Me-C_F_TS,W1-SN2-BH,0.04059876430711597,25.4761092379701,"1,SH_Br-CCH-Me-C_F_TS,-1,SH_minus,-1,F-Br-CCH-Me-C_reactant",SH_minus
W1-SN2-BH_1525_SH_Br-CCH-Me-C_NH2_TS,W1-SN2-BH,0.09339600083073839,58.606875360893497,"1,SH_Br-CCH-Me-C_NH2_TS,-1,SH_minus,-1,NH2-Br-CCH-Me-C_reactant",SH_minus
W1-SN2-BH_1526_SH_Br-CCH-Me-C_PH2_TS,W1-SN2-BH,0.02371560759081869,14.8817684464015,"1,SH_Br-CCH-Me-C_PH2_TS,-1,PH2_minus,-1,SH-Br-CCH-Me-C_reactant",PH2_minus
W1-SN2-BH_1527_SH_Br-CCH-Me-C_PH2_TS,W1-SN2-BH,0.06189123823392675,38.837338353285404,"1,SH_Br-CCH-Me-C_PH2_TS,-1,SH_minus,-1,PH2-Br-CCH-Me-C_reactant",SH_minus
W1-SN2-BH_1528_SH_Br-CCH-Me-C_SH_TS,W1-SN2-BH,0.03988775262504512,25.0299426713011,"1,SH_Br-CCH-Me-C_SH_TS,-1,SH_minus,-1,SH-Br-CCH-Me-C_reactant",SH_minus
W1-SN2-BH_1529_SH_Br-CCH-NH2-C_F_TS,W1-SN2-BH,0.01036600434495439,6.5047659346381401,"1,SH_Br-CCH-NH2-C_F_TS,-1,F_minus,-1,SH-Br-CCH-NH2-C_reactant",F_minus
W1-SN2-BH_1530_SH_Br-CCH-NH2-C_F_TS,W1-SN2-BH,0.03522304940052479,22.102797204221901,"1,SH_Br-CCH-NH2-C_F_TS,-1,SH_minus,-1,F-Br-CCH-NH2-C_reactant",SH_minus
W1-SN2-BH_1531_SH_Br-CCH-NH2-C_NH2_TS,W1-SN2-BH,0.08136079944597845,51.054672469699298,"1,SH_Br-CCH-NH2-C_NH2_TS,-1,SH_minus,-1,NH2-Br-CCH-NH2-C_reactant",SH_minus
W1-SN2-BH_1532_SH_Br-CCH-NH2-C_PH2_TS,W1-SN2-BH,0.02236825377351747,14.036291161129901,"1,SH_Br-CCH-NH2-C_PH2_TS,-1,PH2_minus,-1,SH-Br-CCH-NH2-C_reactant",PH2_minus
W1-SN2-BH_1533_SH_Br-CCH-NH2-C_PH2_TS,W1-SN2-BH,0.05980045824925424,37.525354104721899,"1,SH_Br-CCH-NH2-C_PH2_TS,-1,SH_minus,-1,PH2-Br-CCH-NH2-C_reactant",SH_minus
W1-SN2-BH_1534_SH_Br-CCH-NH2-C_SH_TS,W1-SN2-BH,0.03664332393050118,22.994032927552599,"1,SH_Br-CCH-NH2-C_SH_TS,-1,SH_minus,-1,SH-Br-CCH-NH2-C_reactant",SH_minus
W1-SN2-BH_1535_SH_Br-Cl-Cl-C_F_TS,W1-SN2-BH,0.02113358894272403,13.2615272825145,"1,SH_Br-Cl-Cl-C_F_TS,-1,F_minus,-1,SH-Br-Cl-Cl-C_reactant",F_minus
W1-SN2-BH_1536_SH_Br-Cl-Cl-C_F_TS,W1-SN2-BH,0.04689385756620608,29.426339898159899,"1,SH_Br-Cl-Cl-C_F_TS,-1,SH_minus,-1,F-Br-Cl-Cl-C_reactant",SH_minus
W1-SN2-BH_1537_SH_Br-Cl-Cl-C_SH_TS,W1-SN2-BH,0.05266359579780086,33.046905301349703,"1,SH_Br-Cl-Cl-C_SH_TS,-1,SH_minus,-1,SH-Br-Cl-Cl-C_reactant",SH_minus
W1-SN2-BH_1538_SH_Br-Cl-F-C_F_TS,W1-SN2-BH,0.01701890562218812,10.679524516108801,"1,SH_Br-Cl-F-C_F_TS,-1,F_minus,-1,SH-Br-Cl-F-C_reactant",F_minus
W1-SN2-BH_1539_SH_Br-Cl-F-C_F_TS,W1-SN2-BH,0.05135205081189481,32.2238983970337,"1,SH_Br-Cl-F-C_F_TS,-1,SH_minus,-1,F-Br-Cl-F-C_reactant",SH_minus
W1-SN2-BH_1540_SH_Br-Cl-F-C_SH_TS,W1-SN2-BH,0.05421851546089360,34.022632121347399,"1,SH_Br-Cl-F-C_SH_TS,-1,SH_minus,-1,SH-Br-Cl-F-C_reactant",SH_minus
W1-SN2-BH_1541_SH_Br-Cl-H-C_F_TS,W1-SN2-BH,0.01370090596854897,8.5974482985121501,"1,SH_Br-Cl-H-C_F_TS,-1,F_minus,-1,SH-Br-Cl-H-C_reactant",F_minus
W1-SN2-BH_1542_SH_Br-Cl-H-C_F_TS,W1-SN2-BH,0.03686479598029484,23.133008737038299,"1,SH_Br-Cl-H-C_F_TS,-1,SH_minus,-1,F-Br-Cl-H-C_reactant",SH_minus
W1-SN2-BH_1543_SH_Br-Cl-H-C_NH2_TS,W1-SN2-BH,0.002543971806716141,1.5963664104638,"1,SH_Br-Cl-H-C_NH2_TS,-1,NH2_minus,-1,SH-Br-Cl-H-C_reactant",NH2_minus
W1-SN2-BH_1544_SH_Br-Cl-H-C_NH2_TS,W1-SN2-BH,0.09621485798912741,60.375734933813199,"1,SH_Br-Cl-H-C_NH2_TS,-1,SH_minus,-1,NH2-Br-Cl-H-C_reactant",SH_minus
W1-SN2-BH_1545_SH_Br-Cl-H-C_SH_TS,W1-SN2-BH,0.03719367698239482,23.3393846816954,"1,SH_Br-Cl-H-C_SH_TS,-1,SH_minus,-1,SH-Br-Cl-H-C_reactant",SH_minus
W1-SN2-BH_1546_SH_Br-Cl-Me-C_F_TS,W1-SN2-BH,0.02555094443930552,16.033459706924098,"1,SH_Br-Cl-Me-C_F_TS,-1,F_minus,-1,SH-Br-Cl-Me-C_reactant",F_minus
W1-SN2-BH_1547_SH_Br-Cl-Me-C_F_TS,W1-SN2-BH,0.05264160597715058,33.0331064805587,"1,SH_Br-Cl-Me-C_F_TS,-1,SH_minus,-1,F-Br-Cl-Me-C_reactant",SH_minus
W1-SN2-BH_1548_SH_Br-Cl-Me-C_NH2_TS,W1-SN2-BH,0.01440400731408539,9.03865105406277,"1,SH_Br-Cl-Me-C_NH2_TS,-1,NH2_minus,-1,SH-Br-Cl-Me-C_reactant",NH2_minus
W1-SN2-BH_1549_SH_Br-Cl-Me-C_NH2_TS,W1-SN2-BH,0.1100393740760716,69.050749752708398,"1,SH_Br-Cl-Me-C_NH2_TS,-1,SH_minus,-1,NH2-Br-Cl-Me-C_reactant",SH_minus
W1-SN2-BH_1550_SH_Br-Cl-Me-C_OH_TS,W1-SN2-BH,0.01783153856606845,11.189459387329499,"1,SH_Br-Cl-Me-C_OH_TS,-1,OH_minus,-1,SH-Br-Cl-Me-C_reactant",OH_minus
W1-SN2-BH_1551_SH_Br-Cl-Me-C_OH_TS,W1-SN2-BH,0.08590298001172620,53.9049338076113,"1,SH_Br-Cl-Me-C_OH_TS,-1,SH_minus,-1,OH-Br-Cl-Me-C_reactant",SH_minus
W1-SN2-BH_1552_SH_Br-Cl-Me-C_SH_TS,W1-SN2-BH,0.05392610652146483,33.839142741555101,"1,SH_Br-Cl-Me-C_SH_TS,-1,SH_minus,-1,SH-Br-Cl-Me-C_reactant",SH_minus
W1-SN2-BH_1553_SH_Br-Cl-NH2-C_F_TS,W1-SN2-BH,0.01048555183191700,6.5797831153076096,"1,SH_Br-Cl-NH2-C_F_TS,-1,F_minus,-1,SH-Br-Cl-NH2-C_reactant",F_minus
W1-SN2-BH_1554_SH_Br-Cl-NH2-C_F_TS,W1-SN2-BH,0.04259261651285731,26.727270386954402,"1,SH_Br-Cl-NH2-C_F_TS,-1,SH_minus,-1,F-Br-Cl-NH2-C_reactant",SH_minus
W1-SN2-BH_1555_SH_Br-Cl-NH2-C_OH_TS,W1-SN2-BH,0.001691471251718198,1.0614142355585401,"1,SH_Br-Cl-NH2-C_OH_TS,-1,OH_minus,-1,SH-Br-Cl-NH2-C_reactant",OH_minus
W1-SN2-BH_1556_SH_Br-Cl-NH2-C_OH_TS,W1-SN2-BH,0.07252535420546455,45.5103468737111,"1,SH_Br-Cl-NH2-C_OH_TS,-1,SH_minus,-1,OH-Br-Cl-NH2-C_reactant",SH_minus
W1-SN2-BH_1557_SH_Br-Cl-NH2-C_PH2_TS,W1-SN2-BH,0.03051499606601829,19.148449132424702,"1,SH_Br-Cl-NH2-C_PH2_TS,-1,PH2_minus,-1,SH-Br-Cl-NH2-C_reactant",PH2_minus
W1-SN2-BH_1558_SH_Br-Cl-NH2-C_PH2_TS,W1-SN2-BH,0.06957778542510570,43.660719538583301,"1,SH_Br-Cl-NH2-C_PH2_TS,-1,SH_minus,-1,PH2-Br-Cl-NH2-C_reactant",SH_minus
W1-SN2-BH_1559_SH_Br-Cl-NH2-C_SH_TS,W1-SN2-BH,0.04150219195108664,26.0430186436922,"1,SH_Br-Cl-NH2-C_SH_TS,-1,SH_minus,-1,SH-Br-Cl-NH2-C_reactant",SH_minus
W1-SN2-BH_1560_SH_Br-CN-Cl-C_F_TS,W1-SN2-BH,0.00002331717268809536,1.46317467701452E-2,"1,SH_Br-CN-Cl-C_F_TS,-1,F_minus,-1,SH-Br-CN-Cl-C_reactant",F_minus
W1-SN2-BH_1561_SH_Br-CN-Cl-C_F_TS,W1-SN2-BH,0.01974186153285438,12.388205147508,"1,SH_Br-CN-Cl-C_F_TS,-1,SH_minus,-1,F-Br-CN-Cl-C_reactant",SH_minus
W1-SN2-BH_1562_SH_Br-CN-Cl-C_PH2_TS,W1-SN2-BH,0.005367551941987170,3.36818969612274,"1,SH_Br-CN-Cl-C_PH2_TS,-1,PH2_minus,-1,SH-Br-CN-Cl-C_reactant",PH2_minus
W1-SN2-BH_1563_SH_Br-CN-Cl-C_PH2_TS,W1-SN2-BH,0.04715231938215452,29.5885271363511,"1,SH_Br-CN-Cl-C_PH2_TS,-1,SH_minus,-1,PH2-Br-CN-Cl-C_reactant",SH_minus
W1-SN2-BH_1564_SH_Br-CN-Cl-C_SH_TS,W1-SN2-BH,0.02649298359217106,16.6245982002856,"1,SH_Br-CN-Cl-C_SH_TS,-1,SH_minus,-1,SH-Br-CN-Cl-C_reactant",SH_minus
W1-SN2-BH_1565_SH_Br-CN-F-C_F_TS,W1-SN2-BH,0.02372598434692619,14.888279959168999,"1,SH_Br-CN-F-C_F_TS,-1,SH_minus,-1,F-Br-CN-F-C_reactant",SH_minus
W1-SN2-BH_1566_SH_Br-CN-F-C_OH_TS,W1-SN2-BH,0.05935450147893564,37.245512006324397,"1,SH_Br-CN-F-C_OH_TS,-1,SH_minus,-1,OH-Br-CN-F-C_reactant",SH_minus
W1-SN2-BH_1567_SH_Br-CN-F-C_PH2_TS,W1-SN2-BH,0.01157164006755974,7.2613137728419099,"1,SH_Br-CN-F-C_PH2_TS,-1,PH2_minus,-1,SH-Br-CN-F-C_reactant",PH2_minus
W1-SN2-BH_1568_SH_Br-CN-F-C_PH2_TS,W1-SN2-BH,0.04863061418120487,30.516171128213401,"1,SH_Br-CN-F-C_PH2_TS,-1,SH_minus,-1,PH2-Br-CN-F-C_reactant",SH_minus
W1-SN2-BH_1569_SH_Br-CN-F-C_SH_TS,W1-SN2-BH,0.02878444450226866,18.062511630817099,"1,SH_Br-CN-F-C_SH_TS,-1,SH_minus,-1,SH-Br-CN-F-C_reactant",SH_minus
W1-SN2-BH_1570_SH_Br-CN-H-C_F_TS,W1-SN2-BH,0.009457154447276829,5.9344540133441903,"1,SH_Br-CN-H-C_F_TS,-1,SH_minus,-1,F-Br-CN-H-C_reactant",SH_minus
W1-SN2-BH_1571_SH_Br-CN-H-C_NH2_TS,W1-SN2-BH,0.06868195781717643,43.0985792274804,"1,SH_Br-CN-H-C_NH2_TS,-1,SH_minus,-1,NH2-Br-CN-H-C_reactant",SH_minus
W1-SN2-BH_1572_SH_Br-CN-H-C_PH2_TS,W1-SN2-BH,0.04058706108800145,25.4687653570987,"1,SH_Br-CN-H-C_PH2_TS,-1,SH_minus,-1,PH2-Br-CN-H-C_reactant",SH_minus
W1-SN2-BH_1573_SH_Br-CN-H-C_SH_TS,W1-SN2-BH,0.01415891775371578,8.8848550329368798,"1,SH_Br-CN-H-C_SH_TS,-1,SH_minus,-1,SH-Br-CN-H-C_reactant",SH_minus
W1-SN2-BH_1574_SH_Br-CN-Me-C_F_TS,W1-SN2-BH,0.001251420991012890,0.78527852790202202,"1,SH_Br-CN-Me-C_F_TS,-1,F_minus,-1,SH-Br-CN-Me-C_reactant",F_minus
W1-SN2-BH_1575_SH_Br-CN-Me-C_F_TS,W1-SN2-BH,0.02278364662195674,14.2969541089836,"1,SH_Br-CN-Me-C_F_TS,-1,SH_minus,-1,F-Br-CN-Me-C_reactant",SH_minus
W1-SN2-BH_1576_SH_Br-CN-Me-C_NH2_TS,W1-SN2-BH,0.07708527704924312,48.371741659178902,"1,SH_Br-CN-Me-C_NH2_TS,-1,SH_minus,-1,NH2-Br-CN-Me-C_reactant",SH_minus
W1-SN2-BH_1577_SH_Br-CN-Me-C_OH_TS,W1-SN2-BH,0.05419168213757838,34.005793956746501,"1,SH_Br-CN-Me-C_OH_TS,-1,SH_minus,-1,OH-Br-CN-Me-C_reactant",SH_minus
W1-SN2-BH_1578_SH_Br-CN-Me-C_SH_TS,W1-SN2-BH,0.02643165168645065,16.586111848383698,"1,SH_Br-CN-Me-C_SH_TS,-1,SH_minus,-1,SH-Br-CN-Me-C_reactant",SH_minus
W1-SN2-BH_1579_SH_Br-CN-NH2-C_F_TS,W1-SN2-BH,0.01585822201354554,9.9511845552958391,"1,SH_Br-CN-NH2-C_F_TS,-1,SH_minus,-1,F-Br-CN-NH2-C_reactant",SH_minus
W1-SN2-BH_1580_SH_Br-CN-NH2-C_NH2_TS,W1-SN2-BH,0.06429571380739733,40.346169555791498,"1,SH_Br-CN-NH2-C_NH2_TS,-1,SH_minus,-1,NH2-Br-CN-NH2-C_reactant",SH_minus
W1-SN2-BH_1581_SH_Br-CN-NH2-C_SH_TS,W1-SN2-BH,0.02184771247910642,13.709646567245899,"1,SH_Br-CN-NH2-C_SH_TS,-1,SH_minus,-1,SH-Br-CN-NH2-C_reactant",SH_minus
W1-SN2-BH_1582_SH_Br-F-F-C_F_TS,W1-SN2-BH,0.01764880540126676,11.0747925951909,"1,SH_Br-F-F-C_F_TS,-1,F_minus,-1,SH-Br-F-F-C_reactant",F_minus
W1-SN2-BH_1583_SH_Br-F-F-C_F_TS,W1-SN2-BH,0.05716672270835209,35.872660100629098,"1,SH_Br-F-F-C_F_TS,-1,SH_minus,-1,F-Br-F-F-C_reactant",SH_minus
W1-SN2-BH_1584_SH_Br-F-F-C_SH_TS,W1-SN2-BH,0.05896172179425855,36.999039032970003,"1,SH_Br-F-F-C_SH_TS,-1,SH_minus,-1,SH-Br-F-F-C_reactant",SH_minus
W1-SN2-BH_1585_SH_Br-F-H-C_F_TS,W1-SN2-BH,0.009484408410982148,5.9515561337750498,"1,SH_Br-F-H-C_F_TS,-1,F_minus,-1,SH-Br-F-H-C_reactant",F_minus
W1-SN2-BH_1586_SH_Br-F-H-C_F_TS,W1-SN2-BH,0.04083625575820857,25.625137373539701,"1,SH_Br-F-H-C_F_TS,-1,SH_minus,-1,F-Br-F-H-C_reactant",SH_minus
W1-SN2-BH_1587_SH_Br-F-H-C_NH2_TS,W1-SN2-BH,0.003840170809394673,2.4097435649157202,"1,SH_Br-F-H-C_NH2_TS,-1,NH2_minus,-1,SH-Br-F-H-C_reactant",NH2_minus
W1-SN2-BH_1588_SH_Br-F-H-C_NH2_TS,W1-SN2-BH,0.1016570332365158,63.790751461061099,"1,SH_Br-F-H-C_NH2_TS,-1,SH_minus,-1,NH2-Br-F-H-C_reactant",SH_minus
W1-SN2-BH_1589_SH_Br-F-H-C_SH_TS,W1-SN2-BH,0.03829715597954932,24.031828206839499,"1,SH_Br-F-H-C_SH_TS,-1,SH_minus,-1,SH-Br-F-H-C_reactant",SH_minus
W1-SN2-BH_1590_SH_Br-F-Me-C_F_TS,W1-SN2-BH,0.02301933639178503,14.4448516724906,"1,SH_Br-F-Me-C_F_TS,-1,F_minus,-1,SH-Br-F-Me-C_reactant",F_minus
W1-SN2-BH_1591_SH_Br-F-Me-C_F_TS,W1-SN2-BH,0.05729031525849294,35.9502155967661,"1,SH_Br-F-Me-C_F_TS,-1,SH_minus,-1,F-Br-F-Me-C_reactant",SH_minus
W1-SN2-BH_1592_SH_Br-F-Me-C_SH_TS,W1-SN2-BH,0.05599147273170212,35.135179605888801,"1,SH_Br-F-Me-C_SH_TS,-1,SH_minus,-1,SH-Br-F-Me-C_reactant",SH_minus
W1-SN2-BH_1593_SH_Br-F-NH2-C_F_TS,W1-SN2-BH,0.01200204228432358,7.5313952415189798,"1,SH_Br-F-NH2-C_F_TS,-1,F_minus,-1,SH-Br-F-NH2-C_reactant",F_minus
W1-SN2-BH_1594_SH_Br-F-NH2-C_F_TS,W1-SN2-BH,0.04692462960139141,29.445649641774899,"1,SH_Br-F-NH2-C_F_TS,-1,SH_minus,-1,F-Br-F-NH2-C_reactant",SH_minus
W1-SN2-BH_1595_SH_Br-F-NH2-C_SH_TS,W1-SN2-BH,0.04764395609229936,29.897033829764201,"1,SH_Br-F-NH2-C_SH_TS,-1,SH_minus,-1,SH-Br-F-NH2-C_reactant",SH_minus
W1-SN2-BH_1596_SH_Br-H-H-C_F_TS,W1-SN2-BH,0.008342979178976361,5.2352984767188504,"1,SH_Br-H-H-C_F_TS,-1,F_minus,-1,SH-Br-H-H-C_reactant",F_minus
W1-SN2-BH_1597_SH_Br-H-H-C_F_TS,W1-SN2-BH,0.02716272401039229,17.044866657882402,"1,SH_Br-H-H-C_F_TS,-1,SH_minus,-1,F-Br-H-H-C_reactant",SH_minus
W1-SN2-BH_1598_SH_Br-H-H-C_SH_TS,W1-SN2-BH,0.02966041707915844,18.612192721834901,"1,SH_Br-H-H-C_SH_TS,-1,SH_minus,-1,SH-Br-H-H-C_reactant",SH_minus
W1-SN2-BH_1599_SH_Br-H-Me-C_F_TS,W1-SN2-BH,0.01249131337964983,7.8384174892214302,"1,SH_Br-H-Me-C_F_TS,-1,F_minus,-1,SH-Br-H-Me-C_reactant",F_minus
W1-SN2-BH_1600_SH_Br-H-Me-C_F_TS,W1-SN2-BH,0.03600549346767273,22.593788269281699,"1,SH_Br-H-Me-C_F_TS,-1,SH_minus,-1,F-Br-H-Me-C_reactant",SH_minus
W1-SN2-BH_1601_SH_Br-H-Me-C_OH_TS,W1-SN2-BH,0.008773296619920060,5.5053267477656096,"1,SH_Br-H-Me-C_OH_TS,-1,OH_minus,-1,SH-Br-H-Me-C_reactant",OH_minus
W1-SN2-BH_1602_SH_Br-H-Me-C_OH_TS,W1-SN2-BH,0.06916470264227693,43.401506178785901,"1,SH_Br-H-Me-C_OH_TS,-1,SH_minus,-1,OH-Br-H-Me-C_reactant",SH_minus
W1-SN2-BH_1603_SH_Br-H-Me-C_SH_TS,W1-SN2-BH,0.03499839511926477,21.9618245143424,"1,SH_Br-H-Me-C_SH_TS,-1,SH_minus,-1,SH-Br-H-Me-C_reactant",SH_minus
W1-SN2-BH_1604_SH_Br-H-NH2-C_F_TS,W1-SN2-BH,0.003223727938478588,2.0229198231972201,"1,SH_Br-H-NH2-C_F_TS,-1,F_minus,-1,SH-Br-H-NH2-C_reactant",F_minus
W1-SN2-BH_1605_SH_Br-H-NH2-C_F_TS,W1-SN2-BH,0.03189671107881921,20.0154883934125,"1,SH_Br-H-NH2-C_F_TS,-1,SH_minus,-1,F-Br-H-NH2-C_reactant",SH_minus
W1-SN2-BH_1606_SH_Br-H-NH2-C_NH2_TS,W1-SN2-BH,0.08673543912155786,54.427309785800801,"1,SH_Br-H-NH2-C_NH2_TS,-1,SH_minus,-1,NH2-Br-H-NH2-C_reactant",SH_minus
W1-SN2-BH_1607_SH_Br-H-NH2-C_OH_TS,W1-SN2-BH,0.06300792709183367,39.538071191202697,"1,SH_Br-H-NH2-C_OH_TS,-1,SH_minus,-1,OH-Br-H-NH2-C_reactant",SH_minus
W1-SN2-BH_1608_SH_Br-H-NH2-C_SH_TS,W1-SN2-BH,0.02850928460233983,17.8898461867295,"1,SH_Br-H-NH2-C_SH_TS,-1,SH_minus,-1,SH-Br-H-NH2-C_reactant",SH_minus
W1-SN2-BH_1609_SH_Br-Me-Me-C_F_TS,W1-SN2-BH,0.02260004683739793,14.181743504737,"1,SH_Br-Me-Me-C_F_TS,-1,F_minus,-1,SH-Br-Me-Me-C_reactant",F_minus
W1-SN2-BH_1610_SH_Br-Me-Me-C_F_TS,W1-SN2-BH,0.05095218334769607,31.9729777748794,"1,SH_Br-Me-Me-C_F_TS,-1,SH_minus,-1,F-Br-Me-Me-C_reactant",SH_minus
W1-SN2-BH_1611_SH_Br-Me-Me-C_NH2_TS,W1-SN2-BH,0.01554919810340001,9.7572691239674896,"1,SH_Br-Me-Me-C_NH2_TS,-1,NH2_minus,-1,SH-Br-Me-Me-C_reactant",NH2_minus
W1-SN2-BH_1612_SH_Br-Me-Me-C_NH2_TS,W1-SN2-BH,0.1103357144364063,69.236706136365697,"1,SH_Br-Me-Me-C_NH2_TS,-1,SH_minus,-1,NH2-Br-Me-Me-C_reactant",SH_minus
W1-SN2-BH_1613_SH_Br-Me-Me-C_OH_TS,W1-SN2-BH,0.02089434367752775,13.1113986119791,"1,SH_Br-Me-Me-C_OH_TS,-1,OH_minus,-1,SH-Br-Me-Me-C_reactant",OH_minus
W1-SN2-BH_1614_SH_Br-Me-Me-C_OH_TS,W1-SN2-BH,0.08523939566118821,53.488528340808699,"1,SH_Br-Me-Me-C_OH_TS,-1,SH_minus,-1,OH-Br-Me-Me-C_reactant",SH_minus
W1-SN2-BH_1615_SH_Br-Me-Me-C_SH_TS,W1-SN2-BH,0.05107706645080969,32.051343105233599,"1,SH_Br-Me-Me-C_SH_TS,-1,SH_minus,-1,SH-Br-Me-Me-C_reactant",SH_minus
W1-SN2-BH_1616_SH_Br-Me-NH2-C_F_TS,W1-SN2-BH,0.01657557647755973,10.4013312777262,"1,SH_Br-Me-NH2-C_F_TS,-1,F_minus,-1,SH-Br-Me-NH2-C_reactant",F_minus
W1-SN2-BH_1617_SH_Br-Me-NH2-C_F_TS,W1-SN2-BH,0.04525595896984330,28.398543011387599,"1,SH_Br-Me-NH2-C_F_TS,-1,SH_minus,-1,F-Br-Me-NH2-C_reactant",SH_minus
W1-SN2-BH_1618_SH_Br-Me-NH2-C_NH2_TS,W1-SN2-BH,0.008505781281255230,5.33745833829623,"1,SH_Br-Me-NH2-C_NH2_TS,-1,NH2_minus,-1,SH-Br-Me-NH2-C_reactant",NH2_minus
W1-SN2-BH_1619_SH_Br-Me-NH2-C_NH2_TS,W1-SN2-BH,0.1009341471861629,63.337133615796603,"1,SH_Br-Me-NH2-C_NH2_TS,-1,SH_minus,-1,NH2-Br-Me-NH2-C_reactant",SH_minus
W1-SN2-BH_1620_SH_Br-Me-NH2-C_OH_TS,W1-SN2-BH,0.01352340652284038,8.4860657146890599,"1,SH_Br-Me-NH2-C_OH_TS,-1,OH_minus,-1,SH-Br-Me-NH2-C_reactant",OH_minus
W1-SN2-BH_1621_SH_Br-Me-NH2-C_OH_TS,W1-SN2-BH,0.07853576629151291,49.281937400729802,"1,SH_Br-Me-NH2-C_OH_TS,-1,SH_minus,-1,OH-Br-Me-NH2-C_reactant",SH_minus
W1-SN2-BH_1622_SH_Br-Me-NH2-C_SH_TS,W1-SN2-BH,0.04688527717764025,29.420955623043699,"1,SH_Br-Me-NH2-C_SH_TS,-1,SH_minus,-1,SH-Br-Me-NH2-C_reactant",SH_minus
W1-SN2-BH_1623_SH_Br-NH2-NH2-C_F_TS,W1-SN2-BH,0.009569671959017744,6.0050598179596202,"1,SH_Br-NH2-NH2-C_F_TS,-1,F_minus,-1,SH-Br-NH2-NH2-C_reactant",F_minus
W1-SN2-BH_1624_SH_Br-NH2-NH2-C_F_TS,W1-SN2-BH,0.04469269797578688,28.045091401246999,"1,SH_Br-NH2-NH2-C_F_TS,-1,SH_minus,-1,F-Br-NH2-NH2-C_reactant",SH_minus
W1-SN2-BH_1625_SH_Br-NH2-NH2-C_SH_TS,W1-SN2-BH,0.04138686176104249,25.970647856793999,"1,SH_Br-NH2-NH2-C_SH_TS,-1,SH_minus,-1,SH-Br-NH2-NH2-C_reactant",SH_minus
W1-SN2-BH_1626_SH_Br-NH2-SH-C_NH2_TS,W1-SN2-BH,0.08826662824843960,55.388145469501502,"1,SH_Br-NH2-SH-C_NH2_TS,-1,SH_minus,-1,NH2-Br-NH2-SH-C_reactant",SH_minus
W1-SN2-BH_1627_SH_Br-OH-SH-C_PH2_TS,W1-SN2-BH,0.01927618073102044,12.0959860324679,"1,SH_Br-OH-SH-C_PH2_TS,-1,PH2_minus,-1,SH-Br-OH-SH-C_reactant",PH2_minus
W1-SN2-BH_1628_SH_Br-OH-SH-C_PH2_TS,W1-SN2-BH,0.05932906568927171,37.22955080733,"1,SH_Br-OH-SH-C_PH2_TS,-1,SH_minus,-1,PH2-Br-OH-SH-C_reactant",SH_minus
W1-SN2-BH_1629_SH_Br-SH-SH-C_NH2_TS,W1-SN2-BH,0.07277529850485154,45.667189289564497,"1,SH_Br-SH-SH-C_NH2_TS,-1,SH_minus,-1,NH2-Br-SH-SH-C_reactant",SH_minus
W1-SN2-BH_1630_SH_CCH-CCH-H-C_PH2_TS,W1-SN2-BH,0.004877595259550350,3.06073723601311,"1,SH_CCH-CCH-H-C_PH2_TS,-1,PH2_minus,-1,SH-CCH-CCH-H-C_reactant",PH2_minus
W1-SN2-BH_1631_SH_CCH-CCH-H-C_PH2_TS,W1-SN2-BH,0.04420783682563729,27.740836435923001,"1,SH_CCH-CCH-H-C_PH2_TS,-1,SH_minus,-1,PH2-CCH-CCH-H-C_reactant",SH_minus
W1-SN2-BH_1632_SH_CCH-CCH-H-C_SH_TS,W1-SN2-BH,0.01933271115102559,12.131459406593899,"1,SH_CCH-CCH-H-C_SH_TS,-1,SH_minus,-1,SH-CCH-CCH-H-C_reactant",SH_minus
W1-SN2-BH_1633_SH_CCH-Cl-Cl-C_NH2_TS,W1-SN2-BH,0.09431195981535207,59.1816483015918,"1,SH_CCH-Cl-Cl-C_NH2_TS,-1,SH_minus,-1,NH2-CCH-Cl-Cl-C_reactant",SH_minus
W1-SN2-BH_1634_SH_CCH-Cl-Cl-C_SH_TS,W1-SN2-BH,0.04130572231104723,25.919732083201701,"1,SH_CCH-Cl-Cl-C_SH_TS,-1,SH_minus,-1,SH-CCH-Cl-Cl-C_reactant",SH_minus
W1-SN2-BH_1635_SH_CCH-Cl-F-C_NH2_TS,W1-SN2-BH,0.1008105480508257,63.259573987386503,"1,SH_CCH-Cl-F-C_NH2_TS,-1,SH_minus,-1,NH2-CCH-Cl-F-C_reactant",SH_minus
W1-SN2-BH_1636_SH_CCH-Cl-F-C_SH_TS,W1-SN2-BH,0.04142939793693522,25.9973397101571,"1,SH_CCH-Cl-F-C_SH_TS,-1,SH_minus,-1,SH-CCH-Cl-F-C_reactant",SH_minus
W1-SN2-BH_1637_SH_CCH-Cl-H-C_OH_TS,W1-SN2-BH,0.0001666546799984395,0.104577390595975,"1,SH_CCH-Cl-H-C_OH_TS,-1,OH_minus,-1,SH-CCH-Cl-H-C_reactant",OH_minus
W1-SN2-BH_1638_SH_CCH-Cl-H-C_OH_TS,W1-SN2-BH,0.05859162497110613,36.766799770121203,"1,SH_CCH-Cl-H-C_OH_TS,-1,SH_minus,-1,OH-CCH-Cl-H-C_reactant",SH_minus
W1-SN2-BH_1639_SH_CCH-Cl-H-C_SH_TS,W1-SN2-BH,0.02868617371912317,18.000845783369702,"1,SH_CCH-Cl-H-C_SH_TS,-1,SH_minus,-1,SH-CCH-Cl-H-C_reactant",SH_minus
W1-SN2-BH_1640_SH_CCH-Cl-Me-C_SH_TS,W1-SN2-BH,0.04005853408495647,25.1371096553898,"1,SH_CCH-Cl-Me-C_SH_TS,-1,SH_minus,-1,SH-CCH-Cl-Me-C_reactant",SH_minus
W1-SN2-BH_1641_SH_CCH-Cl-NH2-C_SH_TS,W1-SN2-BH,0.03695024772529417,23.186630516600601,"1,SH_CCH-Cl-NH2-C_SH_TS,-1,SH_minus,-1,SH-CCH-Cl-NH2-C_reactant",SH_minus
W1-SN2-BH_1642_SH_CCH-Cl-OH-C_F_TS,W1-SN2-BH,0.008917239761116502,5.5956524325927797,"1,SH_CCH-Cl-OH-C_F_TS,-1,F_minus,-1,SH-CCH-Cl-OH-C_reactant",F_minus
W1-SN2-BH_1643_SH_CCH-Cl-OH-C_F_TS,W1-SN2-BH,0.03693413202442240,23.176517761622399,"1,SH_CCH-Cl-OH-C_F_TS,-1,SH_minus,-1,F-CCH-Cl-OH-C_reactant",SH_minus
W1-SN2-BH_1644_SH_CCH-Cl-OH-C_OH_TS,W1-SN2-BH,0.06255417007476693,39.253334364070703,"1,SH_CCH-Cl-OH-C_OH_TS,-1,SH_minus,-1,OH-CCH-Cl-OH-C_reactant",SH_minus
W1-SN2-BH_1645_SH_CCH-CN-H-C_F_TS,W1-SN2-BH,0.002739912692683954,1.71932117276492,"1,SH_CCH-CN-H-C_F_TS,-1,SH_minus,-1,F-CCH-CN-H-C_reactant",SH_minus
W1-SN2-BH_1646_SH_CCH-CN-H-C_PH2_TS,W1-SN2-BH,0.03200305206083758,20.082218367110201,"1,SH_CCH-CN-H-C_PH2_TS,-1,SH_minus,-1,PH2-CCH-CN-H-C_reactant",SH_minus
W1-SN2-BH_1647_SH_CCH-CN-H-C_SH_TS,W1-SN2-BH,0.006128022403297534,3.8453921153401298,"1,SH_CCH-CN-H-C_SH_TS,-1,SH_minus,-1,SH-CCH-CN-H-C_reactant",SH_minus
W1-SN2-BH_1648_SH_CCH-F-F-C_F_TS,W1-SN2-BH,0.01226538401683128,7.6966446735837497,"1,SH_CCH-F-F-C_F_TS,-1,F_minus,-1,SH-CCH-F-F-C_reactant",F_minus
W1-SN2-BH_1649_SH_CCH-F-F-C_F_TS,W1-SN2-BH,0.05336465556863431,33.486826949432199,"1,SH_CCH-F-F-C_F_TS,-1,SH_minus,-1,F-CCH-F-F-C_reactant",SH_minus
W1-SN2-BH_1650_SH_CCH-F-F-C_NH2_TS,W1-SN2-BH,0.002695421155819504,1.69140231186685,"1,SH_CCH-F-F-C_NH2_TS,-1,NH2_minus,-1,SH-CCH-F-F-C_reactant",NH2_minus
W1-SN2-BH_1651_SH_CCH-F-F-C_NH2_TS,W1-SN2-BH,0.1057929645403903,66.386087538316502,"1,SH_CCH-F-F-C_NH2_TS,-1,SH_minus,-1,NH2-CCH-F-F-C_reactant",SH_minus
W1-SN2-BH_1652_SH_CCH-F-F-C_SH_TS,W1-SN2-BH,0.04459755534373381,27.985388498246401,"1,SH_CCH-F-F-C_SH_TS,-1,SH_minus,-1,SH-CCH-F-F-C_reactant",SH_minus
W1-SN2-BH_1653_SH_CCH-F-H-C_F_TS,W1-SN2-BH,0.004414725637513483,2.7702821629289698,"1,SH_CCH-F-H-C_F_TS,-1,F_minus,-1,SH-CCH-F-H-C_reactant",F_minus
W1-SN2-BH_1654_SH_CCH-F-H-C_F_TS,W1-SN2-BH,0.03318293039861253,20.8226032023058,"1,SH_CCH-F-H-C_F_TS,-1,SH_minus,-1,F-CCH-F-H-C_reactant",SH_minus
W1-SN2-BH_1655_SH_CCH-F-H-C_NH2_TS,W1-SN2-BH,0.08607764428232521,54.0145372921925,"1,SH_CCH-F-H-C_NH2_TS,-1,SH_minus,-1,NH2-CCH-F-H-C_reactant",SH_minus
W1-SN2-BH_1656_SH_CCH-F-H-C_SH_TS,W1-SN2-BH,0.02924455441508739,18.351234960221198,"1,SH_CCH-F-H-C_SH_TS,-1,SH_minus,-1,SH-CCH-F-H-C_reactant",SH_minus
W1-SN2-BH_1657_SH_CCH-F-Me-C_F_TS,W1-SN2-BH,0.01092399159282850,6.8549082190855399,"1,SH_CCH-F-Me-C_F_TS,-1,F_minus,-1,SH-CCH-F-Me-C_reactant",F_minus
W1-SN2-BH_1658_SH_CCH-F-Me-C_F_TS,W1-SN2-BH,0.04701573468030509,29.502818941928499,"1,SH_CCH-F-Me-C_F_TS,-1,SH_minus,-1,F-CCH-F-Me-C_reactant",SH_minus
W1-SN2-BH_1659_SH_CCH-F-Me-C_SH_TS,W1-SN2-BH,0.03888031281822010,24.397764647970099,"1,SH_CCH-F-Me-C_SH_TS,-1,SH_minus,-1,SH-CCH-F-Me-C_reactant",SH_minus
W1-SN2-BH_1660_SH_CCH-F-NH2-C_F_TS,W1-SN2-BH,0.007432838951265871,4.6641768611045702,"1,SH_CCH-F-NH2-C_F_TS,-1,F_minus,-1,SH-CCH-F-NH2-C_reactant",F_minus
W1-SN2-BH_1661_SH_CCH-F-NH2-C_F_TS,W1-SN2-BH,0.03987919269601725,25.024571234738801,"1,SH_CCH-F-NH2-C_F_TS,-1,SH_minus,-1,F-CCH-F-NH2-C_reactant",SH_minus
W1-SN2-BH_1662_SH_CCH-F-NH2-C_OH_TS,W1-SN2-BH,0.001436648667860171,0.90151064998238895,"1,SH_CCH-F-NH2-C_OH_TS,-1,OH_minus,-1,SH-CCH-F-NH2-C_reactant",OH_minus
W1-SN2-BH_1663_SH_CCH-F-NH2-C_OH_TS,W1-SN2-BH,0.07062843303691898,44.320010868897903,"1,SH_CCH-F-NH2-C_OH_TS,-1,SH_minus,-1,OH-CCH-F-NH2-C_reactant",SH_minus
W1-SN2-BH_1664_SH_CCH-F-NH2-C_SH_TS,W1-SN2-BH,0.03731836366034613,23.417626753399301,"1,SH_CCH-F-NH2-C_SH_TS,-1,SH_minus,-1,SH-CCH-F-NH2-C_reactant",SH_minus
W1-SN2-BH_1665_SH_CCH-H-H-C_SH_TS,W1-SN2-BH,0.02163073765073784,13.5734928068114,"1,SH_CCH-H-H-C_SH_TS,-1,SH_minus,-1,SH-CCH-H-H-C_reactant",SH_minus
W1-SN2-BH_1666_SH_CCH-H-Me-C_SH_TS,W1-SN2-BH,0.02727215126627431,17.1135332976691,"1,SH_CCH-H-Me-C_SH_TS,-1,SH_minus,-1,SH-CCH-H-Me-C_reactant",SH_minus
W1-SN2-BH_1667_SH_CCH-H-NH2-C_F_TS,W1-SN2-BH,0.002313076989702716,1.45147772527581,"1,SH_CCH-H-NH2-C_F_TS,-1,F_minus,-1,SH-CCH-H-NH2-C_reactant",F_minus
W1-SN2-BH_1668_SH_CCH-H-NH2-C_F_TS,W1-SN2-BH,0.03220411136777725,20.2083849870634,"1,SH_CCH-H-NH2-C_F_TS,-1,SH_minus,-1,F-CCH-H-NH2-C_reactant",SH_minus
W1-SN2-BH_1669_SH_CCH-H-NH2-C_NH2_TS,W1-SN2-BH,0.07609744292832279,47.751866389498602,"1,SH_CCH-H-NH2-C_NH2_TS,-1,SH_minus,-1,NH2-CCH-H-NH2-C_reactant",SH_minus
W1-SN2-BH_1670_SH_CCH-H-NH2-C_OH_TS,W1-SN2-BH,0.05340337713559659,33.511125099551599,"1,SH_CCH-H-NH2-C_OH_TS,-1,SH_minus,-1,OH-CCH-H-NH2-C_reactant",SH_minus
W1-SN2-BH_1671_SH_CCH-H-NH2-C_PH2_TS,W1-SN2-BH,0.01562177293342103,9.8028105173842004,"1,SH_CCH-H-NH2-C_PH2_TS,-1,PH2_minus,-1,SH-CCH-H-NH2-C_reactant",PH2_minus
W1-SN2-BH_1672_SH_CCH-H-NH2-C_PH2_TS,W1-SN2-BH,0.04755744453017713,29.8427470049165,"1,SH_CCH-H-NH2-C_PH2_TS,-1,SH_minus,-1,PH2-CCH-H-NH2-C_reactant",SH_minus
W1-SN2-BH_1673_SH_CCH-H-NH2-C_SH_TS,W1-SN2-BH,0.02324834106359919,14.5885542736587,"1,SH_CCH-H-NH2-C_SH_TS,-1,SH_minus,-1,SH-CCH-H-NH2-C_reactant",SH_minus
W1-SN2-BH_1674_SH_CCH-H-OH-C_PH2_TS,W1-SN2-BH,0.01535427385345190,9.6349523104004096,"1,SH_CCH-H-OH-C_PH2_TS,-1,PH2_minus,-1,SH-CCH-H-OH-C_reactant",PH2_minus
W1-SN2-BH_1675_SH_CCH-H-OH-C_PH2_TS,W1-SN2-BH,0.04802809584515648,30.138085164046299,"1,SH_CCH-H-OH-C_PH2_TS,-1,SH_minus,-1,PH2-CCH-H-OH-C_reactant",SH_minus
W1-SN2-BH_1676_SH_CCH-Me-Me-C_SH_TS,W1-SN2-BH,0.04016017515590162,25.200890390361799,"1,SH_CCH-Me-Me-C_SH_TS,-1,SH_minus,-1,SH-CCH-Me-Me-C_reactant",SH_minus
W1-SN2-BH_1677_SH_CCH-Me-NH2-C_NH2_TS,W1-SN2-BH,0.08519512932646701,53.4607507963891,"1,SH_CCH-Me-NH2-C_NH2_TS,-1,SH_minus,-1,NH2-CCH-Me-NH2-C_reactant",SH_minus
W1-SN2-BH_1678_SH_CCH-Me-NH2-C_OH_TS,W1-SN2-BH,0.004683880962472476,2.93917967933527,"1,SH_CCH-Me-NH2-C_OH_TS,-1,OH_minus,-1,SH-CCH-Me-NH2-C_reactant",OH_minus
W1-SN2-BH_1679_SH_CCH-Me-NH2-C_OH_TS,W1-SN2-BH,0.06754569242016889,42.385561925808098,"1,SH_CCH-Me-NH2-C_OH_TS,-1,SH_minus,-1,OH-CCH-Me-NH2-C_reactant",SH_minus
W1-SN2-BH_1680_SH_CCH-Me-NH2-C_SH_TS,W1-SN2-BH,0.03091031523191068,19.396515654300899,"1,SH_CCH-Me-NH2-C_SH_TS,-1,SH_minus,-1,SH-CCH-Me-NH2-C_reactant",SH_minus
W1-SN2-BH_1681_SH_CCH-Me-SH-C_PH2_TS,W1-SN2-BH,0.01699088121733565,10.661938936558901,"1,SH_CCH-Me-SH-C_PH2_TS,-1,PH2_minus,-1,SH-CCH-Me-SH-C_reactant",PH2_minus
W1-SN2-BH_1682_SH_CCH-Me-SH-C_PH2_TS,W1-SN2-BH,0.05307745945754647,33.306608668810497,"1,SH_CCH-Me-SH-C_PH2_TS,-1,SH_minus,-1,PH2-CCH-Me-SH-C_reactant",SH_minus
W1-SN2-BH_1683_SH_CCH-NH2-NH2-C_NH2_TS,W1-SN2-BH,0.08486995720442462,53.256702209106301,"1,SH_CCH-NH2-NH2-C_NH2_TS,-1,SH_minus,-1,NH2-CCH-NH2-NH2-C_reactant",SH_minus
W1-SN2-BH_1684_SH_CCH-NH2-NH2-C_PH2_TS,W1-SN2-BH,0.01771090381127288,11.113759935794,"1,SH_CCH-NH2-NH2-C_PH2_TS,-1,PH2_minus,-1,SH-CCH-NH2-NH2-C_reactant",PH2_minus
W1-SN2-BH_1685_SH_CCH-NH2-NH2-C_PH2_TS,W1-SN2-BH,0.05076123806089765,31.853157798385698,"1,SH_CCH-NH2-NH2-C_PH2_TS,-1,SH_minus,-1,PH2-CCH-NH2-NH2-C_reactant",SH_minus
W1-SN2-BH_1686_SH_CCH-NH2-NH2-C_SH_TS,W1-SN2-BH,0.01717804961922466,10.779388881989499,"1,SH_CCH-NH2-NH2-C_SH_TS,-1,SH_minus,-1,SH-CCH-NH2-NH2-C_reactant",SH_minus
W1-SN2-BH_1687_SH_CCH-NH2-OH-C_PH2_TS,W1-SN2-BH,0.02568100479337373,16.115073811301901,"1,SH_CCH-NH2-OH-C_PH2_TS,-1,PH2_minus,-1,SH-CCH-NH2-OH-C_reactant",PH2_minus
W1-SN2-BH_1688_SH_CCH-NH2-OH-C_PH2_TS,W1-SN2-BH,0.05493138161346139,34.469962385822598,"1,SH_CCH-NH2-OH-C_PH2_TS,-1,SH_minus,-1,PH2-CCH-NH2-OH-C_reactant",SH_minus
W1-SN2-BH_1689_SH_CCH-NH2-SH-C_NH2_TS,W1-SN2-BH,0.07828241100296038,49.122954556859099,"1,SH_CCH-NH2-SH-C_NH2_TS,-1,SH_minus,-1,NH2-CCH-NH2-SH-C_reactant",SH_minus
W1-SN2-BH_1690_SH_CCH-OH-OH-C_PH2_TS,W1-SN2-BH,0.02069235536085868,12.984649029619201,"1,SH_CCH-OH-OH-C_PH2_TS,-1,PH2_minus,-1,SH-CCH-OH-OH-C_reactant",PH2_minus
W1-SN2-BH_1691_SH_CCH-OH-OH-C_PH2_TS,W1-SN2-BH,0.05312520315158174,33.336568289144402,"1,SH_CCH-OH-OH-C_PH2_TS,-1,SH_minus,-1,PH2-CCH-OH-OH-C_reactant",SH_minus
W1-SN2-BH_1692_SH_CCH-SH-SH-C_NH2_TS,W1-SN2-BH,0.06600777686135367,41.420505342342501,"1,SH_CCH-SH-SH-C_NH2_TS,-1,SH_minus,-1,NH2-CCH-SH-SH-C_reactant",SH_minus
W1-SN2-BH_1693_SH_Cl-Cl-Cl-C_PH2_TS,W1-SN2-BH,0.03776933728233776,23.7006169737516,"1,SH_Cl-Cl-Cl-C_PH2_TS,-1,PH2_minus,-1,SH-Cl-Cl-Cl-C_reactant",PH2_minus
W1-SN2-BH_1694_SH_Cl-Cl-Cl-C_PH2_TS,W1-SN2-BH,0.07759341347029568,48.690602077505901,"1,SH_Cl-Cl-Cl-C_PH2_TS,-1,SH_minus,-1,PH2-Cl-Cl-Cl-C_reactant",SH_minus
W1-SN2-BH_1695_SH_Cl-Cl-Cl-C_SH_TS,W1-SN2-BH,0.05441913588536697,34.148523338395002,"1,SH_Cl-Cl-Cl-C_SH_TS,-1,SH_minus,-1,SH-Cl-Cl-Cl-C_reactant",SH_minus
W1-SN2-BH_1696_SH_Cl-Cl-F-C_F_TS,W1-SN2-BH,0.02073924112501743,13.014070290827499,"1,SH_Cl-Cl-F-C_F_TS,-1,F_minus,-1,SH-Cl-Cl-F-C_reactant",F_minus
W1-SN2-BH_1697_SH_Cl-Cl-F-C_F_TS,W1-SN2-BH,0.05630120129446826,35.3295372134125,"1,SH_Cl-Cl-F-C_F_TS,-1,SH_minus,-1,F-Cl-Cl-F-C_reactant",SH_minus
W1-SN2-BH_1698_SH_Cl-Cl-F-C_PH2_TS,W1-SN2-BH,0.04335078933054956,27.203031013033399,"1,SH_Cl-Cl-F-C_PH2_TS,-1,PH2_minus,-1,SH-Cl-Cl-F-C_reactant",PH2_minus
W1-SN2-BH_1699_SH_Cl-Cl-F-C_PH2_TS,W1-SN2-BH,0.08123789319167186,50.9775476307003,"1,SH_Cl-Cl-F-C_PH2_TS,-1,SH_minus,-1,PH2-Cl-Cl-F-C_reactant",SH_minus
W1-SN2-BH_1700_SH_Cl-Cl-F-C_SH_TS,W1-SN2-BH,0.05665854685843045,35.553774940313197,"1,SH_Cl-Cl-F-C_SH_TS,-1,SH_minus,-1,SH-Cl-Cl-F-C_reactant",SH_minus
W1-SN2-BH_1701_SH_Cl-Cl-H-C_OH_TS,W1-SN2-BH,0.007409848668367640,4.6497502407745399,"1,SH_Cl-Cl-H-C_OH_TS,-1,OH_minus,-1,SH-Cl-Cl-H-C_reactant",OH_minus
W1-SN2-BH_1702_SH_Cl-Cl-H-C_OH_TS,W1-SN2-BH,0.07388201754254748,46.361665970844697,"1,SH_Cl-Cl-H-C_OH_TS,-1,SH_minus,-1,OH-Cl-Cl-H-C_reactant",SH_minus
W1-SN2-BH_1703_SH_Cl-Cl-H-C_SH_TS,W1-SN2-BH,0.03733770490213984,23.429763565864999,"1,SH_Cl-Cl-H-C_SH_TS,-1,SH_minus,-1,SH-Cl-Cl-H-C_reactant",SH_minus
W1-SN2-BH_1704_SH_Cl-Cl-Me-C_F_TS,W1-SN2-BH,0.02620268936343822,16.442435821489902,"1,SH_Cl-Cl-Me-C_F_TS,-1,F_minus,-1,SH-Cl-Cl-Me-C_reactant",F_minus
W1-SN2-BH_1705_SH_Cl-Cl-Me-C_F_TS,W1-SN2-BH,0.05530856844633014,34.706650696939597,"1,SH_Cl-Cl-Me-C_F_TS,-1,SH_minus,-1,F-Cl-Cl-Me-C_reactant",SH_minus
W1-SN2-BH_1706_SH_Cl-Cl-Me-C_NH2_TS,W1-SN2-BH,0.01570363408860772,9.8541791678216004,"1,SH_Cl-Cl-Me-C_NH2_TS,-1,NH2_minus,-1,SH-Cl-Cl-Me-C_reactant",NH2_minus
W1-SN2-BH_1707_SH_Cl-Cl-Me-C_NH2_TS,W1-SN2-BH,0.1117730928227884,70.138674691633994,"1,SH_Cl-Cl-Me-C_NH2_TS,-1,SH_minus,-1,NH2-Cl-Cl-Me-C_reactant",SH_minus
W1-SN2-BH_1708_SH_Cl-Cl-Me-C_PH2_TS,W1-SN2-BH,0.04175728829284992,26.203094014947499,"1,SH_Cl-Cl-Me-C_PH2_TS,-1,PH2_minus,-1,SH-Cl-Cl-Me-C_reactant",PH2_minus
W1-SN2-BH_1709_SH_Cl-Cl-Me-C_PH2_TS,W1-SN2-BH,0.07899773271107337,49.571825705702999,"1,SH_Cl-Cl-Me-C_PH2_TS,-1,SH_minus,-1,PH2-Cl-Cl-Me-C_reactant",SH_minus
W1-SN2-BH_1710_SH_Cl-Cl-Me-C_SH_TS,W1-SN2-BH,0.05475904721442533,34.3618209177205,"1,SH_Cl-Cl-Me-C_SH_TS,-1,SH_minus,-1,SH-Cl-Cl-Me-C_reactant",SH_minus
W1-SN2-BH_1711_SH_Cl-Cl-NH2-C_F_TS,W1-SN2-BH,0.01321450060985531,8.2922243276968199,"1,SH_Cl-Cl-NH2-C_F_TS,-1,F_minus,-1,SH-Cl-Cl-NH2-C_reactant",F_minus
W1-SN2-BH_1712_SH_Cl-Cl-NH2-C_F_TS,W1-SN2-BH,0.04683207330715232,29.387569690255699,"1,SH_Cl-Cl-NH2-C_F_TS,-1,SH_minus,-1,F-Cl-Cl-NH2-C_reactant",SH_minus
W1-SN2-BH_1713_SH_Cl-Cl-NH2-C_NH2_TS,W1-SN2-BH,0.1026616932557766,64.4211851413597,"1,SH_Cl-Cl-NH2-C_NH2_TS,-1,SH_minus,-1,NH2-Cl-Cl-NH2-C_reactant",SH_minus
W1-SN2-BH_1714_SH_Cl-Cl-NH2-C_PH2_TS,W1-SN2-BH,0.03322813911479543,20.850972100020801,"1,SH_Cl-Cl-NH2-C_PH2_TS,-1,PH2_minus,-1,SH-Cl-Cl-NH2-C_reactant",PH2_minus
W1-SN2-BH_1715_SH_Cl-Cl-NH2-C_PH2_TS,W1-SN2-BH,0.07152729672483627,44.884056348957301,"1,SH_Cl-Cl-NH2-C_PH2_TS,-1,SH_minus,-1,PH2-Cl-Cl-NH2-C_reactant",SH_minus
W1-SN2-BH_1716_SH_Cl-Cl-NH2-C_SH_TS,W1-SN2-BH,0.04392270416646503,27.561912990927599,"1,SH_Cl-Cl-NH2-C_SH_TS,-1,SH_minus,-1,SH-Cl-Cl-NH2-C_reactant",SH_minus
W1-SN2-BH_1717_SH_Cl-F-F-C_NH2_TS,W1-SN2-BH,0.01970653576729189,12.366037894939,"1,SH_Cl-F-F-C_NH2_TS,-1,NH2_minus,-1,SH-Cl-F-F-C_reactant",NH2_minus
W1-SN2-BH_1718_SH_Cl-F-F-C_NH2_TS,W1-SN2-BH,0.1241234501176464,77.888640902221695,"1,SH_Cl-F-F-C_NH2_TS,-1,SH_minus,-1,NH2-Cl-F-F-C_reactant",SH_minus
W1-SN2-BH_1719_SH_Cl-F-F-C_SH_TS,W1-SN2-BH,0.06225371239667497,39.064794324513002,"1,SH_Cl-F-F-C_SH_TS,-1,SH_minus,-1,SH-Cl-F-F-C_reactant",SH_minus
W1-SN2-BH_1720_SH_Cl-F-H-C_F_TS,W1-SN2-BH,0.009593772499046529,6.02018313515772,"1,SH_Cl-F-H-C_F_TS,-1,F_minus,-1,SH-Cl-F-H-C_reactant",F_minus
W1-SN2-BH_1721_SH_Cl-F-H-C_F_TS,W1-SN2-BH,0.04318130236672516,27.0966763375034,"1,SH_Cl-F-H-C_F_TS,-1,SH_minus,-1,F-Cl-F-H-C_reactant",SH_minus
W1-SN2-BH_1722_SH_Cl-F-H-C_NH2_TS,W1-SN2-BH,0.004724291535446949,2.96453769672907,"1,SH_Cl-F-H-C_NH2_TS,-1,NH2_minus,-1,SH-Cl-F-H-C_reactant",NH2_minus
W1-SN2-BH_1723_SH_Cl-F-H-C_NH2_TS,W1-SN2-BH,0.1035653173074020,64.988217794745907,"1,SH_Cl-F-H-C_NH2_TS,-1,SH_minus,-1,NH2-Cl-F-H-C_reactant",SH_minus
W1-SN2-BH_1724_SH_Cl-F-H-C_OH_TS,W1-SN2-BH,0.006737384274179103,4.2277724624511297,"1,SH_Cl-F-H-C_OH_TS,-1,OH_minus,-1,SH-Cl-F-H-C_reactant",OH_minus
W1-SN2-BH_1725_SH_Cl-F-H-C_OH_TS,W1-SN2-BH,0.07976803803074332,50.055199591717098,"1,SH_Cl-F-H-C_OH_TS,-1,SH_minus,-1,OH-Cl-F-H-C_reactant",SH_minus
W1-SN2-BH_1726_SH_Cl-F-H-C_SH_TS,W1-SN2-BH,0.03815636189509058,23.943478584949599,"1,SH_Cl-F-H-C_SH_TS,-1,SH_minus,-1,SH-Cl-F-H-C_reactant",SH_minus
W1-SN2-BH_1727_SH_Cl-F-Me-C_F_TS,W1-SN2-BH,0.02411715561682596,15.133743637012399,"1,SH_Cl-F-Me-C_F_TS,-1,F_minus,-1,SH-Cl-F-Me-C_reactant",F_minus
W1-SN2-BH_1728_SH_Cl-F-Me-C_F_TS,W1-SN2-BH,0.06009467384602041,37.709977179109799,"1,SH_Cl-F-Me-C_F_TS,-1,SH_minus,-1,F-Cl-F-Me-C_reactant",SH_minus
W1-SN2-BH_1729_SH_Cl-F-Me-C_SH_TS,W1-SN2-BH,0.05675247273027279,35.612714314753902,"1,SH_Cl-F-Me-C_SH_TS,-1,SH_minus,-1,SH-Cl-F-Me-C_reactant",SH_minus
W1-SN2-BH_1730_SH_Cl-F-NH2-C_F_TS,W1-SN2-BH,0.01475308939063220,9.2577033643215092,"1,SH_Cl-F-NH2-C_F_TS,-1,F_minus,-1,SH-Cl-F-NH2-C_reactant",F_minus
W1-SN2-BH_1731_SH_Cl-F-NH2-C_F_TS,W1-SN2-BH,0.05119325629683753,32.124253334405999,"1,SH_Cl-F-NH2-C_F_TS,-1,SH_minus,-1,F-Cl-F-NH2-C_reactant",SH_minus
W1-SN2-BH_1732_SH_Cl-F-NH2-C_NH2_TS,W1-SN2-BH,0.005804805813439267,3.6425706430296998,"1,SH_Cl-F-NH2-C_NH2_TS,-1,NH2_minus,-1,SH-Cl-F-NH2-C_reactant",NH2_minus
W1-SN2-BH_1733_SH_Cl-F-NH2-C_NH2_TS,W1-SN2-BH,0.1088504781580151,68.304706300453006,"1,SH_Cl-F-NH2-C_NH2_TS,-1,SH_minus,-1,NH2-Cl-F-NH2-C_reactant",SH_minus
W1-SN2-BH_1734_SH_Cl-F-NH2-C_PH2_TS,W1-SN2-BH,0.04096881874394994,25.708321903002499,"1,SH_Cl-F-NH2-C_PH2_TS,-1,PH2_minus,-1,SH-Cl-F-NH2-C_reactant",PH2_minus
W1-SN2-BH_1735_SH_Cl-F-NH2-C_PH2_TS,W1-SN2-BH,0.07379925280983163,46.309730316947203,"1,SH_Cl-F-NH2-C_PH2_TS,-1,SH_minus,-1,PH2-Cl-F-NH2-C_reactant",SH_minus
W1-SN2-BH_1736_SH_Cl-F-NH2-C_SH_TS,W1-SN2-BH,0.04959668037783227,31.122386819169201,"1,SH_Cl-F-NH2-C_SH_TS,-1,SH_minus,-1,SH-Cl-F-NH2-C_reactant",SH_minus
W1-SN2-BH_1737_SH_Cl-H-H-C_F_TS,W1-SN2-BH,0.007850625847147059,4.9263420964094298,"1,SH_Cl-H-H-C_F_TS,-1,F_minus,-1,SH-Cl-H-H-C_reactant",F_minus
W1-SN2-BH_1738_SH_Cl-H-H-C_F_TS,W1-SN2-BH,0.02895638077704776,18.170403272176099,"1,SH_Cl-H-H-C_F_TS,-1,SH_minus,-1,F-Cl-H-H-C_reactant",SH_minus
W1-SN2-BH_1739_SH_Cl-H-H-C_OH_TS,W1-SN2-BH,0.004722886768470584,2.9636561921425502,"1,SH_Cl-H-H-C_OH_TS,-1,OH_minus,-1,SH-Cl-H-H-C_reactant",OH_minus
W1-SN2-BH_1740_SH_Cl-H-H-C_OH_TS,W1-SN2-BH,0.06354998007256987,39.878214572058802,"1,SH_Cl-H-H-C_OH_TS,-1,SH_minus,-1,OH-Cl-H-H-C_reactant",SH_minus
W1-SN2-BH_1741_SH_Cl-H-H-C_SH_TS,W1-SN2-BH,0.02964922266389453,18.605168120200201,"1,SH_Cl-H-H-C_SH_TS,-1,SH_minus,-1,SH-Cl-H-H-C_reactant",SH_minus
W1-SN2-BH_1742_SH_Cl-H-Me-C_F_TS,W1-SN2-BH,0.01208771847874554,7.5851578652204301,"1,SH_Cl-H-Me-C_F_TS,-1,F_minus,-1,SH-Cl-H-Me-C_reactant",F_minus
W1-SN2-BH_1743_SH_Cl-H-Me-C_F_TS,W1-SN2-BH,0.03770658357605580,23.661238428527099,"1,SH_Cl-H-Me-C_F_TS,-1,SH_minus,-1,F-Cl-H-Me-C_reactant",SH_minus
W1-SN2-BH_1744_SH_Cl-H-Me-C_NH2_TS,W1-SN2-BH,0.004936150960433434,3.09748149307765,"1,SH_Cl-H-Me-C_NH2_TS,-1,NH2_minus,-1,SH-Cl-H-Me-C_reactant",NH2_minus
W1-SN2-BH_1745_SH_Cl-H-Me-C_NH2_TS,W1-SN2-BH,0.09765676775312170,61.2805469714637,"1,SH_Cl-H-Me-C_NH2_TS,-1,SH_minus,-1,NH2-Cl-H-Me-C_reactant",SH_minus
W1-SN2-BH_1746_SH_Cl-H-Me-C_SH_TS,W1-SN2-BH,0.03497251692750368,21.945585703840699,"1,SH_Cl-H-Me-C_SH_TS,-1,SH_minus,-1,SH-Cl-H-Me-C_reactant",SH_minus
W1-SN2-BH_1747_SH_Cl-H-NH2-C_F_TS,W1-SN2-BH,0.003388534593910073,2.1263375608691302,"1,SH_Cl-H-NH2-C_F_TS,-1,F_minus,-1,SH-Cl-H-NH2-C_reactant",F_minus
W1-SN2-BH_1748_SH_Cl-H-NH2-C_F_TS,W1-SN2-BH,0.03409163847662118,21.392826130413901,"1,SH_Cl-H-NH2-C_F_TS,-1,SH_minus,-1,F-Cl-H-NH2-C_reactant",SH_minus
W1-SN2-BH_1749_SH_Cl-H-NH2-C_NH2_TS,W1-SN2-BH,0.08487943929843856,53.262652312934001,"1,SH_Cl-H-NH2-C_NH2_TS,-1,SH_minus,-1,NH2-Cl-H-NH2-C_reactant",SH_minus
W1-SN2-BH_1750_SH_Cl-H-NH2-C_SH_TS,W1-SN2-BH,0.02883756462034540,18.095845008173601,"1,SH_Cl-H-NH2-C_SH_TS,-1,SH_minus,-1,SH-Cl-H-NH2-C_reactant",SH_minus
W1-SN2-BH_1751_SH_Cl-Me-Me-C_NH2_TS,W1-SN2-BH,0.01658272871820056,10.4058193764891,"1,SH_Cl-Me-Me-C_NH2_TS,-1,NH2_minus,-1,SH-Cl-Me-Me-C_reactant",NH2_minus
W1-SN2-BH_1752_SH_Cl-Me-Me-C_NH2_TS,W1-SN2-BH,0.1115484422556772,69.997704332418095,"1,SH_Cl-Me-Me-C_NH2_TS,-1,SH_minus,-1,NH2-Cl-Me-Me-C_reactant",SH_minus
W1-SN2-BH_1753_SH_Cl-Me-Me-C_PH2_TS,W1-SN2-BH,0.04243506945391178,26.628408114855301,"1,SH_Cl-Me-Me-C_PH2_TS,-1,PH2_minus,-1,SH-Cl-Me-Me-C_reactant",PH2_minus
W1-SN2-BH_1754_SH_Cl-Me-Me-C_PH2_TS,W1-SN2-BH,0.07715496189050051,48.415469557266498,"1,SH_Cl-Me-Me-C_PH2_TS,-1,SH_minus,-1,PH2-Cl-Me-Me-C_reactant",SH_minus
W1-SN2-BH_1755_SH_Cl-Me-Me-C_SH_TS,W1-SN2-BH,0.05136245886871731,32.230429551296403,"1,SH_Cl-Me-Me-C_SH_TS,-1,SH_minus,-1,SH-Cl-Me-Me-C_reactant",SH_minus
W1-SN2-BH_1756_SH_Cl-Me-NH2-C_F_TS,W1-SN2-BH,0.01691003030044177,10.6112042202213,"1,SH_Cl-Me-NH2-C_F_TS,-1,F_minus,-1,SH-Cl-Me-NH2-C_reactant",F_minus
W1-SN2-BH_1757_SH_Cl-Me-NH2-C_F_TS,W1-SN2-BH,0.04747384021243399,29.7902845034601,"1,SH_Cl-Me-NH2-C_F_TS,-1,SH_minus,-1,F-Cl-Me-NH2-C_reactant",SH_minus
W1-SN2-BH_1758_SH_Cl-Me-NH2-C_NH2_TS,W1-SN2-BH,0.009987848040869462,6.2674692711481601,"1,SH_Cl-Me-NH2-C_NH2_TS,-1,NH2_minus,-1,SH-Cl-Me-NH2-C_reactant",NH2_minus
W1-SN2-BH_1759_SH_Cl-Me-NH2-C_NH2_TS,W1-SN2-BH,0.1011594942327206,63.478541022463702,"1,SH_Cl-Me-NH2-C_NH2_TS,-1,SH_minus,-1,NH2-Cl-Me-NH2-C_reactant",SH_minus
W1-SN2-BH_1760_SH_Cl-Me-NH2-C_SH_TS,W1-SN2-BH,0.04749902506932654,29.806088239763099,"1,SH_Cl-Me-NH2-C_SH_TS,-1,SH_minus,-1,SH-Cl-Me-NH2-C_reactant",SH_minus
W1-SN2-BH_1761_SH_Cl-NH2-NH2-C_F_TS,W1-SN2-BH,0.01237189619985850,7.7634820775364703,"1,SH_Cl-NH2-NH2-C_F_TS,-1,F_minus,-1,SH-Cl-NH2-NH2-C_reactant",F_minus
W1-SN2-BH_1762_SH_Cl-NH2-NH2-C_F_TS,W1-SN2-BH,0.04837877689115065,30.358140842781999,"1,SH_Cl-NH2-NH2-C_F_TS,-1,SH_minus,-1,F-Cl-NH2-NH2-C_reactant",SH_minus
W1-SN2-BH_1763_SH_Cl-NH2-NH2-C_SH_TS,W1-SN2-BH,0.04403178470045680,27.6303620594433,"1,SH_Cl-NH2-NH2-C_SH_TS,-1,SH_minus,-1,SH-Cl-NH2-NH2-C_reactant",SH_minus
W1-SN2-BH_1764_SH_Cl-NH2-SH-C_NH2_TS,W1-SN2-BH,0.08475596062351451,53.185168274574401,"1,SH_Cl-NH2-SH-C_NH2_TS,-1,SH_minus,-1,NH2-Cl-NH2-SH-C_reactant",SH_minus
W1-SN2-BH_1765_SH_Cl-SH-SH-C_F_TS,W1-SN2-BH,0.00008786070792692573,5.5133426622036803E-2,"1,SH_Cl-SH-SH-C_F_TS,-1,F_minus,-1,SH-Cl-SH-SH-C_reactant",F_minus
W1-SN2-BH_1766_SH_Cl-SH-SH-C_F_TS,W1-SN2-BH,0.02374664129763400,14.9012423914434,"1,SH_Cl-SH-SH-C_F_TS,-1,SH_minus,-1,F-Cl-SH-SH-C_reactant",SH_minus
W1-SN2-BH_1767_SH_Cl-SH-SH-C_NH2_TS,W1-SN2-BH,0.07936364505892489,49.801439170656501,"1,SH_Cl-SH-SH-C_NH2_TS,-1,SH_minus,-1,NH2-Cl-SH-SH-C_reactant",SH_minus
W1-SN2-BH_1768_SH_CN-Cl-Cl-C_NH2_TS,W1-SN2-BH,0.07513575099045984,47.148395587359502,"1,SH_CN-Cl-Cl-C_NH2_TS,-1,SH_minus,-1,NH2-CN-Cl-Cl-C_reactant",SH_minus
W1-SN2-BH_1769_SH_CN-Cl-Cl-C_OH_TS,W1-SN2-BH,0.05191976309175479,32.580143231187797,"1,SH_CN-Cl-Cl-C_OH_TS,-1,SH_minus,-1,OH-CN-Cl-Cl-C_reactant",SH_minus
W1-SN2-BH_1770_SH_CN-Cl-Cl-C_SH_TS,W1-SN2-BH,0.02652896374212722,16.6471760852613,"1,SH_CN-Cl-Cl-C_SH_TS,-1,SH_minus,-1,SH-CN-Cl-Cl-C_reactant",SH_minus
W1-SN2-BH_1771_SH_CN-Cl-F-C_NH2_TS,W1-SN2-BH,0.08362898462769745,52.4779801601575,"1,SH_CN-Cl-F-C_NH2_TS,-1,SH_minus,-1,NH2-CN-Cl-F-C_reactant",SH_minus
W1-SN2-BH_1772_SH_CN-Cl-F-C_OH_TS,W1-SN2-BH,0.05755867071037393,36.118611185237903,"1,SH_CN-Cl-F-C_OH_TS,-1,SH_minus,-1,OH-CN-Cl-F-C_reactant",SH_minus
W1-SN2-BH_1773_SH_CN-Cl-F-C_SH_TS,W1-SN2-BH,0.02663091931804553,16.7111541750836,"1,SH_CN-Cl-F-C_SH_TS,-1,SH_minus,-1,SH-CN-Cl-F-C_reactant",SH_minus
W1-SN2-BH_1774_SH_CN-Cl-H-C_SH_TS,W1-SN2-BH,0.01595799365235106,10.0137922038891,"1,SH_CN-Cl-H-C_SH_TS,-1,SH_minus,-1,SH-CN-Cl-H-C_reactant",SH_minus
W1-SN2-BH_1775_SH_CN-Cl-Me-C_OH_TS,W1-SN2-BH,0.05158595747984361,32.370677047218102,"1,SH_CN-Cl-Me-C_OH_TS,-1,SH_minus,-1,OH-CN-Cl-Me-C_reactant",SH_minus
W1-SN2-BH_1776_SH_CN-Cl-Me-C_SH_TS,W1-SN2-BH,0.02637847417039064,16.5527424532489,"1,SH_CN-Cl-Me-C_SH_TS,-1,SH_minus,-1,SH-CN-Cl-Me-C_reactant",SH_minus
W1-SN2-BH_1777_SH_CN-Cl-NH2-C_OH_TS,W1-SN2-BH,0.04247331920287618,26.652410194710999,"1,SH_CN-Cl-NH2-C_OH_TS,-1,SH_minus,-1,OH-CN-Cl-NH2-C_reactant",SH_minus
W1-SN2-BH_1778_SH_CN-Cl-NH2-C_SH_TS,W1-SN2-BH,0.02198096281478645,13.793262415307201,"1,SH_CN-Cl-NH2-C_SH_TS,-1,SH_minus,-1,SH-CN-Cl-NH2-C_reactant",SH_minus
W1-SN2-BH_1779_SH_CN-Cl-OH-C_F_TS,W1-SN2-BH,0.01965066562213664,12.3309788495368,"1,SH_CN-Cl-OH-C_F_TS,-1,SH_minus,-1,F-CN-Cl-OH-C_reactant",SH_minus
W1-SN2-BH_1780_SH_CN-CN-H-C_OH_TS,W1-SN2-BH,0.01255168034480198,7.8762983317748398,"1,SH_CN-CN-H-C_OH_TS,-1,SH_minus,-1,OH-CN-CN-H-C_reactant",SH_minus
W1-SN2-BH_1781_SH_CN-F-F-C_NH2_TS,W1-SN2-BH,0.08829017608205799,55.402921958190703,"1,SH_CN-F-F-C_NH2_TS,-1,SH_minus,-1,NH2-CN-F-F-C_reactant",SH_minus
W1-SN2-BH_1782_SH_CN-F-F-C_OH_TS,W1-SN2-BH,0.06595800304440431,41.389271800646497,"1,SH_CN-F-F-C_OH_TS,-1,SH_minus,-1,OH-CN-F-F-C_reactant",SH_minus
W1-SN2-BH_1783_SH_CN-F-F-C_SH_TS,W1-SN2-BH,0.03031454257793334,19.022662669542399,"1,SH_CN-F-F-C_SH_TS,-1,SH_minus,-1,SH-CN-F-F-C_reactant",SH_minus
W1-SN2-BH_1784_SH_CN-F-H-C_SH_TS,W1-SN2-BH,0.01668442555515427,10.469635105159799,"1,SH_CN-F-H-C_SH_TS,-1,SH_minus,-1,SH-CN-F-H-C_reactant",SH_minus
W1-SN2-BH_1785_SH_CN-F-Me-C_SH_TS,W1-SN2-BH,0.02480470568867303,15.5651878209892,"1,SH_CN-F-Me-C_SH_TS,-1,SH_minus,-1,SH-CN-F-Me-C_reactant",SH_minus
W1-SN2-BH_1786_SH_CN-F-NH2-C_OH_TS,W1-SN2-BH,0.04863283260408299,30.5175632095869,"1,SH_CN-F-NH2-C_OH_TS,-1,SH_minus,-1,OH-CN-F-NH2-C_reactant",SH_minus
W1-SN2-BH_1787_SH_CN-F-NH2-C_SH_TS,W1-SN2-BH,0.02294905467257426,14.400749227832399,"1,SH_CN-F-NH2-C_SH_TS,-1,SH_minus,-1,SH-CN-F-NH2-C_reactant",SH_minus
W1-SN2-BH_1788_SH_CN-H-H-C_F_TS,W1-SN2-BH,0.003639721177680775,2.2839595219427902,"1,SH_CN-H-H-C_F_TS,-1,SH_minus,-1,F-CN-H-H-C_reactant",SH_minus
W1-SN2-BH_1789_SH_CN-H-H-C_SH_TS,W1-SN2-BH,0.009777277418987962,6.1353342109581597,"1,SH_CN-H-H-C_SH_TS,-1,SH_minus,-1,SH-CN-H-H-C_reactant",SH_minus
W1-SN2-BH_1790_SH_CN-H-Me-C_SH_TS,W1-SN2-BH,0.01615078014739469,10.1347675560004,"1,SH_CN-H-Me-C_SH_TS,-1,SH_minus,-1,SH-CN-H-Me-C_reactant",SH_minus
W1-SN2-BH_1791_SH_CN-H-NH2-C_F_TS,W1-SN2-BH,0.009907524020972766,6.2170651876681502,"1,SH_CN-H-NH2-C_F_TS,-1,SH_minus,-1,F-CN-H-NH2-C_reactant",SH_minus
W1-SN2-BH_1792_SH_CN-H-NH2-C_NH2_TS,W1-SN2-BH,0.05986840340597679,37.567990334282001,"1,SH_CN-H-NH2-C_NH2_TS,-1,SH_minus,-1,NH2-CN-H-NH2-C_reactant",SH_minus
W1-SN2-BH_1793_SH_CN-H-NH2-C_OH_TS,W1-SN2-BH,0.03757671767820769,23.579746347269701,"1,SH_CN-H-NH2-C_OH_TS,-1,SH_minus,-1,OH-CN-H-NH2-C_reactant",SH_minus
W1-SN2-BH_1794_SH_CN-H-NH2-C_PH2_TS,W1-SN2-BH,0.03228708658178233,20.260452719964,"1,SH_CN-H-NH2-C_PH2_TS,-1,SH_minus,-1,PH2-CN-H-NH2-C_reactant",SH_minus
W1-SN2-BH_1795_SH_CN-H-NH2-C_SH_TS,W1-SN2-BH,0.008815432265032841,5.5317672642696403,"1,SH_CN-H-NH2-C_SH_TS,-1,SH_minus,-1,SH-CN-H-NH2-C_reactant",SH_minus
W1-SN2-BH_1796_SH_CN-Me-Me-C_OH_TS,W1-SN2-BH,0.05406110892354056,33.9238580278789,"1,SH_CN-Me-Me-C_OH_TS,-1,SH_minus,-1,OH-CN-Me-Me-C_reactant",SH_minus
W1-SN2-BH_1797_SH_CN-Me-Me-C_SH_TS,W1-SN2-BH,0.02617316957831106,16.423911876650301,"1,SH_CN-Me-Me-C_SH_TS,-1,SH_minus,-1,SH-CN-Me-Me-C_reactant",SH_minus
W1-SN2-BH_1798_SH_CN-Me-NH2-C_F_TS,W1-SN2-BH,0.02154185529388375,13.5177182858084,"1,SH_CN-Me-NH2-C_F_TS,-1,SH_minus,-1,F-CN-Me-NH2-C_reactant",SH_minus
W1-SN2-BH_1799_SH_CN-Me-NH2-C_SH_TS,W1-SN2-BH,0.02393291624944492,15.018131688485401,"1,SH_CN-Me-NH2-C_SH_TS,-1,SH_minus,-1,SH-CN-Me-NH2-C_reactant",SH_minus
W1-SN2-BH_1800_SH_CN-Me-OH-C_OH_TS,W1-SN2-BH,0.04550654065653236,28.5557853938117,"1,SH_CN-Me-OH-C_OH_TS,-1,SH_minus,-1,OH-CN-Me-OH-C_reactant",SH_minus
W1-SN2-BH_1801_SH_CN-Me-SH-C_NH2_TS,W1-SN2-BH,0.05914686515912799,37.115218248485498,"1,SH_CN-Me-SH-C_NH2_TS,-1,SH_minus,-1,NH2-CN-Me-SH-C_reactant",SH_minus
W1-SN2-BH_1802_SH_CN-NH2-NH2-C_F_TS,W1-SN2-BH,0.02285472819560070,14.3415584698765,"1,SH_CN-NH2-NH2-C_F_TS,-1,SH_minus,-1,F-CN-NH2-NH2-C_reactant",SH_minus
W1-SN2-BH_1803_SH_CN-NH2-NH2-C_PH2_TS,W1-SN2-BH,0.01156458737884474,7.2568881438556296,"1,SH_CN-NH2-NH2-C_PH2_TS,-1,PH2_minus,-1,SH-CN-NH2-NH2-C_reactant",PH2_minus
W1-SN2-BH_1804_SH_CN-NH2-NH2-C_PH2_TS,W1-SN2-BH,0.04280906807970655,26.863095795828102,"1,SH_CN-NH2-NH2-C_PH2_TS,-1,SH_minus,-1,PH2-CN-NH2-NH2-C_reactant",SH_minus
W1-SN2-BH_1805_SH_CN-NH2-NH2-C_SH_TS,W1-SN2-BH,0.01662159565140633,10.430208745303499,"1,SH_CN-NH2-NH2-C_SH_TS,-1,SH_minus,-1,SH-CN-NH2-NH2-C_reactant",SH_minus
W1-SN2-BH_1806_SH_CN-NH2-OH-C_PH2_TS,W1-SN2-BH,0.009654651005969341,6.0583849750186003,"1,SH_CN-NH2-OH-C_PH2_TS,-1,PH2_minus,-1,SH-CN-NH2-OH-C_reactant",PH2_minus
W1-SN2-BH_1807_SH_CN-NH2-OH-C_PH2_TS,W1-SN2-BH,0.03934040482604382,24.686476741820201,"1,SH_CN-NH2-OH-C_PH2_TS,-1,SH_minus,-1,PH2-CN-NH2-OH-C_reactant",SH_minus
W1-SN2-BH_1808_SH_CN-SH-SH-C_NH2_TS,W1-SN2-BH,0.04974585537388514,31.2159955424857,"1,SH_CN-SH-SH-C_NH2_TS,-1,SH_minus,-1,NH2-CN-SH-SH-C_reactant",SH_minus
W1-SN2-BH_1809_SH_F-F-F-C_NH2_TS,W1-SN2-BH,0.02716798076630410,17.048165322019901,"1,SH_F-F-F-C_NH2_TS,-1,NH2_minus,-1,SH-F-F-F-C_reactant",NH2_minus
W1-SN2-BH_1810_SH_F-F-F-C_NH2_TS,W1-SN2-BH,0.1334725145566089,83.755267411297098,"1,SH_F-F-F-C_NH2_TS,-1,SH_minus,-1,NH2-F-F-F-C_reactant",SH_minus
W1-SN2-BH_1811_SH_F-F-F-C_PH2_TS,W1-SN2-BH,0.06000749218889295,37.655269863297796,"1,SH_F-F-F-C_PH2_TS,-1,PH2_minus,-1,SH-F-F-F-C_reactant",PH2_minus
W1-SN2-BH_1812_SH_F-F-F-C_PH2_TS,W1-SN2-BH,0.09336067754536793,58.584709664668502,"1,SH_F-F-F-C_PH2_TS,-1,SH_minus,-1,PH2-F-F-F-C_reactant",SH_minus
W1-SN2-BH_1813_SH_F-F-F-C_SH_TS,W1-SN2-BH,0.06805912358297536,42.707744844748397,"1,SH_F-F-F-C_SH_TS,-1,SH_minus,-1,SH-F-F-F-C_reactant",SH_minus
W1-SN2-BH_1814_SH_F-F-H-C_F_TS,W1-SN2-BH,0.005475619202474796,3.43600292591477,"1,SH_F-F-H-C_F_TS,-1,F_minus,-1,SH-F-F-H-C_reactant",F_minus
W1-SN2-BH_1815_SH_F-F-H-C_F_TS,W1-SN2-BH,0.04813696511523881,30.206401662457299,"1,SH_F-F-H-C_F_TS,-1,SH_minus,-1,F-F-F-H-C_reactant",SH_minus
W1-SN2-BH_1816_SH_F-F-H-C_NH2_TS,W1-SN2-BH,0.005728735542440156,3.5948358272832102,"1,SH_F-F-H-C_NH2_TS,-1,NH2_minus,-1,SH-F-F-H-C_reactant",NH2_minus
W1-SN2-BH_1817_SH_F-F-H-C_NH2_TS,W1-SN2-BH,0.1079427651920382,67.735107814572601,"1,SH_F-F-H-C_NH2_TS,-1,SH_minus,-1,NH2-F-F-H-C_reactant",SH_minus
W1-SN2-BH_1818_SH_F-F-H-C_PH2_TS,W1-SN2-BH,0.03400187075862106,21.336496036903799,"1,SH_F-F-H-C_PH2_TS,-1,PH2_minus,-1,SH-F-F-H-C_reactant",PH2_minus
W1-SN2-BH_1819_SH_F-F-H-C_PH2_TS,W1-SN2-BH,0.06346193172053821,39.822963396983297,"1,SH_F-F-H-C_PH2_TS,-1,SH_minus,-1,PH2-F-F-H-C_reactant",SH_minus
W1-SN2-BH_1820_SH_F-F-H-C_SH_TS,W1-SN2-BH,0.03739272148515342,23.4642869929366,"1,SH_F-F-H-C_SH_TS,-1,SH_minus,-1,SH-F-F-H-C_reactant",SH_minus
W1-SN2-BH_1821_SH_F-F-Me-C_PH2_TS,W1-SN2-BH,0.05166173825276755,32.4182302001797,"1,SH_F-F-Me-C_PH2_TS,-1,PH2_minus,-1,SH-F-F-Me-C_reactant",PH2_minus
W1-SN2-BH_1822_SH_F-F-Me-C_PH2_TS,W1-SN2-BH,0.08095142883682879,50.797788534054902,"1,SH_F-F-Me-C_PH2_TS,-1,SH_minus,-1,PH2-F-F-Me-C_reactant",SH_minus
W1-SN2-BH_1823_SH_F-F-Me-C_SH_TS,W1-SN2-BH,0.05676155953935836,35.6184163735441,"1,SH_F-F-Me-C_SH_TS,-1,SH_minus,-1,SH-F-F-Me-C_reactant",SH_minus
W1-SN2-BH_1824_SH_F-F-NH2-C_F_TS,W1-SN2-BH,0.01469074598844668,9.2185822888047699,"1,SH_F-F-NH2-C_F_TS,-1,F_minus,-1,SH-F-F-NH2-C_reactant",F_minus
W1-SN2-BH_1825_SH_F-F-NH2-C_F_TS,W1-SN2-BH,0.05742278580023689,36.033342116744699,"1,SH_F-F-NH2-C_F_TS,-1,SH_minus,-1,F-F-F-NH2-C_reactant",SH_minus
W1-SN2-BH_1826_SH_F-F-NH2-C_SH_TS,W1-SN2-BH,0.05184417411398307,32.5327104315013,"1,SH_F-F-NH2-C_SH_TS,-1,SH_minus,-1,SH-F-F-NH2-C_reactant",SH_minus
W1-SN2-BH_1827_SH_F-H-H-C_OH_TS,W1-SN2-BH,0.002358417668678376,1.47992943089349,"1,SH_F-H-H-C_OH_TS,-1,OH_minus,-1,SH-F-H-H-C_reactant",OH_minus
W1-SN2-BH_1828_SH_F-H-H-C_OH_TS,W1-SN2-BH,0.06753360187613745,42.377974994881797,"1,SH_F-H-H-C_OH_TS,-1,SH_minus,-1,OH-F-H-H-C_reactant",SH_minus
W1-SN2-BH_1829_SH_F-H-H-C_SH_TS,W1-SN2-BH,0.02924360967405542,18.350642126273101,"1,SH_F-H-H-C_SH_TS,-1,SH_minus,-1,SH-F-H-H-C_reactant",SH_minus
W1-SN2-BH_1830_SH_F-H-Me-C_F_TS,W1-SN2-BH,0.003906813351653046,2.4515623915584999,"1,SH_F-H-Me-C_F_TS,-1,F_minus,-1,SH-F-H-Me-C_reactant",F_minus
W1-SN2-BH_1831_SH_F-H-Me-C_F_TS,W1-SN2-BH,0.04212764372979753,26.435495560402899,"1,SH_F-H-Me-C_F_TS,-1,SH_minus,-1,F-F-H-Me-C_reactant",SH_minus
W1-SN2-BH_1832_SH_F-H-Me-C_NH2_TS,W1-SN2-BH,0.002363187603795003,1.4829226103698401,"1,SH_F-H-Me-C_NH2_TS,-1,NH2_minus,-1,SH-F-H-Me-C_reactant",NH2_minus
W1-SN2-BH_1833_SH_F-H-Me-C_NH2_TS,W1-SN2-BH,0.1025406402887144,64.345223257664699,"1,SH_F-H-Me-C_NH2_TS,-1,SH_minus,-1,NH2-F-H-Me-C_reactant",SH_minus
W1-SN2-BH_1834_SH_F-H-Me-C_OH_TS,W1-SN2-BH,0.004151559682592038,2.6051430329649001,"1,SH_F-H-Me-C_OH_TS,-1,OH_minus,-1,SH-F-H-Me-C_reactant",OH_minus
W1-SN2-BH_1835_SH_F-H-Me-C_OH_TS,W1-SN2-BH,0.07592654545042508,47.6446266030243,"1,SH_F-H-Me-C_OH_TS,-1,SH_minus,-1,OH-F-H-Me-C_reactant",SH_minus
W1-SN2-BH_1836_SH_F-H-Me-C_SH_TS,W1-SN2-BH,0.03030072691594776,19.013993210755999,"1,SH_F-H-Me-C_SH_TS,-1,SH_minus,-1,SH-F-H-Me-C_reactant",SH_minus
W1-SN2-BH_1837_SH_F-H-NH2-C_F_TS,W1-SN2-BH,0.03854845042700422,24.1895178533969,"1,SH_F-H-NH2-C_F_TS,-1,SH_minus,-1,F-F-H-NH2-C_reactant",SH_minus
W1-SN2-BH_1838_SH_F-H-NH2-C_NH2_TS,W1-SN2-BH,0.08919712355806322,55.972040091861601,"1,SH_F-H-NH2-C_NH2_TS,-1,SH_minus,-1,NH2-F-H-NH2-C_reactant",SH_minus
W1-SN2-BH_1839_SH_F-H-NH2-C_OH_TS,W1-SN2-BH,0.06985453288396150,43.834381190938203,"1,SH_F-H-NH2-C_OH_TS,-1,SH_minus,-1,OH-F-H-NH2-C_reactant",SH_minus
W1-SN2-BH_1840_SH_F-H-NH2-C_PH2_TS,W1-SN2-BH,0.02612183921347586,16.391701586409098,"1,SH_F-H-NH2-C_PH2_TS,-1,PH2_minus,-1,SH-F-H-NH2-C_reactant",PH2_minus
W1-SN2-BH_1841_SH_F-H-NH2-C_PH2_TS,W1-SN2-BH,0.05812565616322292,36.474399928556601,"1,SH_F-H-NH2-C_PH2_TS,-1,SH_minus,-1,PH2-F-H-NH2-C_reactant",SH_minus
W1-SN2-BH_1842_SH_F-H-NH2-C_SH_TS,W1-SN2-BH,0.02878631850712023,18.063687586615899,"1,SH_F-H-NH2-C_SH_TS,-1,SH_minus,-1,SH-F-H-NH2-C_reactant",SH_minus
W1-SN2-BH_1843_SH_F-Me-Me-C_SH_TS,W1-SN2-BH,0.04805016445112625,30.151933423371698,"1,SH_F-Me-Me-C_SH_TS,-1,SH_minus,-1,SH-F-Me-Me-C_reactant",SH_minus
W1-SN2-BH_1844_SH_F-Me-NH2-C_F_TS,W1-SN2-BH,0.01252158003477742,7.8574101020621896,"1,SH_F-Me-NH2-C_F_TS,-1,F_minus,-1,SH-F-Me-NH2-C_reactant",F_minus
W1-SN2-BH_1845_SH_F-Me-NH2-C_F_TS,W1-SN2-BH,0.05142708385295830,32.270982341168803,"1,SH_F-Me-NH2-C_F_TS,-1,SH_minus,-1,F-F-Me-NH2-C_reactant",SH_minus
W1-SN2-BH_1846_SH_H-H-H-C_OH_TS,W1-SN2-BH,0.002066739281778141,1.2968984797341501,"1,SH_H-H-H-C_OH_TS,-1,OH_minus,-1,SH-H-H-H-C_reactant",OH_minus
W1-SN2-BH_1847_SH_H-H-H-C_OH_TS,W1-SN2-BH,0.05117755849081873,32.114402812407199,"1,SH_H-H-H-C_OH_TS,-1,SH_minus,-1,OH-H-H-H-C_reactant",SH_minus
W1-SN2-BH_1848_SH_H-H-H-C_SH_TS,W1-SN2-BH,0.02390123787959723,14.9982532112831,"1,SH_H-H-H-C_SH_TS,-1,SH_minus,-1,SH-H-H-H-C_reactant",SH_minus
W1-SN2-BH_1849_SH_H-H-Me-C_F_TS,W1-SN2-BH,0.007885418179174088,4.9481746143811396,"1,SH_H-H-Me-C_F_TS,-1,F_minus,-1,SH-H-H-Me-C_reactant",F_minus
W1-SN2-BH_1850_SH_H-H-Me-C_F_TS,W1-SN2-BH,0.02918615739408606,18.314590276285799,"1,SH_H-H-Me-C_F_TS,-1,SH_minus,-1,F-H-H-Me-C_reactant",SH_minus
W1-SN2-BH_1851_SH_H-H-Me-C_NH2_TS,W1-SN2-BH,0.003226627755696657,2.0247394859746102,"1,SH_H-H-Me-C_NH2_TS,-1,NH2_minus,-1,SH-H-H-Me-C_reactant",NH2_minus
W1-SN2-BH_1852_SH_H-H-Me-C_NH2_TS,W1-SN2-BH,0.08336193517769353,52.310404100236703,"1,SH_H-H-Me-C_NH2_TS,-1,SH_minus,-1,NH2-H-H-Me-C_reactant",SH_minus
W1-SN2-BH_1853_SH_H-H-Me-C_OH_TS,W1-SN2-BH,0.003257056312590875,2.0438336937077999,"1,SH_H-H-Me-C_OH_TS,-1,OH_minus,-1,SH-H-H-Me-C_reactant",OH_minus
W1-SN2-BH_1854_SH_H-H-Me-C_OH_TS,W1-SN2-BH,0.05534721838444560,34.730903899278999,"1,SH_H-H-Me-C_OH_TS,-1,SH_minus,-1,OH-H-H-Me-C_reactant",SH_minus
W1-SN2-BH_1855_SH_H-H-Me-C_SH_TS,W1-SN2-BH,0.03008332350900561,18.877570513206201,"1,SH_H-H-Me-C_SH_TS,-1,SH_minus,-1,SH-H-H-Me-C_reactant",SH_minus
W1-SN2-BH_1856_SH_H-H-NH2-C_SH_TS,W1-SN2-BH,0.02099376129381545,13.1737841080884,"1,SH_H-H-NH2-C_SH_TS,-1,SH_minus,-1,SH-H-H-NH2-C_reactant",SH_minus
W1-SN2-BH_1857_SH_H-Me-Me-C_NH2_TS,W1-SN2-BH,0.006144204729431002,3.85554667830126,"1,SH_H-Me-Me-C_NH2_TS,-1,NH2_minus,-1,SH-H-Me-Me-C_reactant",NH2_minus
W1-SN2-BH_1858_SH_H-Me-Me-C_NH2_TS,W1-SN2-BH,0.08760065963127960,54.970243852804899,"1,SH_H-Me-Me-C_NH2_TS,-1,SH_minus,-1,NH2-H-Me-Me-C_reactant",SH_minus
W1-SN2-BH_1859_SH_H-Me-Me-C_OH_TS,W1-SN2-BH,0.005925696045410254,3.7184304089131799,"1,SH_H-Me-Me-C_OH_TS,-1,OH_minus,-1,SH-H-Me-Me-C_reactant",OH_minus
W1-SN2-BH_1860_SH_H-Me-Me-C_OH_TS,W1-SN2-BH,0.06124159982094063,38.429684094421297,"1,SH_H-Me-Me-C_OH_TS,-1,SH_minus,-1,OH-H-Me-Me-C_reactant",SH_minus
W1-SN2-BH_1861_SH_H-Me-Me-C_SH_TS,W1-SN2-BH,0.03252769392170516,20.411436105294701,"1,SH_H-Me-Me-C_SH_TS,-1,SH_minus,-1,SH-H-Me-Me-C_reactant",SH_minus
W1-SN2-BH_1862_SH_H-Me-NH2-C_NH2_TS,W1-SN2-BH,0.00006012976597808277,3.7731997824444002E-2,"1,SH_H-Me-NH2-C_NH2_TS,-1,NH2_minus,-1,SH-H-Me-NH2-C_reactant",NH2_minus
W1-SN2-BH_1863_SH_H-Me-NH2-C_NH2_TS,W1-SN2-BH,0.08428702168151264,52.890904645711103,"1,SH_H-Me-NH2-C_NH2_TS,-1,SH_minus,-1,NH2-H-Me-NH2-C_reactant",SH_minus
W1-SN2-BH_1864_SH_H-Me-NH2-C_PH2_TS,W1-SN2-BH,0.02012137053898208,12.626350644345401,"1,SH_H-Me-NH2-C_PH2_TS,-1,PH2_minus,-1,SH-H-Me-NH2-C_reactant",PH2_minus
W1-SN2-BH_1865_SH_H-Me-NH2-C_PH2_TS,W1-SN2-BH,0.04702752208827442,29.510215652103899,"1,SH_H-Me-NH2-C_PH2_TS,-1,SH_minus,-1,PH2-H-Me-NH2-C_reactant",SH_minus
W1-SN2-BH_1866_SH_H-NH2-NH2-C_NH2_TS,W1-SN2-BH,0.08712126103932185,54.669416694498899,"1,SH_H-NH2-NH2-C_NH2_TS,-1,SH_minus,-1,NH2-H-NH2-NH2-C_reactant",SH_minus
W1-SN2-BH_1867_SH_H-NH2-SH-C_NH2_TS,W1-SN2-BH,0.07128767738083130,44.733692940425399,"1,SH_H-NH2-SH-C_NH2_TS,-1,SH_minus,-1,NH2-H-NH2-SH-C_reactant",SH_minus
W1-SN2-BH_1868_SH_H-OH-SH-C_F_TS,W1-SN2-BH,0.02567296523151209,16.110028910066401,"1,SH_H-OH-SH-C_F_TS,-1,SH_minus,-1,F-H-OH-SH-C_reactant",SH_minus
W1-SN2-BH_1869_SH_H-SH-SH-C_F_TS,W1-SN2-BH,0.01497332700532251,9.3959045540847406,"1,SH_H-SH-SH-C_F_TS,-1,SH_minus,-1,F-H-SH-SH-C_reactant",SH_minus
W1-SN2-BH_1870_SH_H-SH-SH-C_NH2_TS,W1-SN2-BH,0.06937365097913218,43.532623239752297,"1,SH_H-SH-SH-C_NH2_TS,-1,SH_minus,-1,NH2-H-SH-SH-C_reactant",SH_minus
W1-SN2-BH_1871_SH_H-SH-SH-C_PH2_TS,W1-SN2-BH,0.007671042315361644,4.8136517288283702,"1,SH_H-SH-SH-C_PH2_TS,-1,PH2_minus,-1,SH-H-SH-SH-C_reactant",PH2_minus
W1-SN2-BH_1872_SH_H-SH-SH-C_PH2_TS,W1-SN2-BH,0.04276195584272680,26.833532420779001,"1,SH_H-SH-SH-C_PH2_TS,-1,SH_minus,-1,PH2-H-SH-SH-C_reactant",SH_minus
W1-SN2-BH_1873_SH_Me-Me-Me-C_SH_TS,W1-SN2-BH,0.04964328117695114,31.1516292621152,"1,SH_Me-Me-Me-C_SH_TS,-1,SH_minus,-1,SH-Me-Me-Me-C_reactant",SH_minus
W1-SN2-BH_1874_SH_Me-Me-NH2-C_SH_TS,W1-SN2-BH,0.01817916450919703,11.407597960072801,"1,SH_Me-Me-NH2-C_SH_TS,-1,SH_minus,-1,SH-Me-Me-NH2-C_reactant",SH_minus
W1-SN2-BH_1875_SH_Me-OH-SH-C_F_TS,W1-SN2-BH,0.03339237693563339,20.9540328885961,"1,SH_Me-OH-SH-C_F_TS,-1,SH_minus,-1,F-Me-OH-SH-C_reactant",SH_minus
W1-SN2-BH_1876_SH_Me-SH-SH-C_NH2_TS,W1-SN2-BH,0.07998581728193716,50.1918581350956,"1,SH_Me-SH-SH-C_NH2_TS,-1,SH_minus,-1,NH2-Me-SH-SH-C_reactant",SH_minus
W1-SN2-BH_1877_SH_Me-SH-SH-C_OH_TS,W1-SN2-BH,0.05618216603014683,35.254841457303201,"1,SH_Me-SH-SH-C_OH_TS,-1,SH_minus,-1,OH-Me-SH-SH-C_reactant",SH_minus
W1-SN2-BH_1878_SH_Me-SH-SH-C_PH2_TS,W1-SN2-BH,0.02072333732481521,13.004090505527,"1,SH_Me-SH-SH-C_PH2_TS,-1,PH2_minus,-1,SH-Me-SH-SH-C_reactant",PH2_minus
W1-SN2-BH_1879_SH_Me-SH-SH-C_PH2_TS,W1-SN2-BH,0.05486819598666763,34.430312806384897,"1,SH_Me-SH-SH-C_PH2_TS,-1,SH_minus,-1,PH2-Me-SH-SH-C_reactant",SH_minus
W1-SN2-BH_1880_SH_NH2-SH-SH-C_NH2_TS,W1-SN2-BH,0.07884913199612317,49.478577349219201,"1,SH_NH2-SH-SH-C_NH2_TS,-1,SH_minus,-1,NH2-NH2-SH-SH-C_reactant",SH_minus
W1-SN2-BH_1881_SH_NH2-SH-SH-C_OH_TS,W1-SN2-BH,0.05139109178100445,32.248396975026601,"1,SH_NH2-SH-SH-C_OH_TS,-1,SH_minus,-1,OH-NH2-SH-SH-C_reactant",SH_minus
