Reaction,Dataset,Reference,Reference_in_kcal_mol,TAE_in_kcal_mol,Number_of_atoms,Stoichiometry,Subset
TAE-PTComp_0001_s_li_1,TAE-PTComp,0.122796375312001,77.0558888888889,693.503,9,"-0.111111111111111,s_li_1,0.555555555555556,H,0.111111111111111,Li,0.222222222222222,C,0.111111111111111,Cl_anion",s_li
TAE-PTComp_0002_s_li_2,TAE-PTComp,0.0634758012636178,39.8316666666667,119.495,3,"-0.333333333333333,s_li_2,0.333333333333333,H_anion,0.333333333333333,H,0.333333333333333,Li",s_li
TAE-PTComp_0003_s_li_3,TAE-PTComp,0.108261844866588,67.9353333333333,611.418,9,"-0.111111111111111,s_li_3,0.444444444444444,H,0.222222222222222,Li,0.111111111111111,N,0.111111111111111,O_anion,0.111111111111111,O",s_li
TAE-PTComp_0004_s_li_4,TAE-PTComp,0.102816701917981,64.5184545454545,709.703,11,"-0.0909090909090909,s_li_4,0.454545454545455,H,0.181818181818182,Li,0.0909090909090909,N,0.181818181818182,O,0.0909090909090909,F_anion",s_li
TAE-PTComp_0005_s_li_5,TAE-PTComp,0.152576660524447,95.7433,957.433,10,"-0.1,s_li_5,0.3,H,0.2,Li,0.1,B,0.1,C,0.1,N,0.1,O,0.1,F",s_li
TAE-PTComp_0006_s_li_6,TAE-PTComp,0.144325772306311,90.5657894736842,1720.75,19,"-0.0526315789473684,s_li_6,0.315789473684211,H,0.105263157894737,Li,0.210526315789474,C,0.157894736842105,N,0.0526315789473684,O,0.157894736842105,F",s_li
TAE-PTComp_0007_s_li_7,TAE-PTComp,0.14690681951897,92.1854210526316,1751.523,19,"-0.0526315789473684,s_li_7,0.315789473684211,H,0.105263157894737,Li,0.210526315789474,C,0.157894736842105,N,0.0526315789473684,O,0.157894736842105,F",s_li
TAE-PTComp_0008_s_li_8,TAE-PTComp,0.140340055291116,88.0647142857143,1232.906,14,"-0.0714285714285714,s_li_8,0.642857142857143,H,0.0714285714285714,Li,0.285714285714286,C",s_li
TAE-PTComp_0009_s_li_9,TAE-PTComp,0.10511372316942,65.9598571428571,461.719,7,"-0.142857142857143,s_li_9,0.571428571428571,H,0.285714285714286,Li,0.142857142857143,C",s_li
TAE-PTComp_0010_s_li_10,TAE-PTComp,0.115206228731346,72.293,433.758,6,"-0.166666666666667,s_li_10,0.333333333333333,H,0.333333333333333,Li,0.333333333333333,C",s_li
TAE-PTComp_0011_s_li_11,TAE-PTComp,0.0822417861930329,51.6075,206.43,4,"-0.25,s_li_11,0.25,H,0.5,Li,0.25,N",s_li
TAE-PTComp_0012_s_li_12,TAE-PTComp,0.095611305454118,59.997,239.988,4,"-0.25,s_li_12,0.5,Li,0.5,S",s_li
TAE-PTComp_0013_s_li_13,TAE-PTComp,0.133889811186423,84.017125,672.137,8,"-0.125,s_li_13,0.5,Li,0.25,F,0.25,Cl",s_li
TAE-PTComp_0014_s_li_14,TAE-PTComp,0.124009442433016,77.8171,1556.342,20,"-0.05,s_li_14,0.6,H,0.2,Li,0.2,C",s_li
TAE-PTComp_0015_s_li_15,TAE-PTComp,0.106099792516129,66.578625,532.629,8,"-0.125,s_li_15,0.5,Li,0.5,N",s_li
TAE-PTComp_0016_s_li_16,TAE-PTComp,0.0747419563414743,46.9012857142857,328.309,7,"-0.142857142857143,s_li_16,0.142857142857143,H,0.714285714285714,Li,0.142857142857143,C",s_li
TAE-PTComp_0017_s_li_17,TAE-PTComp,0.120711391297735,75.7475416666667,1817.941,24,"-0.0416666666666667,s_li_17,0.5,H,0.25,Li,0.25,N",s_li
TAE-PTComp_0018_s_li_18,TAE-PTComp,0.0367245451304257,23.045,184.36,8,"-0.125,s_li_18,1,Li",s_li
TAE-PTComp_0019_s_li_19,TAE-PTComp,0.148087405594542,92.92625,371.705,4,"-0.25,s_li_19,0.25,H,0.25,Li,0.5,C",s_li
TAE-PTComp_0020_s_li_20,TAE-PTComp,0.113585536069265,71.276,356.38,5,"-0.2,s_li_20,0.6,H,0.2,Li,0.2,C",s_li
TAE-PTComp_0021_s_li_21,TAE-PTComp,0.106924879660467,67.096375,536.771,8,"-0.125,s_li_21,0.5,Li,0.5,Cl",s_li
TAE-PTComp_0022_s_li_22,TAE-PTComp,0.150835757193921,94.6508666666667,1419.763,15,"-0.0666666666666667,s_li_22,0.533333333333333,H,0.0666666666666667,Li,0.266666666666667,C,0.0666666666666667,O,0.0666666666666667,F",s_li
TAE-PTComp_0023_s_li_23,TAE-PTComp,0.0982095132380471,61.6274,308.137,5,"-0.2,s_li_23,0.6,H,0.2,Li,0.2,O",s_li
TAE-PTComp_0024_s_li_24,TAE-PTComp,0.0933972618567561,58.6076666666667,175.823,3,"-0.333333333333333,s_li_24,0.666666666666667,Li,0.333333333333333,O",s_li
TAE-PTComp_0025_s_li_25,TAE-PTComp,0.120675468865328,75.725,454.35,6,"-0.166666666666667,s_li_25,0.5,H,0.166666666666667,Li,0.166666666666667,C,0.166666666666667,S",s_li
TAE-PTComp_0026_s_li_26,TAE-PTComp,0.106984938514648,67.1340625,1074.145,16,"-0.0625,s_li_26,0.3125,H,0.25,Li,0.0625,C,0.0625,N,0.125,O,0.0625,F,0.0625,S,0.0625,Cl",s_li
TAE-PTComp_0027_s_li_27,TAE-PTComp,0.175085891284101,109.868055555556,1977.625,18,"-0.0555555555555556,s_li_27,0.222222222222222,H,0.222222222222222,Li,0.555555555555556,C",s_li
TAE-PTComp_0028_s_li_28,TAE-PTComp,0.173488881310053,108.865916666667,1306.391,12,"-0.0833333333333333,s_li_28,0.416666666666667,H,0.0833333333333333,Li,0.5,C",s_li
TAE-PTComp_0029_s_li_29,TAE-PTComp,0.1644443697907,103.1904,515.952,5,"-0.2,s_li_29,0.2,H,0.2,Li,0.4,F",s_li
TAE-PTComp_0030_s_li_30,TAE-PTComp,0.186680719322846,117.14392,2928.598,25,"-0.04,s_li_30,0.48,H,0.04,Li,0.04,C_cation,0.44,C",s_li
TAE-PTComp_0031_s_li_31,TAE-PTComp,0.192522192880632,120.8095,483.238,4,"-0.25,s_li_31,0.25,H,0.25,Li,0.25,C_cation,0.25,N",s_li
TAE-PTComp_0032_s_li_32,TAE-PTComp,0.135470066212023,85.00875,340.035,4,"-0.25,s_li_32,0.75,Li,0.25,S_cation",s_li
TAE-PTComp_0033_s_li_33,TAE-PTComp,0.108812887246054,68.2811176470588,1160.779,17,"-0.0588235294117647,s_li_33,0.705882352941177,H,0.0588235294117647,Li,0.0588235294117647,P_cation,0.176470588235294,P",s_li
TAE-PTComp_0034_s_li_34,TAE-PTComp,0.188006590406958,117.975916666667,1415.711,12,"-0.0833333333333333,s_li_34,0.416666666666667,H,0.0833333333333333,Li,0.0833333333333333,C_cation,0.333333333333333,C,0.0833333333333333,N",s_li
TAE-PTComp_0035_s_li_35,TAE-PTComp,0.112751224424298,70.7524615384615,919.782,13,"-0.0769230769230769,s_li_35,0.615384615384615,H,0.0769230769230769,Li,0.0769230769230769,S_cation,0.230769230769231,S",s_li
TAE-PTComp_0036_s_li_36,TAE-PTComp,0.1520194843418,95.3936666666667,858.543,9,"-0.111111111111111,s_li_36,0.555555555555556,H,0.111111111111111,Li,0.222222222222222,N",s_li
TAE-PTComp_0037_s_be_1,TAE-PTComp,0.0861863481515526,54.08275,216.331,4,"-0.25,s_be_1,0.25,H_anion,0.5,H,0.25,Be",s_be
TAE-PTComp_0038_s_be_2,TAE-PTComp,0.103057806571853,64.66975,517.358,8,"-0.125,s_be_2,0.125,H_anion,0.625,H,0.125,Be,0.125,N",s_be
TAE-PTComp_0039_s_be_3,TAE-PTComp,0.124234512076059,77.9583333333333,467.75,6,"-0.166666666666667,s_be_3,0.333333333333333,H,0.333333333333333,Be,0.166666666666667,O,0.166666666666667,F_anion",s_be
TAE-PTComp_0040_s_be_4,TAE-PTComp,0.163515821694844,102.607727272727,1128.685,11,"-0.0909090909090909,s_be_4,0.363636363636364,H,0.0909090909090909,Be,0.181818181818182,B,0.272727272727273,C,0.0909090909090909,O",s_be
TAE-PTComp_0041_s_be_5,TAE-PTComp,0.158581124282325,99.5111578947368,1890.712,19,"-0.0526315789473684,s_be_5,0.263157894736842,H,0.0526315789473684,Be,0.315789473684211,C,0.368421052631579,F",s_be
TAE-PTComp_0042_s_be_6,TAE-PTComp,0.126348955583568,79.2851666666667,475.711,6,"-0.166666666666667,s_be_6,0.333333333333333,Be,0.666666666666667,Cl",s_be
TAE-PTComp_0043_s_be_7,TAE-PTComp,0.173895116876531,109.120833333333,654.725,6,"-0.166666666666667,s_be_7,0.333333333333333,Be,0.666666666666667,F",s_be
TAE-PTComp_0044_s_be_8,TAE-PTComp,0.0913922456479647,57.3495,688.194,12,"-0.0833333333333333,s_be_8,0.666666666666667,H,0.333333333333333,Be",s_be
TAE-PTComp_0045_s_be_9,TAE-PTComp,0.16929446764378,106.233882352941,1805.976,17,"-0.0588235294117647,s_be_9,0.294117647058824,H,0.235294117647059,Be,0.117647058823529,C,0.0588235294117647,N,0.294117647058824,O",s_be
TAE-PTComp_0046_s_be_10,TAE-PTComp,0.136607897638499,85.72275,685.782,8,"-0.125,s_be_10,0.5,Be,0.5,S",s_be
TAE-PTComp_0047_s_be_11,TAE-PTComp,0.167526738208329,105.124615384615,1366.62,13,"-0.0769230769230769,s_be_11,0.461538461538462,H,0.0769230769230769,Be,0.461538461538462,C",s_be
TAE-PTComp_0048_s_be_12,TAE-PTComp,0.119623691916485,75.065,225.195,3,"-0.333333333333333,s_be_12,0.333333333333333,Be,0.666666666666667,Cl",s_be
TAE-PTComp_0049_s_be_13,TAE-PTComp,0.176813114937525,110.951904761905,2329.99,21,"-0.0476190476190476,s_be_13,0.476190476190476,H,0.0476190476190476,Be,0.476190476190476,C",s_be
TAE-PTComp_0050_s_be_14,TAE-PTComp,0.106295340692539,66.7013333333333,400.208,6,"-0.166666666666667,s_be_14,0.666666666666667,H,0.166666666666667,Be,0.166666666666667,O",s_be
TAE-PTComp_0051_s_be_15,TAE-PTComp,0.0906233329543032,56.867,398.069,7,"-0.142857142857143,s_be_15,0.714285714285714,H,0.142857142857143,Be,0.142857142857143,P",s_be
TAE-PTComp_0052_s_be_16,TAE-PTComp,0.123200795943509,77.3096666666667,231.929,3,"-0.333333333333333,s_be_16,0.333333333333333,H,0.333333333333333,Be,0.333333333333333,F",s_be
TAE-PTComp_0053_s_be_17,TAE-PTComp,0.134872509939615,84.6337777777778,761.704,9,"-0.111111111111111,s_be_17,0.666666666666667,H,0.111111111111111,Be,0.222222222222222,C",s_be
TAE-PTComp_0054_s_be_18,TAE-PTComp,0.128429933460887,80.591,564.137,7,"-0.142857142857143,s_be_18,0.571428571428571,H,0.142857142857143,Be,0.285714285714286,N",s_be
TAE-PTComp_0055_s_be_19,TAE-PTComp,0.0861724041389732,54.074,108.148,2,"-0.5,s_be_19,0.5,Be,0.5,O",s_be
TAE-PTComp_0056_s_be_20,TAE-PTComp,0.162299034560777,101.844181818182,3360.858,33,"-0.0303030303030303,s_be_20,0.363636363636364,H,0.272727272727273,Be,0.0909090909090909,C,0.272727272727273,O",s_be
TAE-PTComp_0057_s_be_21,TAE-PTComp,0.197456176747958,123.905621621622,4584.508,37,"-0.027027027027027,s_be_21,0.324324324324324,H,0.027027027027027,Be,0.540540540540541,C,0.108108108108108,N",s_be
TAE-PTComp_0058_s_be_22,TAE-PTComp,0.132762887478879,83.3099696969697,2749.229,33,"-0.0303030303030303,s_be_22,0.363636363636364,H,0.272727272727273,Be,0.0909090909090909,C,0.272727272727273,S",s_be
TAE-PTComp_0059_s_be_23,TAE-PTComp,0.113137335664929,70.99475,567.958,8,"-0.125,s_be_23,0.75,H,0.125,Be,0.125,C",s_be
TAE-PTComp_0060_s_be_24,TAE-PTComp,0.136739312842767,85.8052142857143,1201.273,14,"-0.0714285714285714,s_be_24,0.285714285714286,H,0.285714285714286,Be,0.0714285714285714,C,0.0714285714285714,N,0.142857142857143,O,0.0714285714285714,F,0.0714285714285714,S",s_be
TAE-PTComp_0061_s_be_25,TAE-PTComp,0.133761227470423,83.9364375,1342.983,16,"-0.0625,s_be_25,0.1875,H,0.25,Be,0.1875,C,0.0625,O,0.0625,F,0.0625,P,0.125,S,0.0625,Cl",s_be
TAE-PTComp_0062_s_be_26,TAE-PTComp,0.122548747355274,76.9005,1076.607,14,"-0.0714285714285714,s_be_26,0.5,H,0.285714285714286,Be,0.0714285714285714,C,0.0714285714285714,N,0.0714285714285714,O",s_be
TAE-PTComp_0063_s_be_27,TAE-PTComp,0.153826044051557,96.5273,965.273,10,"-0.1,s_be_27,0.3,H,0.1,Be_cation,0.3,C,0.2,N,0.1,O",s_be
TAE-PTComp_0064_s_be_28,TAE-PTComp,0.0318983231765314,20.0165,40.033,2,"-0.5,s_be_28,0.5,Be,0.5,B_cation",s_be
TAE-PTComp_0065_s_be_29,TAE-PTComp,0.114958423707793,72.1375,144.275,2,"-0.5,s_be_29,0.5,Be_cation,0.5,F",s_be
TAE-PTComp_0066_s_be_30,TAE-PTComp,0.142284610618472,89.2849411764706,1517.844,17,"-0.0588235294117647,s_be_30,0.352941176470588,H,0.0588235294117647,Be_cation,0.176470588235294,Be,0.0588235294117647,C,0.0588235294117647,N,0.117647058823529,O,0.0588235294117647,F,0.0588235294117647,S,0.0588235294117647,Cl",s_be
TAE-PTComp_0067_s_na_1,TAE-PTComp,0.119644843353749,75.0782727272727,825.861,11,"-0.0909090909090909,s_na_1,0.363636363636364,H,0.272727272727273,C,0.181818181818182,Na,0.0909090909090909,Si_anion,0.0909090909090909,P",s_na
TAE-PTComp_0068_s_na_2,TAE-PTComp,0.109586158908354,68.7663529411765,1169.028,17,"-0.0588235294117647,s_na_2,0.0588235294117647,H_anion,0.647058823529412,H,0.235294117647059,B,0.0588235294117647,Na",s_na
TAE-PTComp_0069_s_na_3,TAE-PTComp,0.0528443548726387,33.1603333333333,99.481,3,"-0.333333333333333,s_na_3,0.333333333333333,H_anion,0.333333333333333,H,0.333333333333333,Na",s_na
TAE-PTComp_0070_s_na_4,TAE-PTComp,0.172618361347585,108.319657142857,3791.188,35,"-0.0285714285714286,s_na_4,0.285714285714286,H,0.342857142857143,C,0.114285714285714,N,0.142857142857143,O,0.0571428571428571,Na,0.0571428571428571,S",s_na
TAE-PTComp_0071_s_na_5,TAE-PTComp,0.138744177279993,87.0632857142857,1218.886,14,"-0.0714285714285714,s_na_5,0.642857142857143,H,0.285714285714286,C,0.0714285714285714,Na",s_na
TAE-PTComp_0072_s_na_6,TAE-PTComp,0.10800645126476,67.7750714285714,948.851,14,"-0.0714285714285714,s_na_6,0.571428571428571,H,0.0714285714285714,C,0.0714285714285714,N,0.0714285714285714,O,0.214285714285714,Na",s_na
TAE-PTComp_0073_s_na_7,TAE-PTComp,0.112707461677125,70.725,1131.6,16,"-0.0625,s_na_7,0.4375,H,0.125,C,0.0625,N,0.125,O,0.25,Na",s_na
TAE-PTComp_0074_s_na_8,TAE-PTComp,0.156581434057286,98.2563333333333,589.538,6,"-0.166666666666667,s_na_8,0.166666666666667,C,0.5,O,0.333333333333333,Na",s_na
TAE-PTComp_0075_s_na_9,TAE-PTComp,0.0625616052388914,39.258,117.774,3,"-0.333333333333333,s_na_9,0.333333333333333,O,0.666666666666667,Na",s_na
TAE-PTComp_0076_s_na_10,TAE-PTComp,0.081629843240979,51.2235,204.894,4,"-0.25,s_na_10,0.5,O,0.5,Na",s_na
TAE-PTComp_0077_s_na_11,TAE-PTComp,0.157921387266102,99.0971666666667,2378.332,24,"-0.0416666666666667,s_na_11,0.333333333333333,H,0.333333333333333,C,0.166666666666667,N,0.166666666666667,Na",s_na
TAE-PTComp_0078_s_na_12,TAE-PTComp,0.143006980776029,89.7382352941176,1525.55,17,"-0.0588235294117647,s_na_12,0.294117647058824,H,0.117647058823529,C,0.0588235294117647,N,0.0588235294117647,O,0.235294117647059,F,0.235294117647059,Na",s_na
TAE-PTComp_0079_s_na_13,TAE-PTComp,0.114198389650712,71.6605714285714,1003.248,14,"-0.0714285714285714,s_na_13,0.428571428571429,H,0.142857142857143,C,0.285714285714286,Na,0.142857142857143,Cl",s_na
TAE-PTComp_0080_s_na_14,TAE-PTComp,0.108628837997664,68.165625,1090.65,16,"-0.0625,s_na_14,0.5,H,0.25,N,0.25,Na",s_na
TAE-PTComp_0081_s_na_15,TAE-PTComp,0.0247500247278151,15.530875,124.247,8,"-0.125,s_na_15,1,Na",s_na
TAE-PTComp_0082_s_na_16,TAE-PTComp,0.141552046098778,88.82525,355.301,4,"-0.25,s_na_16,0.25,H,0.5,C,0.25,Na",s_na
TAE-PTComp_0083_s_na_17,TAE-PTComp,0.0876691942892771,55.01325,220.053,4,"-0.25,s_na_17,0.5,Na,0.5,Cl",s_na
TAE-PTComp_0084_s_na_18,TAE-PTComp,0.0946153045555927,59.372,474.976,8,"-0.125,s_na_18,0.5,Na,0.5,Cl",s_na
TAE-PTComp_0085_s_na_19,TAE-PTComp,0.166952640504403,104.764363636364,1152.408,11,"-0.0909090909090909,s_na_19,0.454545454545455,H,0.454545454545455,C,0.0909090909090909,Na",s_na
TAE-PTComp_0086_s_na_20,TAE-PTComp,0.0917691323879667,57.586,115.172,2,"-0.5,s_na_20,0.5,F,0.5,Na",s_na
TAE-PTComp_0087_s_na_21,TAE-PTComp,0.163243067495537,102.436571428571,717.056,7,"-0.142857142857143,s_na_21,0.571428571428571,H,0.142857142857143,C_cation,0.142857142857143,C,0.142857142857143,Na",s_na
TAE-PTComp_0088_s_na_22,TAE-PTComp,0.160951696285558,100.998714285714,706.991,7,"-0.142857142857143,s_na_22,0.428571428571429,H,0.285714285714286,O,0.142857142857143,Na",s_na
TAE-PTComp_0089_s_na_23,TAE-PTComp,0.162612684298276,102.041,510.205,5,"-0.2,s_na_23,0.2,H,0.4,F,0.2,Na",s_na
TAE-PTComp_0090_s_na_24,TAE-PTComp,0.128820834519414,80.8362941176471,1374.217,17,"-0.0588235294117647,s_na_24,0.294117647058824,H,0.0588235294117647,C,0.0588235294117647,N,0.117647058823529,O,0.0588235294117647,F,0.294117647058824,Na,0.0588235294117647,S_cation,0.0588235294117647,Cl",s_na
TAE-PTComp_0091_s_na_25,TAE-PTComp,0.156256339364007,98.0523333333333,294.157,3,"-0.333333333333333,s_na_25,0.333333333333333,H,0.333333333333333,Na,0.333333333333333,Cl_cation",s_na
TAE-PTComp_0092_s_na_26,TAE-PTComp,0.195023518084528,122.379105263158,2325.203,19,"-0.0526315789473684,s_na_26,0.421052631578947,H,0.0526315789473684,C_cation,0.473684210526316,C,0.0526315789473684,Na",s_na
TAE-PTComp_0093_s_na_27,TAE-PTComp,0.138078440235712,86.6455294117647,1472.974,17,"-0.0588235294117647,s_na_27,0.647058823529412,H,0.235294117647059,N,0.0588235294117647,Na",s_na
TAE-PTComp_0094_s_na_28,TAE-PTComp,0.187003152701723,117.34625,1408.155,12,"-0.0833333333333333,s_na_28,0.416666666666667,H,0.0833333333333333,C_cation,0.333333333333333,C,0.0833333333333333,N,0.0833333333333333,Na",s_na
TAE-PTComp_0095_s_na_29,TAE-PTComp,0.113328080903673,71.1144444444444,640.03,9,"-0.111111111111111,s_na_29,0.666666666666667,H,0.111111111111111,Na,0.111111111111111,P_cation,0.111111111111111,P",s_na
TAE-PTComp_0096_s_mg_1,TAE-PTComp,0.170087935097761,106.731790697674,4589.467,43,"-0.0232558139534884,s_mg_1,0.488372093023256,H,0.348837209302326,C,0.0232558139534884,O_anion,0.116279069767442,O,0.0232558139534884,Mg",s_mg
TAE-PTComp_0097_s_mg_2,TAE-PTComp,0.136292762954205,85.525,342.1,4,"-0.25,s_mg_2,0.25,F_anion,0.5,F,0.25,Mg",s_mg
TAE-PTComp_0098_s_mg_3,TAE-PTComp,0.0687901964579093,43.1665,172.666,4,"-0.25,s_mg_3,0.25,H_anion,0.5,H,0.25,Mg",s_mg
TAE-PTComp_0099_s_mg_4,TAE-PTComp,0.113666390373786,71.3267368421053,1355.208,19,"-0.0526315789473684,s_mg_4,0.368421052631579,H,0.105263157894737,C,0.105263157894737,O,0.105263157894737,F,0.210526315789474,Mg,0.0526315789473684,P,0.0526315789473684,Cl_anion",s_mg
TAE-PTComp_0100_s_mg_5,TAE-PTComp,0.12295725450275,77.1568421052632,1465.98,19,"-0.0526315789473684,s_mg_5,0.368421052631579,H,0.105263157894737,C,0.105263157894737,O,0.105263157894737,F,0.210526315789474,Mg,0.0526315789473684,P,0.0526315789473684,Cl_anion",s_mg
TAE-PTComp_0101_s_mg_6,TAE-PTComp,0.122272747844748,76.7273076923077,997.455,13,"-0.0769230769230769,s_mg_6,0.307692307692308,H,0.0769230769230769,C,0.307692307692308,F,0.0769230769230769,Mg,0.153846153846154,P,0.0769230769230769,S",s_mg
TAE-PTComp_0102_s_mg_7,TAE-PTComp,0.145631267378779,91.385,1279.39,14,"-0.0714285714285714,s_mg_7,0.357142857142857,H,0.142857142857143,C,0.0714285714285714,N,0.142857142857143,O,0.142857142857143,F,0.0714285714285714,Mg,0.0714285714285714,S",s_mg
TAE-PTComp_0103_s_mg_8,TAE-PTComp,0.112730037697492,70.7391666666667,424.435,6,"-0.166666666666667,s_mg_8,0.333333333333333,Mg,0.666666666666667,Cl",s_mg
TAE-PTComp_0104_s_mg_9,TAE-PTComp,0.149024044839515,93.514,561.084,6,"-0.166666666666667,s_mg_9,0.666666666666667,F,0.333333333333333,Mg",s_mg
TAE-PTComp_0105_s_mg_10,TAE-PTComp,0.116889603049973,73.3493333333333,880.192,12,"-0.0833333333333333,s_mg_10,0.333333333333333,Mg,0.666666666666667,Cl",s_mg
TAE-PTComp_0106_s_mg_11,TAE-PTComp,0.0695555235483362,43.64675,523.761,12,"-0.0833333333333333,s_mg_11,0.666666666666667,H,0.333333333333333,Mg",s_mg
TAE-PTComp_0107_s_mg_12,TAE-PTComp,0.149951614617483,94.0960588235294,1599.633,17,"-0.0588235294117647,s_mg_12,0.294117647058824,H,0.117647058823529,C,0.0588235294117647,N,0.294117647058824,O,0.235294117647059,Mg",s_mg
TAE-PTComp_0108_s_mg_13,TAE-PTComp,0.112874391427718,70.82975,566.638,8,"-0.125,s_mg_13,0.5,Mg,0.5,S",s_mg
TAE-PTComp_0109_s_mg_14,TAE-PTComp,0.167594159807614,105.166923076923,1367.17,13,"-0.0769230769230769,s_mg_14,0.461538461538462,H,0.461538461538462,C,0.0769230769230769,Mg",s_mg
TAE-PTComp_0110_s_mg_15,TAE-PTComp,0.121977006621306,76.5417272727273,841.959,11,"-0.0909090909090909,s_mg_15,0.545454545454545,H,0.181818181818182,N,0.0909090909090909,Mg,0.181818181818182,Cl",s_mg
TAE-PTComp_0111_s_mg_16,TAE-PTComp,0.173977357334723,109.17244,2729.311,25,"-0.04,s_mg_16,0.48,H,0.48,C,0.04,Mg",s_mg
TAE-PTComp_0112_s_mg_17,TAE-PTComp,0.135023643286213,84.7286153846154,1101.472,13,"-0.0769230769230769,s_mg_17,0.615384615384615,H,0.307692307692308,C,0.0769230769230769,Mg",s_mg
TAE-PTComp_0113_s_mg_18,TAE-PTComp,0.134779018655273,84.5751111111111,761.176,9,"-0.111111111111111,s_mg_18,0.444444444444444,H,0.222222222222222,O,0.222222222222222,F,0.111111111111111,Mg",s_mg
TAE-PTComp_0114_s_mg_19,TAE-PTComp,0.107850695695676,67.6773333333333,406.064,6,"-0.166666666666667,s_mg_19,0.666666666666667,H,0.166666666666667,C,0.166666666666667,Mg",s_mg
TAE-PTComp_0115_s_mg_20,TAE-PTComp,0.125201828148706,78.5653333333333,707.088,9,"-0.111111111111111,s_mg_20,0.666666666666667,H,0.222222222222222,C,0.111111111111111,Mg",s_mg
TAE-PTComp_0116_s_mg_21,TAE-PTComp,0.11993125699395,75.258,451.548,6,"-0.166666666666667,s_mg_21,0.5,H,0.166666666666667,N,0.166666666666667,O,0.166666666666667,Mg",s_mg
TAE-PTComp_0117_s_mg_22,TAE-PTComp,0.197057302615147,123.655324324324,4575.247,37,"-0.027027027027027,s_mg_22,0.324324324324324,H,0.540540540540541,C,0.108108108108108,N,0.027027027027027,Mg",s_mg
TAE-PTComp_0118_s_mg_23,TAE-PTComp,0.124185329161101,77.9274705882353,1324.767,17,"-0.0588235294117647,s_mg_23,0.294117647058824,H,0.0588235294117647,C,0.0588235294117647,N,0.117647058823529,O,0.0588235294117647,F,0.294117647058824,Mg,0.0588235294117647,S,0.0588235294117647,Cl",s_mg
TAE-PTComp_0119_s_mg_24,TAE-PTComp,0.0607512740057317,38.122,76.244,2,"-0.5,s_mg_24,0.5,Mg_cation,0.5,Cl",s_mg
TAE-PTComp_0120_s_mg_25,TAE-PTComp,0.142519646743111,89.4324285714286,626.027,7,"-0.142857142857143,s_mg_25,0.428571428571429,H,0.428571428571429,C,0.142857142857143,Mg_cation",s_mg
TAE-PTComp_0121_s_mg_26,TAE-PTComp,0.0826154857301596,51.842,103.684,2,"-0.5,s_mg_26,0.5,F,0.5,Mg_cation",s_mg
TAE-PTComp_0122_s_mg_27,TAE-PTComp,0.110787171944769,69.52,1181.84,17,"-0.0588235294117647,s_mg_27,0.352941176470588,H,0.0588235294117647,C,0.0588235294117647,N,0.117647058823529,O,0.0588235294117647,F,0.0588235294117647,Mg_cation,0.176470588235294,Mg,0.0588235294117647,S,0.0588235294117647,Cl",s_mg
TAE-PTComp_0123_s_mg_28,TAE-PTComp,0.123406901729444,77.439,774.39,10,"-0.1,s_mg_28,0.2,H,0.1,C,0.1,N,0.1,Mg_cation,0.1,Mg,0.2,Si,0.2,S",s_mg
TAE-PTComp_0124_s_k_1,TAE-PTComp,0.0477804207042964,29.9826666666667,89.948,3,"-0.333333333333333,s_k_1,0.333333333333333,H_anion,0.333333333333333,H,0.333333333333333,K",s_k
TAE-PTComp_0125_s_k_2,TAE-PTComp,0.0985643817181857,61.8500833333333,742.201,12,"-0.0833333333333333,s_k_2,0.416666666666667,H,0.0833333333333333,C,0.0833333333333333,N,0.0833333333333333,O_anion,0.0833333333333333,O,0.25,K",s_k
TAE-PTComp_0126_s_k_3,TAE-PTComp,0.138311488221518,86.7917692307692,1128.293,13,"-0.0769230769230769,s_k_3,0.230769230769231,H,0.230769230769231,B,0.0769230769230769,C_anion,0.0769230769230769,C,0.153846153846154,N,0.230769230769231,K",s_k
TAE-PTComp_0127_s_k_4,TAE-PTComp,0.172731051734961,108.390371428571,3793.663,35,"-0.0285714285714286,s_k_4,0.285714285714286,H,0.342857142857143,C,0.114285714285714,N,0.142857142857143,O,0.0571428571428571,S,0.0571428571428571,K",s_k
TAE-PTComp_0128_s_k_5,TAE-PTComp,0.156529642010562,98.2238333333333,589.343,6,"-0.166666666666667,s_k_5,0.166666666666667,C,0.5,O,0.333333333333333,K",s_k
TAE-PTComp_0129_s_k_6,TAE-PTComp,0.11427118308781,71.70625,286.825,4,"-0.25,s_k_6,0.5,F,0.5,K",s_k
TAE-PTComp_0130_s_k_7,TAE-PTComp,0.0611390503555576,38.3653333333333,115.096,3,"-0.333333333333333,s_k_7,0.333333333333333,O,0.666666666666667,K",s_k
TAE-PTComp_0131_s_k_8,TAE-PTComp,0.0837445523487279,52.5505,210.202,4,"-0.25,s_k_8,0.5,S,0.5,K",s_k
TAE-PTComp_0132_s_k_9,TAE-PTComp,0.157919528064425,99.096,2378.304,24,"-0.0416666666666667,s_k_9,0.333333333333333,H,0.333333333333333,C,0.166666666666667,N,0.166666666666667,K",s_k
TAE-PTComp_0133_s_k_10,TAE-PTComp,0.141737161654012,88.9414117647059,1512.004,17,"-0.0588235294117647,s_k_10,0.294117647058824,H,0.117647058823529,C,0.0588235294117647,N,0.0588235294117647,O,0.235294117647059,F,0.235294117647059,K",s_k
TAE-PTComp_0134_s_k_11,TAE-PTComp,0.113835503837627,71.4328571428571,1000.06,14,"-0.0714285714285714,s_k_11,0.428571428571429,H,0.142857142857143,C,0.142857142857143,Cl,0.285714285714286,K",s_k
TAE-PTComp_0135_s_k_12,TAE-PTComp,0.106790419539166,67.012,1072.192,16,"-0.0625,s_k_12,0.5,H,0.25,N,0.25,K",s_k
TAE-PTComp_0136_s_k_13,TAE-PTComp,0.0198536843106647,12.458375,99.667,8,"-0.125,s_k_13,1,K",s_k
TAE-PTComp_0137_s_k_14,TAE-PTComp,0.107290491670298,67.3258,336.629,5,"-0.2,s_k_14,0.6,H,0.2,C,0.2,K",s_k
TAE-PTComp_0138_s_k_15,TAE-PTComp,0.0895747432083357,56.209,224.836,4,"-0.25,s_k_15,0.5,Cl,0.5,K",s_k
TAE-PTComp_0139_s_k_16,TAE-PTComp,0.0957905856158526,60.1095,480.876,8,"-0.125,s_k_16,0.5,Cl,0.5,K",s_k
TAE-PTComp_0140_s_k_17,TAE-PTComp,0.167493306010337,105.103636363636,1156.14,11,"-0.0909090909090909,s_k_17,0.454545454545455,H,0.454545454545455,C,0.0909090909090909,K",s_k
TAE-PTComp_0141_s_k_18,TAE-PTComp,0.119357560476399,74.898,823.878,11,"-0.0909090909090909,s_k_18,0.454545454545455,H,0.181818181818182,C,0.0909090909090909,N,0.0909090909090909,O,0.181818181818182,K",s_k
TAE-PTComp_0142_s_k_19,TAE-PTComp,0.149360049573405,93.7248461538462,1218.423,13,"-0.0769230769230769,s_k_19,0.230769230769231,H,0.153846153846154,B,0.153846153846154,C,0.153846153846154,N,0.0769230769230769,O,0.230769230769231,K",s_k
TAE-PTComp_0143_s_k_20,TAE-PTComp,0.157187932204428,98.6369166666667,1183.643,12,"-0.0833333333333333,s_k_20,0.25,H,0.0833333333333333,B,0.166666666666667,C,0.166666666666667,N,0.166666666666667,O,0.166666666666667,K",s_k
TAE-PTComp_0144_s_k_21,TAE-PTComp,0.182373660845306,114.4412,572.206,5,"-0.2,s_k_21,0.4,H,0.2,C_cation,0.2,C,0.2,K",s_k
TAE-PTComp_0145_s_k_22,TAE-PTComp,0.166372673061715,104.400428571429,730.803,7,"-0.142857142857143,s_k_22,0.571428571428571,H,0.142857142857143,C_cation,0.142857142857143,C,0.142857142857143,K",s_k
TAE-PTComp_0146_s_k_23,TAE-PTComp,0.162460609189655,101.945571428571,713.619,7,"-0.142857142857143,s_k_23,0.428571428571429,H,0.285714285714286,O,0.142857142857143,K",s_k
TAE-PTComp_0147_s_k_24,TAE-PTComp,0.166234621645745,104.3138,521.569,5,"-0.2,s_k_24,0.2,H,0.4,F,0.2,K",s_k
TAE-PTComp_0148_s_k_25,TAE-PTComp,0.165629371819729,103.934,311.802,3,"-0.333333333333333,s_k_25,0.333333333333333,H,0.333333333333333,Cl_cation,0.333333333333333,K",s_k
TAE-PTComp_0149_s_k_26,TAE-PTComp,0.196088463213672,123.047368421053,2337.9,19,"-0.0526315789473684,s_k_26,0.421052631578947,H,0.0526315789473684,C_cation,0.473684210526316,C,0.0526315789473684,K",s_k
TAE-PTComp_0150_s_k_27,TAE-PTComp,0.137756251521525,86.4433529411765,1469.537,17,"-0.0588235294117647,s_k_27,0.647058823529412,H,0.235294117647059,N,0.0588235294117647,K",s_k
TAE-PTComp_0151_s_k_28,TAE-PTComp,0.18833566910383,118.182416666667,1418.189,12,"-0.0833333333333333,s_k_28,0.416666666666667,H,0.0833333333333333,C_cation,0.333333333333333,C,0.0833333333333333,N,0.0833333333333333,K",s_k
TAE-PTComp_0152_s_k_29,TAE-PTComp,0.111466659080833,69.9463846153846,909.303,13,"-0.0769230769230769,s_k_29,0.615384615384615,H,0.0769230769230769,S_cation,0.230769230769231,S,0.0769230769230769,K",s_k
TAE-PTComp_0153_s_k_30,TAE-PTComp,0.11466281064111,71.952,647.568,9,"-0.111111111111111,s_k_30,0.666666666666667,H,0.111111111111111,P_cation,0.111111111111111,P,0.111111111111111,K",s_k
TAE-PTComp_0154_s_ca_1,TAE-PTComp,0.171027641098989,107.321465116279,4614.823,43,"-0.0232558139534884,s_ca_1,0.488372093023256,H,0.348837209302326,C,0.0232558139534884,O_anion,0.116279069767442,O,0.0232558139534884,Ca",s_ca
TAE-PTComp_0155_s_ca_2,TAE-PTComp,0.114546477736163,71.879,287.516,4,"-0.25,s_ca_2,0.25,Cl_anion,0.5,Cl,0.25,Ca",s_ca
TAE-PTComp_0156_s_ca_3,TAE-PTComp,0.0707327966103931,44.3855,177.542,4,"-0.25,s_ca_3,0.25,H_anion,0.5,H,0.25,Ca",s_ca
TAE-PTComp_0157_s_ca_4,TAE-PTComp,0.128102490302332,80.3855263157895,1527.325,19,"-0.0526315789473684,s_ca_4,0.368421052631579,H,0.105263157894737,C,0.105263157894737,O,0.105263157894737,F,0.0526315789473684,P,0.0526315789473684,Cl_anion,0.210526315789474,Ca",s_ca
TAE-PTComp_0158_s_ca_5,TAE-PTComp,0.0024031509679619,1.508,3.016,2,"-0.5,s_ca_5,1,Ca",s_ca
TAE-PTComp_0159_s_ca_6,TAE-PTComp,0.161490788886177,101.337,608.022,6,"-0.166666666666667,s_ca_6,0.666666666666667,F,0.333333333333333,Ca",s_ca
TAE-PTComp_0160_s_ca_7,TAE-PTComp,0.0750543781090346,47.0973333333333,565.168,12,"-0.0833333333333333,s_ca_7,0.666666666666667,H,0.333333333333333,Ca",s_ca
TAE-PTComp_0161_s_ca_8,TAE-PTComp,0.159320772434416,99.9752941176471,1699.58,17,"-0.0588235294117647,s_ca_8,0.294117647058824,H,0.117647058823529,C,0.0588235294117647,N,0.294117647058824,O,0.235294117647059,Ca",s_ca
TAE-PTComp_0162_s_ca_9,TAE-PTComp,0.135800140909794,85.215875,681.727,8,"-0.125,s_ca_9,0.5,S,0.5,Ca",s_ca
TAE-PTComp_0163_s_ca_10,TAE-PTComp,0.138324073586718,86.7996666666667,781.197,9,"-0.111111111111111,s_ca_10,0.444444444444444,H,0.222222222222222,O,0.222222222222222,F,0.111111111111111,Ca",s_ca
TAE-PTComp_0164_s_ca_11,TAE-PTComp,0.124825207008944,78.329,861.619,11,"-0.0909090909090909,s_ca_11,0.545454545454545,H,0.181818181818182,N,0.181818181818182,Cl,0.0909090909090909,Ca",s_ca
TAE-PTComp_0165_s_ca_12,TAE-PTComp,0.122228167866069,76.6993333333333,460.196,6,"-0.166666666666667,s_ca_12,0.5,H,0.166666666666667,C,0.166666666666667,Cl,0.166666666666667,Ca",s_ca
TAE-PTComp_0166_s_ca_13,TAE-PTComp,0.176136368562438,110.52724,2763.181,25,"-0.04,s_ca_13,0.48,H,0.48,C,0.04,Ca",s_ca
TAE-PTComp_0167_s_ca_14,TAE-PTComp,0.144459439121634,90.6496666666667,271.949,3,"-0.333333333333333,s_ca_14,0.666666666666667,F,0.333333333333333,Ca",s_ca
TAE-PTComp_0168_s_ca_15,TAE-PTComp,0.106898518836686,67.0798333333333,402.479,6,"-0.166666666666667,s_ca_15,0.666666666666667,H,0.166666666666667,C,0.166666666666667,Ca",s_ca
TAE-PTComp_0169_s_ca_16,TAE-PTComp,0.12409604581781,77.8714444444444,700.843,9,"-0.111111111111111,s_ca_16,0.666666666666667,H,0.222222222222222,C,0.111111111111111,Ca",s_ca
TAE-PTComp_0170_s_ca_17,TAE-PTComp,0.124142348792915,77.9005,467.403,6,"-0.166666666666667,s_ca_17,0.5,H,0.166666666666667,N,0.166666666666667,O,0.166666666666667,Ca",s_ca
TAE-PTComp_0171_s_ca_18,TAE-PTComp,0.19624659018648,123.146594594595,4556.424,37,"-0.027027027027027,s_ca_18,0.324324324324324,H,0.540540540540541,C,0.108108108108108,N,0.027027027027027,Ca",s_ca
TAE-PTComp_0172_s_ca_19,TAE-PTComp,0.148649889987692,93.2792142857143,1305.909,14,"-0.0714285714285714,s_ca_19,0.357142857142857,H,0.142857142857143,C,0.0714285714285714,N,0.142857142857143,O,0.142857142857143,F,0.0714285714285714,S,0.0714285714285714,Ca",s_ca
TAE-PTComp_0173_s_ca_20,TAE-PTComp,0.143455566797825,90.0197272727273,990.217,11,"-0.0909090909090909,s_ca_20,0.363636363636364,H,0.181818181818182,C,0.181818181818182,N,0.0909090909090909,O,0.181818181818182,Ca",s_ca
TAE-PTComp_0174_s_ca_21,TAE-PTComp,0.133080062455922,83.509,1085.617,13,"-0.0769230769230769,s_ca_21,0.461538461538462,H,0.153846153846154,C,0.153846153846154,N,0.0769230769230769,O,0.153846153846154,Ca",s_ca
TAE-PTComp_0175_s_ca_22,TAE-PTComp,0.141833527670359,89.0018823529412,1513.032,17,"-0.0588235294117647,s_ca_22,0.294117647058824,H,0.0588235294117647,C,0.0588235294117647,N,0.117647058823529,O,0.0588235294117647,F,0.0588235294117647,S,0.0588235294117647,Cl,0.294117647058824,Ca",s_ca
TAE-PTComp_0176_s_ca_23,TAE-PTComp,0.081315106957045,51.026,102.052,2,"-0.5,s_ca_23,0.5,Cl,0.5,Ca_cation",s_ca
TAE-PTComp_0177_s_ca_24,TAE-PTComp,0.171173945839855,107.413272727273,1181.546,11,"-0.0909090909090909,s_ca_24,0.454545454545455,H,0.454545454545455,C,0.0909090909090909,Ca_cation",s_ca
TAE-PTComp_0178_s_ca_25,TAE-PTComp,0.133537107348237,83.7958,837.958,10,"-0.1,s_ca_25,0.2,H,0.1,C,0.1,N,0.2,Si,0.2,S,0.1,Ca_cation,0.1,Ca",s_ca
TAE-PTComp_0179_s_rb_1,TAE-PTComp,0.0987533562886659,61.9686666666667,743.624,12,"-0.0833333333333333,s_rb_1,0.416666666666667,H,0.0833333333333333,C,0.0833333333333333,N,0.0833333333333333,O_anion,0.0833333333333333,O,0.25,Rb",s_rb
TAE-PTComp_0180_s_rb_2,TAE-PTComp,0.137313771136829,86.1656923076923,1120.154,13,"-0.0769230769230769,s_rb_2,0.230769230769231,H,0.230769230769231,B,0.0769230769230769,C_anion,0.0769230769230769,C,0.153846153846154,N,0.230769230769231,Rb",s_rb
TAE-PTComp_0181_s_rb_3,TAE-PTComp,0.172515414694713,108.255057142857,3788.927,35,"-0.0285714285714286,s_rb_3,0.285714285714286,H,0.342857142857143,C,0.114285714285714,N,0.142857142857143,O,0.0571428571428571,S,0.0571428571428571,Rb",s_rb
TAE-PTComp_0182_s_rb_4,TAE-PTComp,0.117821328690514,73.934,1035.076,14,"-0.0714285714285714,s_rb_4,0.285714285714286,H,0.0714285714285714,C,0.142857142857143,N,0.214285714285714,O,0.285714285714286,Rb",s_rb
TAE-PTComp_0183_s_rb_5,TAE-PTComp,0.148625644480105,93.264,1212.432,13,"-0.0769230769230769,s_rb_5,0.230769230769231,H,0.153846153846154,B,0.153846153846154,C,0.153846153846154,N,0.0769230769230769,O,0.230769230769231,Rb",s_rb
TAE-PTComp_0184_s_rb_6,TAE-PTComp,0.1565446484241,98.23325,1178.799,12,"-0.0833333333333333,s_rb_6,0.25,H,0.0833333333333333,B,0.166666666666667,C,0.166666666666667,N,0.166666666666667,O,0.166666666666667,Rb",s_rb
TAE-PTComp_0185_s_rb_7,TAE-PTComp,0.155650239617224,97.672,586.032,6,"-0.166666666666667,s_rb_7,0.166666666666667,C,0.5,O,0.333333333333333,Rb",s_rb
TAE-PTComp_0186_s_rb_8,TAE-PTComp,0.112442923838477,70.559,282.236,4,"-0.25,s_rb_8,0.5,F,0.5,Rb",s_rb
TAE-PTComp_0187_s_rb_9,TAE-PTComp,0.061650065216561,38.686,116.058,3,"-0.333333333333333,s_rb_9,0.333333333333333,O,0.666666666666667,Rb",s_rb
TAE-PTComp_0188_s_rb_10,TAE-PTComp,0.0814015598350369,51.08025,204.321,4,"-0.25,s_rb_10,0.5,O,0.5,Rb",s_rb
TAE-PTComp_0189_s_rb_11,TAE-PTComp,0.0833437615871613,52.299,209.196,4,"-0.25,s_rb_11,0.5,S,0.5,Rb",s_rb
TAE-PTComp_0190_s_rb_12,TAE-PTComp,0.157327837130641,98.7247083333333,2369.393,24,"-0.0416666666666667,s_rb_12,0.333333333333333,H,0.333333333333333,C,0.166666666666667,N,0.166666666666667,Rb",s_rb
TAE-PTComp_0191_s_rb_13,TAE-PTComp,0.140458155888414,88.1388235294118,1498.36,17,"-0.0588235294117647,s_rb_13,0.294117647058824,H,0.117647058823529,C,0.0588235294117647,N,0.0588235294117647,O,0.235294117647059,F,0.235294117647059,Rb",s_rb
TAE-PTComp_0192_s_rb_14,TAE-PTComp,0.0543601354400744,34.1115,272.892,8,"-0.125,s_rb_14,0.5,H,0.5,Rb",s_rb
TAE-PTComp_0193_s_rb_15,TAE-PTComp,0.112880481261784,70.8335714285714,991.67,14,"-0.0714285714285714,s_rb_15,0.428571428571429,H,0.142857142857143,C,0.142857142857143,Cl,0.285714285714286,Rb",s_rb
TAE-PTComp_0194_s_rb_16,TAE-PTComp,0.115319374433418,72.364,1447.28,20,"-0.05,s_rb_16,0.6,H,0.2,C,0.2,Rb",s_rb
TAE-PTComp_0195_s_rb_17,TAE-PTComp,0.105469821947812,66.1833125,1058.933,16,"-0.0625,s_rb_17,0.5,H,0.25,N,0.25,Rb",s_rb
TAE-PTComp_0196_s_rb_18,TAE-PTComp,0.0177833968429899,11.15925,89.274,8,"-0.125,s_rb_18,1,Rb",s_rb
TAE-PTComp_0197_s_rb_19,TAE-PTComp,0.106915995332452,67.0908,335.454,5,"-0.2,s_rb_19,0.6,H,0.2,C,0.2,Rb",s_rb
TAE-PTComp_0198_s_rb_20,TAE-PTComp,0.0885118110494295,55.542,222.168,4,"-0.25,s_rb_20,0.5,Cl,0.5,Rb",s_rb
TAE-PTComp_0199_s_rb_21,TAE-PTComp,0.0939380239445955,58.947,117.894,2,"-0.5,s_rb_21,0.5,F,0.5,Rb",s_rb
TAE-PTComp_0200_s_rb_22,TAE-PTComp,0.18931506998738,118.797,1544.361,13,"-0.0769230769230769,s_rb_22,0.461538461538462,H,0.0769230769230769,C_cation,0.384615384615385,C,0.0769230769230769,Rb",s_rb
TAE-PTComp_0201_s_rb_23,TAE-PTComp,0.183115960394959,114.907,574.535,5,"-0.2,s_rb_23,0.4,H,0.2,C_cation,0.2,C,0.2,Rb",s_rb
TAE-PTComp_0202_s_rb_24,TAE-PTComp,0.166883536151152,104.721,733.047,7,"-0.142857142857143,s_rb_24,0.571428571428571,H,0.142857142857143,C_cation,0.142857142857143,C,0.142857142857143,Rb",s_rb
TAE-PTComp_0203_s_rb_25,TAE-PTComp,0.162439209398921,101.932142857143,713.525,7,"-0.142857142857143,s_rb_25,0.428571428571429,H,0.285714285714286,O,0.142857142857143,Rb",s_rb
TAE-PTComp_0204_s_rb_26,TAE-PTComp,0.166490872756918,104.4746,522.373,5,"-0.2,s_rb_26,0.2,H,0.4,F,0.2,Rb",s_rb
TAE-PTComp_0205_s_rb_27,TAE-PTComp,0.114867854026087,72.0806666666667,648.726,9,"-0.111111111111111,s_rb_27,0.666666666666667,H,0.111111111111111,P_cation,0.111111111111111,P,0.111111111111111,Rb",s_rb
TAE-PTComp_0206_s_rb_28,TAE-PTComp,0.167221910856411,104.933333333333,314.8,3,"-0.333333333333333,s_rb_28,0.333333333333333,H,0.333333333333333,Cl_cation,0.333333333333333,Rb",s_rb
TAE-PTComp_0207_s_rb_29,TAE-PTComp,0.196254281636946,123.151421052632,2339.877,19,"-0.0526315789473684,s_rb_29,0.421052631578947,H,0.0526315789473684,C_cation,0.473684210526316,C,0.0526315789473684,Rb",s_rb
TAE-PTComp_0208_s_rb_30,TAE-PTComp,0.188489982843042,118.27925,1419.351,12,"-0.0833333333333333,s_rb_30,0.416666666666667,H,0.0833333333333333,C_cation,0.333333333333333,C,0.0833333333333333,N,0.0833333333333333,Rb",s_rb
TAE-PTComp_0209_s_rb_31,TAE-PTComp,0.111421670486402,69.9181538461538,908.936,13,"-0.0769230769230769,s_rb_31,0.615384615384615,H,0.0769230769230769,S_cation,0.230769230769231,S,0.0769230769230769,Rb",s_rb
TAE-PTComp_0210_s_sr_1,TAE-PTComp,0.117085755816403,73.4724210526316,1395.976,19,"-0.0526315789473684,s_sr_1,0.368421052631579,H,0.105263157894737,C,0.105263157894737,O,0.105263157894737,F,0.0526315789473684,P,0.0526315789473684,Cl_anion,0.210526315789474,Sr",s_sr
TAE-PTComp_0211_s_sr_2,TAE-PTComp,0.126967510583692,79.6733157894737,1513.793,19,"-0.0526315789473684,s_sr_2,0.368421052631579,H,0.105263157894737,C,0.105263157894737,O,0.105263157894737,F,0.0526315789473684,P,0.0526315789473684,Cl_anion,0.210526315789474,Sr",s_sr
TAE-PTComp_0212_s_sr_3,TAE-PTComp,0.170737790939831,107.139581395349,4607.002,43,"-0.0232558139534884,s_sr_3,0.488372093023256,H,0.348837209302326,C,0.0232558139534884,O_anion,0.116279069767442,O,0.0232558139534884,Sr",s_sr
TAE-PTComp_0213_s_sr_4,TAE-PTComp,0.112896303447486,70.8435,283.374,4,"-0.25,s_sr_4,0.25,Cl_anion,0.5,Cl,0.25,Sr",s_sr
TAE-PTComp_0214_s_sr_5,TAE-PTComp,0.0674734832700588,42.34025,169.361,4,"-0.25,s_sr_5,0.25,H_anion,0.5,H,0.25,Sr",s_sr
TAE-PTComp_0215_s_sr_6,TAE-PTComp,0.148036467262875,92.8942857142857,1300.52,14,"-0.0714285714285714,s_sr_6,0.357142857142857,H,0.142857142857143,C,0.0714285714285714,N,0.142857142857143,O,0.142857142857143,F,0.0714285714285714,S,0.0714285714285714,Sr",s_sr
TAE-PTComp_0216_s_sr_7,TAE-PTComp,0.142373221675951,89.3405454545454,982.746,11,"-0.0909090909090909,s_sr_7,0.363636363636364,H,0.181818181818182,C,0.181818181818182,N,0.0909090909090909,O,0.181818181818182,Sr",s_sr
TAE-PTComp_0217_s_sr_8,TAE-PTComp,0.127722006668396,80.1467692307692,1041.908,13,"-0.0769230769230769,s_sr_8,0.461538461538462,H,0.153846153846154,C,0.153846153846154,N,0.0769230769230769,O,0.153846153846154,Sr",s_sr
TAE-PTComp_0218_s_sr_9,TAE-PTComp,0.124656019656314,78.2228333333333,1408.011,18,"-0.0555555555555556,s_sr_9,0.444444444444444,H,0.0555555555555556,C,0.111111111111111,N,0.166666666666667,O,0.222222222222222,Sr",s_sr
TAE-PTComp_0219_s_sr_10,TAE-PTComp,0.0022732724507942,1.4265,2.853,2,"-0.5,s_sr_10,1,Sr",s_sr
TAE-PTComp_0220_s_sr_11,TAE-PTComp,0.127936448215697,80.2813333333333,481.688,6,"-0.166666666666667,s_sr_11,0.666666666666667,Cl,0.333333333333333,Sr",s_sr
TAE-PTComp_0221_s_sr_12,TAE-PTComp,0.16475767183334,103.387,1240.644,12,"-0.0833333333333333,s_sr_12,0.666666666666667,F,0.333333333333333,Sr",s_sr
TAE-PTComp_0222_s_sr_13,TAE-PTComp,0.0714682436738642,44.847,538.164,12,"-0.0833333333333333,s_sr_13,0.666666666666667,H,0.333333333333333,Sr",s_sr
TAE-PTComp_0223_s_sr_14,TAE-PTComp,0.150866646501787,94.67025,757.362,8,"-0.125,s_sr_14,0.5,O,0.5,Sr",s_sr
TAE-PTComp_0224_s_sr_15,TAE-PTComp,0.157072200805905,98.5642941176471,1675.593,17,"-0.0588235294117647,s_sr_15,0.294117647058824,H,0.117647058823529,C,0.0588235294117647,N,0.294117647058824,O,0.235294117647059,Sr",s_sr
TAE-PTComp_0225_s_sr_16,TAE-PTComp,0.133575473302848,83.819875,670.559,8,"-0.125,s_sr_16,0.5,S,0.5,Sr",s_sr
TAE-PTComp_0226_s_sr_17,TAE-PTComp,0.1236879550739,77.6153636363636,853.769,11,"-0.0909090909090909,s_sr_17,0.545454545454545,H,0.181818181818182,N,0.181818181818182,Cl,0.0909090909090909,Sr",s_sr
TAE-PTComp_0227_s_sr_18,TAE-PTComp,0.0827137578188141,51.9036666666667,155.711,3,"-0.333333333333333,s_sr_18,0.333333333333333,H,0.333333333333333,Cl,0.333333333333333,Sr",s_sr
TAE-PTComp_0228_s_sr_19,TAE-PTComp,0.175892611286537,110.37428,2759.357,25,"-0.04,s_sr_19,0.48,H,0.48,C,0.04,Sr",s_sr
TAE-PTComp_0229_s_sr_20,TAE-PTComp,0.140770251793496,88.3346666666667,265.004,3,"-0.333333333333333,s_sr_20,0.666666666666667,F,0.333333333333333,Sr",s_sr
TAE-PTComp_0230_s_sr_21,TAE-PTComp,0.13725335048745,86.1277777777778,775.15,9,"-0.111111111111111,s_sr_21,0.444444444444444,H,0.222222222222222,O,0.222222222222222,F,0.111111111111111,Sr",s_sr
TAE-PTComp_0231_s_sr_22,TAE-PTComp,0.104489259063213,65.568,393.408,6,"-0.166666666666667,s_sr_22,0.666666666666667,H,0.166666666666667,C,0.166666666666667,Sr",s_sr
TAE-PTComp_0232_s_sr_23,TAE-PTComp,0.122313514076396,76.7528888888889,690.776,9,"-0.111111111111111,s_sr_23,0.666666666666667,H,0.222222222222222,C,0.111111111111111,Sr",s_sr
TAE-PTComp_0233_s_sr_24,TAE-PTComp,0.122269070302969,76.725,460.35,6,"-0.166666666666667,s_sr_24,0.5,H,0.166666666666667,N,0.166666666666667,O,0.166666666666667,Sr",s_sr
TAE-PTComp_0234_s_sr_25,TAE-PTComp,0.194262211834144,121.901378378378,4510.351,37,"-0.027027027027027,s_sr_25,0.324324324324324,H,0.540540540540541,C,0.108108108108108,N,0.027027027027027,Sr",s_sr
TAE-PTComp_0235_s_sr_26,TAE-PTComp,0.0810250714953944,50.844,101.688,2,"-0.5,s_sr_26,0.5,Cl,0.5,Sr_cation",s_sr
TAE-PTComp_0236_s_sr_27,TAE-PTComp,0.170584313307928,107.043272727273,1177.476,11,"-0.0909090909090909,s_sr_27,0.454545454545455,H,0.454545454545455,C,0.0909090909090909,Sr_cation",s_sr
TAE-PTComp_0237_s_sr_28,TAE-PTComp,0.107527460204075,67.4745,134.949,2,"-0.5,s_sr_28,0.5,F,0.5,Sr_cation",s_sr
TAE-PTComp_0238_s_cs_1,TAE-PTComp,0.0436174025487001,27.3703333333333,82.111,3,"-0.333333333333333,s_cs_1,0.333333333333333,H_anion,0.333333333333333,H,0.333333333333333,Cs",s_cs
TAE-PTComp_0239_s_cs_2,TAE-PTComp,0.0986281257756913,61.8900833333333,742.681,12,"-0.0833333333333333,s_cs_2,0.416666666666667,H,0.0833333333333333,C,0.0833333333333333,N,0.0833333333333333,O_anion,0.0833333333333333,O,0.25,Cs",s_cs
TAE-PTComp_0240_s_cs_3,TAE-PTComp,0.139138199613475,87.3105384615385,1135.037,13,"-0.0769230769230769,s_cs_3,0.230769230769231,H,0.230769230769231,B,0.0769230769230769,C_anion,0.0769230769230769,C,0.153846153846154,N,0.230769230769231,Cs",s_cs
TAE-PTComp_0241_s_cs_4,TAE-PTComp,0.172584759122985,108.298571428571,3790.45,35,"-0.0285714285714286,s_cs_4,0.285714285714286,H,0.342857142857143,C,0.114285714285714,N,0.142857142857143,O,0.0571428571428571,S,0.0571428571428571,Cs",s_cs
TAE-PTComp_0242_s_cs_5,TAE-PTComp,0.157086871313257,98.5735,591.441,6,"-0.166666666666667,s_cs_5,0.166666666666667,C,0.5,O,0.333333333333333,Cs",s_cs
TAE-PTComp_0243_s_cs_6,TAE-PTComp,0.113982741227597,71.52525,286.101,4,"-0.25,s_cs_6,0.5,F,0.5,Cs",s_cs
TAE-PTComp_0244_s_cs_7,TAE-PTComp,0.0701147448528282,43.9976666666667,131.993,3,"-0.333333333333333,s_cs_7,0.333333333333333,O,0.666666666666667,Cs",s_cs
TAE-PTComp_0245_s_cs_8,TAE-PTComp,0.0861967065608973,54.08925,216.357,4,"-0.25,s_cs_8,0.5,S,0.5,Cs",s_cs
TAE-PTComp_0246_s_cs_9,TAE-PTComp,0.157547222928556,98.862375,2372.697,24,"-0.0416666666666667,s_cs_9,0.333333333333333,H,0.333333333333333,C,0.166666666666667,N,0.166666666666667,Cs",s_cs
TAE-PTComp_0247_s_cs_10,TAE-PTComp,0.140497808441833,88.1637058823529,1498.783,17,"-0.0588235294117647,s_cs_10,0.294117647058824,H,0.117647058823529,C,0.0588235294117647,N,0.0588235294117647,O,0.235294117647059,F,0.235294117647059,Cs",s_cs
TAE-PTComp_0248_s_cs_11,TAE-PTComp,0.113300964383972,71.0974285714286,995.364,14,"-0.0714285714285714,s_cs_11,0.428571428571429,H,0.142857142857143,C,0.142857142857143,Cl,0.285714285714286,Cs",s_cs
TAE-PTComp_0249_s_cs_12,TAE-PTComp,0.115612915818232,72.5482,1450.964,20,"-0.05,s_cs_12,0.6,H,0.2,C,0.2,Cs",s_cs
TAE-PTComp_0250_s_cs_13,TAE-PTComp,0.105501096376025,66.2029375,1059.247,16,"-0.0625,s_cs_13,0.5,H,0.25,N,0.25,Cs",s_cs
TAE-PTComp_0251_s_cs_14,TAE-PTComp,0.0165224597054569,10.368,82.944,8,"-0.125,s_cs_14,1,Cs",s_cs
TAE-PTComp_0252_s_cs_15,TAE-PTComp,0.0899994379914669,56.4755,225.902,4,"-0.25,s_cs_15,0.5,Cl,0.5,Cs",s_cs
TAE-PTComp_0253_s_cs_16,TAE-PTComp,0.167943281107183,105.386,1159.246,11,"-0.0909090909090909,s_cs_16,0.454545454545455,H,0.454545454545455,C,0.0909090909090909,Cs",s_cs
TAE-PTComp_0254_s_cs_17,TAE-PTComp,0.0980120660199234,61.5035,123.007,2,"-0.5,s_cs_17,0.5,F,0.5,Cs",s_cs
TAE-PTComp_0255_s_cs_18,TAE-PTComp,0.149243839253184,93.6519230769231,1217.475,13,"-0.0769230769230769,s_cs_18,0.230769230769231,H,0.153846153846154,B,0.153846153846154,C,0.153846153846154,N,0.0769230769230769,O,0.230769230769231,Cs",s_cs
TAE-PTComp_0256_s_cs_19,TAE-PTComp,0.157018346451439,98.5305,1182.366,12,"-0.0833333333333333,s_cs_19,0.25,H,0.0833333333333333,B,0.166666666666667,C,0.166666666666667,N,0.166666666666667,O,0.166666666666667,Cs",s_cs
TAE-PTComp_0257_s_cs_20,TAE-PTComp,0.184738884099052,115.9254,579.627,5,"-0.2,s_cs_20,0.4,H,0.2,C_cation,0.2,C,0.2,Cs",s_cs
TAE-PTComp_0258_s_cs_21,TAE-PTComp,0.168040946109576,105.447285714286,738.131,7,"-0.142857142857143,s_cs_21,0.571428571428571,H,0.142857142857143,C_cation,0.142857142857143,C,0.142857142857143,Cs",s_cs
TAE-PTComp_0259_s_cs_22,TAE-PTComp,0.170426112147027,106.944,320.832,3,"-0.333333333333333,s_cs_22,0.333333333333333,H,0.333333333333333,Cl_cation,0.333333333333333,Cs",s_cs
TAE-PTComp_0260_s_cs_23,TAE-PTComp,0.196682037812313,123.419842105263,2344.977,19,"-0.0526315789473684,s_cs_23,0.421052631578947,H,0.0526315789473684,C_cation,0.473684210526316,C,0.0526315789473684,Cs",s_cs
TAE-PTComp_0261_s_cs_24,TAE-PTComp,0.189050532148732,118.631,1423.572,12,"-0.0833333333333333,s_cs_24,0.416666666666667,H,0.0833333333333333,C_cation,0.333333333333333,C,0.0833333333333333,N,0.0833333333333333,Cs",s_cs
TAE-PTComp_0262_s_cs_25,TAE-PTComp,0.111719796539966,70.1052307692308,911.368,13,"-0.0769230769230769,s_cs_25,0.615384615384615,H,0.0769230769230769,S_cation,0.230769230769231,S,0.0769230769230769,Cs",s_cs
TAE-PTComp_0263_s_cs_26,TAE-PTComp,0.163065267106566,102.325,716.275,7,"-0.142857142857143,s_cs_26,0.428571428571429,H,0.285714285714286,O,0.142857142857143,Cs",s_cs
TAE-PTComp_0264_s_cs_27,TAE-PTComp,0.167680974310548,105.2214,526.107,5,"-0.2,s_cs_27,0.2,H,0.4,F,0.2,Cs",s_cs
TAE-PTComp_0265_s_cs_28,TAE-PTComp,0.115574350663441,72.524,652.716,9,"-0.111111111111111,s_cs_28,0.666666666666667,H,0.111111111111111,P_cation,0.111111111111111,P,0.111111111111111,Cs",s_cs
TAE-PTComp_0266_s_ba_1,TAE-PTComp,0.170794382321116,107.175093023256,4608.529,43,"-0.0232558139534884,s_ba_1,0.488372093023256,H,0.348837209302326,C,0.0232558139534884,O_anion,0.116279069767442,O,0.0232558139534884,Ba",s_ba
TAE-PTComp_0267_s_ba_2,TAE-PTComp,0.115701440378093,72.60375,290.415,4,"-0.25,s_ba_2,0.25,Cl_anion,0.5,Cl,0.25,Ba",s_ba
TAE-PTComp_0268_s_ba_3,TAE-PTComp,0.0683929912995774,42.91725,171.669,4,"-0.25,s_ba_3,0.25,H_anion,0.5,H,0.25,Ba",s_ba
TAE-PTComp_0269_s_ba_4,TAE-PTComp,0.119316126839021,74.872,1422.568,19,"-0.0526315789473684,s_ba_4,0.368421052631579,H,0.105263157894737,C,0.105263157894737,O,0.105263157894737,F,0.0526315789473684,P,0.0526315789473684,Cl_anion,0.210526315789474,Ba",s_ba
TAE-PTComp_0270_s_ba_5,TAE-PTComp,0.126773510577099,79.5515789473684,1511.48,19,"-0.0526315789473684,s_ba_5,0.368421052631579,H,0.105263157894737,C,0.105263157894737,O,0.105263157894737,F,0.0526315789473684,P,0.0526315789473684,Cl_anion,0.210526315789474,Ba",s_ba
TAE-PTComp_0271_s_ba_6,TAE-PTComp,0.00285892097912709,1.794,3.588,2,"-0.5,s_ba_6,1,Ba",s_ba
TAE-PTComp_0272_s_ba_7,TAE-PTComp,0.132768247774623,83.3133333333333,499.88,6,"-0.166666666666667,s_ba_7,0.666666666666667,Cl,0.333333333333333,Ba",s_ba
TAE-PTComp_0273_s_ba_8,TAE-PTComp,0.167689234478,105.226583333333,1262.719,12,"-0.0833333333333333,s_ba_8,0.666666666666667,F,0.333333333333333,Ba",s_ba
TAE-PTComp_0274_s_ba_9,TAE-PTComp,0.0737254473101622,46.2634166666667,555.161,12,"-0.0833333333333333,s_ba_9,0.666666666666667,H,0.333333333333333,Ba",s_ba
TAE-PTComp_0275_s_ba_10,TAE-PTComp,0.160311711304845,100.597117647059,1710.151,17,"-0.0588235294117647,s_ba_10,0.294117647058824,H,0.117647058823529,C,0.0588235294117647,N,0.294117647058824,O,0.235294117647059,Ba",s_ba
TAE-PTComp_0276_s_ba_11,TAE-PTComp,0.142080922575895,89.157125,713.257,8,"-0.125,s_ba_11,0.5,S,0.5,Ba",s_ba
TAE-PTComp_0277_s_ba_12,TAE-PTComp,0.138341249068879,86.8104444444444,781.294,9,"-0.111111111111111,s_ba_12,0.444444444444444,H,0.222222222222222,O,0.222222222222222,F,0.111111111111111,Ba",s_ba
TAE-PTComp_0278_s_ba_13,TAE-PTComp,0.124581530861843,78.1760909090909,859.937,11,"-0.0909090909090909,s_ba_13,0.545454545454545,H,0.181818181818182,N,0.181818181818182,Cl,0.0909090909090909,Ba",s_ba
TAE-PTComp_0279_s_ba_14,TAE-PTComp,0.0859131783051171,53.9113333333333,161.734,3,"-0.333333333333333,s_ba_14,0.333333333333333,H,0.333333333333333,Cl,0.333333333333333,Ba",s_ba
TAE-PTComp_0280_s_ba_15,TAE-PTComp,0.145723165061682,91.4426666666667,274.328,3,"-0.333333333333333,s_ba_15,0.666666666666667,F,0.333333333333333,Ba",s_ba
TAE-PTComp_0281_s_ba_16,TAE-PTComp,0.148120472824373,92.947,278.841,3,"-0.333333333333333,s_ba_16,0.666666666666667,F,0.333333333333333,Ba",s_ba
TAE-PTComp_0282_s_ba_17,TAE-PTComp,0.0559810937023945,35.1286666666667,105.386,3,"-0.333333333333333,s_ba_17,0.666666666666667,H,0.333333333333333,Ba",s_ba
TAE-PTComp_0283_s_ba_18,TAE-PTComp,0.105044629164231,65.9165,395.499,6,"-0.166666666666667,s_ba_18,0.666666666666667,H,0.166666666666667,C,0.166666666666667,Ba",s_ba
TAE-PTComp_0284_s_ba_19,TAE-PTComp,0.122603018337567,76.9345555555555,692.411,9,"-0.111111111111111,s_ba_19,0.666666666666667,H,0.222222222222222,C,0.111111111111111,Ba",s_ba
TAE-PTComp_0285_s_ba_20,TAE-PTComp,0.105224706126684,66.0295,132.059,2,"-0.5,s_ba_20,0.5,O,0.5,Ba",s_ba
TAE-PTComp_0286_s_ba_21,TAE-PTComp,0.124980317548874,78.4263333333333,470.558,6,"-0.166666666666667,s_ba_21,0.5,H,0.166666666666667,N,0.166666666666667,O,0.166666666666667,Ba",s_ba
TAE-PTComp_0287_s_ba_22,TAE-PTComp,0.192107059706127,120.549,4460.313,37,"-0.027027027027027,s_ba_22,0.324324324324324,H,0.540540540540541,C,0.108108108108108,N,0.027027027027027,Ba",s_ba
TAE-PTComp_0288_s_ba_23,TAE-PTComp,0.148622798763252,93.2622142857143,1305.671,14,"-0.0714285714285714,s_ba_23,0.357142857142857,H,0.142857142857143,C,0.0714285714285714,N,0.142857142857143,O,0.142857142857143,F,0.0714285714285714,S,0.0714285714285714,Ba",s_ba
TAE-PTComp_0289_s_ba_24,TAE-PTComp,0.144399268594624,90.6119090909091,996.731,11,"-0.0909090909090909,s_ba_24,0.363636363636364,H,0.181818181818182,C,0.181818181818182,N,0.0909090909090909,O,0.181818181818182,Ba",s_ba
TAE-PTComp_0290_s_ba_25,TAE-PTComp,0.0900607916468161,56.514,113.028,2,"-0.5,s_ba_25,0.5,Cl,0.5,Ba_cation",s_ba
TAE-PTComp_0291_s_ba_26,TAE-PTComp,0.17196538626293,107.909909090909,1187.009,11,"-0.0909090909090909,s_ba_26,0.454545454545455,H,0.454545454545455,C,0.0909090909090909,Ba_cation",s_ba
TAE-PTComp_0292_s_ba_27,TAE-PTComp,0.0461738048549151,28.9745,57.949,2,"-0.5,s_ba_27,0.5,H,0.5,Ba_cation",s_ba
TAE-PTComp_0293_s_ba_28,TAE-PTComp,0.132969516840406,83.4396315789474,1585.353,19,"-0.0526315789473684,s_ba_28,0.368421052631579,H,0.105263157894737,C,0.105263157894737,O,0.0526315789473684,F,0.0526315789473684,P,0.105263157894737,Cl,0.0526315789473684,Ba_cation,0.157894736842105,Ba",s_ba
TAE-PTComp_0294_s_ba_29,TAE-PTComp,0.136395550246933,85.5895,855.895,10,"-0.1,s_ba_29,0.2,H,0.1,C,0.1,N,0.2,Si,0.2,S,0.1,Ba_cation,0.1,Ba",s_ba
TAE-PTComp_0295_plight_he_1,TAE-PTComp,0.0992211668440266,62.2622222222222,560.36,9,"-0.111111111111111,plight_he_1,0.666666666666667,H,0.111111111111111,He,0.222222222222222,B",plight_he
TAE-PTComp_0296_plight_he_2,TAE-PTComp,0.0893086117682498,56.042,280.21,5,"-0.2,plight_he_2,0.6,H,0.2,He,0.2,B",plight_he
TAE-PTComp_0297_plight_he_3,TAE-PTComp,0.167273968503374,104.966,1364.558,13,"-0.0769230769230769,plight_he_3,0.461538461538462,H,0.0769230769230769,He,0.461538461538462,C",plight_he
TAE-PTComp_0298_plight_he_4,TAE-PTComp,0.149959252794308,94.1008518518519,2540.723,27,"-0.037037037037037,plight_he_4,0.592592592592593,H,0.037037037037037,He,0.37037037037037,C",plight_he
TAE-PTComp_0299_plight_he_5,TAE-PTComp,0.103077941113094,64.6823846153846,840.871,13,"-0.0769230769230769,plight_he_5,0.692307692307692,H,0.0769230769230769,He,0.230769230769231,B",plight_he
TAE-PTComp_0300_plight_he_6,TAE-PTComp,0.0928181205342936,58.24425,232.977,4,"-0.25,plight_he_6,0.5,H,0.25,He,0.25,O",plight_he
TAE-PTComp_0301_plight_he_7,TAE-PTComp,0.180949836672406,113.547736842105,2157.407,19,"-0.0526315789473684,plight_he_7,0.421052631578947,H,0.0526315789473684,He,0.526315789473684,C",plight_he
TAE-PTComp_0302_plight_he_8,TAE-PTComp,0.0949512357386473,59.5828,297.914,5,"-0.2,plight_he_8,0.6,H,0.2,He,0.2,N",plight_he
TAE-PTComp_0303_plight_he_9,TAE-PTComp,0.109082337126781,68.4502,342.251,5,"-0.2,plight_he_9,0.6,H,0.2,He,0.2,C_cation",plight_he
TAE-PTComp_0304_plight_he_10,TAE-PTComp,0.0375006290305566,23.532,47.064,2,"-0.5,plight_he_10,0.5,He",plight_he
TAE-PTComp_0305_plight_he_11,TAE-PTComp,0.0854003042424364,53.5895,214.358,4,"-0.25,plight_he_11,0.25,H,0.25,He,0.25,N",plight_he
TAE-PTComp_0306_plight_b_1,TAE-PTComp,0.122654124250338,76.966625,1231.466,16,"-0.0625,plight_b_1,0.375,H,0.125,B,0.125,N,0.0625,Si,0.25,P,0.0625,Cl_anion",plight_b
TAE-PTComp_0307_plight_b_2,TAE-PTComp,0.118131443530279,74.1286,370.643,5,"-0.2,plight_b_2,0.2,B,0.2,Cl_anion,0.6,Cl",plight_b
TAE-PTComp_0308_plight_b_3,TAE-PTComp,0.117011380759833,73.42575,293.703,4,"-0.25,plight_b_3,0.5,H,0.25,B,0.25,S_anion",plight_b
TAE-PTComp_0309_plight_b_4,TAE-PTComp,0.138444982988102,86.8755384615385,1129.382,13,"-0.0769230769230769,plight_b_4,0.0769230769230769,H_anion,0.538461538461538,H,0.0769230769230769,B,0.307692307692308,N",plight_b
TAE-PTComp_0310_plight_b_5,TAE-PTComp,0.150970894595833,94.7356666666667,284.207,3,"-0.333333333333333,plight_b_5,0.333333333333333,B,0.333333333333333,S_anion,0.333333333333333,S",plight_b
TAE-PTComp_0311_plight_b_6,TAE-PTComp,0.184681456498154,115.889363636364,3824.349,33,"-0.0303030303030303,plight_b_6,0.363636363636364,H,0.272727272727273,B,0.0909090909090909,C,0.272727272727273,N",plight_b
TAE-PTComp_0312_plight_b_7,TAE-PTComp,0.168614293552526,105.807066666667,1587.106,15,"-0.0666666666666667,plight_b_7,0.266666666666667,H,0.133333333333333,B,0.266666666666667,C,0.133333333333333,N,0.0666666666666667,O,0.133333333333333,F",plight_b
TAE-PTComp_0313_plight_b_8,TAE-PTComp,0.146540815399312,91.95575,735.646,8,"-0.125,plight_b_8,0.625,H,0.125,B,0.25,C",plight_b
TAE-PTComp_0314_plight_b_9,TAE-PTComp,0.177116529062673,111.1423,1111.423,10,"-0.1,plight_b_9,0.4,H,0.1,B,0.4,C,0.1,N",plight_b
TAE-PTComp_0315_plight_b_10,TAE-PTComp,0.143427847791001,90.0023333333333,540.014,6,"-0.166666666666667,plight_b_10,1,B",plight_b
TAE-PTComp_0316_plight_b_11,TAE-PTComp,0.12085674102886,75.83875,303.355,4,"-0.25,plight_b_11,0.5,B,0.5,F",plight_b
TAE-PTComp_0317_plight_b_12,TAE-PTComp,0.152119137551701,95.4562,1909.124,20,"-0.05,plight_b_12,0.6,H,0.1,B,0.2,C,0.1,F",plight_b
TAE-PTComp_0318_plight_b_13,TAE-PTComp,0.149735787081601,93.960625,751.685,8,"-0.125,plight_b_13,0.375,H,0.25,B,0.375,F",plight_b
TAE-PTComp_0319_plight_b_14,TAE-PTComp,0.165074532919191,103.585833333333,1243.03,12,"-0.0833333333333333,plight_b_14,0.25,B,0.25,N,0.5,F",plight_b
TAE-PTComp_0320_plight_b_15,TAE-PTComp,0.178558961467939,112.04744,2801.186,25,"-0.04,plight_b_15,0.36,H,0.04,B,0.36,C,0.24,O",plight_b
TAE-PTComp_0321_plight_b_16,TAE-PTComp,0.19454651490684,122.07978125,3906.553,32,"-0.03125,plight_b_16,0.375,H,0.0625,B,0.5,C,0.0625,N",plight_b
TAE-PTComp_0322_plight_b_17,TAE-PTComp,0.106487037665475,66.821625,534.573,8,"-0.125,plight_b_17,0.125,H,0.125,B,0.125,N,0.625,Cl",plight_b
TAE-PTComp_0323_plight_b_18,TAE-PTComp,0.15753759491987,98.8563333333333,593.138,6,"-0.166666666666667,plight_b_18,0.5,H,0.166666666666667,B,0.333333333333333,C",plight_b
TAE-PTComp_0324_plight_b_19,TAE-PTComp,0.165132903679541,103.622461538462,1347.092,13,"-0.0769230769230769,plight_b_19,0.384615384615385,H,0.0769230769230769,B,0.153846153846154,C,0.0769230769230769,N,0.0769230769230769,O,0.230769230769231,F",plight_b
TAE-PTComp_0325_plight_b_20,TAE-PTComp,0.155704328324843,97.7059411764706,1661.001,17,"-0.0588235294117647,plight_b_20,0.529411764705882,H,0.0588235294117647,B,0.176470588235294,C,0.0588235294117647,N,0.176470588235294,F",plight_b
TAE-PTComp_0326_plight_b_21,TAE-PTComp,0.0846624667768088,53.1265,318.759,6,"-0.166666666666667,plight_b_21,0.5,H,0.166666666666667,B,0.333333333333333,F",plight_b
TAE-PTComp_0327_plight_b_22,TAE-PTComp,0.136449998296052,85.6236666666667,513.742,6,"-0.166666666666667,plight_b_22,0.5,H,0.166666666666667,B,0.333333333333333,N",plight_b
TAE-PTComp_0328_plight_b_23,TAE-PTComp,0.149896010426144,94.0611666666667,564.367,6,"-0.166666666666667,plight_b_23,0.5,H,0.166666666666667,B,0.166666666666667,C,0.166666666666667,O",plight_b
TAE-PTComp_0329_plight_b_24,TAE-PTComp,0.152254274953612,95.541,573.246,6,"-0.166666666666667,plight_b_24,0.166666666666667,H,0.166666666666667,B,0.166666666666667,C,0.166666666666667,O,0.333333333333333,Cl",plight_b
TAE-PTComp_0330_plight_b_25,TAE-PTComp,0.134596741978015,84.4607307692308,2195.979,26,"-0.0384615384615385,plight_b_25,0.615384615384615,H,0.230769230769231,B,0.153846153846154,N",plight_b
TAE-PTComp_0331_plight_b_26,TAE-PTComp,0.167157863255775,104.893142857143,734.252,7,"-0.142857142857143,plight_b_26,0.428571428571429,H,0.142857142857143,B,0.428571428571429,O",plight_b
TAE-PTComp_0332_plight_b_27,TAE-PTComp,0.184950372716509,116.058111111111,1044.523,9,"-0.111111111111111,plight_b_27,0.333333333333333,H,0.333333333333333,B,0.333333333333333,O",plight_b
TAE-PTComp_0333_plight_b_28,TAE-PTComp,0.16017302110914,100.510088235294,3417.343,34,"-0.0294117647058824,plight_b_28,0.529411764705882,H,0.0588235294117647,B,0.294117647058824,C,0.117647058823529,N",plight_b
TAE-PTComp_0334_plight_b_29,TAE-PTComp,0.123894543769362,77.745,699.705,9,"-0.111111111111111,plight_b_29,0.777777777777778,H,0.111111111111111,B,0.111111111111111,C",plight_b
TAE-PTComp_0335_plight_b_30,TAE-PTComp,0.185317653581179,116.288583333333,1395.463,12,"-0.0833333333333333,plight_b_30,0.166666666666667,H,0.333333333333333,B,0.0833333333333333,C,0.0833333333333333,N,0.166666666666667,O,0.0833333333333333,F,0.0833333333333333,S",plight_b
TAE-PTComp_0336_plight_b_31,TAE-PTComp,0.169470675648733,106.344454545455,1169.789,11,"-0.0909090909090909,plight_b_31,0.181818181818182,H,0.272727272727273,B,0.181818181818182,N,0.272727272727273,O,0.0909090909090909,F",plight_b
TAE-PTComp_0337_plight_b_32,TAE-PTComp,0.140595088435475,88.22475,352.899,4,"-0.25,plight_b_32,0.5,H,0.25,B,0.25,N",plight_b
TAE-PTComp_0338_plight_b_33,TAE-PTComp,0.199908585344141,125.44453125,4014.225,32,"-0.03125,plight_b_33,0.34375,H,0.03125,B,0.5625,C,0.0625,O",plight_b
TAE-PTComp_0339_plight_b_34,TAE-PTComp,0.0911959670708954,57.2263333333333,171.679,3,"-0.333333333333333,plight_b_34,0.666666666666667,H,0.333333333333333,B_cation",plight_b
TAE-PTComp_0340_plight_b_35,TAE-PTComp,0.147511008807889,92.5645555555556,833.081,9,"-0.111111111111111,plight_b_35,0.666666666666667,H,0.111111111111111,B_cation,0.222222222222222,C",plight_b
TAE-PTComp_0341_plight_b_36,TAE-PTComp,0.198434777241597,124.519702702703,4607.229,37,"-0.027027027027027,plight_b_36,0.324324324324324,H,0.027027027027027,B_cation,0.540540540540541,C,0.108108108108108,N",plight_b
TAE-PTComp_0342_plight_b_37,TAE-PTComp,0.148282382730437,93.0486,930.486,10,"-0.1,plight_b_37,0.5,H,0.1,B_cation,0.1,B,0.2,C,0.1,O",plight_b
TAE-PTComp_0343_plight_f_1,TAE-PTComp,0.14279966528144,89.6081428571429,627.257,7,"-0.142857142857143,plight_f_1,0.285714285714286,C,0.142857142857143,F_anion,0.571428571428571,F",plight_f
TAE-PTComp_0344_plight_f_2,TAE-PTComp,0.168032295130343,105.441857142857,738.093,7,"-0.142857142857143,plight_f_2,0.285714285714286,C,0.285714285714286,O,0.142857142857143,F_anion,0.285714285714286,F",plight_f
TAE-PTComp_0345_plight_f_3,TAE-PTComp,0.172107796282312,107.999272727273,1187.992,11,"-0.0909090909090909,plight_f_3,0.363636363636364,H,0.0909090909090909,B,0.363636363636364,C,0.0909090909090909,F_anion,0.0909090909090909,F",plight_f
TAE-PTComp_0346_plight_f_4,TAE-PTComp,0.115788268221129,72.6582352941176,1235.19,17,"-0.0588235294117647,plight_f_4,0.705882352941177,H,0.235294117647059,B,0.0588235294117647,F_anion",plight_f
TAE-PTComp_0347_plight_f_5,TAE-PTComp,0.166857766449856,104.704829268293,4292.898,41,"-0.024390243902439,plight_f_5,0.024390243902439,F_anion,0.48780487804878,F,0.48780487804878,Si",plight_f
TAE-PTComp_0348_plight_f_6,TAE-PTComp,0.197748873595793,124.089291666667,2978.143,24,"-0.0416666666666667,plight_f_6,0.208333333333333,H,0.583333333333333,C,0.208333333333333,F",plight_f
TAE-PTComp_0349_plight_f_7,TAE-PTComp,0.165074532919191,103.585833333333,1243.03,12,"-0.0833333333333333,plight_f_7,0.25,B,0.25,N,0.5,F",plight_f
TAE-PTComp_0350_plight_f_8,TAE-PTComp,0.165132903679541,103.622461538462,1347.092,13,"-0.0769230769230769,plight_f_8,0.384615384615385,H,0.0769230769230769,B,0.153846153846154,C,0.0769230769230769,N,0.0769230769230769,O,0.230769230769231,F",plight_f
TAE-PTComp_0351_plight_f_9,TAE-PTComp,0.153144744023601,96.0997777777778,864.898,9,"-0.111111111111111,plight_f_9,0.555555555555556,H,0.111111111111111,B,0.111111111111111,C,0.111111111111111,N,0.111111111111111,F",plight_f
TAE-PTComp_0352_plight_f_10,TAE-PTComp,0.138451428901609,86.8795833333333,1042.555,12,"-0.0833333333333333,plight_f_10,0.5,H,0.25,B,0.25,F",plight_f
TAE-PTComp_0353_plight_f_11,TAE-PTComp,0.15544360263081,97.5423333333333,585.254,6,"-0.166666666666667,plight_f_11,0.333333333333333,H,0.333333333333333,C,0.333333333333333,F",plight_f
TAE-PTComp_0354_plight_f_12,TAE-PTComp,0.160708543060487,100.846133333333,1512.692,15,"-0.0666666666666667,plight_f_12,0.2,H,0.333333333333333,C,0.0666666666666667,N,0.133333333333333,O,0.266666666666667,F",plight_f
TAE-PTComp_0355_plight_f_13,TAE-PTComp,0.183275718939082,115.00725,2760.174,24,"-0.0416666666666667,plight_f_13,0.25,H,0.5,C,0.25,F",plight_f
TAE-PTComp_0356_plight_f_14,TAE-PTComp,0.17288803888566,108.488882352941,1844.311,17,"-0.0588235294117647,plight_f_14,0.352941176470588,H,0.411764705882353,C,0.235294117647059,F",plight_f
TAE-PTComp_0357_plight_f_15,TAE-PTComp,0.049889286606774,31.306,62.612,2,"-0.5,plight_f_15,0.5,F,0.5,Cl",plight_f
TAE-PTComp_0358_plight_f_16,TAE-PTComp,0.166801526969477,104.669538461538,1360.704,13,"-0.0769230769230769,plight_f_16,0.153846153846154,H,0.307692307692308,C,0.230769230769231,N,0.0769230769230769,O,0.230769230769231,F",plight_f
TAE-PTComp_0359_plight_f_17,TAE-PTComp,0.155974196023762,97.8752857142857,1370.254,14,"-0.0714285714285714,plight_f_17,0.428571428571429,H,0.142857142857143,C,0.0714285714285714,N,0.0714285714285714,O,0.214285714285714,F,0.0714285714285714,Si",plight_f
TAE-PTComp_0360_plight_f_18,TAE-PTComp,0.167528546333037,105.12575,420.503,4,"-0.25,plight_f_18,0.25,C,0.25,O,0.5,F",plight_f
TAE-PTComp_0361_plight_f_19,TAE-PTComp,0.0868929775890264,54.5261666666667,327.157,6,"-0.166666666666667,plight_f_19,0.333333333333333,H,0.333333333333333,O,0.333333333333333,F",plight_f
TAE-PTComp_0362_plight_f_20,TAE-PTComp,0.152216294119349,95.5171666666667,573.103,6,"-0.166666666666667,plight_f_20,0.333333333333333,H,0.166666666666667,C,0.166666666666667,N,0.166666666666667,O,0.166666666666667,F",plight_f
TAE-PTComp_0363_plight_f_21,TAE-PTComp,0.116866363029008,73.33475,880.017,12,"-0.0833333333333333,plight_f_21,0.5,H,0.5,F",plight_f
TAE-PTComp_0364_plight_f_22,TAE-PTComp,0.151780506620328,95.2437058823529,1619.143,17,"-0.0588235294117647,plight_f_22,0.352941176470588,H,0.235294117647059,C,0.117647058823529,N,0.0588235294117647,O,0.235294117647059,F",plight_f
TAE-PTComp_0365_plight_f_23,TAE-PTComp,0.133441411581907,83.73575,334.943,4,"-0.25,plight_f_23,0.25,B,0.25,N,0.5,F",plight_f
TAE-PTComp_0366_plight_f_24,TAE-PTComp,0.139137695654046,87.3102222222222,1571.584,18,"-0.0555555555555556,plight_f_24,0.666666666666667,H,0.222222222222222,C,0.0555555555555556,N,0.0555555555555556,F",plight_f
TAE-PTComp_0367_plight_f_25,TAE-PTComp,0.16281817920366,102.16995,2043.399,20,"-0.05,plight_f_25,0.3,C,0.7,F",plight_f
TAE-PTComp_0368_plight_f_26,TAE-PTComp,0.107942194978221,67.73475,541.878,8,"-0.125,plight_f_26,0.125,C,0.25,N,0.125,O,0.5,F",plight_f
TAE-PTComp_0369_plight_f_27,TAE-PTComp,0.145397804768164,91.2385,364.954,4,"-0.25,plight_f_27,0.75,F,0.25,P",plight_f
TAE-PTComp_0370_plight_f_28,TAE-PTComp,0.112313842122028,70.478,422.868,6,"-0.166666666666667,plight_f_28,0.166666666666667,O,0.666666666666667,F,0.166666666666667,S",plight_f
TAE-PTComp_0371_plight_f_29,TAE-PTComp,0.159319772527631,99.9746666666667,299.924,3,"-0.333333333333333,plight_f_29,0.666666666666667,F,0.333333333333333,Si",plight_f
TAE-PTComp_0372_plight_f_30,TAE-PTComp,0.15541550212546,97.5247,975.247,10,"-0.1,plight_f_30,0.6,H,0.1,C_cation,0.2,C,0.1,F",plight_f
TAE-PTComp_0373_plight_f_31,TAE-PTComp,0.160303800984587,100.592153846154,1307.698,13,"-0.0769230769230769,plight_f_31,0.0769230769230769,C_cation,0.230769230769231,C,0.692307692307692,F",plight_f
TAE-PTComp_0374_plight_f_32,TAE-PTComp,0.151020827440879,94.767,758.136,8,"-0.125,plight_f_32,0.5,H,0.125,C_cation,0.125,C,0.125,O,0.125,F",plight_f
TAE-PTComp_0375_plight_f_33,TAE-PTComp,0.105926687559965,66.47,265.88,4,"-0.25,plight_f_33,0.25,H,0.5,F,0.25,S_cation",plight_f
TAE-PTComp_0376_plight_f_34,TAE-PTComp,0.103981165804846,65.2491666666667,391.495,6,"-0.166666666666667,plight_f_34,0.833333333333333,F,0.166666666666667,S_cation",plight_f
TAE-PTComp_0377_plight_ne_1,TAE-PTComp,0.146536964195838,91.9533333333333,1103.44,12,"-0.0833333333333333,plight_ne_1,0.416666666666667,H,0.0833333333333333,C_anion,0.333333333333333,C,0.166666666666667,Ne",plight_ne
TAE-PTComp_0378_plight_ne_2,TAE-PTComp,0.159792589245084,100.271363636364,1102.985,11,"-0.0909090909090909,plight_ne_2,0.454545454545455,H,0.0909090909090909,C_anion,0.363636363636364,C,0.0909090909090909,Ne",plight_ne
TAE-PTComp_0379_plight_ne_3,TAE-PTComp,0.0992516223381682,62.2813333333333,560.532,9,"-0.111111111111111,plight_ne_3,0.666666666666667,H,0.222222222222222,B,0.111111111111111,Ne",plight_ne
TAE-PTComp_0380_plight_ne_4,TAE-PTComp,0.0894163392254343,56.1096,280.548,5,"-0.2,plight_ne_4,0.6,H,0.2,B,0.2,Ne",plight_ne
TAE-PTComp_0381_plight_ne_5,TAE-PTComp,0.128014458800359,80.3302857142857,562.312,7,"-0.142857142857143,plight_ne_5,0.571428571428571,H,0.285714285714286,C,0.142857142857143,Ne",plight_ne
TAE-PTComp_0382_plight_ne_6,TAE-PTComp,0.103213979512742,64.76775,259.071,4,"-0.25,plight_ne_6,0.25,C,0.5,F,0.25,Ne",plight_ne
TAE-PTComp_0383_plight_ne_7,TAE-PTComp,0.13601671577184,85.3517777777778,2304.498,27,"-0.037037037037037,plight_ne_7,0.592592592592593,H,0.37037037037037,C,0.037037037037037,Ne",plight_ne
TAE-PTComp_0384_plight_ne_8,TAE-PTComp,0.131443197690363,82.4818518518519,2227.01,27,"-0.037037037037037,plight_ne_8,0.592592592592593,H,0.296296296296296,C,0.037037037037037,Ne,0.0740740740740741,Si",plight_ne
TAE-PTComp_0385_plight_ne_9,TAE-PTComp,0.103137517289916,64.7197692307692,841.357,13,"-0.0769230769230769,plight_ne_9,0.692307692307692,H,0.230769230769231,B,0.0769230769230769,Ne",plight_ne
TAE-PTComp_0386_plight_ne_10,TAE-PTComp,0.10510682649093,65.9555294117647,1121.244,17,"-0.0588235294117647,plight_ne_10,0.705882352941177,H,0.235294117647059,B,0.0588235294117647,Ne",plight_ne
TAE-PTComp_0387_plight_ne_11,TAE-PTComp,0.167322634639585,104.996538461538,1364.955,13,"-0.0769230769230769,plight_ne_11,0.461538461538462,H,0.461538461538462,C,0.0769230769230769,Ne",plight_ne
TAE-PTComp_0388_plight_ne_12,TAE-PTComp,0.0207088506821385,12.995,38.985,3,"-0.333333333333333,plight_ne_12,0.666666666666667,F,0.333333333333333,Ne",plight_ne
TAE-PTComp_0389_plight_ne_13,TAE-PTComp,0.0692365642205924,43.4466,217.233,5,"-0.2,plight_ne_13,0.4,H,0.2,Ne,0.4,Cl",plight_ne
TAE-PTComp_0390_plight_ne_14,TAE-PTComp,0.0755112105211582,47.384,142.152,3,"-0.333333333333333,plight_ne_14,0.333333333333333,H,0.333333333333333,F,0.333333333333333,Ne",plight_ne
TAE-PTComp_0391_plight_ne_15,TAE-PTComp,0.180982799060037,113.568421052632,2157.8,19,"-0.0526315789473684,plight_ne_15,0.421052631578947,H,0.526315789473684,C,0.0526315789473684,Ne",plight_ne
TAE-PTComp_0392_plight_ne_16,TAE-PTComp,0.0950497203074935,59.6446,298.223,5,"-0.2,plight_ne_16,0.6,H,0.2,N,0.2,Ne",plight_ne
TAE-PTComp_0393_plight_ne_17,TAE-PTComp,0.125527985242943,78.77,2126.79,27,"-0.037037037037037,plight_ne_17,0.592592592592593,H,0.148148148148148,C,0.037037037037037,Ne,0.222222222222222,Si",plight_ne
TAE-PTComp_0394_plight_ne_18,TAE-PTComp,0.127074097357742,79.7402,398.701,5,"-0.2,plight_ne_18,0.2,C_cation,0.6,F,0.2,Ne",plight_ne
TAE-PTComp_0395_plight_ne_19,TAE-PTComp,0.109426236317024,68.666,343.33,5,"-0.2,plight_ne_19,0.6,H,0.2,C_cation,0.2,Ne",plight_ne
TAE-PTComp_0396_plight_ne_20,TAE-PTComp,0.129499877466119,81.2624,406.312,5,"-0.2,plight_ne_20,0.4,H,0.2,O,0.2,Ne",plight_ne
TAE-PTComp_0397_plight_ne_21,TAE-PTComp,0.138061062949447,86.634625,693.077,8,"-0.125,plight_ne_21,0.375,H,0.125,C_cation,0.25,C,0.25,Ne",plight_ne
TAE-PTComp_0398_plight_ne_22,TAE-PTComp,0.157678666589993,98.9448571428571,692.614,7,"-0.142857142857143,plight_ne_22,0.428571428571429,H,0.142857142857143,C_cation,0.285714285714286,C,0.142857142857143,Ne",plight_ne
TAE-PTComp_0399_plight_ne_23,TAE-PTComp,0.0422352189017866,26.503,53.006,2,"-0.5,plight_ne_23,0.5,Ne",plight_ne
TAE-PTComp_0400_plight_ne_24,TAE-PTComp,0.135615482343208,85.1,510.6,6,"-0.166666666666667,plight_ne_24,0.5,H,0.166666666666667,N,0.166666666666667,Ne",plight_ne
TAE-PTComp_0401_plight_al_1,TAE-PTComp,0.130508875069702,81.8955555555555,737.06,9,"-0.111111111111111,plight_al_1,0.222222222222222,Al,0.111111111111111,Cl_anion,0.666666666666667,Cl",plight_al
TAE-PTComp_0402_plight_al_2,TAE-PTComp,0.087184341051875,54.709,164.127,3,"-0.333333333333333,plight_al_2,0.333333333333333,Al,0.333333333333333,Cl_anion,0.333333333333333,Cl",plight_al
TAE-PTComp_0403_plight_al_3,TAE-PTComp,0.07429423022328,46.6203333333333,139.861,3,"-0.333333333333333,plight_al_3,0.333333333333333,H_anion,0.333333333333333,H,0.333333333333333,Al",plight_al
TAE-PTComp_0404_plight_al_4,TAE-PTComp,0.148318458831554,93.0712380952381,1954.496,21,"-0.0476190476190476,plight_al_4,0.380952380952381,H,0.0952380952380952,C,0.0952380952380952,O,0.142857142857143,F,0.238095238095238,Al,0.0476190476190476,Cl_anion",plight_al
TAE-PTComp_0405_plight_al_5,TAE-PTComp,0.133872841228257,84.0064761904762,1764.136,21,"-0.0476190476190476,plight_al_5,0.380952380952381,H,0.0952380952380952,C,0.0952380952380952,O,0.142857142857143,F,0.19047619047619,Al,0.0476190476190476,P,0.0476190476190476,Cl_anion",plight_al
TAE-PTComp_0406_plight_al_6,TAE-PTComp,0.136018160264372,85.3526842105263,1621.701,19,"-0.0526315789473684,plight_al_6,0.368421052631579,H,0.105263157894737,C,0.105263157894737,O,0.105263157894737,F,0.210526315789474,Al,0.0526315789473684,P,0.0526315789473684,Cl_anion",plight_al
TAE-PTComp_0407_plight_al_7,TAE-PTComp,0.130610279027849,81.9591875,1311.347,16,"-0.0625,plight_al_7,0.375,H,0.0625,B,0.0625,C,0.125,N,0.0625,F,0.0625,Al,0.125,Si,0.0625,P,0.0625,S",plight_al
TAE-PTComp_0408_plight_al_8,TAE-PTComp,0.158590556854397,99.5170769230769,1293.722,13,"-0.0769230769230769,plight_al_8,0.307692307692308,H,0.230769230769231,C,0.153846153846154,N,0.0769230769230769,Al,0.230769230769231,Cl",plight_al
TAE-PTComp_0409_plight_al_9,TAE-PTComp,0.111876841194462,70.2037777777778,1263.668,18,"-0.0555555555555556,plight_al_9,0.444444444444444,H,0.166666666666667,Al,0.277777777777778,P,0.111111111111111,Cl",plight_al
TAE-PTComp_0410_plight_al_10,TAE-PTComp,0.149160106530261,93.59938,4679.969,50,"-0.02,plight_al_10,0.64,H,0.24,C,0.04,N,0.04,O,0.04,Al",plight_al
TAE-PTComp_0411_plight_al_11,TAE-PTComp,0.105071222388222,65.9331875,1054.931,16,"-0.0625,plight_al_11,0.75,Al,0.25,Cl",plight_al
TAE-PTComp_0412_plight_al_12,TAE-PTComp,0.105587250453748,66.257,530.056,8,"-0.125,plight_al_12,0.5,H,0.25,Al,0.25,Cl",plight_al
TAE-PTComp_0413_plight_al_13,TAE-PTComp,0.131315148863735,82.4015,659.212,8,"-0.125,plight_al_13,0.25,Al,0.75,Cl",plight_al
TAE-PTComp_0414_plight_al_14,TAE-PTComp,0.13412825380153,84.16675,1683.335,20,"-0.05,plight_al_14,0.7,H,0.2,C,0.1,Al",plight_al
TAE-PTComp_0415_plight_al_15,TAE-PTComp,0.153638068801979,96.40934375,3085.099,32,"-0.03125,plight_al_15,0.5625,H,0.1875,C,0.1875,O,0.0625,Al",plight_al
TAE-PTComp_0416_plight_al_16,TAE-PTComp,0.132254045710745,82.9906666666667,995.888,12,"-0.0833333333333333,plight_al_16,0.5,H,0.25,N,0.25,Al",plight_al
TAE-PTComp_0417_plight_al_17,TAE-PTComp,0.170988494094371,107.2969,1072.969,10,"-0.1,plight_al_17,0.6,O,0.4,Al",plight_al
TAE-PTComp_0418_plight_al_18,TAE-PTComp,0.103413149046265,64.8927307692308,1687.211,26,"-0.0384615384615385,plight_al_18,0.615384615384615,H,0.153846153846154,Al,0.230769230769231,P",plight_al
TAE-PTComp_0419_plight_al_19,TAE-PTComp,0.198747809376966,124.716133333333,1870.742,15,"-0.0666666666666667,plight_al_19,0.6,O,0.4,Al",plight_al
TAE-PTComp_0420_plight_al_20,TAE-PTComp,0.181670308914789,113.99984,2849.996,25,"-0.04,plight_al_20,0.36,H,0.36,C,0.24,O,0.04,Al",plight_al
TAE-PTComp_0421_plight_al_21,TAE-PTComp,0.153538717712351,96.347,2890.41,30,"-0.0333333333333333,plight_al_21,0.533333333333333,H,0.266666666666667,C,0.0666666666666667,O,0.0333333333333333,Al,0.1,Cl",plight_al
TAE-PTComp_0422_plight_al_22,TAE-PTComp,0.100350676129661,62.971,1007.536,16,"-0.0625,plight_al_22,0.75,O,0.0625,Al,0.1875,Cl",plight_al
TAE-PTComp_0423_plight_al_23,TAE-PTComp,0.153604852172013,96.3885,771.108,8,"-0.125,plight_al_23,0.375,H,0.125,N,0.375,F,0.125,Al",plight_al
TAE-PTComp_0424_plight_al_24,TAE-PTComp,0.112573067955884,70.6406666666667,635.766,9,"-0.111111111111111,plight_al_24,0.777777777777778,H,0.111111111111111,C,0.111111111111111,Al",plight_al
TAE-PTComp_0425_plight_al_25,TAE-PTComp,0.0938445990603138,58.888375,471.107,8,"-0.125,plight_al_25,0.75,H,0.125,Al,0.125,P",plight_al
TAE-PTComp_0426_plight_al_26,TAE-PTComp,0.153105713436009,96.0752857142857,672.527,7,"-0.142857142857143,plight_al_26,0.428571428571429,H,0.428571428571429,O,0.142857142857143,Al",plight_al
TAE-PTComp_0427_plight_al_27,TAE-PTComp,0.115790625144263,72.6597142857143,508.618,7,"-0.142857142857143,plight_al_27,0.428571428571429,H,0.142857142857143,Al,0.428571428571429,S",plight_al
TAE-PTComp_0428_plight_al_28,TAE-PTComp,0.123633491933858,77.5811875,1241.299,16,"-0.0625,plight_al_28,0.5,H,0.25,N,0.25,Al",plight_al
TAE-PTComp_0429_plight_al_29,TAE-PTComp,0.114959043441685,72.1378888888889,649.241,9,"-0.111111111111111,plight_al_29,0.666666666666667,H,0.111111111111111,C,0.111111111111111,F,0.111111111111111,Al",plight_al
TAE-PTComp_0430_plight_al_30,TAE-PTComp,0.158881996932699,99.6999583333333,2392.799,24,"-0.0416666666666667,plight_al_30,0.5,H,0.166666666666667,C,0.166666666666667,O,0.166666666666667,Al",plight_al
TAE-PTComp_0431_plight_al_31,TAE-PTComp,0.137310897206031,86.1638888888889,1550.95,18,"-0.0555555555555556,plight_al_31,0.333333333333333,H,0.0555555555555556,C,0.0555555555555556,N,0.111111111111111,O,0.0555555555555556,F,0.277777777777778,Al,0.0555555555555556,S,0.0555555555555556,Cl",plight_al
TAE-PTComp_0432_plight_al_32,TAE-PTComp,0.145702448242993,91.4296666666667,1645.734,18,"-0.0555555555555556,plight_al_32,0.333333333333333,H,0.0555555555555556,C,0.0555555555555556,N,0.111111111111111,O,0.0555555555555556,F,0.277777777777778,Al,0.0555555555555556,S,0.0555555555555556,Cl",plight_al
TAE-PTComp_0433_plight_al_33,TAE-PTComp,0.142499929087228,89.4200555555555,1609.561,18,"-0.0555555555555556,plight_al_33,0.333333333333333,H,0.111111111111111,C,0.111111111111111,O,0.111111111111111,F,0.222222222222222,Al,0.0555555555555556,P,0.0555555555555556,Cl",plight_al
TAE-PTComp_0434_plight_al_34,TAE-PTComp,0.112795109756196,70.78,212.34,3,"-0.333333333333333,plight_al_34,0.666666666666667,F,0.333333333333333,Al_cation",plight_al
TAE-PTComp_0435_plight_al_35,TAE-PTComp,0.0533325281130359,33.4666666666667,100.4,3,"-0.333333333333333,plight_al_35,0.666666666666667,H,0.333333333333333,Al_cation",plight_al
TAE-PTComp_0436_plight_al_36,TAE-PTComp,0.129230098449409,81.0931111111111,729.838,9,"-0.111111111111111,plight_al_36,0.666666666666667,H,0.222222222222222,C,0.111111111111111,Al_cation",plight_al
TAE-PTComp_0437_plight_si_1,TAE-PTComp,0.149477158848284,93.7983333333333,1969.765,21,"-0.0476190476190476,plight_si_1,0.619047619047619,H,0.285714285714286,C,0.0476190476190476,Si_anion,0.0476190476190476,Si",plight_si
TAE-PTComp_0438_plight_si_2,TAE-PTComp,0.104407530075197,65.5167142857143,458.617,7,"-0.142857142857143,plight_si_2,0.428571428571429,H,0.142857142857143,Si_anion,0.428571428571429,Si",plight_si
TAE-PTComp_0439_plight_si_3,TAE-PTComp,0.152918408352749,95.95775,383.831,4,"-0.25,plight_si_3,0.25,F_anion,0.5,F,0.25,Si",plight_si
TAE-PTComp_0440_plight_si_4,TAE-PTComp,0.134632230256184,84.483,844.83,10,"-0.1,plight_si_4,0.6,H,0.1,C,0.2,N,0.1,Si",plight_si
TAE-PTComp_0441_plight_si_5,TAE-PTComp,0.144608137312922,90.7429761904762,3811.205,42,"-0.0238095238095238,plight_si_5,0.571428571428571,H,0.19047619047619,C,0.0952380952380952,N,0.142857142857143,Si",plight_si
TAE-PTComp_0442_plight_si_6,TAE-PTComp,0.118000907652518,74.0466875,1184.747,16,"-0.0625,plight_si_6,0.5,H,0.5,Si",plight_si
TAE-PTComp_0443_plight_si_7,TAE-PTComp,0.190561049002328,119.578863636364,2630.735,22,"-0.0454545454545455,plight_si_7,0.272727272727273,H,0.454545454545455,O,0.272727272727273,Si",plight_si
TAE-PTComp_0444_plight_si_8,TAE-PTComp,0.155974196023762,97.8752857142857,1370.254,14,"-0.0714285714285714,plight_si_8,0.428571428571429,H,0.142857142857143,C,0.0714285714285714,N,0.0714285714285714,O,0.214285714285714,F,0.0714285714285714,Si",plight_si
TAE-PTComp_0445_plight_si_9,TAE-PTComp,0.139682273531995,87.65195,1753.039,20,"-0.05,plight_si_9,0.4,H,0.1,C,0.1,O,0.15,F,0.2,Si,0.05,Cl",plight_si
TAE-PTComp_0446_plight_si_10,TAE-PTComp,0.138777386795666,87.084125,696.673,8,"-0.125,plight_si_10,0.25,H,0.25,C,0.25,F,0.25,Si",plight_si
TAE-PTComp_0447_plight_si_11,TAE-PTComp,0.149956229244106,94.0989545454545,2070.177,22,"-0.0454545454545455,plight_si_11,0.363636363636364,H,0.0909090909090909,C,0.0909090909090909,O,0.136363636363636,F,0.272727272727273,Si,0.0454545454545455,Cl",plight_si
TAE-PTComp_0448_plight_si_12,TAE-PTComp,0.172589071964972,108.301277777778,1949.423,18,"-0.0555555555555556,plight_si_12,0.444444444444444,H,0.444444444444444,C,0.111111111111111,Si",plight_si
TAE-PTComp_0449_plight_si_13,TAE-PTComp,0.130004092960988,81.5788,815.788,10,"-0.1,plight_si_13,0.6,H,0.2,C,0.2,Si",plight_si
TAE-PTComp_0450_plight_si_14,TAE-PTComp,0.0860755928516366,54.01325,216.053,4,"-0.25,plight_si_14,0.5,H,0.5,Si",plight_si
TAE-PTComp_0451_plight_si_15,TAE-PTComp,0.144470083562005,90.6563461538462,2357.065,26,"-0.0384615384615385,plight_si_15,0.692307692307692,H,0.230769230769231,C,0.0769230769230769,Si",plight_si
TAE-PTComp_0452_plight_si_16,TAE-PTComp,0.175038127507679,109.838083333333,1318.057,12,"-0.0833333333333333,plight_si_16,0.333333333333333,H,0.5,O,0.166666666666667,Si",plight_si
TAE-PTComp_0453_plight_si_17,TAE-PTComp,0.178673144459675,112.119090909091,1233.31,11,"-0.0909090909090909,plight_si_17,0.727272727272727,F,0.272727272727273,Si",plight_si
TAE-PTComp_0454_plight_si_18,TAE-PTComp,0.175855967559765,110.351285714286,2317.377,21,"-0.0476190476190476,plight_si_18,0.476190476190476,H,0.476190476190476,C,0.0476190476190476,Si",plight_si
TAE-PTComp_0455_plight_si_19,TAE-PTComp,0.081688540893932,51.2603333333333,153.781,3,"-0.333333333333333,plight_si_19,0.666666666666667,H,0.333333333333333,Si",plight_si
TAE-PTComp_0456_plight_si_20,TAE-PTComp,0.122529624138023,76.8885,461.331,6,"-0.166666666666667,plight_si_20,0.666666666666667,H,0.166666666666667,C,0.166666666666667,Si",plight_si
TAE-PTComp_0457_plight_si_21,TAE-PTComp,0.109510241878522,68.7187142857143,481.031,7,"-0.142857142857143,plight_si_21,0.714285714285714,H,0.142857142857143,N,0.142857142857143,Si",plight_si
TAE-PTComp_0458_plight_si_22,TAE-PTComp,0.123937969408538,77.77225,933.267,12,"-0.0833333333333333,plight_si_22,0.666666666666667,H,0.166666666666667,O,0.166666666666667,Si",plight_si
TAE-PTComp_0459_plight_si_23,TAE-PTComp,0.123903751244335,77.7507777777778,699.757,9,"-0.111111111111111,plight_si_23,0.666666666666667,H,0.111111111111111,O,0.222222222222222,Si",plight_si
TAE-PTComp_0460_plight_si_24,TAE-PTComp,0.103615646755099,65.0198,650.198,10,"-0.1,plight_si_24,0.8,H,0.2,Si",plight_si
TAE-PTComp_0461_plight_si_25,TAE-PTComp,0.111385768484782,69.895625,559.165,8,"-0.125,plight_si_25,0.75,H,0.125,O,0.125,Si",plight_si
TAE-PTComp_0462_plight_si_26,TAE-PTComp,0.117309108413038,73.6125769230769,1913.927,26,"-0.0384615384615385,plight_si_26,0.615384615384615,H,0.384615384615385,Si",plight_si
TAE-PTComp_0463_plight_si_27,TAE-PTComp,0.158269943313879,99.3158888888889,893.843,9,"-0.111111111111111,plight_si_27,0.444444444444444,H,0.222222222222222,C,0.222222222222222,N,0.111111111111111,Si",plight_si
TAE-PTComp_0464_plight_si_28,TAE-PTComp,0.155249384250194,97.4204594594595,3604.557,37,"-0.027027027027027,plight_si_28,0.648648648648649,H,0.324324324324324,C,0.027027027027027,Si",plight_si
TAE-PTComp_0465_plight_si_29,TAE-PTComp,0.153341907934802,96.2235,192.447,2,"-0.5,plight_si_29,0.5,O,0.5,Si",plight_si
TAE-PTComp_0466_plight_si_30,TAE-PTComp,0.170411371333729,106.93475,427.739,4,"-0.25,plight_si_30,0.25,O,0.5,F,0.25,Si",plight_si
TAE-PTComp_0467_plight_si_31,TAE-PTComp,0.121957786822149,76.5296666666667,229.589,3,"-0.333333333333333,plight_si_31,0.333333333333333,Si,0.666666666666667,S",plight_si
TAE-PTComp_0468_plight_si_32,TAE-PTComp,0.117433729407514,73.6907777777778,663.217,9,"-0.111111111111111,plight_si_32,0.444444444444444,H,0.111111111111111,Si,0.444444444444444,S",plight_si
TAE-PTComp_0469_plight_si_33,TAE-PTComp,0.16482068038249,103.426538461538,1344.545,13,"-0.0769230769230769,plight_si_33,0.307692307692308,H,0.307692307692308,C,0.307692307692308,O,0.0769230769230769,Si",plight_si
TAE-PTComp_0470_plight_si_34,TAE-PTComp,0.144409869047646,90.6185609756098,3715.361,41,"-0.024390243902439,plight_si_34,0.658536585365854,H,0.219512195121951,C,0.0975609756097561,Si,0.024390243902439,Cl",plight_si
TAE-PTComp_0471_plight_si_35,TAE-PTComp,0.119220698235284,74.8121176470588,1271.806,17,"-0.0588235294117647,plight_si_35,0.705882352941177,H,0.0588235294117647,N,0.0588235294117647,Si_cation,0.176470588235294,Si",plight_si
TAE-PTComp_0472_plight_si_36,TAE-PTComp,0.113469203164318,71.203,284.812,4,"-0.25,plight_si_36,0.25,Si_cation,0.75,Cl",plight_si
TAE-PTComp_0473_plight_si_37,TAE-PTComp,0.106771694722274,67.00025,536.002,8,"-0.125,plight_si_37,0.75,H,0.125,Si_cation,0.125,P",plight_si
TAE-PTComp_0474_plight_p_1,TAE-PTComp,0.122654124250338,76.966625,1231.466,16,"-0.0625,plight_p_1,0.375,H,0.125,B,0.125,N,0.0625,Si,0.25,P,0.0625,Cl_anion",plight_p
TAE-PTComp_0475_plight_p_2,TAE-PTComp,0.101922498347654,63.9573333333333,191.872,3,"-0.333333333333333,plight_p_2,0.333333333333333,P_anion,0.666666666666667,P",plight_p
TAE-PTComp_0476_plight_p_3,TAE-PTComp,0.0814801585345148,51.1295714285714,357.907,7,"-0.142857142857143,plight_p_3,0.142857142857143,P,0.142857142857143,Cl_anion,0.714285714285714,Cl",plight_p
TAE-PTComp_0477_plight_p_4,TAE-PTComp,0.138055817344715,86.6313333333333,259.894,3,"-0.333333333333333,plight_p_4,0.333333333333333,C,0.333333333333333,P,0.333333333333333,S_anion",plight_p
TAE-PTComp_0478_plight_p_5,TAE-PTComp,0.0986356422624722,61.8948,309.474,5,"-0.2,plight_p_5,0.2,H_anion,0.4,H,0.2,N,0.2,P",plight_p
TAE-PTComp_0479_plight_p_6,TAE-PTComp,0.160090013222491,100.458,1205.496,12,"-0.0833333333333333,plight_p_6,0.416666666666667,H,0.166666666666667,C,0.0833333333333333,N,0.0833333333333333,O_anion,0.166666666666667,O,0.0833333333333333,P",plight_p
TAE-PTComp_0480_plight_p_7,TAE-PTComp,0.125927182403072,79.0205,632.164,8,"-0.125,plight_p_7,0.5,H,0.125,C,0.125,N,0.125,O,0.125,P",plight_p
TAE-PTComp_0481_plight_p_8,TAE-PTComp,0.160120659403984,100.477230769231,1306.204,13,"-0.0769230769230769,plight_p_8,0.307692307692308,H,0.538461538461538,O,0.153846153846154,P",plight_p
TAE-PTComp_0482_plight_p_9,TAE-PTComp,0.108939590278004,68.360625,546.885,8,"-0.125,plight_p_9,0.75,H,0.125,B,0.125,P",plight_p
TAE-PTComp_0483_plight_p_10,TAE-PTComp,0.140460960314474,88.1405833333333,1057.687,12,"-0.0833333333333333,plight_p_10,0.5,H,0.0833333333333333,C,0.25,O,0.166666666666667,P",plight_p
TAE-PTComp_0484_plight_p_11,TAE-PTComp,0.151693896390934,95.1893571428571,1332.651,14,"-0.0714285714285714,plight_p_11,0.5,H,0.142857142857143,C,0.285714285714286,O,0.0714285714285714,P",plight_p
TAE-PTComp_0485_plight_p_12,TAE-PTComp,0.118974413159321,74.6575714285714,522.603,7,"-0.142857142857143,plight_p_12,0.428571428571429,H,0.142857142857143,C,0.142857142857143,F,0.285714285714286,P",plight_p
TAE-PTComp_0486_plight_p_13,TAE-PTComp,0.11690748679944,73.3605555555555,660.245,9,"-0.111111111111111,plight_p_13,0.333333333333333,H,0.111111111111111,O,0.111111111111111,F,0.444444444444444,P",plight_p
TAE-PTComp_0487_plight_p_14,TAE-PTComp,0.127053991419604,79.7275833333333,956.731,12,"-0.0833333333333333,plight_p_14,0.333333333333333,H,0.0833333333333333,C,0.0833333333333333,O,0.25,F,0.25,P",plight_p
TAE-PTComp_0488_plight_p_15,TAE-PTComp,0.110385425022339,69.2679,692.679,10,"-0.1,plight_p_15,1,P",plight_p
TAE-PTComp_0489_plight_p_16,TAE-PTComp,0.0983116630901999,61.6915,370.149,6,"-0.166666666666667,plight_p_16,0.666666666666667,H,0.333333333333333,P",plight_p
TAE-PTComp_0490_plight_p_17,TAE-PTComp,0.132445490363453,83.1108,831.108,10,"-0.1,plight_p_17,0.6,H,0.2,C,0.2,P",plight_p
TAE-PTComp_0491_plight_p_18,TAE-PTComp,0.169177183934614,106.160285714286,1486.244,14,"-0.0714285714285714,plight_p_18,0.571428571428571,O,0.285714285714286,P,0.142857142857143,S",plight_p
TAE-PTComp_0492_plight_p_19,TAE-PTComp,0.108069483893052,67.814625,1085.034,16,"-0.0625,plight_p_19,0.375,H,0.625,P",plight_p
TAE-PTComp_0493_plight_p_20,TAE-PTComp,0.117656390941718,73.8305,738.305,10,"-0.1,plight_p_20,0.4,P,0.6,S",plight_p
TAE-PTComp_0494_plight_p_21,TAE-PTComp,0.151560722833199,95.1057894736842,1807.01,19,"-0.0526315789473684,plight_p_21,0.578947368421053,H,0.263157894736842,C,0.105263157894737,O,0.0526315789473684,P",plight_p
TAE-PTComp_0495_plight_p_22,TAE-PTComp,0.145397804768164,91.2385,364.954,4,"-0.25,plight_p_22,0.75,F,0.25,P",plight_p
TAE-PTComp_0496_plight_p_23,TAE-PTComp,0.169116171765287,106.122,1485.708,14,"-0.0714285714285714,plight_p_23,0.5,H,0.428571428571429,C,0.0714285714285714,P",plight_p
TAE-PTComp_0497_plight_p_24,TAE-PTComp,0.140995480796682,88.476,353.904,4,"-0.25,plight_p_24,0.25,H,0.5,O,0.25,P",plight_p
TAE-PTComp_0498_plight_p_25,TAE-PTComp,0.126186939437408,79.1835,791.835,10,"-0.1,plight_p_25,0.6,H,0.3,N,0.1,P",plight_p
TAE-PTComp_0499_plight_p_26,TAE-PTComp,0.108534018712125,68.106125,544.849,8,"-0.125,plight_p_26,0.5,H,0.25,F,0.25,P",plight_p
TAE-PTComp_0500_plight_p_27,TAE-PTComp,0.139767345288741,87.7053333333333,1052.464,12,"-0.0833333333333333,plight_p_27,0.416666666666667,H,0.166666666666667,C,0.0833333333333333,O,0.0833333333333333,P,0.25,S",plight_p
TAE-PTComp_0501_plight_p_28,TAE-PTComp,0.172676277376976,108.356,1191.916,11,"-0.0909090909090909,plight_p_28,0.454545454545455,H,0.454545454545455,C,0.0909090909090909,P",plight_p
TAE-PTComp_0502_plight_p_29,TAE-PTComp,0.159592354259251,100.145714285714,2103.06,21,"-0.0476190476190476,plight_p_29,0.428571428571429,H,0.142857142857143,C,0.285714285714286,O,0.142857142857143,P",plight_p
TAE-PTComp_0503_plight_p_30,TAE-PTComp,0.159986804094088,100.393235294118,1706.685,17,"-0.0588235294117647,plight_p_30,0.529411764705882,H,0.352941176470588,C,0.0588235294117647,O,0.0588235294117647,P",plight_p
TAE-PTComp_0504_plight_p_31,TAE-PTComp,0.137948116447554,86.56375,346.255,4,"-0.25,plight_p_31,0.5,H,0.25,C,0.25,P_cation",plight_p
TAE-PTComp_0505_plight_p_32,TAE-PTComp,0.155587026760198,97.6323333333333,2050.279,21,"-0.0476190476190476,plight_p_32,0.619047619047619,H,0.285714285714286,C,0.0476190476190476,P_cation,0.0476190476190476,P",plight_p
TAE-PTComp_0506_plight_p_33,TAE-PTComp,0.133804047847514,83.9633076923077,1091.523,13,"-0.0769230769230769,plight_p_33,0.384615384615385,H,0.0769230769230769,C,0.0769230769230769,O,0.153846153846154,F,0.0769230769230769,P_cation,0.153846153846154,P,0.0769230769230769,Cl",plight_p
TAE-PTComp_0507_plight_p_34,TAE-PTComp,0.122550500316856,76.9016,384.508,5,"-0.2,plight_p_34,0.2,H,0.2,P_cation,0.6,P",plight_p
TAE-PTComp_0508_plight_p_35,TAE-PTComp,0.150871403870785,94.6732352941176,1609.445,17,"-0.0588235294117647,plight_p_35,0.705882352941177,H,0.235294117647059,C,0.0588235294117647,P_cation",plight_p
TAE-PTComp_0509_plight_p_36,TAE-PTComp,0.180116248193167,113.024652173913,2599.567,23,"-0.0434782608695652,plight_p_36,0.478260869565217,H,0.434782608695652,C,0.0434782608695652,N,0.0434782608695652,P_cation",plight_p
TAE-PTComp_0510_plight_p_37,TAE-PTComp,0.106771694722274,67.00025,536.002,8,"-0.125,plight_p_37,0.75,H,0.125,Si_cation,0.125,P",plight_p
TAE-PTComp_0511_plight_s_1,TAE-PTComp,0.117011380759833,73.42575,293.703,4,"-0.25,plight_s_1,0.5,H,0.25,B,0.25,S_anion",plight_s
TAE-PTComp_0512_plight_s_2,TAE-PTComp,0.1202187426933,75.4384,377.192,5,"-0.2,plight_s_2,0.6,H,0.2,C,0.2,S_anion",plight_s
TAE-PTComp_0513_plight_s_3,TAE-PTComp,0.145361683135578,91.2158333333333,547.295,6,"-0.166666666666667,plight_s_3,0.166666666666667,H,0.666666666666667,O,0.166666666666667,S_anion",plight_s
TAE-PTComp_0514_plight_s_4,TAE-PTComp,0.0852465217037041,53.493,160.479,3,"-0.333333333333333,plight_s_4,0.333333333333333,H,0.333333333333333,S_anion,0.333333333333333,S",plight_s
TAE-PTComp_0515_plight_s_5,TAE-PTComp,0.117083225624647,73.4708333333333,440.825,6,"-0.166666666666667,plight_s_5,0.166666666666667,H,0.166666666666667,C,0.166666666666667,O,0.166666666666667,S_anion,0.333333333333333,S",plight_s
TAE-PTComp_0516_plight_s_6,TAE-PTComp,0.179146299213796,112.416,1461.408,13,"-0.0769230769230769,plight_s_6,0.384615384615385,H,0.461538461538462,C,0.0769230769230769,O,0.0769230769230769,S_anion",plight_s
TAE-PTComp_0517_plight_s_7,TAE-PTComp,0.124274959198261,77.9837142857143,545.886,7,"-0.142857142857143,plight_s_7,0.428571428571429,H,0.142857142857143,B,0.428571428571429,S",plight_s
TAE-PTComp_0518_plight_s_8,TAE-PTComp,0.101732992576694,63.8384166666667,766.061,12,"-0.0833333333333333,plight_s_8,1,S",plight_s
TAE-PTComp_0519_plight_s_9,TAE-PTComp,0.178089210260161,111.752666666667,335.258,3,"-0.333333333333333,plight_s_9,0.333333333333333,C,0.333333333333333,O,0.333333333333333,S",plight_s
TAE-PTComp_0520_plight_s_10,TAE-PTComp,0.139290008538119,87.4058,874.058,10,"-0.1,plight_s_10,0.5,H,0.2,C,0.1,N,0.2,S",plight_s
TAE-PTComp_0521_plight_s_11,TAE-PTComp,0.136185832297739,85.4579,854.579,10,"-0.1,plight_s_11,0.6,H,0.2,C,0.1,O,0.1,S",plight_s
TAE-PTComp_0522_plight_s_12,TAE-PTComp,0.142015120116533,89.1158333333333,534.695,6,"-0.166666666666667,plight_s_12,0.333333333333333,H,0.333333333333333,C,0.333333333333333,S",plight_s
TAE-PTComp_0523_plight_s_13,TAE-PTComp,0.0986731450163047,61.9183333333333,1114.53,18,"-0.0555555555555556,plight_s_13,0.666666666666667,H,0.333333333333333,S",plight_s
TAE-PTComp_0524_plight_s_14,TAE-PTComp,0.107153362266589,67.23975,268.959,4,"-0.25,plight_s_14,0.5,H,0.25,O,0.25,S",plight_s
TAE-PTComp_0525_plight_s_15,TAE-PTComp,0.144031123787868,90.3808947368421,1717.237,19,"-0.0526315789473684,plight_s_15,0.421052631578947,H,0.157894736842105,C,0.0526315789473684,N,0.157894736842105,O,0.157894736842105,F,0.0526315789473684,S",plight_s
TAE-PTComp_0526_plight_s_16,TAE-PTComp,0.150460357815261,94.4153,4720.765,50,"-0.02,plight_s_16,0.44,H,0.2,C,0.28,O,0.08,S",plight_s
TAE-PTComp_0527_plight_s_17,TAE-PTComp,0.0929383046427157,58.3196666666667,349.918,6,"-0.166666666666667,plight_s_17,0.333333333333333,H,0.666666666666667,S",plight_s
TAE-PTComp_0528_plight_s_18,TAE-PTComp,0.110602513378182,69.404125,555.233,8,"-0.125,plight_s_18,0.25,H,0.125,C,0.125,O,0.125,F,0.25,S,0.125,Cl",plight_s
TAE-PTComp_0529_plight_s_19,TAE-PTComp,0.107437421722848,67.418,202.254,3,"-0.333333333333333,plight_s_19,0.333333333333333,N,0.333333333333333,F,0.333333333333333,S",plight_s
TAE-PTComp_0530_plight_s_20,TAE-PTComp,0.117825768008804,73.9367857142857,1035.115,14,"-0.0714285714285714,plight_s_20,0.285714285714286,P,0.714285714285714,S",plight_s
TAE-PTComp_0531_plight_s_21,TAE-PTComp,0.139767345288741,87.7053333333333,1052.464,12,"-0.0833333333333333,plight_s_21,0.416666666666667,H,0.166666666666667,C,0.0833333333333333,O,0.0833333333333333,P,0.25,S",plight_s
TAE-PTComp_0532_plight_s_22,TAE-PTComp,0.104387091504378,65.5038888888889,589.535,9,"-0.111111111111111,plight_s_22,0.333333333333333,O,0.666666666666667,S",plight_s
TAE-PTComp_0533_plight_s_23,TAE-PTComp,0.176367191106671,110.672083333333,1328.065,12,"-0.0833333333333333,plight_s_23,0.333333333333333,H,0.5,C,0.166666666666667,S",plight_s
TAE-PTComp_0534_plight_s_24,TAE-PTComp,0.112313842122028,70.478,422.868,6,"-0.166666666666667,plight_s_24,0.166666666666667,O,0.666666666666667,F,0.166666666666667,S",plight_s
TAE-PTComp_0535_plight_s_25,TAE-PTComp,0.121957786822149,76.5296666666667,229.589,3,"-0.333333333333333,plight_s_25,0.333333333333333,Si,0.666666666666667,S",plight_s
TAE-PTComp_0536_plight_s_26,TAE-PTComp,0.137029405218754,85.98725,343.949,4,"-0.25,plight_s_26,0.75,O,0.25,S",plight_s
TAE-PTComp_0537_plight_s_27,TAE-PTComp,0.093312933780681,58.55475,234.219,4,"-0.25,plight_s_27,0.25,O,0.25,S,0.5,Cl",plight_s
TAE-PTComp_0538_plight_s_28,TAE-PTComp,0.168454827168666,105.707,1797.019,17,"-0.0588235294117647,plight_s_28,0.411764705882353,H,0.352941176470588,C,0.0588235294117647,N,0.117647058823529,O,0.0588235294117647,S",plight_s
TAE-PTComp_0539_plight_s_29,TAE-PTComp,0.183778344296865,115.322652173913,2652.421,23,"-0.0434782608695652,plight_s_29,0.347826086956522,H,0.521739130434783,C,0.130434782608696,S",plight_s
TAE-PTComp_0540_plight_s_30,TAE-PTComp,0.142229838938809,89.2505714285714,624.754,7,"-0.142857142857143,plight_s_30,0.571428571428571,H,0.285714285714286,C,0.142857142857143,S",plight_s
TAE-PTComp_0541_plight_s_31,TAE-PTComp,0.158907333298413,99.7158571428571,698.011,7,"-0.142857142857143,plight_s_31,0.285714285714286,H,0.285714285714286,C,0.285714285714286,N,0.142857142857143,S",plight_s
TAE-PTComp_0542_plight_s_32,TAE-PTComp,0.18242593097246,114.474,1259.214,11,"-0.0909090909090909,plight_s_32,0.454545454545455,H,0.454545454545455,C,0.0909090909090909,S_cation",plight_s
TAE-PTComp_0543_plight_s_33,TAE-PTComp,0.143368125679981,89.9648571428571,1259.508,14,"-0.0714285714285714,plight_s_33,0.642857142857143,H,0.214285714285714,C,0.0714285714285714,S_cation,0.0714285714285714,S",plight_s
TAE-PTComp_0544_plight_s_34,TAE-PTComp,0.151222099302453,94.8933,948.933,10,"-0.1,plight_s_34,0.2,H,0.2,C,0.2,N,0.3,F,0.1,S_cation",plight_s
TAE-PTComp_0545_plight_s_35,TAE-PTComp,0.14754062955842,92.5831428571429,648.082,7,"-0.142857142857143,plight_s_35,0.571428571428571,H,0.142857142857143,C,0.142857142857143,N,0.142857142857143,S_cation",plight_s
TAE-PTComp_0546_plight_cl_1,TAE-PTComp,0.113395991239447,71.1570588235294,1209.67,17,"-0.0588235294117647,plight_cl_1,0.705882352941177,H,0.235294117647059,B,0.0588235294117647,Cl_anion",plight_cl
TAE-PTComp_0547_plight_cl_2,TAE-PTComp,0.121637685413375,76.3288,381.644,5,"-0.2,plight_cl_2,0.4,H,0.4,C,0.2,Cl_anion",plight_cl
TAE-PTComp_0548_plight_cl_3,TAE-PTComp,0.0910373506078022,57.1268,285.634,5,"-0.2,plight_cl_3,0.4,C,0.2,N,0.2,Cl_anion,0.2,Cl",plight_cl
TAE-PTComp_0549_plight_cl_4,TAE-PTComp,0.138513427123393,86.918487804878,3563.658,41,"-0.024390243902439,plight_cl_4,0.48780487804878,Si,0.024390243902439,Cl_anion,0.48780487804878,Cl",plight_cl
TAE-PTComp_0550_plight_cl_5,TAE-PTComp,0.105071023188042,65.9330625,1054.929,16,"-0.0625,plight_cl_5,0.75,Al,0.25,Cl",plight_cl
TAE-PTComp_0551_plight_cl_6,TAE-PTComp,0.126107856966065,79.133875,633.071,8,"-0.125,plight_cl_6,0.25,B,0.75,Cl",plight_cl
TAE-PTComp_0552_plight_cl_7,TAE-PTComp,0.106487037665475,66.821625,534.573,8,"-0.125,plight_cl_7,0.125,H,0.125,B,0.125,N,0.625,Cl",plight_cl
TAE-PTComp_0553_plight_cl_8,TAE-PTComp,0.138216771089916,86.7323333333333,520.394,6,"-0.166666666666667,plight_cl_8,0.333333333333333,H,0.333333333333333,C,0.333333333333333,Cl",plight_cl
TAE-PTComp_0554_plight_cl_9,TAE-PTComp,0.127344292481494,79.90975,958.917,12,"-0.0833333333333333,plight_cl_9,0.333333333333333,C,0.666666666666667,Cl",plight_cl
TAE-PTComp_0555_plight_cl_10,TAE-PTComp,0.174472266197197,109.483,1313.796,12,"-0.0833333333333333,plight_cl_10,0.5,C,0.25,F,0.25,Cl",plight_cl
TAE-PTComp_0556_plight_cl_11,TAE-PTComp,0.139139253842119,87.3112,873.112,10,"-0.1,plight_cl_11,0.4,C,0.6,Cl",plight_cl
TAE-PTComp_0557_plight_cl_12,TAE-PTComp,0.119173588043765,74.7825555555556,673.043,9,"-0.111111111111111,plight_cl_12,0.555555555555556,H,0.111111111111111,C,0.111111111111111,N,0.222222222222222,Cl",plight_cl
TAE-PTComp_0558_plight_cl_13,TAE-PTComp,0.118798047011644,74.5469,745.469,10,"-0.1,plight_cl_13,0.4,H,0.2,C,0.4,Cl",plight_cl
TAE-PTComp_0559_plight_cl_14,TAE-PTComp,0.125916823993728,79.014,395.07,5,"-0.2,plight_cl_14,0.6,H,0.2,C,0.2,Cl",plight_cl
TAE-PTComp_0560_plight_cl_15,TAE-PTComp,0.138101898986286,86.66025,346.641,4,"-0.25,plight_cl_15,0.25,C,0.25,O,0.5,Cl",plight_cl
TAE-PTComp_0561_plight_cl_16,TAE-PTComp,0.0536554980043977,33.6693333333333,101.008,3,"-0.333333333333333,plight_cl_16,0.333333333333333,O,0.666666666666667,Cl",plight_cl
TAE-PTComp_0562_plight_cl_17,TAE-PTComp,0.151259867656525,94.917,284.751,3,"-0.333333333333333,plight_cl_17,0.333333333333333,C,0.333333333333333,N,0.333333333333333,Cl",plight_cl
TAE-PTComp_0563_plight_cl_18,TAE-PTComp,0.049889286606774,31.306,62.612,2,"-0.5,plight_cl_18,0.5,F,0.5,Cl",plight_cl
TAE-PTComp_0564_plight_cl_19,TAE-PTComp,0.142376203642278,89.3424166666667,1072.109,12,"-0.0833333333333333,plight_cl_19,0.583333333333333,H,0.25,C,0.0833333333333333,O,0.0833333333333333,Cl",plight_cl
TAE-PTComp_0565_plight_cl_20,TAE-PTComp,0.0938318900888486,58.8804,294.402,5,"-0.2,plight_cl_20,0.4,H,0.2,O,0.4,Cl",plight_cl
TAE-PTComp_0566_plight_cl_21,TAE-PTComp,0.121015224691833,75.9382,379.691,5,"-0.2,plight_cl_21,0.2,H,0.2,C,0.2,N,0.2,F,0.2,Cl",plight_cl
TAE-PTComp_0567_plight_cl_22,TAE-PTComp,0.080043944210287,50.2283333333333,301.37,6,"-0.166666666666667,plight_cl_22,0.5,H,0.166666666666667,N,0.333333333333333,Cl",plight_cl
TAE-PTComp_0568_plight_cl_23,TAE-PTComp,0.0668539707111761,41.9515,251.709,6,"-0.166666666666667,plight_cl_23,0.333333333333333,N,0.666666666666667,Cl",plight_cl
TAE-PTComp_0569_plight_cl_24,TAE-PTComp,0.0593803783690015,37.26175,149.047,4,"-0.25,plight_cl_24,0.25,N,0.75,Cl",plight_cl
TAE-PTComp_0570_plight_cl_25,TAE-PTComp,0.10978001583618,68.888,413.328,6,"-0.166666666666667,plight_cl_25,0.666666666666667,H,0.166666666666667,N,0.166666666666667,Cl",plight_cl
TAE-PTComp_0571_plight_cl_26,TAE-PTComp,0.0841347191007102,52.7953333333333,316.772,6,"-0.166666666666667,plight_cl_26,0.166666666666667,P,0.833333333333333,Cl",plight_cl
TAE-PTComp_0572_plight_cl_27,TAE-PTComp,0.172968880307609,108.539611111111,1953.713,18,"-0.0555555555555556,plight_cl_27,0.555555555555556,C,0.444444444444444,Cl",plight_cl
TAE-PTComp_0573_plight_cl_28,TAE-PTComp,0.0795513885659363,49.91925,199.677,4,"-0.25,plight_cl_28,0.5,S,0.5,Cl",plight_cl
TAE-PTComp_0574_plight_cl_29,TAE-PTComp,0.0508547814206359,31.9118571428571,223.383,7,"-0.142857142857143,plight_cl_29,0.142857142857143,S,0.857142857142857,Cl",plight_cl
TAE-PTComp_0575_plight_cl_30,TAE-PTComp,0.110924752868885,69.6063333333333,208.819,3,"-0.333333333333333,plight_cl_30,0.333333333333333,Si,0.666666666666667,Cl",plight_cl
TAE-PTComp_0576_plight_cl_31,TAE-PTComp,0.144409869047646,90.6185609756098,3715.361,41,"-0.024390243902439,plight_cl_31,0.658536585365854,H,0.219512195121951,C,0.0975609756097561,Si,0.024390243902439,Cl",plight_cl
TAE-PTComp_0577_plight_cl_32,TAE-PTComp,0.150448724524766,94.408,660.856,7,"-0.142857142857143,plight_cl_32,0.571428571428571,H,0.142857142857143,C_cation,0.142857142857143,C,0.142857142857143,Cl",plight_cl
TAE-PTComp_0578_plight_cl_33,TAE-PTComp,0.122499611310947,76.8696666666667,230.609,3,"-0.333333333333333,plight_cl_33,0.666666666666667,H,0.333333333333333,Cl_cation",plight_cl
TAE-PTComp_0579_plight_cl_34,TAE-PTComp,0.107515508193293,67.467,472.269,7,"-0.142857142857143,plight_cl_34,0.285714285714286,H,0.571428571428571,O,0.142857142857143,Cl_cation",plight_cl
TAE-PTComp_0580_plight_cl_35,TAE-PTComp,0.181052592968309,113.612217391304,2613.081,23,"-0.0434782608695652,plight_cl_35,0.434782608695652,H,0.0434782608695652,C_cation,0.391304347826087,C,0.0869565217391304,N,0.0434782608695652,Cl",plight_cl
TAE-PTComp_0581_plight_cl_36,TAE-PTComp,0.0806282647374219,50.595,202.38,4,"-0.25,plight_cl_36,0.25,S_cation,0.75,Cl",plight_cl
TAE-PTComp_0582_plight_ar_1,TAE-PTComp,0.147024473435636,92.25925,1107.111,12,"-0.0833333333333333,plight_ar_1,0.416666666666667,H,0.0833333333333333,C_anion,0.333333333333333,C,0.166666666666667,Ar",plight_ar
TAE-PTComp_0583_plight_ar_2,TAE-PTComp,0.160035106409321,100.423545454545,1104.659,11,"-0.0909090909090909,plight_ar_2,0.454545454545455,H,0.0909090909090909,C_anion,0.363636363636364,C,0.0909090909090909,Ar",plight_ar
TAE-PTComp_0584_plight_ar_3,TAE-PTComp,0.103331446326404,64.8414615384615,842.939,13,"-0.0769230769230769,plight_ar_3,0.692307692307692,H,0.230769230769231,B,0.0769230769230769,Ar",plight_ar
TAE-PTComp_0585_plight_ar_4,TAE-PTComp,0.105305839188113,66.0804117647059,1123.367,17,"-0.0588235294117647,plight_ar_4,0.705882352941177,H,0.235294117647059,B,0.0588235294117647,Ar",plight_ar
TAE-PTComp_0586_plight_ar_5,TAE-PTComp,0.167403295389275,105.047153846154,1365.613,13,"-0.0769230769230769,plight_ar_5,0.461538461538462,H,0.461538461538462,C,0.0769230769230769,Ar",plight_ar
TAE-PTComp_0587_plight_ar_6,TAE-PTComp,0.0208002171645632,13.0523333333333,39.157,3,"-0.333333333333333,plight_ar_6,0.666666666666667,F,0.333333333333333,Ar",plight_ar
TAE-PTComp_0588_plight_ar_7,TAE-PTComp,0.0693611838530159,43.5248,217.624,5,"-0.2,plight_ar_7,0.4,H,0.4,Cl,0.2,Ar",plight_ar
TAE-PTComp_0589_plight_ar_8,TAE-PTComp,0.18106214363688,113.618210526316,2158.746,19,"-0.0526315789473684,plight_ar_8,0.421052631578947,H,0.526315789473684,C,0.0526315789473684,Ar",plight_ar
TAE-PTComp_0590_plight_ar_9,TAE-PTComp,0.104515878109449,65.5847037037037,1770.787,27,"-0.037037037037037,plight_ar_9,0.592592592592593,H,0.37037037037037,Si,0.037037037037037,Ar",plight_ar
TAE-PTComp_0591_plight_ar_10,TAE-PTComp,0.0994619777279367,62.4133333333333,561.72,9,"-0.111111111111111,plight_ar_10,0.666666666666667,H,0.222222222222222,B,0.111111111111111,Ar",plight_ar
TAE-PTComp_0592_plight_ar_11,TAE-PTComp,0.0895466958230333,56.1914,280.957,5,"-0.2,plight_ar_11,0.6,H,0.2,B,0.2,Ar",plight_ar
TAE-PTComp_0593_plight_ar_12,TAE-PTComp,0.128075470969686,80.3685714285714,562.58,7,"-0.142857142857143,plight_ar_12,0.571428571428571,H,0.285714285714286,C,0.142857142857143,Ar",plight_ar
TAE-PTComp_0594_plight_ar_13,TAE-PTComp,0.103249835545088,64.79025,259.161,4,"-0.25,plight_ar_13,0.25,C,0.5,F,0.25,Ar",plight_ar
TAE-PTComp_0595_plight_ar_14,TAE-PTComp,0.157908600511709,99.0891428571429,693.624,7,"-0.142857142857143,plight_ar_14,0.428571428571429,H,0.142857142857143,C_cation,0.285714285714286,C,0.142857142857143,Ar",plight_ar
TAE-PTComp_0596_plight_ar_15,TAE-PTComp,0.0406479918698966,25.507,51.014,2,"-0.5,plight_ar_15,0.5,F,0.5,Ar_cation",plight_ar
TAE-PTComp_0597_plight_ar_16,TAE-PTComp,0.0744562463694402,46.722,93.444,2,"-0.5,plight_ar_16,0.5,Ar",plight_ar
TAE-PTComp_0598_plight_ar_17,TAE-PTComp,0.0375744658971673,23.5783333333333,70.735,3,"-0.333333333333333,plight_ar_17,0.333333333333333,O,0.333333333333333,Ar",plight_ar
TAE-PTComp_0599_plight_ar_18,TAE-PTComp,0.12779121800468,80.1902,400.951,5,"-0.2,plight_ar_18,0.2,C_cation,0.6,F,0.2,Ar",plight_ar
TAE-PTComp_0600_plight_ar_19,TAE-PTComp,0.114225845126909,71.6778,358.389,5,"-0.2,plight_ar_19,0.6,H,0.2,C_cation,0.2,Ar",plight_ar
TAE-PTComp_0601_plight_ar_20,TAE-PTComp,0.129211754326193,81.0816,405.408,5,"-0.2,plight_ar_20,0.4,H,0.2,O,0.2,Ar",plight_ar
TAE-PTComp_0602_plight_ar_21,TAE-PTComp,0.135936593032892,85.3015,511.809,6,"-0.166666666666667,plight_ar_21,0.5,H,0.166666666666667,N,0.166666666666667,Ar",plight_ar
TAE-PTComp_0603_pheavy_ga_1,TAE-PTComp,0.110226401305546,69.1681111111111,622.513,9,"-0.111111111111111,pheavy_ga_1,0.111111111111111,Cl_anion,0.666666666666667,Cl,0.222222222222222,Ga",pheavy_ga
TAE-PTComp_0604_pheavy_ga_2,TAE-PTComp,0.0792620171048847,49.7376666666667,149.213,3,"-0.333333333333333,pheavy_ga_2,0.333333333333333,Cl_anion,0.333333333333333,Cl,0.333333333333333,Ga",pheavy_ga
TAE-PTComp_0605_pheavy_ga_3,TAE-PTComp,0.142017298038497,89.1172,445.586,5,"-0.2,pheavy_ga_3,0.2,F_anion,0.6,F,0.2,Ga",pheavy_ga
TAE-PTComp_0606_pheavy_ga_4,TAE-PTComp,0.128231188595878,80.4662857142857,1689.792,21,"-0.0476190476190476,pheavy_ga_4,0.380952380952381,H,0.0952380952380952,C,0.0952380952380952,O,0.142857142857143,F,0.0476190476190476,Cl_anion,0.238095238095238,Ga",pheavy_ga
TAE-PTComp_0607_pheavy_ga_5,TAE-PTComp,0.118827194740796,74.5651904761905,1565.869,21,"-0.0476190476190476,pheavy_ga_5,0.380952380952381,H,0.0952380952380952,C,0.0952380952380952,O,0.142857142857143,F,0.0476190476190476,P,0.0476190476190476,Cl_anion,0.19047619047619,Ga",pheavy_ga
TAE-PTComp_0608_pheavy_ga_6,TAE-PTComp,0.122698084584733,76.9942105263158,1462.89,19,"-0.0526315789473684,pheavy_ga_6,0.368421052631579,H,0.105263157894737,C,0.105263157894737,O,0.105263157894737,F,0.0526315789473684,P,0.0526315789473684,Cl_anion,0.210526315789474,Ga",pheavy_ga
TAE-PTComp_0609_pheavy_ga_7,TAE-PTComp,0.151851338959341,95.2881538461538,1238.746,13,"-0.0769230769230769,pheavy_ga_7,0.307692307692308,H,0.230769230769231,C,0.153846153846154,N,0.230769230769231,Cl,0.0769230769230769,Ga",pheavy_ga
TAE-PTComp_0610_pheavy_ga_8,TAE-PTComp,0.103595248656697,65.007,1170.126,18,"-0.0555555555555556,pheavy_ga_8,0.444444444444444,H,0.277777777777778,P,0.111111111111111,Cl,0.166666666666667,Ga",pheavy_ga
TAE-PTComp_0611_pheavy_ga_9,TAE-PTComp,0.14604063171608,91.64188,4582.094,50,"-0.02,pheavy_ga_9,0.64,H,0.24,C,0.04,N,0.04,O,0.04,Ga",pheavy_ga
TAE-PTComp_0612_pheavy_ga_10,TAE-PTComp,0.0986711427991138,61.9170769230769,1609.844,26,"-0.0384615384615385,pheavy_ga_10,0.615384615384615,H,0.230769230769231,P,0.153846153846154,Ga",pheavy_ga
TAE-PTComp_0613_pheavy_ga_11,TAE-PTComp,0.113907543159759,71.4780625,1143.649,16,"-0.0625,pheavy_ga_11,0.5,H,0.25,N,0.25,Ga",pheavy_ga
TAE-PTComp_0614_pheavy_ga_12,TAE-PTComp,0.111033294833471,69.6744444444444,627.07,9,"-0.111111111111111,pheavy_ga_12,0.666666666666667,H,0.111111111111111,C,0.111111111111111,F,0.111111111111111,Ga",pheavy_ga
TAE-PTComp_0615_pheavy_ga_13,TAE-PTComp,0.0958664808843202,60.157125,481.257,8,"-0.125,pheavy_ga_13,0.25,Ga,0.75,Br",pheavy_ga
TAE-PTComp_0616_pheavy_ga_14,TAE-PTComp,0.0938744790872696,58.907125,471.257,8,"-0.125,pheavy_ga_14,0.5,H,0.25,Cl,0.25,Ga",pheavy_ga
TAE-PTComp_0617_pheavy_ga_15,TAE-PTComp,0.129724256548538,81.4032,1628.064,20,"-0.05,pheavy_ga_15,0.7,H,0.2,C,0.1,Ga",pheavy_ga
TAE-PTComp_0618_pheavy_ga_16,TAE-PTComp,0.0810718835376251,50.873375,406.987,8,"-0.125,pheavy_ga_16,0.25,Ga,0.75,I",pheavy_ga
TAE-PTComp_0619_pheavy_ga_17,TAE-PTComp,0.12972433622861,81.40325,1628.065,20,"-0.05,pheavy_ga_17,0.7,H,0.2,C,0.1,Ga",pheavy_ga
TAE-PTComp_0620_pheavy_ga_18,TAE-PTComp,0.145532962090094,91.3233125,2922.346,32,"-0.03125,pheavy_ga_18,0.5625,H,0.1875,C,0.1875,O,0.0625,Ga",pheavy_ga
TAE-PTComp_0621_pheavy_ga_19,TAE-PTComp,0.116644586828936,73.1955833333333,878.347,12,"-0.0833333333333333,pheavy_ga_19,0.5,H,0.25,N,0.25,Ga",pheavy_ga
TAE-PTComp_0622_pheavy_ga_20,TAE-PTComp,0.132869707066153,83.377,833.77,10,"-0.1,pheavy_ga_20,0.6,O,0.4,Ga",pheavy_ga
TAE-PTComp_0623_pheavy_ga_21,TAE-PTComp,0.122875913730422,77.1058,1156.587,15,"-0.0666666666666667,pheavy_ga_21,0.6,S,0.4,Ga",pheavy_ga
TAE-PTComp_0624_pheavy_ga_22,TAE-PTComp,0.176008434239025,110.44696,2761.174,25,"-0.04,pheavy_ga_22,0.36,H,0.36,C,0.24,O,0.04,Ga",pheavy_ga
TAE-PTComp_0625_pheavy_ga_23,TAE-PTComp,0.0708815991446328,44.478875,355.831,8,"-0.125,pheavy_ga_23,0.375,H,0.125,N,0.375,Cl,0.125,Ga",pheavy_ga
TAE-PTComp_0626_pheavy_ga_24,TAE-PTComp,0.150118477186839,94.2007666666667,2826.023,30,"-0.0333333333333333,pheavy_ga_24,0.533333333333333,H,0.266666666666667,C,0.0666666666666667,O,0.1,Cl,0.0333333333333333,Ga",pheavy_ga
TAE-PTComp_0627_pheavy_ga_25,TAE-PTComp,0.134454543695887,84.3715,674.972,8,"-0.125,pheavy_ga_25,0.375,H,0.125,N,0.375,F,0.125,Ga",pheavy_ga
TAE-PTComp_0628_pheavy_ga_26,TAE-PTComp,0.109460764348173,68.6876666666667,618.189,9,"-0.111111111111111,pheavy_ga_26,0.777777777777778,H,0.111111111111111,C,0.111111111111111,Ga",pheavy_ga
TAE-PTComp_0629_pheavy_ga_27,TAE-PTComp,0.0900227444124924,56.490125,451.921,8,"-0.125,pheavy_ga_27,0.75,H,0.125,P,0.125,Ga",pheavy_ga
TAE-PTComp_0630_pheavy_ga_28,TAE-PTComp,0.136213310539671,85.4751428571429,598.326,7,"-0.142857142857143,pheavy_ga_28,0.428571428571429,H,0.428571428571429,O,0.142857142857143,Ga",pheavy_ga
TAE-PTComp_0631_pheavy_ga_29,TAE-PTComp,0.143388937355898,89.9779166666667,2159.47,24,"-0.0416666666666667,pheavy_ga_29,0.5,H,0.166666666666667,C,0.166666666666667,O,0.166666666666667,Ga",pheavy_ga
TAE-PTComp_0632_pheavy_ga_30,TAE-PTComp,0.131059375832994,82.241,1315.856,16,"-0.0625,pheavy_ga_30,0.4375,H,0.125,C,0.0625,N,0.125,O,0.25,Ga",pheavy_ga
TAE-PTComp_0633_pheavy_ga_31,TAE-PTComp,0.1298461471385,81.4796875,1303.675,16,"-0.0625,pheavy_ga_31,0.4375,H,0.125,C,0.0625,N,0.125,O,0.25,Ga",pheavy_ga
TAE-PTComp_0634_pheavy_ga_32,TAE-PTComp,0.129717386355674,81.3988888888889,1465.18,18,"-0.0555555555555556,pheavy_ga_32,0.333333333333333,H,0.111111111111111,C,0.111111111111111,O,0.111111111111111,F,0.0555555555555556,P,0.0555555555555556,Cl,0.222222222222222,Ga",pheavy_ga
TAE-PTComp_0635_pheavy_ga_33,TAE-PTComp,0.0727808400580008,45.6706666666667,137.012,3,"-0.333333333333333,pheavy_ga_33,0.666666666666667,F,0.333333333333333,Ga_cation",pheavy_ga
TAE-PTComp_0636_pheavy_ga_34,TAE-PTComp,0.0465506915949171,29.211,87.633,3,"-0.333333333333333,pheavy_ga_34,0.666666666666667,H,0.333333333333333,Ga_cation",pheavy_ga
TAE-PTComp_0637_pheavy_ga_35,TAE-PTComp,0.1267548812831,79.5398888888889,715.859,9,"-0.111111111111111,pheavy_ga_35,0.666666666666667,H,0.222222222222222,C,0.111111111111111,Ga_cation",pheavy_ga
TAE-PTComp_0638_pheavy_ge_1,TAE-PTComp,0.145267319164735,91.156619047619,1914.289,21,"-0.0476190476190476,pheavy_ge_1,0.619047619047619,H,0.0476190476190476,C_anion,0.238095238095238,C,0.0952380952380952,Ge",pheavy_ge
TAE-PTComp_0639_pheavy_ge_2,TAE-PTComp,0.0887788531189084,55.7095714285714,389.967,7,"-0.142857142857143,pheavy_ge_2,0.428571428571429,H,0.142857142857143,Ge_anion,0.428571428571429,Ge",pheavy_ge
TAE-PTComp_0640_pheavy_ge_3,TAE-PTComp,0.134258530719057,84.2485,336.994,4,"-0.25,pheavy_ge_3,0.25,F_anion,0.5,F,0.25,Ge",pheavy_ge
TAE-PTComp_0641_pheavy_ge_4,TAE-PTComp,0.128327146168159,80.5265,805.265,10,"-0.1,pheavy_ge_4,0.7,H,0.1,C_anion,0.1,C,0.1,Ge",pheavy_ge
TAE-PTComp_0642_pheavy_ge_5,TAE-PTComp,0.06727680629263,42.2168333333333,253.301,6,"-0.166666666666667,pheavy_ge_5,0.166666666666667,Ge,0.166666666666667,I_anion,0.666666666666667,I",pheavy_ge
TAE-PTComp_0643_pheavy_ge_6,TAE-PTComp,0.127687033967163,80.1248235294118,1362.122,17,"-0.0588235294117647,pheavy_ge_6,0.470588235294118,H,0.117647058823529,C,0.0588235294117647,N,0.0588235294117647,O_anion,0.0588235294117647,O,0.235294117647059,Ge",pheavy_ge
TAE-PTComp_0644_pheavy_ge_7,TAE-PTComp,0.143311552828945,89.9293571428571,1259.011,14,"-0.0714285714285714,pheavy_ge_7,0.428571428571429,H,0.142857142857143,C,0.0714285714285714,N,0.0714285714285714,O,0.214285714285714,F,0.0714285714285714,Ge",pheavy_ge
TAE-PTComp_0645_pheavy_ge_8,TAE-PTComp,0.0763689664949682,47.92225,191.689,4,"-0.25,pheavy_ge_8,0.5,H,0.5,Ge",pheavy_ge
TAE-PTComp_0646_pheavy_ge_9,TAE-PTComp,0.121439441394533,76.2044,762.044,10,"-0.1,pheavy_ge_9,0.6,H,0.2,C,0.2,Ge",pheavy_ge
TAE-PTComp_0647_pheavy_ge_10,TAE-PTComp,0.149103592111277,93.5639166666667,1122.767,12,"-0.0833333333333333,pheavy_ge_10,0.333333333333333,H,0.5,O,0.166666666666667,Ge",pheavy_ge
TAE-PTComp_0648_pheavy_ge_11,TAE-PTComp,0.14389641490462,90.2963636363636,993.26,11,"-0.0909090909090909,pheavy_ge_11,0.727272727272727,F,0.272727272727273,Ge",pheavy_ge
TAE-PTComp_0649_pheavy_ge_12,TAE-PTComp,0.0914507308207261,57.3862,286.931,5,"-0.2,pheavy_ge_12,0.2,Ge,0.8,Br",pheavy_ge
TAE-PTComp_0650_pheavy_ge_13,TAE-PTComp,0.175363089400838,110.042,2310.882,21,"-0.0476190476190476,pheavy_ge_13,0.476190476190476,H,0.476190476190476,C,0.0476190476190476,Ge",pheavy_ge
TAE-PTComp_0651_pheavy_ge_14,TAE-PTComp,0.0874263692702166,54.860875,438.887,8,"-0.125,pheavy_ge_14,0.5,Cl,0.5,Ge",pheavy_ge
TAE-PTComp_0652_pheavy_ge_15,TAE-PTComp,0.129201767757184,81.0753333333333,729.678,9,"-0.111111111111111,pheavy_ge_15,0.666666666666667,H,0.222222222222222,C,0.111111111111111,Ge",pheavy_ge
TAE-PTComp_0653_pheavy_ge_16,TAE-PTComp,0.114578349764915,71.899,431.394,6,"-0.166666666666667,pheavy_ge_16,0.666666666666667,H,0.166666666666667,C,0.166666666666667,Ge",pheavy_ge
TAE-PTComp_0654_pheavy_ge_17,TAE-PTComp,0.121055100141139,75.9632222222222,683.669,9,"-0.111111111111111,pheavy_ge_17,0.555555555555556,H,0.111111111111111,N,0.222222222222222,F,0.111111111111111,Ge",pheavy_ge
TAE-PTComp_0655_pheavy_ge_18,TAE-PTComp,0.0939005743108109,58.9235,353.541,6,"-0.166666666666667,pheavy_ge_18,0.666666666666667,H,0.166666666666667,Si,0.166666666666667,Ge",pheavy_ge
TAE-PTComp_0656_pheavy_ge_19,TAE-PTComp,0.121220480557001,76.067,760.67,10,"-0.1,pheavy_ge_19,0.7,H,0.1,C,0.1,N,0.1,Ge",pheavy_ge
TAE-PTComp_0657_pheavy_ge_20,TAE-PTComp,0.106173872849626,66.6251111111111,599.626,9,"-0.111111111111111,pheavy_ge_20,0.666666666666667,H,0.111111111111111,O,0.222222222222222,Ge",pheavy_ge
TAE-PTComp_0658_pheavy_ge_21,TAE-PTComp,0.127842139699849,80.2221538461538,1042.888,13,"-0.0769230769230769,pheavy_ge_21,0.615384615384615,H,0.307692307692308,N,0.0769230769230769,Ge",pheavy_ge
TAE-PTComp_0659_pheavy_ge_22,TAE-PTComp,0.142903729984844,89.6734444444444,807.061,9,"-0.111111111111111,pheavy_ge_22,0.444444444444444,H,0.444444444444444,O,0.111111111111111,Ge",pheavy_ge
TAE-PTComp_0660_pheavy_ge_23,TAE-PTComp,0.107372084063905,67.377,134.754,2,"-0.5,pheavy_ge_23,0.5,S,0.5,Ge",pheavy_ge
TAE-PTComp_0661_pheavy_ge_24,TAE-PTComp,0.117399422709899,73.66925,1473.385,20,"-0.05,pheavy_ge_24,0.55,H,0.1,C,0.05,N,0.1,O,0.2,Ge",pheavy_ge
TAE-PTComp_0662_pheavy_ge_25,TAE-PTComp,0.12347721939288,77.483125,619.865,8,"-0.125,pheavy_ge_25,0.25,H,0.25,C,0.25,F,0.25,Ge",pheavy_ge
TAE-PTComp_0663_pheavy_ge_26,TAE-PTComp,0.128964586743215,80.9265,1780.383,22,"-0.0454545454545455,pheavy_ge_26,0.363636363636364,H,0.0909090909090909,C,0.0909090909090909,O,0.136363636363636,F,0.0454545454545455,Cl,0.272727272727273,Ge",pheavy_ge
TAE-PTComp_0664_pheavy_ge_27,TAE-PTComp,0.133393603538778,83.70575,334.823,4,"-0.25,pheavy_ge_27,0.25,O,0.5,F,0.25,Ge",pheavy_ge
TAE-PTComp_0665_pheavy_ge_28,TAE-PTComp,0.142332144648685,89.3147692307692,2322.184,26,"-0.0384615384615385,pheavy_ge_28,0.692307692307692,H,0.230769230769231,C,0.0384615384615385,Si,0.0384615384615385,Ge",pheavy_ge
TAE-PTComp_0666_pheavy_ge_29,TAE-PTComp,0.103726353021124,65.0892692307692,1692.321,26,"-0.0384615384615385,pheavy_ge_29,0.615384615384615,H,0.384615384615385,Ge",pheavy_ge
TAE-PTComp_0667_pheavy_ge_30,TAE-PTComp,0.153684620777308,96.4385555555556,867.947,9,"-0.111111111111111,pheavy_ge_30,0.444444444444444,H,0.222222222222222,C,0.222222222222222,N,0.111111111111111,Ge",pheavy_ge
TAE-PTComp_0668_pheavy_ge_31,TAE-PTComp,0.153549915992723,96.354027027027,3565.099,37,"-0.027027027027027,pheavy_ge_31,0.648648648648649,H,0.324324324324324,C,0.027027027027027,Ge",pheavy_ge
TAE-PTComp_0669_pheavy_ge_32,TAE-PTComp,0.160764719554243,100.881384615385,1311.458,13,"-0.0769230769230769,pheavy_ge_32,0.307692307692308,H,0.307692307692308,C,0.307692307692308,O,0.0769230769230769,Ge",pheavy_ge
TAE-PTComp_0670_pheavy_ge_33,TAE-PTComp,0.13943106947318,87.4943170731707,3587.267,41,"-0.024390243902439,pheavy_ge_33,0.658536585365854,H,0.219512195121951,C,0.024390243902439,Cl,0.0975609756097561,Ge",pheavy_ge
TAE-PTComp_0671_pheavy_ge_34,TAE-PTComp,0.0905018208446831,56.79075,227.163,4,"-0.25,pheavy_ge_34,0.75,Cl,0.25,Ge_cation",pheavy_ge
TAE-PTComp_0672_pheavy_ge_35,TAE-PTComp,0.105597468251201,66.2634117647059,1126.478,17,"-0.0588235294117647,pheavy_ge_35,0.705882352941177,H,0.0588235294117647,N,0.0588235294117647,Ge_cation,0.176470588235294,Ge",pheavy_ge
TAE-PTComp_0673_pheavy_ge_36,TAE-PTComp,0.100154264752472,62.84775,502.782,8,"-0.125,pheavy_ge_36,0.75,H,0.125,P,0.125,Ge_cation",pheavy_ge
TAE-PTComp_0674_pheavy_ge_37,TAE-PTComp,0.139485905616663,87.5287272727273,962.816,11,"-0.0909090909090909,pheavy_ge_37,0.454545454545455,H,0.0909090909090909,C,0.0909090909090909,N,0.0909090909090909,O,0.0909090909090909,F,0.0909090909090909,Ge_cation,0.0909090909090909,Ge",pheavy_ge
TAE-PTComp_0675_pheavy_as_1,TAE-PTComp,0.0759230426641141,47.6424285714286,333.497,7,"-0.142857142857143,pheavy_as_1,0.142857142857143,Cl_anion,0.714285714285714,Cl,0.142857142857143,As",pheavy_as
TAE-PTComp_0676_pheavy_as_2,TAE-PTComp,0.127216671566363,79.8296666666667,239.489,3,"-0.333333333333333,pheavy_as_2,0.333333333333333,C,0.333333333333333,S_anion,0.333333333333333,As",pheavy_as
TAE-PTComp_0677_pheavy_as_3,TAE-PTComp,0.0785368222106625,49.2826,246.413,5,"-0.2,pheavy_as_3,0.6,H,0.2,N,0.2,As_anion",pheavy_as
TAE-PTComp_0678_pheavy_as_4,TAE-PTComp,0.139820541222445,87.7387142857143,614.171,7,"-0.142857142857143,pheavy_as_4,0.285714285714286,H,0.142857142857143,O_anion,0.428571428571429,O,0.142857142857143,As",pheavy_as
TAE-PTComp_0679_pheavy_as_5,TAE-PTComp,0.111906411354472,70.2223333333333,1053.335,15,"-0.0666666666666667,pheavy_as_5,0.266666666666667,H,0.0666666666666667,C,0.0666666666666667,N,0.133333333333333,O,0.0666666666666667,F,0.0666666666666667,S,0.0666666666666667,Cl_anion,0.266666666666667,As",pheavy_as
TAE-PTComp_0680_pheavy_as_6,TAE-PTComp,0.0971756244653419,60.978625,487.829,8,"-0.125,pheavy_as_6,0.5,H,0.25,F,0.25,As",pheavy_as
TAE-PTComp_0681_pheavy_as_7,TAE-PTComp,0.12094438910793,75.89375,607.15,8,"-0.125,pheavy_as_7,0.5,H,0.125,C,0.125,N,0.125,O,0.125,As",pheavy_as
TAE-PTComp_0682_pheavy_as_8,TAE-PTComp,0.113444502342034,71.1875,569.5,8,"-0.125,pheavy_as_8,0.5,H,0.125,C,0.125,S,0.25,As",pheavy_as
TAE-PTComp_0683_pheavy_as_9,TAE-PTComp,0.0882650684268348,55.3871666666667,332.323,6,"-0.166666666666667,pheavy_as_9,0.666666666666667,H,0.333333333333333,As",pheavy_as
TAE-PTComp_0684_pheavy_as_10,TAE-PTComp,0.127550902907884,80.0394,800.394,10,"-0.1,pheavy_as_10,0.6,H,0.2,C,0.2,As",pheavy_as
TAE-PTComp_0685_pheavy_as_11,TAE-PTComp,0.10162077647546,63.768,255.072,4,"-0.25,pheavy_as_11,0.25,P,0.75,As",pheavy_as
TAE-PTComp_0686_pheavy_as_12,TAE-PTComp,0.14893703420102,93.4594,934.594,10,"-0.1,pheavy_as_12,0.6,O,0.4,As",pheavy_as
TAE-PTComp_0687_pheavy_as_13,TAE-PTComp,0.100753060492665,63.2235,885.129,14,"-0.0714285714285714,pheavy_as_13,0.714285714285714,S,0.285714285714286,As",pheavy_as
TAE-PTComp_0688_pheavy_as_14,TAE-PTComp,0.148073839013882,92.9177368421053,1765.437,19,"-0.0526315789473684,pheavy_as_14,0.578947368421053,H,0.263157894736842,C,0.105263157894737,O,0.0526315789473684,As",pheavy_as
TAE-PTComp_0689_pheavy_as_15,TAE-PTComp,0.0762976528306338,47.8775,191.51,4,"-0.25,pheavy_as_15,0.25,As,0.75,Br",pheavy_as
TAE-PTComp_0690_pheavy_as_16,TAE-PTComp,0.0557088534567975,34.9578333333333,209.747,6,"-0.166666666666667,pheavy_as_16,0.166666666666667,As,0.5,Br,0.333333333333333,I",pheavy_as
TAE-PTComp_0691_pheavy_as_17,TAE-PTComp,0.166500047348052,104.480357142857,1462.725,14,"-0.0714285714285714,pheavy_as_17,0.5,H,0.428571428571429,C,0.0714285714285714,As",pheavy_as
TAE-PTComp_0692_pheavy_as_18,TAE-PTComp,0.102823746360699,64.522875,516.183,8,"-0.125,pheavy_as_18,0.75,H,0.125,B,0.125,As",pheavy_as
TAE-PTComp_0693_pheavy_as_19,TAE-PTComp,0.106965317296947,67.12175,268.487,4,"-0.25,pheavy_as_19,0.25,H,0.5,O,0.25,As",pheavy_as
TAE-PTComp_0694_pheavy_as_20,TAE-PTComp,0.0480755025704995,30.1678333333333,181.007,6,"-0.166666666666667,pheavy_as_20,0.166666666666667,As,0.833333333333333,I",pheavy_as
TAE-PTComp_0695_pheavy_as_21,TAE-PTComp,0.169170933705598,106.156363636364,1167.72,11,"-0.0909090909090909,pheavy_as_21,0.454545454545455,H,0.454545454545455,C,0.0909090909090909,As",pheavy_as
TAE-PTComp_0696_pheavy_as_22,TAE-PTComp,0.117337511294046,73.6304,368.152,5,"-0.2,pheavy_as_22,0.6,H,0.2,C,0.2,As",pheavy_as
TAE-PTComp_0697_pheavy_as_23,TAE-PTComp,0.13456025259125,84.4378333333333,1013.254,12,"-0.0833333333333333,pheavy_as_23,0.5,H,0.0833333333333333,C,0.0833333333333333,N,0.25,O,0.0833333333333333,As",pheavy_as
TAE-PTComp_0698_pheavy_as_24,TAE-PTComp,0.13266951088555,83.251375,666.011,8,"-0.125,pheavy_as_24,0.25,H,0.125,C,0.375,O,0.25,As",pheavy_as
TAE-PTComp_0699_pheavy_as_25,TAE-PTComp,0.109609234882113,68.7808333333333,412.685,6,"-0.166666666666667,pheavy_as_25,0.333333333333333,H,0.166666666666667,N,0.333333333333333,O,0.166666666666667,As",pheavy_as
TAE-PTComp_0700_pheavy_as_26,TAE-PTComp,0.105458168737299,66.176,595.584,9,"-0.111111111111111,pheavy_as_26,0.333333333333333,H,0.111111111111111,O,0.111111111111111,F,0.444444444444444,As",pheavy_as
TAE-PTComp_0701_pheavy_as_27,TAE-PTComp,0.103227126724602,64.776,323.88,5,"-0.2,pheavy_as_27,0.2,H,0.2,As_cation,0.6,As",pheavy_as
TAE-PTComp_0702_pheavy_as_28,TAE-PTComp,0.120327426311347,75.5066,377.533,5,"-0.2,pheavy_as_28,0.8,F,0.2,As_cation",pheavy_as
TAE-PTComp_0703_pheavy_as_29,TAE-PTComp,0.150012077730852,94.134,1976.814,21,"-0.0476190476190476,pheavy_as_29,0.619047619047619,H,0.285714285714286,C,0.0476190476190476,As_cation,0.0476190476190476,As",pheavy_as
TAE-PTComp_0704_pheavy_as_30,TAE-PTComp,0.119957980464212,75.2747692307692,978.572,13,"-0.0769230769230769,pheavy_as_30,0.384615384615385,H,0.0769230769230769,C,0.0769230769230769,O,0.153846153846154,F,0.0769230769230769,Cl,0.0769230769230769,As_cation,0.153846153846154,As",pheavy_as
TAE-PTComp_0705_pheavy_as_31,TAE-PTComp,0.177481054998481,111.371043478261,2561.534,23,"-0.0434782608695652,pheavy_as_31,0.478260869565217,H,0.434782608695652,C,0.0434782608695652,N,0.0434782608695652,As_cation",pheavy_as
TAE-PTComp_0706_pheavy_as_32,TAE-PTComp,0.101042099953417,63.404875,507.239,8,"-0.125,pheavy_as_32,0.75,H,0.125,Si_cation,0.125,As",pheavy_as
TAE-PTComp_0707_pheavy_se_1,TAE-PTComp,0.0915709946092201,57.4616666666667,172.385,3,"-0.333333333333333,pheavy_se_1,0.333333333333333,H,0.333333333333333,O,0.333333333333333,Se_anion",pheavy_se
TAE-PTComp_0708_pheavy_se_2,TAE-PTComp,0.0753645991888953,47.292,141.876,3,"-0.333333333333333,pheavy_se_2,0.333333333333333,H,0.333333333333333,Se_anion,0.333333333333333,Se",pheavy_se
TAE-PTComp_0709_pheavy_se_3,TAE-PTComp,0.102622620579257,64.3966666666667,386.38,6,"-0.166666666666667,pheavy_se_3,0.166666666666667,H,0.166666666666667,C,0.166666666666667,O,0.166666666666667,Se_anion,0.333333333333333,Se",pheavy_se
TAE-PTComp_0710_pheavy_se_4,TAE-PTComp,0.177552207437252,111.415692307692,1448.404,13,"-0.0769230769230769,pheavy_se_4,0.384615384615385,H,0.461538461538462,C,0.0769230769230769,O,0.0769230769230769,Se_anion",pheavy_se
TAE-PTComp_0711_pheavy_se_5,TAE-PTComp,0.124303036937877,78.0013333333333,468.008,6,"-0.166666666666667,pheavy_se_5,0.166666666666667,H,0.666666666666667,O,0.166666666666667,Se_anion",pheavy_se
TAE-PTComp_0712_pheavy_se_6,TAE-PTComp,0.0874557844967531,54.8793333333333,658.552,12,"-0.0833333333333333,pheavy_se_6,1,Se",pheavy_se
TAE-PTComp_0713_pheavy_se_7,TAE-PTComp,0.122143175789395,76.646,306.584,4,"-0.25,pheavy_se_7,0.5,H,0.25,C,0.25,Se",pheavy_se
TAE-PTComp_0714_pheavy_se_8,TAE-PTComp,0.131193238353755,82.325,823.25,10,"-0.1,pheavy_se_8,0.6,H,0.2,C,0.1,O,0.1,Se",pheavy_se
TAE-PTComp_0715_pheavy_se_9,TAE-PTComp,0.132755233362883,83.3051666666667,499.831,6,"-0.166666666666667,pheavy_se_9,0.333333333333333,H,0.333333333333333,C,0.333333333333333,Se",pheavy_se
TAE-PTComp_0716_pheavy_se_10,TAE-PTComp,0.0825957427790155,51.8296111111111,932.933,18,"-0.0555555555555556,pheavy_se_10,0.666666666666667,H,0.333333333333333,Se",pheavy_se
TAE-PTComp_0717_pheavy_se_11,TAE-PTComp,0.137057691644273,86.005,1634.095,19,"-0.0526315789473684,pheavy_se_11,0.421052631578947,H,0.157894736842105,C,0.0526315789473684,N,0.157894736842105,O,0.157894736842105,F,0.0526315789473684,Se",pheavy_se
TAE-PTComp_0718_pheavy_se_12,TAE-PTComp,0.110439368431004,69.30175,1108.828,16,"-0.0625,pheavy_se_12,0.375,H,0.0625,C,0.125,N,0.1875,O,0.25,Se",pheavy_se
TAE-PTComp_0719_pheavy_se_13,TAE-PTComp,0.105168133275648,65.994,527.952,8,"-0.125,pheavy_se_13,0.25,H,0.125,C,0.125,O,0.125,F,0.125,Cl,0.25,Se",pheavy_se
TAE-PTComp_0720_pheavy_se_14,TAE-PTComp,0.0911497526292038,57.1973333333333,171.592,3,"-0.333333333333333,pheavy_se_14,0.333333333333333,N,0.333333333333333,F,0.333333333333333,Se",pheavy_se
TAE-PTComp_0721_pheavy_se_15,TAE-PTComp,0.101188341342489,63.4966428571429,888.953,14,"-0.0714285714285714,pheavy_se_15,0.285714285714286,P,0.714285714285714,Se",pheavy_se
TAE-PTComp_0722_pheavy_se_16,TAE-PTComp,0.0767584692463515,48.1666666666667,144.5,3,"-0.333333333333333,pheavy_se_16,0.333333333333333,S,0.666666666666667,Se",pheavy_se
TAE-PTComp_0723_pheavy_se_17,TAE-PTComp,0.166996681853225,104.792,314.376,3,"-0.333333333333333,pheavy_se_17,0.333333333333333,C,0.333333333333333,O,0.333333333333333,Se",pheavy_se
TAE-PTComp_0724_pheavy_se_18,TAE-PTComp,0.0892199012882211,55.9863333333333,167.959,3,"-0.333333333333333,pheavy_se_18,0.666666666666667,F,0.333333333333333,Se",pheavy_se
TAE-PTComp_0725_pheavy_se_19,TAE-PTComp,0.098882969205594,62.05,372.3,6,"-0.166666666666667,pheavy_se_19,0.166666666666667,O,0.666666666666667,F,0.166666666666667,Se",pheavy_se
TAE-PTComp_0726_pheavy_se_20,TAE-PTComp,0.131688317200382,82.6356666666667,495.814,6,"-0.166666666666667,pheavy_se_20,0.5,H,0.166666666666667,C,0.166666666666667,N,0.166666666666667,Se",pheavy_se
TAE-PTComp_0727_pheavy_se_21,TAE-PTComp,0.0462133792906165,28.9993333333333,86.998,3,"-0.333333333333333,pheavy_se_21,0.666666666666667,H,0.333333333333333,Se",pheavy_se
TAE-PTComp_0728_pheavy_se_22,TAE-PTComp,0.128895530680917,80.8831666666667,970.598,12,"-0.0833333333333333,pheavy_se_22,0.5,H,0.166666666666667,C,0.166666666666667,O,0.166666666666667,Se",pheavy_se
TAE-PTComp_0729_pheavy_se_23,TAE-PTComp,0.101832526266487,63.900875,511.207,8,"-0.125,pheavy_se_23,0.375,H,0.375,O,0.125,P,0.125,Se",pheavy_se
TAE-PTComp_0730_pheavy_se_24,TAE-PTComp,0.0854516978888003,53.62175,214.487,4,"-0.25,pheavy_se_24,0.25,O,0.5,Cl,0.25,Se",pheavy_se
TAE-PTComp_0731_pheavy_se_25,TAE-PTComp,0.174191526743932,109.306833333333,1311.682,12,"-0.0833333333333333,pheavy_se_25,0.333333333333333,H,0.5,C,0.0833333333333333,S,0.0833333333333333,Se",pheavy_se
TAE-PTComp_0732_pheavy_se_26,TAE-PTComp,0.161508037278208,101.347823529412,1722.913,17,"-0.0588235294117647,pheavy_se_26,0.411764705882353,H,0.352941176470588,C,0.0588235294117647,N,0.117647058823529,O,0.0588235294117647,Se",pheavy_se
TAE-PTComp_0733_pheavy_se_27,TAE-PTComp,0.157542072181052,98.8591428571429,1384.028,14,"-0.0714285714285714,pheavy_se_27,0.285714285714286,H,0.285714285714286,C,0.285714285714286,N,0.142857142857143,Se",pheavy_se
TAE-PTComp_0734_pheavy_se_28,TAE-PTComp,0.138814068085901,87.1071428571429,609.75,7,"-0.142857142857143,pheavy_se_28,0.571428571428571,H,0.285714285714286,C,0.142857142857143,Se",pheavy_se
TAE-PTComp_0735_pheavy_se_29,TAE-PTComp,0.153865633664415,96.5521428571429,675.865,7,"-0.142857142857143,pheavy_se_29,0.285714285714286,H,0.285714285714286,C,0.285714285714286,N,0.142857142857143,Se",pheavy_se
TAE-PTComp_0736_pheavy_se_30,TAE-PTComp,0.176988997485805,111.062272727273,1221.685,11,"-0.0909090909090909,pheavy_se_30,0.454545454545455,H,0.454545454545455,C,0.0909090909090909,Se_cation",pheavy_se
TAE-PTComp_0737_pheavy_se_31,TAE-PTComp,0.138428188880643,86.865,1216.11,14,"-0.0714285714285714,pheavy_se_31,0.642857142857143,H,0.214285714285714,C,0.0714285714285714,Se_cation,0.0714285714285714,Se",pheavy_se
TAE-PTComp_0738_pheavy_se_32,TAE-PTComp,0.0679674997157274,42.65025,170.601,4,"-0.25,pheavy_se_32,0.25,Se_cation,0.75,Br",pheavy_se
TAE-PTComp_0739_pheavy_se_33,TAE-PTComp,0.147767171385648,92.7253,927.253,10,"-0.1,pheavy_se_33,0.2,H,0.2,C,0.2,N,0.3,F,0.1,Se_cation",pheavy_se
TAE-PTComp_0740_pheavy_br_1,TAE-PTComp,0.108779552853629,68.2602,341.301,5,"-0.2,pheavy_br_1,0.2,Al,0.2,Br_anion,0.6,Br",pheavy_br
TAE-PTComp_0741_pheavy_br_2,TAE-PTComp,0.112690963215183,70.7146470588235,1202.149,17,"-0.0588235294117647,pheavy_br_2,0.705882352941177,H,0.235294117647059,B,0.0588235294117647,Br_anion",pheavy_br
TAE-PTComp_0742_pheavy_br_3,TAE-PTComp,0.120239140791702,75.4512,377.256,5,"-0.2,pheavy_br_3,0.4,H,0.4,C,0.2,Br_anion",pheavy_br
TAE-PTComp_0743_pheavy_br_4,TAE-PTComp,0.0880585908005646,55.2576,276.288,5,"-0.2,pheavy_br_4,0.4,C,0.2,N,0.2,Br_anion,0.2,Br",pheavy_br
TAE-PTComp_0744_pheavy_br_5,TAE-PTComp,0.106040123007753,66.5411818181818,731.953,11,"-0.0909090909090909,pheavy_br_5,0.181818181818182,H,0.272727272727273,C,0.0909090909090909,N,0.0909090909090909,O,0.0909090909090909,Br_anion,0.272727272727273,Br",pheavy_br
TAE-PTComp_0745_pheavy_br_6,TAE-PTComp,0.0508465098703167,31.9066666666667,95.72,3,"-0.333333333333333,pheavy_br_6,0.333333333333333,P,0.333333333333333,Br_anion,0.333333333333333,Br",pheavy_br
TAE-PTComp_0746_pheavy_br_7,TAE-PTComp,0.065481310729997,41.0901428571429,287.631,7,"-0.142857142857143,pheavy_br_7,0.142857142857143,P,0.142857142857143,Br_anion,0.714285714285714,Br",pheavy_br
TAE-PTComp_0747_pheavy_br_8,TAE-PTComp,0.0931221000085235,58.435,350.61,6,"-0.166666666666667,pheavy_br_8,0.166666666666667,Si,0.166666666666667,Br_anion,0.666666666666667,Br",pheavy_br
TAE-PTComp_0748_pheavy_br_9,TAE-PTComp,0.100245896835136,62.90525,1006.484,16,"-0.0625,pheavy_br_9,0.75,Al,0.25,Br",pheavy_br
TAE-PTComp_0749_pheavy_br_10,TAE-PTComp,0.108142988759364,67.86075,542.886,8,"-0.125,pheavy_br_10,0.25,B,0.75,Br",pheavy_br
TAE-PTComp_0750_pheavy_br_11,TAE-PTComp,0.141705031836792,88.92125,355.685,4,"-0.25,pheavy_br_11,0.25,B,0.25,F,0.25,Cl,0.25,Br",pheavy_br
TAE-PTComp_0751_pheavy_br_12,TAE-PTComp,0.0504157062816746,31.6363333333333,94.909,3,"-0.333333333333333,pheavy_br_12,0.333333333333333,O,0.666666666666667,Br",pheavy_br
TAE-PTComp_0752_pheavy_br_13,TAE-PTComp,0.044869707678446,28.1561666666667,168.937,6,"-0.166666666666667,pheavy_br_13,0.5,Cl,0.5,Br",pheavy_br
TAE-PTComp_0753_pheavy_br_14,TAE-PTComp,0.145301923081666,91.1783333333333,273.535,3,"-0.333333333333333,pheavy_br_14,0.333333333333333,C,0.333333333333333,N,0.333333333333333,Br",pheavy_br
TAE-PTComp_0754_pheavy_br_15,TAE-PTComp,0.141011018410699,88.48575,1061.829,12,"-0.0833333333333333,pheavy_br_15,0.583333333333333,H,0.25,C,0.0833333333333333,O,0.0833333333333333,Br",pheavy_br
TAE-PTComp_0755_pheavy_br_16,TAE-PTComp,0.129969352449648,81.557,326.228,4,"-0.25,pheavy_br_16,0.5,C,0.5,Br",pheavy_br
TAE-PTComp_0756_pheavy_br_17,TAE-PTComp,0.114249271068043,71.6925,860.31,12,"-0.0833333333333333,pheavy_br_17,0.333333333333333,C,0.666666666666667,Br",pheavy_br
TAE-PTComp_0757_pheavy_br_18,TAE-PTComp,0.169952812520048,106.647,1279.764,12,"-0.0833333333333333,pheavy_br_18,0.5,C,0.25,F,0.25,Br",pheavy_br
TAE-PTComp_0758_pheavy_br_19,TAE-PTComp,0.128091771235819,80.3788,803.788,10,"-0.1,pheavy_br_19,0.4,C,0.6,Br",pheavy_br
TAE-PTComp_0759_pheavy_br_20,TAE-PTComp,0.10049712810178,63.0629,630.629,10,"-0.1,pheavy_br_20,0.2,C,0.2,F,0.6,Br",pheavy_br
TAE-PTComp_0760_pheavy_br_21,TAE-PTComp,0.122382853445616,76.7964,383.982,5,"-0.2,pheavy_br_21,0.6,H,0.2,C,0.2,Br",pheavy_br
TAE-PTComp_0761_pheavy_br_22,TAE-PTComp,0.109466304010313,68.6911428571429,480.838,7,"-0.142857142857143,pheavy_br_22,0.571428571428571,H,0.142857142857143,C,0.285714285714286,Br",pheavy_br
TAE-PTComp_0762_pheavy_br_23,TAE-PTComp,0.0919699261691094,57.712,288.56,5,"-0.2,pheavy_br_23,0.4,H,0.2,O,0.4,Br",pheavy_br
TAE-PTComp_0763_pheavy_br_24,TAE-PTComp,0.122163573887797,76.6588,383.294,5,"-0.2,pheavy_br_24,0.2,H,0.2,C,0.2,N,0.2,F,0.2,Br",pheavy_br
TAE-PTComp_0764_pheavy_br_25,TAE-PTComp,0.0780152895801707,48.9553333333333,293.732,6,"-0.166666666666667,pheavy_br_25,0.5,H,0.166666666666667,N,0.333333333333333,Br",pheavy_br
TAE-PTComp_0765_pheavy_br_26,TAE-PTComp,0.0599913917202168,37.6451666666667,225.871,6,"-0.166666666666667,pheavy_br_26,0.333333333333333,N,0.666666666666667,Br",pheavy_br
TAE-PTComp_0766_pheavy_br_27,TAE-PTComp,0.0517318882690458,32.46225,129.849,4,"-0.25,pheavy_br_27,0.25,N,0.75,Br",pheavy_br
TAE-PTComp_0767_pheavy_br_28,TAE-PTComp,0.105796012242079,66.388,398.328,6,"-0.166666666666667,pheavy_br_28,0.666666666666667,H,0.166666666666667,N,0.166666666666667,Br",pheavy_br
TAE-PTComp_0768_pheavy_br_29,TAE-PTComp,0.163184875747802,102.400055555556,1843.201,18,"-0.0555555555555556,pheavy_br_29,0.555555555555556,C,0.444444444444444,Br",pheavy_br
TAE-PTComp_0769_pheavy_br_30,TAE-PTComp,0.096579152727245,60.6043333333333,181.813,3,"-0.333333333333333,pheavy_br_30,0.333333333333333,Si,0.666666666666667,Br",pheavy_br
TAE-PTComp_0770_pheavy_br_31,TAE-PTComp,0.105661512280742,66.3036,331.518,5,"-0.2,pheavy_br_31,0.2,Si,0.8,Br",pheavy_br
TAE-PTComp_0771_pheavy_br_32,TAE-PTComp,0.125045124007338,78.467,313.868,4,"-0.25,pheavy_br_32,0.25,O,0.25,Si,0.5,Br",pheavy_br
TAE-PTComp_0772_pheavy_br_33,TAE-PTComp,0.0606980477177145,38.0886,190.443,5,"-0.2,pheavy_br_33,0.2,Br_cation,0.8,Br",pheavy_br
TAE-PTComp_0773_pheavy_br_34,TAE-PTComp,0.149532631355471,93.8331428571429,656.832,7,"-0.142857142857143,pheavy_br_34,0.571428571428571,H,0.142857142857143,C_cation,0.142857142857143,C,0.142857142857143,Br",pheavy_br
TAE-PTComp_0774_pheavy_br_35,TAE-PTComp,0.11398752203191,71.52825,286.113,4,"-0.25,pheavy_br_35,0.25,C_cation,0.75,Br",pheavy_br
TAE-PTComp_0775_pheavy_br_36,TAE-PTComp,0.104013834634317,65.2696666666667,195.809,3,"-0.333333333333333,pheavy_br_36,0.666666666666667,H,0.333333333333333,Br_cation",pheavy_br
TAE-PTComp_0776_pheavy_br_37,TAE-PTComp,0.181351843603491,113.8,2617.4,23,"-0.0434782608695652,pheavy_br_37,0.434782608695652,H,0.0434782608695652,C_cation,0.391304347826087,C,0.0869565217391304,N,0.0434782608695652,Br",pheavy_br
TAE-PTComp_0777_pheavy_br_38,TAE-PTComp,0.0729371457990093,45.76875,183.075,4,"-0.25,pheavy_br_38,0.25,S_cation,0.75,Br",pheavy_br
TAE-PTComp_0778_pheavy_kr_1,TAE-PTComp,0.160216052608922,100.537090909091,1105.908,11,"-0.0909090909090909,pheavy_kr_1,0.454545454545455,H,0.0909090909090909,C_anion,0.363636363636364,C,0.0909090909090909,Kr",pheavy_kr
TAE-PTComp_0779_pheavy_kr_2,TAE-PTComp,0.0995652076877305,62.4781111111111,562.303,9,"-0.111111111111111,pheavy_kr_2,0.666666666666667,H,0.222222222222222,B,0.111111111111111,Kr",pheavy_kr
TAE-PTComp_0780_pheavy_kr_3,TAE-PTComp,0.128108936599876,80.3895714285714,562.727,7,"-0.142857142857143,pheavy_kr_3,0.571428571428571,H,0.285714285714286,C,0.142857142857143,Kr",pheavy_kr
TAE-PTComp_0781_pheavy_kr_4,TAE-PTComp,0.103277723570247,64.80775,259.231,4,"-0.25,pheavy_kr_4,0.25,C,0.5,F,0.25,Kr",pheavy_kr
TAE-PTComp_0782_pheavy_kr_5,TAE-PTComp,0.0143742849675174,9.02,27.06,3,"-0.333333333333333,pheavy_kr_5,0.333333333333333,H,0.333333333333333,F,0.333333333333333,Kr",pheavy_kr
TAE-PTComp_0783_pheavy_kr_6,TAE-PTComp,0.10541579768731,66.1494117647059,1124.54,17,"-0.0588235294117647,pheavy_kr_6,0.705882352941177,H,0.235294117647059,B,0.0588235294117647,Kr",pheavy_kr
TAE-PTComp_0784_pheavy_kr_7,TAE-PTComp,0.167465813599521,105.086384615385,1366.123,13,"-0.0769230769230769,pheavy_kr_7,0.461538461538462,H,0.461538461538462,C,0.0769230769230769,Kr",pheavy_kr
TAE-PTComp_0785_pheavy_kr_8,TAE-PTComp,0.0208257147875655,13.0683333333333,39.205,3,"-0.333333333333333,pheavy_kr_8,0.666666666666667,F,0.333333333333333,Kr",pheavy_kr
TAE-PTComp_0786_pheavy_kr_9,TAE-PTComp,0.0694593497015746,43.5864,217.932,5,"-0.2,pheavy_kr_9,0.4,H,0.4,Cl,0.2,Kr",pheavy_kr
TAE-PTComp_0787_pheavy_kr_10,TAE-PTComp,0.181124713461747,113.657473684211,2159.492,19,"-0.0526315789473684,pheavy_kr_10,0.421052631578947,H,0.526315789473684,C,0.0526315789473684,Kr",pheavy_kr
TAE-PTComp_0788_pheavy_kr_11,TAE-PTComp,0.101970070301681,63.9871851851852,1727.654,27,"-0.037037037037037,pheavy_kr_11,0.592592592592593,H,0.37037037037037,Si,0.037037037037037,Kr",pheavy_kr
TAE-PTComp_0789_pheavy_kr_12,TAE-PTComp,0.127996473869849,80.319,401.595,5,"-0.2,pheavy_kr_12,0.2,C_cation,0.6,F,0.2,Kr",pheavy_kr
TAE-PTComp_0790_pheavy_kr_13,TAE-PTComp,0.11697990713144,73.406,367.03,5,"-0.2,pheavy_kr_13,0.6,H,0.2,C_cation,0.2,Kr",pheavy_kr
TAE-PTComp_0791_pheavy_kr_14,TAE-PTComp,0.129318525622515,81.1486,405.743,5,"-0.2,pheavy_kr_14,0.4,H,0.2,O,0.2,Kr",pheavy_kr
TAE-PTComp_0792_pheavy_kr_15,TAE-PTComp,0.0310122807772033,19.4605,38.921,2,"-0.5,pheavy_kr_15,0.5,Cl_cation,0.5,Kr",pheavy_kr
TAE-PTComp_0793_pheavy_kr_16,TAE-PTComp,0.158030397193015,99.1655714285714,694.159,7,"-0.142857142857143,pheavy_kr_16,0.428571428571429,H,0.142857142857143,C_cation,0.285714285714286,C,0.142857142857143,Kr",pheavy_kr
TAE-PTComp_0794_pheavy_kr_17,TAE-PTComp,0.0832736431239051,52.255,104.51,2,"-0.5,pheavy_kr_17,0.5,Kr",pheavy_kr
TAE-PTComp_0795_pheavy_kr_18,TAE-PTComp,0.136130215607566,85.423,512.538,6,"-0.166666666666667,pheavy_kr_18,0.5,H,0.166666666666667,N,0.166666666666667,Kr",pheavy_kr
TAE-PTComp_0796_pheavy_kr_19,TAE-PTComp,0.054760926201641,34.363,103.089,3,"-0.333333333333333,pheavy_kr_19,0.333333333333333,O,0.333333333333333,Kr",pheavy_kr
TAE-PTComp_0797_pheavy_in_1,TAE-PTComp,0.104028177047256,65.2786666666667,587.508,9,"-0.111111111111111,pheavy_in_1,0.111111111111111,Cl_anion,0.666666666666667,Cl,0.222222222222222,In",pheavy_in
TAE-PTComp_0798_pheavy_in_2,TAE-PTComp,0.0773879418142195,48.5616666666667,145.685,3,"-0.333333333333333,pheavy_in_2,0.333333333333333,Cl_anion,0.333333333333333,Cl,0.333333333333333,In",pheavy_in
TAE-PTComp_0799_pheavy_in_3,TAE-PTComp,0.128183562678628,80.4364,402.182,5,"-0.2,pheavy_in_3,0.2,F_anion,0.6,F,0.2,In",pheavy_in
TAE-PTComp_0800_pheavy_in_4,TAE-PTComp,0.118211988700084,74.1791428571428,1557.762,21,"-0.0476190476190476,pheavy_in_4,0.380952380952381,H,0.0952380952380952,C,0.0952380952380952,O,0.142857142857143,F,0.0476190476190476,Cl_anion,0.238095238095238,In",pheavy_in
TAE-PTComp_0801_pheavy_in_5,TAE-PTComp,0.109485806656478,68.703380952381,1442.771,21,"-0.0476190476190476,pheavy_in_5,0.380952380952381,H,0.0952380952380952,C,0.0952380952380952,O,0.142857142857143,F,0.0476190476190476,P,0.0476190476190476,Cl_anion,0.19047619047619,In",pheavy_in
TAE-PTComp_0802_pheavy_in_6,TAE-PTComp,0.11369071376415,71.342,1355.498,19,"-0.0526315789473684,pheavy_in_6,0.368421052631579,H,0.105263157894737,C,0.105263157894737,O,0.105263157894737,F,0.0526315789473684,P,0.0526315789473684,Cl_anion,0.210526315789474,In",pheavy_in
TAE-PTComp_0803_pheavy_in_7,TAE-PTComp,0.148978811075631,93.4856153846154,1215.313,13,"-0.0769230769230769,pheavy_in_7,0.307692307692308,H,0.230769230769231,C,0.153846153846154,N,0.230769230769231,Cl,0.0769230769230769,In",pheavy_in
TAE-PTComp_0804_pheavy_in_8,TAE-PTComp,0.0997813177493572,62.6137222222222,1127.047,18,"-0.0555555555555556,pheavy_in_8,0.444444444444444,H,0.277777777777778,P,0.111111111111111,Cl,0.166666666666667,In",pheavy_in
TAE-PTComp_0805_pheavy_in_9,TAE-PTComp,0.144271734120299,90.53188,4526.594,50,"-0.02,pheavy_in_9,0.64,H,0.24,C,0.04,N,0.04,O,0.04,In",pheavy_in
TAE-PTComp_0806_pheavy_in_10,TAE-PTComp,0.107238321143233,67.2930625,1076.689,16,"-0.0625,pheavy_in_10,0.5,H,0.25,N,0.25,In",pheavy_in
TAE-PTComp_0807_pheavy_in_11,TAE-PTComp,0.10706062351626,67.1815555555556,604.634,9,"-0.111111111111111,pheavy_in_11,0.666666666666667,H,0.111111111111111,C,0.111111111111111,F,0.111111111111111,In",pheavy_in
TAE-PTComp_0808_pheavy_in_12,TAE-PTComp,0.0911504166298028,57.19775,457.582,8,"-0.125,pheavy_in_12,0.75,Br,0.25,In",pheavy_in
TAE-PTComp_0809_pheavy_in_13,TAE-PTComp,0.0867194078324433,54.41725,435.338,8,"-0.125,pheavy_in_13,0.5,H,0.25,Cl,0.25,In",pheavy_in
TAE-PTComp_0810_pheavy_in_14,TAE-PTComp,0.125456591898537,78.7252,1574.504,20,"-0.05,pheavy_in_14,0.7,H,0.2,C,0.1,In",pheavy_in
TAE-PTComp_0811_pheavy_in_15,TAE-PTComp,0.078452002774144,49.229375,393.835,8,"-0.125,pheavy_in_15,0.25,In,0.75,I",pheavy_in
TAE-PTComp_0812_pheavy_in_16,TAE-PTComp,0.125456751258681,78.7253,1574.506,20,"-0.05,pheavy_in_16,0.7,H,0.2,C,0.1,In",pheavy_in
TAE-PTComp_0813_pheavy_in_17,TAE-PTComp,0.14127739885101,88.65290625,2836.893,32,"-0.03125,pheavy_in_17,0.5625,H,0.1875,C,0.1875,O,0.0625,In",pheavy_in
TAE-PTComp_0814_pheavy_in_18,TAE-PTComp,0.102886494417306,64.56225,774.747,12,"-0.0833333333333333,pheavy_in_18,0.5,H,0.25,N,0.25,In",pheavy_in
TAE-PTComp_0815_pheavy_in_19,TAE-PTComp,0.112843873960187,70.8106,708.106,10,"-0.1,pheavy_in_19,0.6,O,0.4,In",pheavy_in
TAE-PTComp_0816_pheavy_in_20,TAE-PTComp,0.0943407760617776,59.1997307692308,1539.193,26,"-0.0384615384615385,pheavy_in_20,0.615384615384615,H,0.230769230769231,P,0.153846153846154,In",pheavy_in
TAE-PTComp_0817_pheavy_in_21,TAE-PTComp,0.111379672959283,69.8918,1048.377,15,"-0.0666666666666667,pheavy_in_21,0.6,S,0.4,In",pheavy_in
TAE-PTComp_0818_pheavy_in_22,TAE-PTComp,0.174296587574711,109.37276,2734.319,25,"-0.04,pheavy_in_22,0.36,H,0.36,C,0.24,O,0.04,In",pheavy_in
TAE-PTComp_0819_pheavy_in_23,TAE-PTComp,0.149259897852286,93.662,2809.86,30,"-0.0333333333333333,pheavy_in_23,0.533333333333333,H,0.266666666666667,C,0.0666666666666667,O,0.1,Cl,0.0333333333333333,In",pheavy_in
TAE-PTComp_0820_pheavy_in_24,TAE-PTComp,0.125701090199107,78.878625,631.029,8,"-0.125,pheavy_in_24,0.375,H,0.125,N,0.375,F,0.125,In",pheavy_in
TAE-PTComp_0821_pheavy_in_25,TAE-PTComp,0.105568835503802,66.2454444444444,596.209,9,"-0.111111111111111,pheavy_in_25,0.777777777777778,H,0.111111111111111,C,0.111111111111111,In",pheavy_in
TAE-PTComp_0822_pheavy_in_26,TAE-PTComp,0.0852220200816004,53.477625,427.821,8,"-0.125,pheavy_in_26,0.75,H,0.125,P,0.125,In",pheavy_in
TAE-PTComp_0823_pheavy_in_27,TAE-PTComp,0.126325696591157,79.2705714285714,554.894,7,"-0.142857142857143,pheavy_in_27,0.428571428571429,H,0.428571428571429,O,0.142857142857143,In",pheavy_in
TAE-PTComp_0824_pheavy_in_28,TAE-PTComp,0.138129521411206,86.6775833333333,2080.262,24,"-0.0416666666666667,pheavy_in_28,0.5,H,0.166666666666667,C,0.166666666666667,O,0.166666666666667,In",pheavy_in
TAE-PTComp_0825_pheavy_in_29,TAE-PTComp,0.121771468254065,76.41275,1222.604,16,"-0.0625,pheavy_in_29,0.4375,H,0.125,C,0.0625,N,0.125,O,0.25,In",pheavy_in
TAE-PTComp_0826_pheavy_in_30,TAE-PTComp,0.121953338018136,76.526875,1224.43,16,"-0.0625,pheavy_in_30,0.4375,H,0.125,C,0.0625,N,0.125,O,0.25,In",pheavy_in
TAE-PTComp_0827_pheavy_in_31,TAE-PTComp,0.12814662653864,80.4132222222222,1447.438,18,"-0.0555555555555556,pheavy_in_31,0.333333333333333,H,0.111111111111111,C,0.111111111111111,O,0.111111111111111,F,0.0555555555555556,P,0.0555555555555556,Cl,0.222222222222222,In",pheavy_in
TAE-PTComp_0828_pheavy_in_32,TAE-PTComp,0.0600734621942553,37.6966666666667,113.09,3,"-0.333333333333333,pheavy_in_32,0.666666666666667,F,0.333333333333333,In_cation",pheavy_in
TAE-PTComp_0829_pheavy_in_33,TAE-PTComp,0.0397778854849449,24.961,74.883,3,"-0.333333333333333,pheavy_in_33,0.666666666666667,H,0.333333333333333,In_cation",pheavy_in
TAE-PTComp_0830_pheavy_in_34,TAE-PTComp,0.123020718981056,77.1966666666667,694.77,9,"-0.111111111111111,pheavy_in_34,0.666666666666667,H,0.222222222222222,C,0.111111111111111,In_cation",pheavy_in
TAE-PTComp_0831_pheavy_sn_1,TAE-PTComp,0.141391984011524,88.7248095238095,1863.221,21,"-0.0476190476190476,pheavy_sn_1,0.619047619047619,H,0.0476190476190476,C_anion,0.238095238095238,C,0.0952380952380952,Sn",pheavy_sn
TAE-PTComp_0832_pheavy_sn_2,TAE-PTComp,0.0777349674987114,48.7794285714286,341.456,7,"-0.142857142857143,pheavy_sn_2,0.428571428571429,H,0.142857142857143,Sn_anion,0.428571428571429,Sn",pheavy_sn
TAE-PTComp_0833_pheavy_sn_3,TAE-PTComp,0.129372150310892,81.18225,324.729,4,"-0.25,pheavy_sn_3,0.25,F_anion,0.5,F,0.25,Sn",pheavy_sn
TAE-PTComp_0834_pheavy_sn_4,TAE-PTComp,0.12590550942352,79.0069,790.069,10,"-0.1,pheavy_sn_4,0.7,H,0.1,C_anion,0.1,C,0.1,Sn",pheavy_sn
TAE-PTComp_0835_pheavy_sn_5,TAE-PTComp,0.0707625438372291,44.4041666666667,266.425,6,"-0.166666666666667,pheavy_sn_5,0.166666666666667,Sn,0.166666666666667,I_anion,0.666666666666667,I",pheavy_sn
TAE-PTComp_0836_pheavy_sn_6,TAE-PTComp,0.118712151894155,74.493,521.451,7,"-0.142857142857143,pheavy_sn_6,0.142857142857143,H,0.142857142857143,C,0.142857142857143,N,0.142857142857143,O,0.285714285714286,F,0.142857142857143,Sn",pheavy_sn
TAE-PTComp_0837_pheavy_sn_7,TAE-PTComp,0.136006863267714,85.3455952380952,3584.515,42,"-0.0238095238095238,pheavy_sn_7,0.571428571428571,H,0.19047619047619,C,0.0952380952380952,N,0.142857142857143,Sn",pheavy_sn
TAE-PTComp_0838_pheavy_sn_8,TAE-PTComp,0.123341209936848,77.3977777777778,696.58,9,"-0.111111111111111,pheavy_sn_8,0.666666666666667,H,0.222222222222222,C,0.111111111111111,Sn",pheavy_sn
TAE-PTComp_0839_pheavy_sn_9,TAE-PTComp,0.139088964333894,87.2796428571429,1221.915,14,"-0.0714285714285714,pheavy_sn_9,0.428571428571429,H,0.142857142857143,C,0.0714285714285714,N,0.0714285714285714,O,0.214285714285714,F,0.0714285714285714,Sn",pheavy_sn
TAE-PTComp_0840_pheavy_sn_10,TAE-PTComp,0.113610856625441,71.2918888888889,1283.254,18,"-0.0555555555555556,pheavy_sn_10,0.444444444444444,H,0.111111111111111,C,0.111111111111111,N,0.111111111111111,O,0.222222222222222,Sn",pheavy_sn
TAE-PTComp_0841_pheavy_sn_11,TAE-PTComp,0.111341568178241,69.8678888888889,628.811,9,"-0.111111111111111,pheavy_sn_11,0.333333333333333,H,0.111111111111111,C,0.111111111111111,N,0.111111111111111,O,0.333333333333333,Sn",pheavy_sn
TAE-PTComp_0842_pheavy_sn_12,TAE-PTComp,0.113046699583163,70.937875,567.503,8,"-0.125,pheavy_sn_12,0.25,H,0.25,C,0.25,F,0.25,Sn",pheavy_sn
TAE-PTComp_0843_pheavy_sn_13,TAE-PTComp,0.119410366633128,74.9311363636364,1648.485,22,"-0.0454545454545455,pheavy_sn_13,0.363636363636364,H,0.0909090909090909,C,0.0909090909090909,O,0.136363636363636,F,0.0454545454545455,Cl,0.272727272727273,Sn",pheavy_sn
TAE-PTComp_0844_pheavy_sn_14,TAE-PTComp,0.118140048978042,74.134,296.536,4,"-0.25,pheavy_sn_14,0.25,O,0.5,F,0.25,Sn",pheavy_sn
TAE-PTComp_0845_pheavy_sn_15,TAE-PTComp,0.0907473274046242,56.9448076923077,1480.565,26,"-0.0384615384615385,pheavy_sn_15,0.615384615384615,H,0.384615384615385,Sn",pheavy_sn
TAE-PTComp_0846_pheavy_sn_16,TAE-PTComp,0.150203486970196,94.2541111111111,848.287,9,"-0.111111111111111,pheavy_sn_16,0.444444444444444,H,0.222222222222222,C,0.222222222222222,N,0.111111111111111,Sn",pheavy_sn
TAE-PTComp_0847_pheavy_sn_17,TAE-PTComp,0.152203538129463,95.5091621621622,3533.839,37,"-0.027027027027027,pheavy_sn_17,0.648648648648649,H,0.324324324324324,C,0.027027027027027,Sn",pheavy_sn
TAE-PTComp_0848_pheavy_sn_18,TAE-PTComp,0.14037967642576,88.0895769230769,2290.329,26,"-0.0384615384615385,pheavy_sn_18,0.692307692307692,H,0.230769230769231,C,0.0384615384615385,Si,0.0384615384615385,Sn",pheavy_sn
TAE-PTComp_0849_pheavy_sn_19,TAE-PTComp,0.0654683342611477,41.082,164.328,4,"-0.25,pheavy_sn_19,0.5,H,0.5,Sn",pheavy_sn
TAE-PTComp_0850_pheavy_sn_20,TAE-PTComp,0.132021621355613,82.8448181818182,911.293,11,"-0.0909090909090909,pheavy_sn_20,0.727272727272727,F,0.272727272727273,Sn",pheavy_sn
TAE-PTComp_0851_pheavy_sn_21,TAE-PTComp,0.0895100429899675,56.1684,280.842,5,"-0.2,pheavy_sn_21,0.8,Br,0.2,Sn",pheavy_sn
TAE-PTComp_0852_pheavy_sn_22,TAE-PTComp,0.17508087017481,109.864904761905,2307.163,21,"-0.0476190476190476,pheavy_sn_22,0.476190476190476,H,0.476190476190476,C,0.0476190476190476,Sn",pheavy_sn
TAE-PTComp_0853_pheavy_sn_23,TAE-PTComp,0.0816674920749432,51.247125,409.977,8,"-0.125,pheavy_sn_23,0.5,Cl,0.5,Sn",pheavy_sn
TAE-PTComp_0854_pheavy_sn_24,TAE-PTComp,0.105546879217327,66.2316666666667,397.39,6,"-0.166666666666667,pheavy_sn_24,0.666666666666667,H,0.166666666666667,C,0.166666666666667,Sn",pheavy_sn
TAE-PTComp_0855_pheavy_sn_25,TAE-PTComp,0.116260838749411,72.9547777777778,656.593,9,"-0.111111111111111,pheavy_sn_25,0.555555555555556,H,0.111111111111111,N,0.222222222222222,F,0.111111111111111,Sn",pheavy_sn
TAE-PTComp_0856_pheavy_sn_26,TAE-PTComp,0.0875572437882828,54.943,329.658,6,"-0.166666666666667,pheavy_sn_26,0.666666666666667,H,0.166666666666667,Si,0.166666666666667,Sn",pheavy_sn
TAE-PTComp_0857_pheavy_sn_27,TAE-PTComp,0.115793470861116,72.6615,726.615,10,"-0.1,pheavy_sn_27,0.7,H,0.1,C,0.1,N,0.1,Sn",pheavy_sn
TAE-PTComp_0858_pheavy_sn_28,TAE-PTComp,0.0951429636982781,59.7031111111111,537.328,9,"-0.111111111111111,pheavy_sn_28,0.666666666666667,H,0.111111111111111,O,0.222222222222222,Sn",pheavy_sn
TAE-PTComp_0859_pheavy_sn_29,TAE-PTComp,0.122643198886636,76.9597692307692,1000.477,13,"-0.0769230769230769,pheavy_sn_29,0.615384615384615,H,0.307692307692308,N,0.0769230769230769,Sn",pheavy_sn
TAE-PTComp_0860_pheavy_sn_30,TAE-PTComp,0.135173346477676,84.8225555555556,763.403,9,"-0.111111111111111,pheavy_sn_30,0.444444444444444,H,0.444444444444444,O,0.111111111111111,Sn",pheavy_sn
TAE-PTComp_0861_pheavy_sn_31,TAE-PTComp,0.0956981567324694,60.0515,120.103,2,"-0.5,pheavy_sn_31,0.5,S,0.5,Sn",pheavy_sn
TAE-PTComp_0862_pheavy_sn_32,TAE-PTComp,0.135410218704374,84.9711951219512,3483.819,41,"-0.024390243902439,pheavy_sn_32,0.658536585365854,H,0.219512195121951,C,0.024390243902439,Cl,0.0975609756097561,Sn",pheavy_sn
TAE-PTComp_0863_pheavy_sn_33,TAE-PTComp,0.120054433010953,75.3352941176471,1280.7,17,"-0.0588235294117647,pheavy_sn_33,0.352941176470588,H,0.0588235294117647,C,0.0588235294117647,N,0.117647058823529,O,0.0588235294117647,F,0.0588235294117647,S,0.0588235294117647,Cl,0.0588235294117647,Sn_cation,0.176470588235294,Sn",pheavy_sn
TAE-PTComp_0864_pheavy_sn_34,TAE-PTComp,0.0805418118594299,50.54075,202.163,4,"-0.25,pheavy_sn_34,0.75,Cl,0.25,Sn_cation",pheavy_sn
TAE-PTComp_0865_pheavy_sn_35,TAE-PTComp,0.0929650833962854,58.3364705882353,991.72,17,"-0.0588235294117647,pheavy_sn_35,0.705882352941177,H,0.0588235294117647,N,0.0588235294117647,Sn_cation,0.176470588235294,Sn",pheavy_sn
TAE-PTComp_0866_pheavy_sn_36,TAE-PTComp,0.0922231095975146,57.870875,462.967,8,"-0.125,pheavy_sn_36,0.75,H,0.125,P,0.125,Sn_cation",pheavy_sn
TAE-PTComp_0867_pheavy_sb_1,TAE-PTComp,0.0621730852083946,39.0142,195.071,5,"-0.2,pheavy_sb_1,0.2,H,0.2,F,0.2,Cl_anion,0.4,Sb",pheavy_sb
TAE-PTComp_0868_pheavy_sb_2,TAE-PTComp,0.110112653576263,69.0967333333333,1036.451,15,"-0.0666666666666667,pheavy_sb_2,0.266666666666667,H,0.0666666666666667,C,0.0666666666666667,N,0.133333333333333,O,0.0666666666666667,F,0.0666666666666667,S,0.0666666666666667,Cl_anion,0.266666666666667,Sb",pheavy_sb
TAE-PTComp_0869_pheavy_sb_3,TAE-PTComp,0.143382031749669,89.9735833333333,1079.683,12,"-0.0833333333333333,pheavy_sb_3,0.416666666666667,H,0.166666666666667,C,0.0833333333333333,N,0.0833333333333333,O_anion,0.166666666666667,O,0.0833333333333333,Sb",pheavy_sb
TAE-PTComp_0870_pheavy_sb_4,TAE-PTComp,0.0855784461174298,53.7012857142857,375.909,7,"-0.142857142857143,pheavy_sb_4,0.142857142857143,Cl_anion,0.714285714285714,Cl,0.142857142857143,Sb",pheavy_sb
TAE-PTComp_0871_pheavy_sb_5,TAE-PTComp,0.116642594827139,73.1943333333333,219.583,3,"-0.333333333333333,pheavy_sb_5,0.333333333333333,C,0.333333333333333,S_anion,0.333333333333333,Sb",pheavy_sb
TAE-PTComp_0872_pheavy_sb_6,TAE-PTComp,0.069799424248367,43.7998,218.999,5,"-0.2,pheavy_sb_6,0.6,H,0.2,N,0.2,Sb_anion",pheavy_sb
TAE-PTComp_0873_pheavy_sb_7,TAE-PTComp,0.118004792056022,74.049125,592.393,8,"-0.125,pheavy_sb_7,0.5,H,0.125,C,0.125,N,0.125,O,0.125,Sb",pheavy_sb
TAE-PTComp_0874_pheavy_sb_8,TAE-PTComp,0.17751886030563,111.394766666667,3341.843,30,"-0.0333333333333333,pheavy_sb_8,0.433333333333333,H,0.466666666666667,C,0.0333333333333333,N,0.0333333333333333,Cl,0.0333333333333333,Sb",pheavy_sb
TAE-PTComp_0875_pheavy_sb_9,TAE-PTComp,0.161562807412686,101.382192307692,2635.937,26,"-0.0384615384615385,pheavy_sb_9,0.423076923076923,H,0.346153846153846,C,0.0769230769230769,N,0.115384615384615,S,0.0384615384615385,Sb",pheavy_sb
TAE-PTComp_0876_pheavy_sb_10,TAE-PTComp,0.12969785308893,81.3866315789474,1546.346,19,"-0.0526315789473684,pheavy_sb_10,0.631578947368421,H,0.210526315789474,C,0.0526315789473684,O,0.105263157894737,Sb",pheavy_sb
TAE-PTComp_0877_pheavy_sb_11,TAE-PTComp,0.13436695690918,84.3165384615385,1096.115,13,"-0.0769230769230769,pheavy_sb_11,0.230769230769231,H,0.230769230769231,C,0.461538461538462,S,0.0769230769230769,Sb",pheavy_sb
TAE-PTComp_0878_pheavy_sb_12,TAE-PTComp,0.143117361110901,89.8075,1975.765,22,"-0.0454545454545455,pheavy_sb_12,0.272727272727273,H,0.181818181818182,C,0.181818181818182,O,0.0909090909090909,S,0.181818181818182,Cl,0.0909090909090909,Sb",pheavy_sb
TAE-PTComp_0879_pheavy_sb_13,TAE-PTComp,0.0977686434003239,61.35075,490.806,8,"-0.125,pheavy_sb_13,0.75,H,0.125,B,0.125,Sb",pheavy_sb
TAE-PTComp_0880_pheavy_sb_14,TAE-PTComp,0.11955330785299,75.0208333333333,900.25,12,"-0.0833333333333333,pheavy_sb_14,0.5,H,0.0833333333333333,C,0.25,O,0.166666666666667,Sb",pheavy_sb
TAE-PTComp_0881_pheavy_sb_15,TAE-PTComp,0.127239712387149,79.844125,638.753,8,"-0.125,pheavy_sb_15,0.375,H,0.5,O,0.125,Sb",pheavy_sb
TAE-PTComp_0882_pheavy_sb_16,TAE-PTComp,0.127337918075744,79.90575,958.869,12,"-0.0833333333333333,pheavy_sb_16,0.666666666666667,H,0.166666666666667,C,0.0833333333333333,N,0.0833333333333333,Sb",pheavy_sb
TAE-PTComp_0883_pheavy_sb_17,TAE-PTComp,0.123698530792532,77.622,465.732,6,"-0.166666666666667,pheavy_sb_17,0.333333333333333,H,0.166666666666667,C,0.166666666666667,O,0.166666666666667,Cl,0.166666666666667,Sb",pheavy_sb
TAE-PTComp_0884_pheavy_sb_18,TAE-PTComp,0.0996870296642968,62.5545555555556,562.991,9,"-0.111111111111111,pheavy_sb_18,0.333333333333333,H,0.111111111111111,O,0.111111111111111,F,0.444444444444444,Sb",pheavy_sb
TAE-PTComp_0885_pheavy_sb_19,TAE-PTComp,0.141995819832454,89.1037222222222,1603.867,18,"-0.0555555555555556,pheavy_sb_19,0.444444444444444,H,0.222222222222222,C,0.111111111111111,O,0.111111111111111,S,0.0555555555555556,Cl,0.0555555555555556,Sb",pheavy_sb
TAE-PTComp_0886_pheavy_sb_20,TAE-PTComp,0.164105547359323,102.977785714286,1441.689,14,"-0.0714285714285714,pheavy_sb_20,0.5,H,0.428571428571429,C,0.0714285714285714,Sb",pheavy_sb
TAE-PTComp_0887_pheavy_sb_21,TAE-PTComp,0.123571998838383,77.5426,775.426,10,"-0.1,pheavy_sb_21,0.6,H,0.2,C,0.2,Sb",pheavy_sb
TAE-PTComp_0888_pheavy_sb_22,TAE-PTComp,0.0988953765310728,62.0577857142857,868.809,14,"-0.0714285714285714,pheavy_sb_22,0.714285714285714,S,0.285714285714286,Sb",pheavy_sb
TAE-PTComp_0889_pheavy_sb_23,TAE-PTComp,0.146541549294711,91.9562105263158,1747.168,19,"-0.0526315789473684,pheavy_sb_23,0.578947368421053,H,0.263157894736842,C,0.105263157894737,O,0.0526315789473684,Sb",pheavy_sb
TAE-PTComp_0890_pheavy_sb_24,TAE-PTComp,0.0630641208922273,39.5733333333333,237.44,6,"-0.166666666666667,pheavy_sb_24,0.5,Br,0.166666666666667,Sb,0.333333333333333,I",pheavy_sb
TAE-PTComp_0891_pheavy_sb_25,TAE-PTComp,0.0920747054636343,57.77775,231.111,4,"-0.25,pheavy_sb_25,0.75,Cl,0.25,Sb",pheavy_sb
TAE-PTComp_0892_pheavy_sb_26,TAE-PTComp,0.12839851674683,80.5712857142857,563.999,7,"-0.142857142857143,pheavy_sb_26,0.285714285714286,H,0.142857142857143,O,0.428571428571429,F,0.142857142857143,Sb",pheavy_sb
TAE-PTComp_0893_pheavy_sb_27,TAE-PTComp,0.091628497061095,57.49775,229.991,4,"-0.25,pheavy_sb_27,0.25,H,0.5,O,0.25,Sb",pheavy_sb
TAE-PTComp_0894_pheavy_sb_28,TAE-PTComp,0.165814229586496,104.05,1144.55,11,"-0.0909090909090909,pheavy_sb_28,0.454545454545455,H,0.454545454545455,C,0.0909090909090909,Sb",pheavy_sb
TAE-PTComp_0895_pheavy_sb_29,TAE-PTComp,0.150522780120986,94.4544705882353,1605.726,17,"-0.0588235294117647,pheavy_sb_29,0.529411764705882,H,0.352941176470588,C,0.0588235294117647,O,0.0588235294117647,Sb",pheavy_sb
TAE-PTComp_0896_pheavy_sb_30,TAE-PTComp,0.129978435977842,81.5627,815.627,10,"-0.1,pheavy_sb_30,0.5,H,0.2,C,0.2,F,0.1,Sb",pheavy_sb
TAE-PTComp_0897_pheavy_sb_31,TAE-PTComp,0.119398595713419,74.92375,299.695,4,"-0.25,pheavy_sb_31,0.5,H,0.25,C,0.25,Sb_cation",pheavy_sb
TAE-PTComp_0898_pheavy_sb_32,TAE-PTComp,0.113834137893537,71.432,928.616,13,"-0.0769230769230769,pheavy_sb_32,0.384615384615385,H,0.0769230769230769,C,0.0769230769230769,O,0.153846153846154,F,0.0769230769230769,Cl,0.0769230769230769,Sb_cation,0.153846153846154,Sb",pheavy_sb
TAE-PTComp_0899_pheavy_sb_33,TAE-PTComp,0.174317617570726,109.385956521739,2515.877,23,"-0.0434782608695652,pheavy_sb_33,0.478260869565217,H,0.434782608695652,C,0.0434782608695652,N,0.0434782608695652,Sb_cation",pheavy_sb
TAE-PTComp_0900_pheavy_sb_34,TAE-PTComp,0.0893755430286307,56.084,280.42,5,"-0.2,pheavy_sb_34,0.2,H,0.2,Sb_cation,0.6,Sb",pheavy_sb
TAE-PTComp_0901_pheavy_sb_35,TAE-PTComp,0.111081350770157,69.7046,348.523,5,"-0.2,pheavy_sb_35,0.8,F,0.2,Sb_cation",pheavy_sb
TAE-PTComp_0902_pheavy_sb_36,TAE-PTComp,0.0962559172356436,60.4015,483.212,8,"-0.125,pheavy_sb_36,0.75,H,0.125,Si_cation,0.125,Sb",pheavy_sb
TAE-PTComp_0903_pheavy_te_1,TAE-PTComp,0.0921988735756505,57.8556666666667,173.567,3,"-0.333333333333333,pheavy_te_1,0.333333333333333,H,0.333333333333333,O,0.333333333333333,Te_anion",pheavy_te
TAE-PTComp_0904_pheavy_te_2,TAE-PTComp,0.0682927272091259,42.8543333333333,128.563,3,"-0.333333333333333,pheavy_te_2,0.333333333333333,H,0.333333333333333,Te_anion,0.333333333333333,Te",pheavy_te
TAE-PTComp_0905_pheavy_te_3,TAE-PTComp,0.092848266161489,58.2631666666667,349.579,6,"-0.166666666666667,pheavy_te_3,0.166666666666667,H,0.166666666666667,C,0.166666666666667,O,0.166666666666667,Te_anion,0.333333333333333,Te",pheavy_te
TAE-PTComp_0906_pheavy_te_4,TAE-PTComp,0.176072364625314,110.487076923077,1436.332,13,"-0.0769230769230769,pheavy_te_4,0.384615384615385,H,0.461538461538462,C,0.0769230769230769,O,0.0769230769230769,Te_anion",pheavy_te
TAE-PTComp_0907_pheavy_te_5,TAE-PTComp,0.12301806297866,77.195,463.17,6,"-0.166666666666667,pheavy_te_5,0.166666666666667,H,0.666666666666667,O,0.166666666666667,Te_anion",pheavy_te
TAE-PTComp_0908_pheavy_te_6,TAE-PTComp,0.171918918293737,107.88075,1726.092,16,"-0.0625,pheavy_te_6,0.375,H,0.5,C,0.125,Te",pheavy_te
TAE-PTComp_0909_pheavy_te_7,TAE-PTComp,0.115033721375721,72.18475,288.739,4,"-0.25,pheavy_te_7,0.5,H,0.25,C,0.25,Te",pheavy_te
TAE-PTComp_0910_pheavy_te_8,TAE-PTComp,0.129680432509003,81.3757,813.757,10,"-0.1,pheavy_te_8,0.6,H,0.2,C,0.1,O,0.1,Te",pheavy_te
TAE-PTComp_0911_pheavy_te_9,TAE-PTComp,0.132512740344122,83.153,498.918,6,"-0.166666666666667,pheavy_te_9,0.333333333333333,H,0.333333333333333,C,0.333333333333333,Te",pheavy_te
TAE-PTComp_0912_pheavy_te_10,TAE-PTComp,0.0861688185357385,54.07175,216.287,4,"-0.25,pheavy_te_10,0.5,H,0.25,S,0.25,Te",pheavy_te
TAE-PTComp_0913_pheavy_te_11,TAE-PTComp,0.13568140711847,85.1413684210526,1617.686,19,"-0.0526315789473684,pheavy_te_11,0.421052631578947,H,0.157894736842105,C,0.0526315789473684,N,0.157894736842105,O,0.157894736842105,F,0.0526315789473684,Te",pheavy_te
TAE-PTComp_0914_pheavy_te_12,TAE-PTComp,0.0727147055983387,45.6291666666667,273.775,6,"-0.166666666666667,pheavy_te_12,0.333333333333333,H,0.666666666666667,Te",pheavy_te
TAE-PTComp_0915_pheavy_te_13,TAE-PTComp,0.102119175325082,64.08075,512.646,8,"-0.125,pheavy_te_13,0.25,H,0.125,C,0.125,O,0.125,F,0.125,Cl,0.25,Te",pheavy_te
TAE-PTComp_0916_pheavy_te_14,TAE-PTComp,0.160339739941895,100.614705882353,1710.45,17,"-0.0588235294117647,pheavy_te_14,0.411764705882353,H,0.352941176470588,C,0.0588235294117647,N,0.117647058823529,O,0.0588235294117647,Te",pheavy_te
TAE-PTComp_0917_pheavy_te_15,TAE-PTComp,0.0717343751139502,45.014,135.042,3,"-0.333333333333333,pheavy_te_15,0.333333333333333,S,0.666666666666667,Te",pheavy_te
TAE-PTComp_0918_pheavy_te_16,TAE-PTComp,0.100664261479223,63.1677777777778,568.51,9,"-0.111111111111111,pheavy_te_16,0.333333333333333,O,0.333333333333333,S,0.333333333333333,Te",pheavy_te
TAE-PTComp_0919_pheavy_te_17,TAE-PTComp,0.0730780998461686,45.8572,229.286,5,"-0.2,pheavy_te_17,0.8,Cl,0.2,Te",pheavy_te
TAE-PTComp_0920_pheavy_te_18,TAE-PTComp,0.0676483810278399,42.45,297.15,7,"-0.142857142857143,pheavy_te_18,0.857142857142857,Cl,0.142857142857143,Te",pheavy_te
TAE-PTComp_0921_pheavy_te_19,TAE-PTComp,0.156643053312874,98.295,294.885,3,"-0.333333333333333,pheavy_te_19,0.333333333333333,C,0.333333333333333,O,0.333333333333333,Te",pheavy_te
TAE-PTComp_0922_pheavy_te_20,TAE-PTComp,0.0942126545923489,59.1193333333333,177.358,3,"-0.333333333333333,pheavy_te_20,0.666666666666667,F,0.333333333333333,Te",pheavy_te
TAE-PTComp_0923_pheavy_te_21,TAE-PTComp,0.108570472345011,68.129,408.774,6,"-0.166666666666667,pheavy_te_21,0.166666666666667,O,0.666666666666667,F,0.166666666666667,Te",pheavy_te
TAE-PTComp_0924_pheavy_te_22,TAE-PTComp,0.126628898236113,79.4608333333333,476.765,6,"-0.166666666666667,pheavy_te_22,0.5,H,0.166666666666667,C,0.166666666666667,N,0.166666666666667,Te",pheavy_te
TAE-PTComp_0925_pheavy_te_23,TAE-PTComp,0.077579439586976,48.6818333333333,584.182,12,"-0.0833333333333333,pheavy_te_23,0.666666666666667,H,0.333333333333333,Te",pheavy_te
TAE-PTComp_0926_pheavy_te_24,TAE-PTComp,0.0355569664771144,22.3123333333333,66.937,3,"-0.333333333333333,pheavy_te_24,0.666666666666667,H,0.333333333333333,Te",pheavy_te
TAE-PTComp_0927_pheavy_te_25,TAE-PTComp,0.154915020211102,97.2106428571429,1360.949,14,"-0.0714285714285714,pheavy_te_25,0.285714285714286,H,0.285714285714286,C,0.285714285714286,N,0.142857142857143,Te",pheavy_te
TAE-PTComp_0928_pheavy_te_26,TAE-PTComp,0.125759190251521,78.9150833333333,946.981,12,"-0.0833333333333333,pheavy_te_26,0.5,H,0.166666666666667,C,0.166666666666667,O,0.166666666666667,Te",pheavy_te
TAE-PTComp_0929_pheavy_te_27,TAE-PTComp,0.0992243983136085,62.26425,498.114,8,"-0.125,pheavy_te_27,0.375,H,0.375,O,0.125,P,0.125,Te",pheavy_te
TAE-PTComp_0930_pheavy_te_28,TAE-PTComp,0.135563804125159,85.0675714285714,595.473,7,"-0.142857142857143,pheavy_te_28,0.571428571428571,H,0.285714285714286,C,0.142857142857143,Te",pheavy_te
TAE-PTComp_0931_pheavy_te_29,TAE-PTComp,0.149126718303569,93.5784285714286,655.049,7,"-0.142857142857143,pheavy_te_29,0.285714285714286,H,0.285714285714286,C,0.285714285714286,N,0.142857142857143,Te",pheavy_te
TAE-PTComp_0932_pheavy_te_30,TAE-PTComp,0.102819914686654,64.5204705882353,1096.848,17,"-0.0588235294117647,pheavy_te_30,0.352941176470588,H,0.0588235294117647,C,0.0588235294117647,N,0.117647058823529,O,0.0588235294117647,F,0.0588235294117647,S,0.0588235294117647,Cl,0.0588235294117647,Te_cation,0.176470588235294,Te",pheavy_te
TAE-PTComp_0933_pheavy_te_31,TAE-PTComp,0.134288695317698,84.2674285714286,1179.744,14,"-0.0714285714285714,pheavy_te_31,0.642857142857143,H,0.214285714285714,C,0.0714285714285714,Te_cation,0.0714285714285714,Te",pheavy_te
TAE-PTComp_0934_pheavy_te_32,TAE-PTComp,0.0686244619083947,43.0625,172.25,4,"-0.25,pheavy_te_32,0.75,Br,0.25,Te_cation",pheavy_te
TAE-PTComp_0935_pheavy_i_1,TAE-PTComp,0.091080059126331,57.1536,285.768,5,"-0.2,pheavy_i_1,0.2,Al,0.2,I_anion,0.6,I",pheavy_i
TAE-PTComp_0936_pheavy_i_2,TAE-PTComp,0.0888016188537318,55.7238571428571,390.067,7,"-0.142857142857143,pheavy_i_2,0.285714285714286,C,0.142857142857143,I_anion,0.571428571428571,I",pheavy_i
TAE-PTComp_0937_pheavy_i_3,TAE-PTComp,0.06402811696188,40.17825,160.713,4,"-0.25,pheavy_i_3,0.25,C,0.25,I_anion,0.5,I",pheavy_i
TAE-PTComp_0938_pheavy_i_4,TAE-PTComp,0.112072927081161,70.3268235294118,1195.556,17,"-0.0588235294117647,pheavy_i_4,0.705882352941177,H,0.235294117647059,B,0.0588235294117647,I_anion",pheavy_i
TAE-PTComp_0939_pheavy_i_5,TAE-PTComp,0.085409387770631,53.5952,267.976,5,"-0.2,pheavy_i_5,0.8,O,0.2,I_anion",pheavy_i
TAE-PTComp_0940_pheavy_i_6,TAE-PTComp,0.103085296196652,64.687,711.557,11,"-0.0909090909090909,pheavy_i_6,0.181818181818182,H,0.272727272727273,C,0.0909090909090909,N,0.0909090909090909,O,0.0909090909090909,I_anion,0.272727272727273,I",pheavy_i
TAE-PTComp_0941_pheavy_i_7,TAE-PTComp,0.119047126916347,74.7032,373.516,5,"-0.2,pheavy_i_7,0.4,H,0.4,C,0.2,I_anion",pheavy_i
TAE-PTComp_0942_pheavy_i_8,TAE-PTComp,0.0883964343053443,55.4696,277.348,5,"-0.2,pheavy_i_8,0.4,C,0.2,N,0.2,I_anion,0.2,I",pheavy_i
TAE-PTComp_0943_pheavy_i_9,TAE-PTComp,0.0750456133011276,47.0918333333333,282.551,6,"-0.166666666666667,pheavy_i_9,0.166666666666667,Si,0.166666666666667,I_anion,0.666666666666667,I",pheavy_i
TAE-PTComp_0944_pheavy_i_10,TAE-PTComp,0.0948095247308051,59.493875,951.902,16,"-0.0625,pheavy_i_10,0.75,Al,0.25,I",pheavy_i
TAE-PTComp_0945_pheavy_i_11,TAE-PTComp,0.126218545865921,79.2033333333333,475.22,6,"-0.166666666666667,pheavy_i_11,0.333333333333333,H,0.333333333333333,C,0.333333333333333,I",pheavy_i
TAE-PTComp_0946_pheavy_i_12,TAE-PTComp,0.123843150122998,77.71275,310.851,4,"-0.25,pheavy_i_12,0.5,C,0.5,I",pheavy_i
TAE-PTComp_0947_pheavy_i_13,TAE-PTComp,0.0849783982618211,53.32475,426.598,8,"-0.125,pheavy_i_13,0.25,C,0.75,I",pheavy_i
TAE-PTComp_0948_pheavy_i_14,TAE-PTComp,0.102093412101841,64.0645833333333,768.775,12,"-0.0833333333333333,pheavy_i_14,0.333333333333333,C,0.666666666666667,I",pheavy_i
TAE-PTComp_0949_pheavy_i_15,TAE-PTComp,0.166166813904574,104.27125,1251.255,12,"-0.0833333333333333,pheavy_i_15,0.5,C,0.25,F,0.25,I",pheavy_i
TAE-PTComp_0950_pheavy_i_16,TAE-PTComp,0.138297613162847,86.7830625,1388.529,16,"-0.0625,pheavy_i_16,0.5,C,0.5,I",pheavy_i
TAE-PTComp_0951_pheavy_i_17,TAE-PTComp,0.118339408517891,74.2591,742.591,10,"-0.1,pheavy_i_17,0.4,C,0.6,I",pheavy_i
TAE-PTComp_0952_pheavy_i_18,TAE-PTComp,0.0893718777453241,56.0817,560.817,10,"-0.1,pheavy_i_18,0.2,C,0.2,F,0.6,I",pheavy_i
TAE-PTComp_0953_pheavy_i_19,TAE-PTComp,0.103936279364352,65.221,456.547,7,"-0.142857142857143,pheavy_i_19,0.571428571428571,H,0.142857142857143,C,0.285714285714286,I",pheavy_i
TAE-PTComp_0954_pheavy_i_20,TAE-PTComp,0.112156075579702,70.379,563.032,8,"-0.125,pheavy_i_20,0.5,H,0.125,C,0.125,O,0.25,I",pheavy_i
TAE-PTComp_0955_pheavy_i_21,TAE-PTComp,0.0717162080575611,45.0026,225.013,5,"-0.2,pheavy_i_21,0.2,C,0.8,I",pheavy_i
TAE-PTComp_0956_pheavy_i_22,TAE-PTComp,0.124902018598238,78.3772,391.886,5,"-0.2,pheavy_i_22,0.2,H,0.2,C,0.2,N,0.2,F,0.2,I",pheavy_i
TAE-PTComp_0957_pheavy_i_23,TAE-PTComp,0.0382297016882771,23.9895,47.979,2,"-0.5,pheavy_i_23,1,I",pheavy_i
TAE-PTComp_0958_pheavy_i_24,TAE-PTComp,0.0938668430803809,58.9023333333333,353.414,6,"-0.166666666666667,pheavy_i_24,0.5,H,0.166666666666667,N,0.333333333333333,I",pheavy_i
TAE-PTComp_0959_pheavy_i_25,TAE-PTComp,0.0454779322271454,28.5378333333333,171.227,6,"-0.166666666666667,pheavy_i_25,0.5,Cl,0.5,I",pheavy_i
TAE-PTComp_0960_pheavy_i_26,TAE-PTComp,0.0764394833585838,47.9665,191.866,4,"-0.25,pheavy_i_26,0.75,F,0.25,I",pheavy_i
TAE-PTComp_0961_pheavy_i_27,TAE-PTComp,0.132767539507318,83.3128888888889,749.816,9,"-0.111111111111111,pheavy_i_27,0.555555555555556,H,0.222222222222222,C,0.111111111111111,O,0.111111111111111,I",pheavy_i
TAE-PTComp_0962_pheavy_i_28,TAE-PTComp,0.0774081274324296,48.5743333333333,291.446,6,"-0.166666666666667,pheavy_i_28,0.5,H,0.166666666666667,N,0.333333333333333,I",pheavy_i
TAE-PTComp_0963_pheavy_i_29,TAE-PTComp,0.1021206361264,64.0816666666667,384.49,6,"-0.166666666666667,pheavy_i_29,0.666666666666667,H,0.166666666666667,N,0.166666666666667,I",pheavy_i
TAE-PTComp_0964_pheavy_i_30,TAE-PTComp,0.0459200238259709,28.81525,115.261,4,"-0.25,pheavy_i_30,0.25,N,0.75,I",pheavy_i
TAE-PTComp_0965_pheavy_i_31,TAE-PTComp,0.15280548398421,95.8868888888889,1725.964,18,"-0.0555555555555556,pheavy_i_31,0.555555555555556,C,0.444444444444444,I",pheavy_i
TAE-PTComp_0966_pheavy_i_32,TAE-PTComp,0.051163105355928,32.1053333333333,192.632,6,"-0.166666666666667,pheavy_i_32,0.166666666666667,P,0.833333333333333,I",pheavy_i
TAE-PTComp_0967_pheavy_i_33,TAE-PTComp,0.113480358374381,71.21,284.84,4,"-0.25,pheavy_i_33,0.25,O,0.25,Si,0.5,I",pheavy_i
TAE-PTComp_0968_pheavy_i_34,TAE-PTComp,0.146114128614384,91.688,641.816,7,"-0.142857142857143,pheavy_i_34,0.571428571428571,H,0.285714285714286,C,0.142857142857143,I_cation",pheavy_i
TAE-PTComp_0969_pheavy_i_35,TAE-PTComp,0.0865070604408777,54.284,162.852,3,"-0.333333333333333,pheavy_i_35,0.666666666666667,H,0.333333333333333,I_cation",pheavy_i
TAE-PTComp_0970_pheavy_i_36,TAE-PTComp,0.0567870310694572,35.6344,178.172,5,"-0.2,pheavy_i_36,0.2,I_cation,0.8,I",pheavy_i
TAE-PTComp_0971_pheavy_i_37,TAE-PTComp,0.0824046750256946,51.7097142857143,361.968,7,"-0.142857142857143,pheavy_i_37,0.857142857142857,F,0.142857142857143,I_cation",pheavy_i
TAE-PTComp_0972_pheavy_i_38,TAE-PTComp,0.160848132888234,100.933727272727,1110.271,11,"-0.0909090909090909,pheavy_i_38,0.363636363636364,H,0.272727272727273,C,0.272727272727273,O,0.0909090909090909,I_cation",pheavy_i
TAE-PTComp_0973_pheavy_i_39,TAE-PTComp,0.180665209244925,113.369130434783,2607.49,23,"-0.0434782608695652,pheavy_i_39,0.434782608695652,H,0.434782608695652,C,0.0869565217391304,N,0.0434782608695652,I_cation",pheavy_i
TAE-PTComp_0974_pheavy_xe_1,TAE-PTComp,0.160461467230319,100.691090909091,1107.602,11,"-0.0909090909090909,pheavy_xe_1,0.454545454545455,H,0.0909090909090909,C_anion,0.363636363636364,C,0.0909090909090909,Xe",pheavy_xe
TAE-PTComp_0975_pheavy_xe_2,TAE-PTComp,0.099715537423348,62.5724444444445,563.152,9,"-0.111111111111111,pheavy_xe_2,0.666666666666667,H,0.222222222222222,B,0.111111111111111,Xe",pheavy_xe
TAE-PTComp_0976_pheavy_xe_3,TAE-PTComp,0.128137849083102,80.4077142857143,562.854,7,"-0.142857142857143,pheavy_xe_3,0.571428571428571,H,0.285714285714286,C,0.142857142857143,Xe",pheavy_xe
TAE-PTComp_0977_pheavy_xe_4,TAE-PTComp,0.103233899530712,64.78025,259.121,4,"-0.25,pheavy_xe_4,0.25,C,0.5,F,0.25,Xe",pheavy_xe
TAE-PTComp_0978_pheavy_xe_5,TAE-PTComp,0.0142903552918017,8.96733333333333,26.902,3,"-0.333333333333333,pheavy_xe_5,0.333333333333333,H,0.333333333333333,Cl,0.333333333333333,Xe",pheavy_xe
TAE-PTComp_0979_pheavy_xe_6,TAE-PTComp,0.0263135469383202,16.512,49.536,3,"-0.333333333333333,pheavy_xe_6,0.333333333333333,H,0.333333333333333,F,0.333333333333333,Xe",pheavy_xe
TAE-PTComp_0980_pheavy_xe_7,TAE-PTComp,0.0018328408534663,1.150125,9.201,8,"-0.125,pheavy_xe_7,1,Xe",pheavy_xe
TAE-PTComp_0981_pheavy_xe_8,TAE-PTComp,0.105583407062045,66.2545882352941,1126.328,17,"-0.0588235294117647,pheavy_xe_8,0.705882352941177,H,0.235294117647059,B,0.0588235294117647,Xe",pheavy_xe
TAE-PTComp_0982_pheavy_xe_9,TAE-PTComp,0.167522325158194,105.121846153846,1366.584,13,"-0.0769230769230769,pheavy_xe_9,0.461538461538462,H,0.461538461538462,C,0.0769230769230769,Xe",pheavy_xe
TAE-PTComp_0983_pheavy_xe_10,TAE-PTComp,0.0208597116182351,13.0896666666667,39.269,3,"-0.333333333333333,pheavy_xe_10,0.666666666666667,F,0.333333333333333,Xe",pheavy_xe
TAE-PTComp_0984_pheavy_xe_11,TAE-PTComp,0.0695632525153087,43.6516,218.258,5,"-0.2,pheavy_xe_11,0.4,H,0.4,Cl,0.2,Xe",pheavy_xe
TAE-PTComp_0985_pheavy_xe_12,TAE-PTComp,0.181177553930469,113.690631578947,2160.122,19,"-0.0526315789473684,pheavy_xe_12,0.421052631578947,H,0.526315789473684,C,0.0526315789473684,Xe",pheavy_xe
TAE-PTComp_0986_pheavy_xe_13,TAE-PTComp,0.0951329063025383,59.6968,298.484,5,"-0.2,pheavy_xe_13,0.6,H,0.2,N,0.2,Xe",pheavy_xe
TAE-PTComp_0987_pheavy_xe_14,TAE-PTComp,0.0979117576627653,61.4405555555556,1658.895,27,"-0.037037037037037,pheavy_xe_14,0.592592592592593,H,0.37037037037037,Si,0.037037037037037,Xe",pheavy_xe
TAE-PTComp_0988_pheavy_xe_15,TAE-PTComp,0.128097189480707,80.3822,401.911,5,"-0.2,pheavy_xe_15,0.2,C_cation,0.6,F,0.2,Xe",pheavy_xe
TAE-PTComp_0989_pheavy_xe_16,TAE-PTComp,0.120730926195358,75.7598,378.799,5,"-0.2,pheavy_xe_16,0.6,H,0.2,C_cation,0.2,Xe",pheavy_xe
TAE-PTComp_0990_pheavy_xe_17,TAE-PTComp,0.121713859562095,76.3766,381.883,5,"-0.2,pheavy_xe_17,0.6,H,0.2,O,0.2,Xe_cation",pheavy_xe
TAE-PTComp_0991_pheavy_xe_18,TAE-PTComp,0.0353110206552385,22.158,44.316,2,"-0.5,pheavy_xe_18,0.5,Br_cation,0.5,Xe",pheavy_xe
TAE-PTComp_0992_pheavy_xe_19,TAE-PTComp,0.0452423448146142,28.39,56.78,2,"-0.5,pheavy_xe_19,0.5,Cl,0.5,Xe_cation",pheavy_xe
TAE-PTComp_0993_pheavy_xe_20,TAE-PTComp,0.158177919154671,99.2581428571429,694.807,7,"-0.142857142857143,pheavy_xe_20,0.428571428571429,H,0.142857142857143,C_cation,0.285714285714286,C,0.142857142857143,Xe",pheavy_xe
TAE-PTComp_0994_pheavy_xe_21,TAE-PTComp,0.0761359022847133,47.776,95.552,2,"-0.5,pheavy_xe_21,0.5,H,0.5,Xe_cation",pheavy_xe
TAE-PTComp_0995_pheavy_xe_22,TAE-PTComp,0.0188339785907544,11.8185,23.637,2,"-0.5,pheavy_xe_22,0.5,I_cation,0.5,Xe",pheavy_xe
TAE-PTComp_0996_pheavy_xe_23,TAE-PTComp,0.0668149274759539,41.927,125.781,3,"-0.333333333333333,pheavy_xe_23,0.333333333333333,H,0.333333333333333,O,0.333333333333333,Xe_cation",pheavy_xe
TAE-PTComp_0997_pheavy_tl_1,TAE-PTComp,0.112215494147591,70.4162857142857,1478.742,21,"-0.0476190476190476,pheavy_tl_1,0.380952380952381,H,0.0952380952380952,C,0.0952380952380952,O,0.142857142857143,F,0.0476190476190476,Cl_anion,0.238095238095238,Tl",pheavy_tl
TAE-PTComp_0998_pheavy_tl_2,TAE-PTComp,0.0998254706272842,62.6414285714286,1315.47,21,"-0.0476190476190476,pheavy_tl_2,0.380952380952381,H,0.0952380952380952,C,0.0952380952380952,O,0.142857142857143,F,0.0476190476190476,P,0.0476190476190476,Cl_anion,0.19047619047619,Tl",pheavy_tl
TAE-PTComp_0999_pheavy_tl_3,TAE-PTComp,0.105057084417573,65.9243157894737,1252.562,19,"-0.0526315789473684,pheavy_tl_3,0.368421052631579,H,0.105263157894737,C,0.105263157894737,O,0.105263157894737,F,0.0526315789473684,P,0.0526315789473684,Cl_anion,0.210526315789474,Tl",pheavy_tl
TAE-PTComp_1000_pheavy_tl_4,TAE-PTComp,0.0851316053333676,53.4208888888889,480.788,9,"-0.111111111111111,pheavy_tl_4,0.111111111111111,Cl_anion,0.666666666666667,Cl,0.222222222222222,Tl",pheavy_tl
TAE-PTComp_1001_pheavy_tl_5,TAE-PTComp,0.0733518805731553,46.029,138.087,3,"-0.333333333333333,pheavy_tl_5,0.333333333333333,Cl_anion,0.333333333333333,Cl,0.333333333333333,Tl",pheavy_tl
TAE-PTComp_1002_pheavy_tl_6,TAE-PTComp,0.102431600886932,64.2768,321.384,5,"-0.2,pheavy_tl_6,0.2,F_anion,0.6,F,0.2,Tl",pheavy_tl
TAE-PTComp_1003_pheavy_tl_7,TAE-PTComp,0.142421263744467,89.3706923076923,1161.819,13,"-0.0769230769230769,pheavy_tl_7,0.307692307692308,H,0.230769230769231,C,0.153846153846154,N,0.230769230769231,Cl,0.0769230769230769,Tl",pheavy_tl
TAE-PTComp_1004_pheavy_tl_8,TAE-PTComp,0.0921001588199299,57.7937222222222,1040.287,18,"-0.0555555555555556,pheavy_tl_8,0.444444444444444,H,0.277777777777778,P,0.111111111111111,Cl,0.166666666666667,Tl",pheavy_tl
TAE-PTComp_1005_pheavy_tl_9,TAE-PTComp,0.106874780815271,67.0649375,1073.039,16,"-0.0625,pheavy_tl_9,0.5,H,0.25,N,0.25,Tl",pheavy_tl
TAE-PTComp_1006_pheavy_tl_10,TAE-PTComp,0.102655555008968,64.4173333333333,579.756,9,"-0.111111111111111,pheavy_tl_10,0.666666666666667,H,0.111111111111111,C,0.111111111111111,F,0.111111111111111,Tl",pheavy_tl
TAE-PTComp_1007_pheavy_tl_11,TAE-PTComp,0.126155797809314,79.1639583333333,1899.935,24,"-0.0416666666666667,pheavy_tl_11,0.5,H,0.166666666666667,C,0.166666666666667,O,0.166666666666667,Tl",pheavy_tl
TAE-PTComp_1008_pheavy_tl_12,TAE-PTComp,0.111359374460971,69.8790625,1118.065,16,"-0.0625,pheavy_tl_12,0.4375,H,0.125,C,0.0625,N,0.125,O,0.25,Tl",pheavy_tl
TAE-PTComp_1009_pheavy_tl_13,TAE-PTComp,0.121365763888066,76.1581666666667,1370.847,18,"-0.0555555555555556,pheavy_tl_13,0.333333333333333,H,0.111111111111111,C,0.111111111111111,O,0.111111111111111,F,0.0555555555555556,P,0.0555555555555556,Cl,0.222222222222222,Tl",pheavy_tl
TAE-PTComp_1010_pheavy_tl_14,TAE-PTComp,0.0736725928624804,46.23025,369.842,8,"-0.125,pheavy_tl_14,0.75,Br,0.25,Tl",pheavy_tl
TAE-PTComp_1011_pheavy_tl_15,TAE-PTComp,0.0763382896672936,47.903,383.224,8,"-0.125,pheavy_tl_15,0.5,H,0.25,Cl,0.25,Tl",pheavy_tl
TAE-PTComp_1012_pheavy_tl_16,TAE-PTComp,0.120633079067087,75.6984,1513.968,20,"-0.05,pheavy_tl_16,0.7,H,0.2,C,0.1,Tl",pheavy_tl
TAE-PTComp_1013_pheavy_tl_17,TAE-PTComp,0.120633477467446,75.69865,1513.973,20,"-0.05,pheavy_tl_17,0.7,H,0.2,C,0.1,Tl",pheavy_tl
TAE-PTComp_1014_pheavy_tl_18,TAE-PTComp,0.135132870107827,84.79715625,2713.509,32,"-0.03125,pheavy_tl_18,0.5625,H,0.1875,C,0.1875,O,0.0625,Tl",pheavy_tl
TAE-PTComp_1015_pheavy_tl_19,TAE-PTComp,0.0876780918973039,55.0188333333333,660.226,12,"-0.0833333333333333,pheavy_tl_19,0.5,H,0.25,N,0.25,Tl",pheavy_tl
TAE-PTComp_1016_pheavy_tl_20,TAE-PTComp,0.0882024684934383,55.3478846153846,1439.045,26,"-0.0384615384615385,pheavy_tl_20,0.615384615384615,H,0.230769230769231,P,0.153846153846154,Tl",pheavy_tl
TAE-PTComp_1017_pheavy_tl_21,TAE-PTComp,0.0897195484589693,56.2998666666667,844.498,15,"-0.0666666666666667,pheavy_tl_21,0.6,S,0.4,Tl",pheavy_tl
TAE-PTComp_1018_pheavy_tl_22,TAE-PTComp,0.16926354802624,106.21448,2655.362,25,"-0.04,pheavy_tl_22,0.36,H,0.36,C,0.24,O,0.04,Tl",pheavy_tl
TAE-PTComp_1019_pheavy_tl_23,TAE-PTComp,0.146181059874765,91.73,2751.9,30,"-0.0333333333333333,pheavy_tl_23,0.533333333333333,H,0.266666666666667,C,0.0666666666666667,O,0.1,Cl,0.0333333333333333,Tl",pheavy_tl
TAE-PTComp_1020_pheavy_tl_24,TAE-PTComp,0.110686376653838,69.45675,555.654,8,"-0.125,pheavy_tl_24,0.375,H,0.125,N,0.375,F,0.125,Tl",pheavy_tl
TAE-PTComp_1021_pheavy_tl_25,TAE-PTComp,0.101487445155178,63.6843333333333,573.159,9,"-0.111111111111111,pheavy_tl_25,0.777777777777778,H,0.111111111111111,C,0.111111111111111,Tl",pheavy_tl
TAE-PTComp_1022_pheavy_tl_26,TAE-PTComp,0.0801575547127788,50.299625,402.397,8,"-0.125,pheavy_tl_26,0.75,H,0.125,P,0.125,Tl",pheavy_tl
TAE-PTComp_1023_pheavy_tl_27,TAE-PTComp,0.0607429075981841,38.11675,152.467,4,"-0.25,pheavy_tl_27,0.75,I,0.25,Tl",pheavy_tl
TAE-PTComp_1024_pheavy_tl_28,TAE-PTComp,0.113295500607615,71.094,497.658,7,"-0.142857142857143,pheavy_tl_28,0.428571428571429,H,0.428571428571429,O,0.142857142857143,Tl",pheavy_tl
TAE-PTComp_1025_pheavy_tl_29,TAE-PTComp,0.0954314561490129,59.8841428571429,419.189,7,"-0.142857142857143,pheavy_tl_29,0.428571428571429,H,0.428571428571429,S,0.142857142857143,Tl",pheavy_tl
TAE-PTComp_1026_pheavy_tl_30,TAE-PTComp,0.112244004882555,70.4341764705882,1197.381,17,"-0.0588235294117647,pheavy_tl_30,0.352941176470588,H,0.0588235294117647,C,0.0588235294117647,N,0.117647058823529,O,0.0588235294117647,F,0.0588235294117647,S,0.0588235294117647,Cl,0.0588235294117647,Tl_cation,0.176470588235294,Tl",pheavy_tl
TAE-PTComp_1027_pheavy_tl_31,TAE-PTComp,0.0331655019196952,20.8116666666667,62.435,3,"-0.333333333333333,pheavy_tl_31,0.666666666666667,H,0.333333333333333,Tl_cation",pheavy_tl
TAE-PTComp_1028_pheavy_tl_32,TAE-PTComp,0.120270871166994,75.4711111111111,679.24,9,"-0.111111111111111,pheavy_tl_32,0.666666666666667,H,0.222222222222222,C,0.111111111111111,Tl_cation",pheavy_tl
TAE-PTComp_1029_pheavy_pb_1,TAE-PTComp,0.137276849784839,86.1425238095238,1808.993,21,"-0.0476190476190476,pheavy_pb_1,0.619047619047619,H,0.0476190476190476,C_anion,0.238095238095238,C,0.0952380952380952,Pb",pheavy_pb
TAE-PTComp_1030_pheavy_pb_2,TAE-PTComp,0.0697890430732876,43.7932857142857,306.553,7,"-0.142857142857143,pheavy_pb_2,0.142857142857143,H_anion,0.285714285714286,H,0.571428571428571,Pb",pheavy_pb
TAE-PTComp_1031_pheavy_pb_3,TAE-PTComp,0.119741618422871,75.139,300.556,4,"-0.25,pheavy_pb_3,0.25,F_anion,0.5,F,0.25,Pb",pheavy_pb
TAE-PTComp_1032_pheavy_pb_4,TAE-PTComp,0.0625313268115762,39.239,235.434,6,"-0.166666666666667,pheavy_pb_4,0.166666666666667,I_anion,0.666666666666667,I,0.166666666666667,Pb",pheavy_pb
TAE-PTComp_1033_pheavy_pb_5,TAE-PTComp,0.133034227443144,83.4802380952381,3506.17,42,"-0.0238095238095238,pheavy_pb_5,0.571428571428571,H,0.19047619047619,C,0.0952380952380952,N,0.142857142857143,Pb",pheavy_pb
TAE-PTComp_1034_pheavy_pb_6,TAE-PTComp,0.117052327463439,73.4514444444444,661.063,9,"-0.111111111111111,pheavy_pb_6,0.666666666666667,H,0.222222222222222,C,0.111111111111111,Pb",pheavy_pb
TAE-PTComp_1035_pheavy_pb_7,TAE-PTComp,0.134446803346047,84.3666428571429,1181.133,14,"-0.0714285714285714,pheavy_pb_7,0.428571428571429,H,0.142857142857143,C,0.0714285714285714,N,0.0714285714285714,O,0.214285714285714,F,0.0714285714285714,Pb",pheavy_pb
TAE-PTComp_1036_pheavy_pb_8,TAE-PTComp,0.0999673264504952,62.7304444444444,564.574,9,"-0.111111111111111,pheavy_pb_8,0.333333333333333,H,0.111111111111111,C,0.111111111111111,N,0.111111111111111,O,0.333333333333333,Pb",pheavy_pb
TAE-PTComp_1037_pheavy_pb_9,TAE-PTComp,0.103408996488673,64.890125,519.121,8,"-0.125,pheavy_pb_9,0.25,H,0.25,C,0.25,F,0.25,Pb",pheavy_pb
TAE-PTComp_1038_pheavy_pb_10,TAE-PTComp,0.106055914149272,66.5510909090909,1464.124,22,"-0.0454545454545455,pheavy_pb_10,0.363636363636364,H,0.0909090909090909,C,0.0909090909090909,O,0.136363636363636,F,0.0454545454545455,Cl,0.272727272727273,Pb",pheavy_pb
TAE-PTComp_1039_pheavy_pb_11,TAE-PTComp,0.0970347899382904,60.89025,243.561,4,"-0.25,pheavy_pb_11,0.25,O,0.5,F,0.25,Pb",pheavy_pb
TAE-PTComp_1040_pheavy_pb_12,TAE-PTComp,0.0573688549543397,35.9995,143.998,4,"-0.25,pheavy_pb_12,0.5,H,0.5,Pb",pheavy_pb
TAE-PTComp_1041_pheavy_pb_13,TAE-PTComp,0.120669094459577,75.721,908.652,12,"-0.0833333333333333,pheavy_pb_13,0.333333333333333,H,0.5,O,0.166666666666667,Pb",pheavy_pb
TAE-PTComp_1042_pheavy_pb_14,TAE-PTComp,0.10816569757985,67.875,746.625,11,"-0.0909090909090909,pheavy_pb_14,0.727272727272727,F,0.272727272727273,Pb",pheavy_pb
TAE-PTComp_1043_pheavy_pb_15,TAE-PTComp,0.0758790137329656,47.6148,238.074,5,"-0.2,pheavy_pb_15,0.8,Br,0.2,Pb",pheavy_pb
TAE-PTComp_1044_pheavy_pb_16,TAE-PTComp,0.174840388129292,109.714,2303.994,21,"-0.0476190476190476,pheavy_pb_16,0.476190476190476,H,0.476190476190476,C,0.0476190476190476,Pb",pheavy_pb
TAE-PTComp_1045_pheavy_pb_17,TAE-PTComp,0.103305013994867,64.824875,518.599,8,"-0.125,pheavy_pb_17,0.5,F,0.5,Pb",pheavy_pb
TAE-PTComp_1046_pheavy_pb_18,TAE-PTComp,0.0972155309013428,61.0036666666667,366.022,6,"-0.166666666666667,pheavy_pb_18,0.666666666666667,H,0.166666666666667,C,0.166666666666667,Pb",pheavy_pb
TAE-PTComp_1047_pheavy_pb_19,TAE-PTComp,0.106971381835752,67.1255555555556,604.13,9,"-0.111111111111111,pheavy_pb_19,0.555555555555556,H,0.111111111111111,N,0.222222222222222,F,0.111111111111111,Pb",pheavy_pb
TAE-PTComp_1048_pheavy_pb_20,TAE-PTComp,0.0817214753236433,51.281,307.686,6,"-0.166666666666667,pheavy_pb_20,0.666666666666667,H,0.166666666666667,Si,0.166666666666667,Pb",pheavy_pb
TAE-PTComp_1049_pheavy_pb_21,TAE-PTComp,0.0796301390369797,49.9686666666667,449.718,9,"-0.111111111111111,pheavy_pb_21,0.666666666666667,H,0.111111111111111,O,0.222222222222222,Pb",pheavy_pb
TAE-PTComp_1050_pheavy_pb_22,TAE-PTComp,0.11516074979801,72.2644615384615,939.438,13,"-0.0769230769230769,pheavy_pb_22,0.615384615384615,H,0.307692307692308,N,0.0769230769230769,Pb",pheavy_pb
TAE-PTComp_1051_pheavy_pb_23,TAE-PTComp,0.122294922059624,76.7412222222222,690.671,9,"-0.111111111111111,pheavy_pb_23,0.444444444444444,H,0.444444444444444,O,0.111111111111111,Pb",pheavy_pb
TAE-PTComp_1052_pheavy_pb_24,TAE-PTComp,0.138196810210371,86.7198076923077,2254.715,26,"-0.0384615384615385,pheavy_pb_24,0.692307692307692,H,0.230769230769231,C,0.0384615384615385,Si,0.0384615384615385,Pb",pheavy_pb
TAE-PTComp_1053_pheavy_pb_25,TAE-PTComp,0.147395384170247,92.492,832.428,9,"-0.111111111111111,pheavy_pb_25,0.444444444444444,H,0.222222222222222,C,0.222222222222222,N,0.111111111111111,Pb",pheavy_pb
TAE-PTComp_1054_pheavy_pb_26,TAE-PTComp,0.150515354292983,94.4498108108108,3494.643,37,"-0.027027027027027,pheavy_pb_26,0.648648648648649,H,0.324324324324324,C,0.027027027027027,Pb",pheavy_pb
TAE-PTComp_1055_pheavy_pb_27,TAE-PTComp,0.130615538398447,81.9624878048781,3360.462,41,"-0.024390243902439,pheavy_pb_27,0.658536585365854,H,0.219512195121951,C,0.024390243902439,Cl,0.0975609756097561,Pb",pheavy_pb
TAE-PTComp_1056_pheavy_pb_28,TAE-PTComp,0.113705056177088,71.351,1212.967,17,"-0.0588235294117647,pheavy_pb_28,0.352941176470588,H,0.0588235294117647,C,0.0588235294117647,N,0.117647058823529,O,0.0588235294117647,F,0.0588235294117647,S,0.0588235294117647,Cl,0.0588235294117647,Pb_cation,0.176470588235294,Pb",pheavy_pb
TAE-PTComp_1057_pheavy_pb_29,TAE-PTComp,0.113704681212044,71.3507647058824,1212.963,17,"-0.0588235294117647,pheavy_pb_29,0.352941176470588,H,0.0588235294117647,C,0.0588235294117647,N,0.117647058823529,O,0.0588235294117647,F,0.0588235294117647,S,0.0588235294117647,Cl,0.0588235294117647,Pb_cation,0.176470588235294,Pb",pheavy_pb
TAE-PTComp_1058_pheavy_pb_30,TAE-PTComp,0.0615938907658842,38.65075,154.603,4,"-0.25,pheavy_pb_30,0.75,Cl,0.25,Pb_cation",pheavy_pb
TAE-PTComp_1059_pheavy_pb_31,TAE-PTComp,0.0788305885745023,49.4669411764706,840.938,17,"-0.0588235294117647,pheavy_pb_31,0.705882352941177,H,0.0588235294117647,N,0.0588235294117647,Pb_cation,0.176470588235294,Pb",pheavy_pb
TAE-PTComp_1060_pheavy_pb_32,TAE-PTComp,0.0848465277428563,53.242,425.936,8,"-0.125,pheavy_pb_32,0.75,H,0.125,P,0.125,Pb_cation",pheavy_pb
TAE-PTComp_1061_pheavy_bi_1,TAE-PTComp,0.0760293586457396,47.7091428571429,333.964,7,"-0.142857142857143,pheavy_bi_1,0.142857142857143,Cl_anion,0.714285714285714,Cl,0.142857142857143,Bi",pheavy_bi
TAE-PTComp_1062_pheavy_bi_2,TAE-PTComp,0.109607375680435,68.7796666666667,206.339,3,"-0.333333333333333,pheavy_bi_2,0.333333333333333,C,0.333333333333333,S_anion,0.333333333333333,Bi",pheavy_bi
TAE-PTComp_1063_pheavy_bi_3,TAE-PTComp,0.0586869227034122,36.8266,184.133,5,"-0.2,pheavy_bi_3,0.6,H,0.2,N,0.2,Bi_anion",pheavy_bi
TAE-PTComp_1064_pheavy_bi_4,TAE-PTComp,0.121291342700928,76.1114666666667,1141.672,15,"-0.0666666666666667,pheavy_bi_4,0.333333333333333,H,0.0666666666666667,O_anion,0.466666666666667,O,0.133333333333333,Bi",pheavy_bi
TAE-PTComp_1065_pheavy_bi_5,TAE-PTComp,0.13566807119065,85.133,1021.596,12,"-0.0833333333333333,pheavy_bi_5,0.416666666666667,H,0.166666666666667,C,0.0833333333333333,N,0.0833333333333333,O_anion,0.166666666666667,O,0.0833333333333333,Bi",pheavy_bi
TAE-PTComp_1066_pheavy_bi_6,TAE-PTComp,0.114692292267707,71.9705,575.764,8,"-0.125,pheavy_bi_6,0.5,H,0.125,C,0.125,N,0.125,O,0.125,Bi",pheavy_bi
TAE-PTComp_1067_pheavy_bi_7,TAE-PTComp,0.176750266332256,110.912466666667,3327.374,30,"-0.0333333333333333,pheavy_bi_7,0.433333333333333,H,0.466666666666667,C,0.0333333333333333,N,0.0333333333333333,Cl,0.0333333333333333,Bi",pheavy_bi
TAE-PTComp_1068_pheavy_bi_8,TAE-PTComp,0.16095350003224,100.999846153846,2625.996,26,"-0.0384615384615385,pheavy_bi_8,0.423076923076923,H,0.346153846153846,C,0.0769230769230769,N,0.115384615384615,S,0.0384615384615385,Bi",pheavy_bi
TAE-PTComp_1069_pheavy_bi_9,TAE-PTComp,0.127006344134515,79.6976842105263,1514.256,19,"-0.0526315789473684,pheavy_bi_9,0.631578947368421,H,0.210526315789474,C,0.0526315789473684,O,0.105263157894737,Bi",pheavy_bi
TAE-PTComp_1070_pheavy_bi_10,TAE-PTComp,0.134121051948879,84.1622307692308,1094.109,13,"-0.0769230769230769,pheavy_bi_10,0.230769230769231,H,0.230769230769231,C,0.461538461538462,S,0.0769230769230769,Bi",pheavy_bi
TAE-PTComp_1071_pheavy_bi_11,TAE-PTComp,0.142742212845194,89.5720909090909,1970.586,22,"-0.0454545454545455,pheavy_bi_11,0.272727272727273,H,0.181818181818182,C,0.181818181818182,O,0.0909090909090909,S,0.181818181818182,Cl,0.0909090909090909,Bi",pheavy_bi
TAE-PTComp_1072_pheavy_bi_12,TAE-PTComp,0.0931097495973818,58.42725,467.418,8,"-0.125,pheavy_bi_12,0.75,H,0.125,B,0.125,Bi",pheavy_bi
TAE-PTComp_1073_pheavy_bi_13,TAE-PTComp,0.120690448718842,75.7344,757.344,10,"-0.1,pheavy_bi_13,0.6,H,0.2,C,0.2,Bi",pheavy_bi
TAE-PTComp_1074_pheavy_bi_14,TAE-PTComp,0.13379208357826,83.9558,839.558,10,"-0.1,pheavy_bi_14,0.6,O,0.4,Bi",pheavy_bi
TAE-PTComp_1075_pheavy_bi_15,TAE-PTComp,0.0845536465643528,53.0582142857143,742.815,14,"-0.0714285714285714,pheavy_bi_15,0.714285714285714,S,0.285714285714286,Bi",pheavy_bi
TAE-PTComp_1076_pheavy_bi_16,TAE-PTComp,0.143054581601634,89.7681052631579,1705.594,19,"-0.0526315789473684,pheavy_bi_16,0.578947368421053,H,0.263157894736842,C,0.105263157894737,O,0.0526315789473684,Bi",pheavy_bi
TAE-PTComp_1077_pheavy_bi_17,TAE-PTComp,0.0562652859587737,35.307,211.842,6,"-0.166666666666667,pheavy_bi_17,0.5,Br,0.333333333333333,I,0.166666666666667,Bi",pheavy_bi
TAE-PTComp_1078_pheavy_bi_18,TAE-PTComp,0.0889305298271696,55.80475,223.219,4,"-0.25,pheavy_bi_18,0.75,Cl,0.25,Bi",pheavy_bi
TAE-PTComp_1079_pheavy_bi_19,TAE-PTComp,0.124131762726222,77.8938571428571,545.257,7,"-0.142857142857143,pheavy_bi_19,0.285714285714286,H,0.142857142857143,O,0.428571428571429,F,0.142857142857143,Bi",pheavy_bi
TAE-PTComp_1080_pheavy_bi_20,TAE-PTComp,0.163408760652806,102.540545454545,1127.946,11,"-0.0909090909090909,pheavy_bi_20,0.454545454545455,H,0.454545454545455,C,0.0909090909090909,Bi",pheavy_bi
TAE-PTComp_1081_pheavy_bi_21,TAE-PTComp,0.110093158518676,69.0845,829.014,12,"-0.0833333333333333,pheavy_bi_21,0.5,H,0.0833333333333333,C,0.25,O,0.166666666666667,Bi",pheavy_bi
TAE-PTComp_1082_pheavy_bi_22,TAE-PTComp,0.12484818142967,78.3434166666667,940.121,12,"-0.0833333333333333,pheavy_bi_22,0.666666666666667,H,0.166666666666667,C,0.0833333333333333,N,0.0833333333333333,Bi",pheavy_bi
TAE-PTComp_1083_pheavy_bi_23,TAE-PTComp,0.0989137029476056,62.0692857142857,434.485,7,"-0.142857142857143,pheavy_bi_23,0.428571428571429,H,0.142857142857143,C,0.142857142857143,F,0.285714285714286,Bi",pheavy_bi
TAE-PTComp_1084_pheavy_bi_24,TAE-PTComp,0.0937365218961471,58.8205555555556,529.385,9,"-0.111111111111111,pheavy_bi_24,0.333333333333333,H,0.111111111111111,O,0.111111111111111,F,0.444444444444444,Bi",pheavy_bi
TAE-PTComp_1085_pheavy_bi_25,TAE-PTComp,0.137974455137982,86.5802777777778,1558.445,18,"-0.0555555555555556,pheavy_bi_25,0.444444444444444,H,0.222222222222222,C,0.111111111111111,O,0.111111111111111,S,0.0555555555555556,Cl,0.0555555555555556,Bi",pheavy_bi
TAE-PTComp_1086_pheavy_bi_26,TAE-PTComp,0.162154523884954,101.7535,1424.549,14,"-0.0714285714285714,pheavy_bi_26,0.5,H,0.428571428571429,C,0.0714285714285714,Bi",pheavy_bi
TAE-PTComp_1087_pheavy_bi_27,TAE-PTComp,0.146057415151456,91.6524117647059,1558.091,17,"-0.0588235294117647,pheavy_bi_27,0.529411764705882,H,0.352941176470588,C,0.0588235294117647,O,0.0588235294117647,Bi",pheavy_bi
TAE-PTComp_1088_pheavy_bi_28,TAE-PTComp,0.122133773540913,76.6401,766.401,10,"-0.1,pheavy_bi_28,0.5,H,0.2,C,0.2,F,0.1,Bi",pheavy_bi
TAE-PTComp_1089_pheavy_bi_29,TAE-PTComp,0.0850167243763963,53.3488,266.744,5,"-0.2,pheavy_bi_29,0.8,F,0.2,Bi_cation",pheavy_bi
TAE-PTComp_1090_pheavy_bi_30,TAE-PTComp,0.114375962382335,71.772,287.088,4,"-0.25,pheavy_bi_30,0.5,H,0.25,C,0.25,Bi_cation",pheavy_bi
TAE-PTComp_1091_pheavy_bi_31,TAE-PTComp,0.111629343433931,70.0484705882353,1190.824,17,"-0.0588235294117647,pheavy_bi_31,0.411764705882353,H,0.0588235294117647,C,0.0588235294117647,N,0.117647058823529,O,0.0588235294117647,F,0.0588235294117647,S,0.0588235294117647,Cl,0.0588235294117647,Bi_cation,0.117647058823529,Bi",pheavy_bi
TAE-PTComp_1092_pheavy_bi_32,TAE-PTComp,0.104857503580034,65.7990769230769,855.388,13,"-0.0769230769230769,pheavy_bi_32,0.384615384615385,H,0.0769230769230769,C,0.0769230769230769,O,0.153846153846154,F,0.0769230769230769,Cl,0.0769230769230769,Bi_cation,0.153846153846154,Bi",pheavy_bi
TAE-PTComp_1093_pheavy_bi_33,TAE-PTComp,0.172328733689532,108.137913043478,2487.172,23,"-0.0434782608695652,pheavy_bi_33,0.478260869565217,H,0.434782608695652,C,0.0434782608695652,N,0.0434782608695652,Bi_cation",pheavy_bi
TAE-PTComp_1094_pheavy_bi_34,TAE-PTComp,0.0934595451129439,58.64675,469.174,8,"-0.125,pheavy_bi_34,0.75,H,0.125,Si,0.125,Bi_cation",pheavy_bi
TAE-PTComp_1095_pheavy_po_1,TAE-PTComp,0.0906196145509487,56.8646666666667,170.594,3,"-0.333333333333333,pheavy_po_1,0.333333333333333,H,0.333333333333333,O,0.333333333333333,Po_anion",pheavy_po
TAE-PTComp_1096_pheavy_po_2,TAE-PTComp,0.108859976606182,68.3106666666667,409.864,6,"-0.166666666666667,pheavy_po_2,0.166666666666667,H,0.666666666666667,O,0.166666666666667,Po_anion",pheavy_po
TAE-PTComp_1097_pheavy_po_3,TAE-PTComp,0.062349125047206,39.1246666666667,117.374,3,"-0.333333333333333,pheavy_po_3,0.333333333333333,H,0.333333333333333,Po_anion,0.333333333333333,Po",pheavy_po
TAE-PTComp_1098_pheavy_po_4,TAE-PTComp,0.175255460011434,109.974461538462,1429.668,13,"-0.0769230769230769,pheavy_po_4,0.384615384615385,H,0.461538461538462,C,0.0769230769230769,O,0.0769230769230769,Po_anion",pheavy_po
TAE-PTComp_1099_pheavy_po_5,TAE-PTComp,0.169156410201587,106.14725,1698.356,16,"-0.0625,pheavy_po_5,0.375,H,0.5,C,0.125,Po",pheavy_po
TAE-PTComp_1100_pheavy_po_6,TAE-PTComp,0.152598265206795,95.7568571428571,1340.596,14,"-0.0714285714285714,pheavy_po_6,0.285714285714286,H,0.285714285714286,C,0.285714285714286,N,0.142857142857143,Po",pheavy_po
TAE-PTComp_1101_pheavy_po_7,TAE-PTComp,0.110751714312781,69.49775,277.991,4,"-0.25,pheavy_po_7,0.5,H,0.25,C,0.25,Po",pheavy_po
TAE-PTComp_1102_pheavy_po_8,TAE-PTComp,0.126186301996833,79.1831,791.831,10,"-0.1,pheavy_po_8,0.6,H,0.2,C,0.1,O,0.1,Po",pheavy_po
TAE-PTComp_1103_pheavy_po_9,TAE-PTComp,0.128187971642605,80.4391666666667,482.635,6,"-0.166666666666667,pheavy_po_9,0.333333333333333,H,0.333333333333333,C,0.333333333333333,Po",pheavy_po
TAE-PTComp_1104_pheavy_po_10,TAE-PTComp,0.0823796327173888,51.694,206.776,4,"-0.25,pheavy_po_10,0.5,H,0.25,S,0.25,Po",pheavy_po
TAE-PTComp_1105_pheavy_po_11,TAE-PTComp,0.131403929238564,82.4572105263158,1566.687,19,"-0.0526315789473684,pheavy_po_11,0.421052631578947,H,0.157894736842105,C,0.0526315789473684,N,0.157894736842105,O,0.157894736842105,F,0.0526315789473684,Po",pheavy_po
TAE-PTComp_1106_pheavy_po_12,TAE-PTComp,0.0664595543553601,41.704,250.224,6,"-0.166666666666667,pheavy_po_12,0.333333333333333,H,0.666666666666667,Po",pheavy_po
TAE-PTComp_1107_pheavy_po_13,TAE-PTComp,0.0988090659389234,62.003625,496.029,8,"-0.125,pheavy_po_13,0.25,H,0.125,C,0.125,O,0.125,F,0.125,Cl,0.25,Po",pheavy_po
TAE-PTComp_1108_pheavy_po_14,TAE-PTComp,0.10158925858036,63.7482222222222,573.734,9,"-0.111111111111111,pheavy_po_14,0.333333333333333,O,0.333333333333333,S,0.333333333333333,Po",pheavy_po
TAE-PTComp_1109_pheavy_po_15,TAE-PTComp,0.0731322822950484,45.8912,229.456,5,"-0.2,pheavy_po_15,0.8,Cl,0.2,Po",pheavy_po
TAE-PTComp_1110_pheavy_po_16,TAE-PTComp,0.151362920549492,94.9816666666667,284.945,3,"-0.333333333333333,pheavy_po_16,0.333333333333333,C,0.333333333333333,O,0.333333333333333,Po",pheavy_po
TAE-PTComp_1111_pheavy_po_17,TAE-PTComp,0.0897532265693515,56.321,168.963,3,"-0.333333333333333,pheavy_po_17,0.666666666666667,F,0.333333333333333,Po",pheavy_po
TAE-PTComp_1112_pheavy_po_18,TAE-PTComp,0.0934445386994061,58.6373333333333,351.824,6,"-0.166666666666667,pheavy_po_18,0.166666666666667,O,0.666666666666667,F,0.166666666666667,Po",pheavy_po
TAE-PTComp_1113_pheavy_po_19,TAE-PTComp,0.0986726138158254,61.918,433.426,7,"-0.142857142857143,pheavy_po_19,0.857142857142857,F,0.142857142857143,Po",pheavy_po
TAE-PTComp_1114_pheavy_po_20,TAE-PTComp,0.0709333247912962,44.5113333333333,534.136,12,"-0.0833333333333333,pheavy_po_20,0.666666666666667,H,0.333333333333333,Po",pheavy_po
TAE-PTComp_1115_pheavy_po_21,TAE-PTComp,0.121085422835161,75.98225,911.787,12,"-0.0833333333333333,pheavy_po_21,0.5,H,0.166666666666667,C,0.166666666666667,O,0.166666666666667,Po",pheavy_po
TAE-PTComp_1116_pheavy_po_22,TAE-PTComp,0.0893657822198251,56.077875,448.623,8,"-0.125,pheavy_po_22,0.375,H,0.375,O,0.125,P,0.125,Po",pheavy_po
TAE-PTComp_1117_pheavy_po_23,TAE-PTComp,0.0833043199515797,52.27425,209.097,4,"-0.25,pheavy_po_23,0.25,O,0.5,Cl,0.25,Po",pheavy_po
TAE-PTComp_1118_pheavy_po_24,TAE-PTComp,0.155571028251648,97.6222941176471,1659.579,17,"-0.0588235294117647,pheavy_po_24,0.411764705882353,H,0.352941176470588,C,0.0588235294117647,N,0.117647058823529,O,0.0588235294117647,Po",pheavy_po
TAE-PTComp_1119_pheavy_po_25,TAE-PTComp,0.13369655855494,83.8958571428571,587.271,7,"-0.142857142857143,pheavy_po_25,0.571428571428571,H,0.285714285714286,C,0.142857142857143,Po",pheavy_po
TAE-PTComp_1120_pheavy_po_26,TAE-PTComp,0.146050612214226,91.6481428571429,641.537,7,"-0.142857142857143,pheavy_po_26,0.285714285714286,H,0.285714285714286,C,0.285714285714286,N,0.142857142857143,Po",pheavy_po
TAE-PTComp_1121_pheavy_po_27,TAE-PTComp,0.100381891969586,62.9905882352941,1070.84,17,"-0.0588235294117647,pheavy_po_27,0.352941176470588,H,0.0588235294117647,C,0.0588235294117647,N,0.117647058823529,O,0.0588235294117647,F,0.0588235294117647,S,0.0588235294117647,Cl,0.0588235294117647,Po_cation,0.176470588235294,Po",pheavy_po
TAE-PTComp_1122_pheavy_po_28,TAE-PTComp,0.0766535040316589,48.1008,240.504,5,"-0.2,pheavy_po_28,0.6,H,0.2,Po_cation,0.2,Po",pheavy_po
TAE-PTComp_1123_pheavy_po_29,TAE-PTComp,0.126547662505685,79.4098571428571,555.869,7,"-0.142857142857143,pheavy_po_29,0.571428571428571,H,0.142857142857143,C,0.142857142857143,N,0.142857142857143,Po_cation",pheavy_po
TAE-PTComp_1124_pheavy_at_1,TAE-PTComp,0.054624513918579,34.2774,171.387,5,"-0.2,pheavy_at_1,0.4,H,0.2,At_anion,0.4,At",pheavy_at
TAE-PTComp_1125_pheavy_at_2,TAE-PTComp,0.119038521468584,74.6978,373.489,5,"-0.2,pheavy_at_2,0.4,H,0.4,C,0.2,At_anion",pheavy_at
TAE-PTComp_1126_pheavy_at_3,TAE-PTComp,0.085693048826531,53.7732,268.866,5,"-0.2,pheavy_at_3,0.4,C,0.2,N,0.2,At_anion,0.2,At",pheavy_at
TAE-PTComp_1127_pheavy_at_4,TAE-PTComp,0.068252090372466,42.8288333333333,256.973,6,"-0.166666666666667,pheavy_at_4,0.166666666666667,Si,0.166666666666667,At_anion,0.666666666666667,At",pheavy_at
TAE-PTComp_1128_pheavy_at_5,TAE-PTComp,0.0449395605414625,28.2,169.2,6,"-0.166666666666667,pheavy_at_5,0.5,Cl,0.5,At",pheavy_at
TAE-PTComp_1129_pheavy_at_6,TAE-PTComp,0.150718680608302,94.5774,945.774,10,"-0.1,pheavy_at_6,0.4,H,0.3,C,0.1,N,0.1,O,0.1,At",pheavy_at
TAE-PTComp_1130_pheavy_at_7,TAE-PTComp,0.076895253369749,48.2525,193.01,4,"-0.25,pheavy_at_7,0.75,F,0.25,At",pheavy_at
TAE-PTComp_1131_pheavy_at_8,TAE-PTComp,0.119011350564072,74.68075,298.723,4,"-0.25,pheavy_at_8,0.5,C,0.5,At",pheavy_at
TAE-PTComp_1132_pheavy_at_9,TAE-PTComp,0.0966462167877457,60.6464166666667,727.757,12,"-0.0833333333333333,pheavy_at_9,0.333333333333333,C,0.666666666666667,At",pheavy_at
TAE-PTComp_1133_pheavy_at_10,TAE-PTComp,0.163928202285048,102.8665,1234.398,12,"-0.0833333333333333,pheavy_at_10,0.5,C,0.25,F,0.25,At",pheavy_at
TAE-PTComp_1134_pheavy_at_11,TAE-PTComp,0.109249346557446,68.555,616.995,9,"-0.111111111111111,pheavy_at_11,0.555555555555556,H,0.111111111111111,C,0.111111111111111,N,0.222222222222222,At",pheavy_at
TAE-PTComp_1135_pheavy_at_12,TAE-PTComp,0.113095822347478,70.9687,709.687,10,"-0.1,pheavy_at_12,0.4,C,0.6,At",pheavy_at
TAE-PTComp_1136_pheavy_at_13,TAE-PTComp,0.0845300384973409,53.0434,530.434,10,"-0.1,pheavy_at_13,0.2,C,0.2,F,0.6,At",pheavy_at
TAE-PTComp_1137_pheavy_at_14,TAE-PTComp,0.101109389774122,63.4471,634.471,10,"-0.1,pheavy_at_14,0.4,H,0.2,C,0.4,At",pheavy_at
TAE-PTComp_1138_pheavy_at_15,TAE-PTComp,0.100873605058555,63.2991428571429,443.094,7,"-0.142857142857143,pheavy_at_15,0.571428571428571,H,0.142857142857143,C,0.285714285714286,At",pheavy_at
TAE-PTComp_1139_pheavy_at_16,TAE-PTComp,0.0899132241536906,56.4214,282.107,5,"-0.2,pheavy_at_16,0.4,H,0.2,O,0.4,At",pheavy_at
TAE-PTComp_1140_pheavy_at_17,TAE-PTComp,0.0583863694722732,36.638,73.276,2,"-0.5,pheavy_at_17,0.5,H,0.5,At",pheavy_at
TAE-PTComp_1141_pheavy_at_18,TAE-PTComp,0.0864104881937567,54.2234,271.117,5,"-0.2,pheavy_at_18,0.2,H,0.6,O,0.2,At",pheavy_at
TAE-PTComp_1142_pheavy_at_19,TAE-PTComp,0.131811378644734,82.7128888888889,744.416,9,"-0.111111111111111,pheavy_at_19,0.555555555555556,H,0.222222222222222,C,0.111111111111111,O,0.111111111111111,At",pheavy_at
TAE-PTComp_1143_pheavy_at_20,TAE-PTComp,0.0755372393446396,47.4003333333333,284.402,6,"-0.166666666666667,pheavy_at_20,0.5,H,0.166666666666667,N,0.333333333333333,At",pheavy_at
TAE-PTComp_1144_pheavy_at_21,TAE-PTComp,0.10037139294835,62.984,377.904,6,"-0.166666666666667,pheavy_at_21,0.666666666666667,H,0.166666666666667,N,0.166666666666667,At",pheavy_at
TAE-PTComp_1145_pheavy_at_22,TAE-PTComp,0.0514860752472898,32.308,96.924,3,"-0.333333333333333,pheavy_at_22,0.333333333333333,S,0.666666666666667,At",pheavy_at
TAE-PTComp_1146_pheavy_at_23,TAE-PTComp,0.10867923564313,68.19725,272.789,4,"-0.25,pheavy_at_23,0.25,O,0.25,Si,0.5,At",pheavy_at
TAE-PTComp_1147_pheavy_at_24,TAE-PTComp,0.0752466726825099,47.218,188.872,4,"-0.25,pheavy_at_24,0.25,O,0.25,S,0.5,At",pheavy_at
TAE-PTComp_1148_pheavy_at_25,TAE-PTComp,0.103206182248564,64.7628571428571,453.34,7,"-0.142857142857143,pheavy_at_25,0.142857142857143,H,0.285714285714286,C,0.142857142857143,At_cation,0.428571428571429,At",pheavy_at
TAE-PTComp_1149_pheavy_at_26,TAE-PTComp,0.143115426023441,89.8062857142857,628.644,7,"-0.142857142857143,pheavy_at_26,0.571428571428571,H,0.285714285714286,C,0.142857142857143,At_cation",pheavy_at
TAE-PTComp_1150_pheavy_at_27,TAE-PTComp,0.121122075668227,76.00525,304.021,4,"-0.25,pheavy_at_27,0.5,H,0.25,C,0.25,At_cation",pheavy_at
TAE-PTComp_1151_pheavy_at_28,TAE-PTComp,0.178636815460056,112.096294117647,1905.637,17,"-0.0588235294117647,pheavy_at_28,0.352941176470588,H,0.411764705882353,C,0.176470588235294,O,0.0588235294117647,At_cation",pheavy_at
TAE-PTComp_1152_pheavy_at_29,TAE-PTComp,0.158866272191241,99.6900909090909,1096.591,11,"-0.0909090909090909,pheavy_at_29,0.363636363636364,H,0.272727272727273,C,0.272727272727273,O,0.0909090909090909,At_cation",pheavy_at
TAE-PTComp_1153_pheavy_at_30,TAE-PTComp,0.179903606331771,112.891217391304,2596.498,23,"-0.0434782608695652,pheavy_at_30,0.434782608695652,H,0.434782608695652,C,0.0869565217391304,N,0.0434782608695652,At_cation",pheavy_at
TAE-PTComp_1154_pheavy_rn_1,TAE-PTComp,0.160603442631127,100.780181818182,1108.582,11,"-0.0909090909090909,pheavy_rn_1,0.454545454545455,H,0.0909090909090909,C_anion,0.363636363636364,C,0.0909090909090909,Rn",pheavy_rn
TAE-PTComp_1155_pheavy_rn_2,TAE-PTComp,0.099820183917753,62.6381111111111,563.743,9,"-0.111111111111111,pheavy_rn_2,0.666666666666667,H,0.222222222222222,B,0.111111111111111,Rn",pheavy_rn
TAE-PTComp_1156_pheavy_rn_3,TAE-PTComp,0.128175412545561,80.4312857142857,563.019,7,"-0.142857142857143,pheavy_rn_3,0.571428571428571,H,0.285714285714286,C,0.142857142857143,Rn",pheavy_rn
TAE-PTComp_1157_pheavy_rn_4,TAE-PTComp,0.103365770049677,64.863,259.452,4,"-0.25,pheavy_rn_4,0.25,C,0.5,F,0.25,Rn",pheavy_rn
TAE-PTComp_1158_pheavy_rn_5,TAE-PTComp,0.0188623978163924,11.8363333333333,35.509,3,"-0.333333333333333,pheavy_rn_5,0.333333333333333,H,0.333333333333333,Cl,0.333333333333333,Rn",pheavy_rn
TAE-PTComp_1159_pheavy_rn_6,TAE-PTComp,0.00575715079371597,3.61266666666667,10.838,3,"-0.333333333333333,pheavy_rn_6,0.666666666666667,H,0.333333333333333,Rn",pheavy_rn
TAE-PTComp_1160_pheavy_rn_7,TAE-PTComp,0.00232386929643928,1.45825,11.666,8,"-0.125,pheavy_rn_7,1,Rn",pheavy_rn
TAE-PTComp_1161_pheavy_rn_8,TAE-PTComp,0.105682397833701,66.3167058823529,1127.384,17,"-0.0588235294117647,pheavy_rn_8,0.705882352941177,H,0.235294117647059,B,0.0588235294117647,Rn",pheavy_rn
TAE-PTComp_1162_pheavy_rn_9,TAE-PTComp,0.167557752144,105.144076923077,1366.873,13,"-0.0769230769230769,pheavy_rn_9,0.461538461538462,H,0.461538461538462,C,0.0769230769230769,Rn",pheavy_rn
TAE-PTComp_1163_pheavy_rn_10,TAE-PTComp,0.020901676456093,13.116,39.348,3,"-0.333333333333333,pheavy_rn_10,0.666666666666667,F,0.333333333333333,Rn",pheavy_rn
TAE-PTComp_1164_pheavy_rn_11,TAE-PTComp,0.0695954432643491,43.6718,218.359,5,"-0.2,pheavy_rn_11,0.4,H,0.4,Cl,0.2,Rn",pheavy_rn
TAE-PTComp_1165_pheavy_rn_12,TAE-PTComp,0.0317139434901964,19.9008,99.504,5,"-0.2,pheavy_rn_12,0.8,I,0.2,Rn",pheavy_rn
TAE-PTComp_1166_pheavy_rn_13,TAE-PTComp,0.046323125309622,29.0682,145.341,5,"-0.2,pheavy_rn_13,0.4,F,0.4,I,0.2,Rn",pheavy_rn
TAE-PTComp_1167_pheavy_rn_14,TAE-PTComp,0.18121043244434,113.711263157895,2160.514,19,"-0.0526315789473684,pheavy_rn_14,0.421052631578947,H,0.526315789473684,C,0.0526315789473684,Rn",pheavy_rn
TAE-PTComp_1168_pheavy_rn_15,TAE-PTComp,0.0951756148210671,59.7236,298.618,5,"-0.2,pheavy_rn_15,0.6,H,0.2,N,0.2,Rn",pheavy_rn
TAE-PTComp_1169_pheavy_rn_16,TAE-PTComp,0.0960879693507989,60.2961111111111,1627.995,27,"-0.037037037037037,pheavy_rn_16,0.592592592592593,H,0.37037037037037,Si,0.037037037037037,Rn",pheavy_rn
TAE-PTComp_1170_pheavy_rn_17,TAE-PTComp,0.133547306397438,83.8022,419.011,5,"-0.2,pheavy_rn_17,0.2,C,0.6,F,0.2,Rn_cation",pheavy_rn
TAE-PTComp_1171_pheavy_rn_18,TAE-PTComp,0.126932266829792,79.6512,398.256,5,"-0.2,pheavy_rn_18,0.6,H,0.2,C,0.2,Rn_cation",pheavy_rn
TAE-PTComp_1172_pheavy_rn_19,TAE-PTComp,0.0412790580392023,25.903,51.806,2,"-0.5,pheavy_rn_19,0.5,Cl,0.5,Rn_cation",pheavy_rn
TAE-PTComp_1173_pheavy_rn_20,TAE-PTComp,0.161457323255986,101.316,709.212,7,"-0.142857142857143,pheavy_rn_20,0.428571428571429,H,0.428571428571429,C,0.142857142857143,Rn_cation",pheavy_rn
TAE-PTComp_1174_pheavy_rn_21,TAE-PTComp,0.0677758691428511,42.53,85.06,2,"-0.5,pheavy_rn_21,0.5,H,0.5,Rn_cation",pheavy_rn
TAE-PTComp_1175_pheavy_rn_22,TAE-PTComp,0.0254912485964977,15.996,31.992,2,"-0.5,pheavy_rn_22,0.5,I_cation,0.5,Rn",pheavy_rn
TAE-PTComp_1176_pheavy_rn_23,TAE-PTComp,0.0648085832659645,40.668,122.004,3,"-0.333333333333333,pheavy_rn_23,0.333333333333333,H,0.333333333333333,O,0.333333333333333,Rn_cation",pheavy_rn
TAE-PTComp_1177_tm_sc_1,TAE-PTComp,0.156998805862382,98.5182380952381,2068.883,21,"-0.0476190476190476,tm_sc_1,0.380952380952381,H,0.0952380952380952,C,0.0952380952380952,O,0.142857142857143,F,0.0476190476190476,Cl_anion,0.238095238095238,Sc",tm_sc
TAE-PTComp_1178_tm_sc_2,TAE-PTComp,0.144447069739046,90.6419047619048,1903.48,21,"-0.0476190476190476,tm_sc_2,0.380952380952381,H,0.0952380952380952,C,0.0952380952380952,O,0.142857142857143,F,0.0476190476190476,P,0.0476190476190476,Cl_anion,0.19047619047619,Sc",tm_sc
TAE-PTComp_1179_tm_sc_3,TAE-PTComp,0.141569428935512,88.8361578947368,1687.887,19,"-0.0526315789473684,tm_sc_3,0.368421052631579,H,0.105263157894737,C,0.105263157894737,O,0.105263157894737,F,0.0526315789473684,P,0.0526315789473684,Cl_anion,0.210526315789474,Sc",tm_sc
TAE-PTComp_1180_tm_sc_4,TAE-PTComp,0.166835450959947,104.690826086957,2407.889,23,"-0.0434782608695652,tm_sc_4,0.521739130434783,H,0.0434782608695652,C_anion,0.304347826086957,C,0.0869565217391304,N,0.0434782608695652,Sc",tm_sc
TAE-PTComp_1181_tm_sc_5,TAE-PTComp,0.162137211578427,101.742636363636,2238.338,22,"-0.0454545454545455,tm_sc_5,0.545454545454545,H,0.0454545454545455,C_anion,0.272727272727273,C,0.0909090909090909,N,0.0454545454545455,Sc",tm_sc
TAE-PTComp_1182_tm_sc_6,TAE-PTComp,0.145581511600559,91.3537777777778,822.184,9,"-0.111111111111111,tm_sc_6,0.111111111111111,Cl_anion,0.666666666666667,Cl,0.222222222222222,Sc",tm_sc
TAE-PTComp_1183_tm_sc_7,TAE-PTComp,0.135229653728472,84.8578888888889,763.721,9,"-0.111111111111111,tm_sc_7,0.444444444444444,B,0.111111111111111,F_anion,0.333333333333333,F,0.111111111111111,Sc",tm_sc
TAE-PTComp_1184_tm_sc_8,TAE-PTComp,0.138231219742951,86.7414,433.707,5,"-0.2,tm_sc_8,0.2,Cl_anion,0.6,Cl,0.2,Sc",tm_sc
TAE-PTComp_1185_tm_sc_9,TAE-PTComp,0.190544444963107,119.568444444444,1076.116,9,"-0.111111111111111,tm_sc_9,0.444444444444444,C,0.111111111111111,O_anion,0.333333333333333,O,0.111111111111111,Sc",tm_sc
TAE-PTComp_1186_tm_sc_10,TAE-PTComp,0.138308200066515,86.7897058823529,1475.425,17,"-0.0588235294117647,tm_sc_10,0.705882352941177,H,0.0588235294117647,C_anion,0.176470588235294,C,0.0588235294117647,Sc",tm_sc
TAE-PTComp_1187_tm_sc_11,TAE-PTComp,0.143433093395733,90.005625,1440.09,16,"-0.0625,tm_sc_11,0.5625,H,0.375,O,0.0625,Sc",tm_sc
TAE-PTComp_1188_tm_sc_12,TAE-PTComp,0.162410909839325,101.914384615385,1324.887,13,"-0.0769230769230769,tm_sc_12,0.307692307692308,H,0.230769230769231,C,0.153846153846154,N,0.230769230769231,Cl,0.0769230769230769,Sc",tm_sc
TAE-PTComp_1189_tm_sc_13,TAE-PTComp,0.117940051997618,74.0085,1332.153,18,"-0.0555555555555556,tm_sc_13,0.444444444444444,H,0.277777777777778,P,0.111111111111111,Cl,0.166666666666667,Sc",tm_sc
TAE-PTComp_1190_tm_sc_14,TAE-PTComp,0.14828482345685,93.0501315789474,3535.905,38,"-0.0263157894736842,tm_sc_14,0.631578947368421,H,0.210526315789474,C,0.0526315789473684,N,0.0526315789473684,O,0.0526315789473684,Sc",tm_sc
TAE-PTComp_1191_tm_sc_15,TAE-PTComp,0.156492526274222,98.2005428571428,3437.019,35,"-0.0285714285714286,tm_sc_15,0.542857142857143,H,0.257142857142857,C,0.114285714285714,N,0.0285714285714286,Sc,0.0571428571428571,Br",tm_sc
TAE-PTComp_1192_tm_sc_16,TAE-PTComp,0.158824251013938,99.6637222222222,1793.947,18,"-0.0555555555555556,tm_sc_16,0.5,H,0.166666666666667,C,0.166666666666667,O,0.166666666666667,Sc",tm_sc
TAE-PTComp_1193_tm_sc_17,TAE-PTComp,0.126244574689402,79.2196666666667,950.636,12,"-0.0833333333333333,tm_sc_17,0.333333333333333,H,0.333333333333333,S,0.333333333333333,Sc",tm_sc
TAE-PTComp_1194_tm_sc_18,TAE-PTComp,0.156830567082037,98.4126666666667,1771.428,18,"-0.0555555555555556,tm_sc_18,0.333333333333333,H,0.0555555555555556,C,0.0555555555555556,N,0.111111111111111,O,0.0555555555555556,F,0.0555555555555556,S,0.0555555555555556,Cl,0.277777777777778,Sc",tm_sc
TAE-PTComp_1195_tm_sc_19,TAE-PTComp,0.132867715064356,83.37575,667.006,8,"-0.125,tm_sc_19,0.25,Sc,0.75,Br",tm_sc
TAE-PTComp_1196_tm_sc_20,TAE-PTComp,0.0878403072436437,55.120625,440.965,8,"-0.125,tm_sc_20,0.75,H,0.25,Sc",tm_sc
TAE-PTComp_1197_tm_sc_21,TAE-PTComp,0.15939493739544,100.021833333333,600.131,6,"-0.166666666666667,tm_sc_21,0.666666666666667,O,0.333333333333333,Sc",tm_sc
TAE-PTComp_1198_tm_sc_22,TAE-PTComp,0.156191416705438,98.01159375,3136.371,32,"-0.03125,tm_sc_22,0.5625,H,0.1875,C,0.1875,O,0.0625,Sc",tm_sc
TAE-PTComp_1199_tm_sc_23,TAE-PTComp,0.144831111709563,90.8828947368421,1726.775,19,"-0.0526315789473684,tm_sc_23,0.210526315789474,H,0.157894736842105,N,0.578947368421053,O,0.0526315789473684,Sc",tm_sc
TAE-PTComp_1200_tm_sc_24,TAE-PTComp,0.151113096964118,94.8249,948.249,10,"-0.1,tm_sc_24,0.6,S,0.4,Sc",tm_sc
TAE-PTComp_1201_tm_sc_25,TAE-PTComp,0.178073877882693,111.743045454545,2458.347,22,"-0.0454545454545455,tm_sc_25,0.409090909090909,H,0.272727272727273,C,0.272727272727273,O,0.0454545454545455,Sc",tm_sc
TAE-PTComp_1202_tm_sc_26,TAE-PTComp,0.10534900703882,66.1075,1057.72,16,"-0.0625,tm_sc_26,0.75,O,0.1875,Cl,0.0625,Sc",tm_sc
TAE-PTComp_1203_tm_sc_27,TAE-PTComp,0.181595304777964,113.952774193548,3532.536,31,"-0.032258064516129,tm_sc_27,0.483870967741935,H,0.483870967741935,C,0.032258064516129,Sc",tm_sc
TAE-PTComp_1204_tm_sc_28,TAE-PTComp,0.181858210460301,114.11775,456.471,4,"-0.25,tm_sc_28,0.75,F,0.25,Sc",tm_sc
TAE-PTComp_1205_tm_sc_29,TAE-PTComp,0.189794498850658,119.097846153846,1548.272,13,"-0.0769230769230769,tm_sc_29,0.230769230769231,H,0.230769230769231,C,0.461538461538462,O,0.0769230769230769,Sc",tm_sc
TAE-PTComp_1206_tm_sc_30,TAE-PTComp,0.194168600475001,121.842636363636,2680.538,22,"-0.0454545454545455,tm_sc_30,0.136363636363636,H,0.272727272727273,C,0.545454545454545,O,0.0454545454545455,Sc",tm_sc
TAE-PTComp_1207_tm_sc_31,TAE-PTComp,0.10154440619118,63.7200769230769,828.361,13,"-0.0769230769230769,tm_sc_31,0.692307692307692,H,0.230769230769231,Si,0.0769230769230769,Sc",tm_sc
TAE-PTComp_1208_tm_sc_32,TAE-PTComp,0.129955749923091,81.5484642857143,2283.357,28,"-0.0357142857142857,tm_sc_32,0.428571428571429,H,0.428571428571429,S,0.142857142857143,Sc",tm_sc
TAE-PTComp_1209_tm_sc_33,TAE-PTComp,0.182268372291191,114.375130434783,2630.628,23,"-0.0434782608695652,tm_sc_33,0.434782608695652,H,0.0434782608695652,C_cation,0.391304347826087,C,0.0869565217391304,Cl,0.0434782608695652,Sc",tm_sc
TAE-PTComp_1210_tm_ti_1,TAE-PTComp,0.172996148598875,108.556722222222,3908.042,36,"-0.0277777777777778,tm_ti_1,0.527777777777778,H,0.0277777777777778,C_anion,0.416666666666667,C,0.0277777777777778,Ti",tm_ti
TAE-PTComp_1211_tm_ti_2,TAE-PTComp,0.124361468990591,78.038,468.228,6,"-0.166666666666667,tm_ti_2,0.166666666666667,Cl_anion,0.666666666666667,Cl,0.166666666666667,Ti",tm_ti
TAE-PTComp_1212_tm_ti_3,TAE-PTComp,0.0862002921641319,54.0915,324.549,6,"-0.166666666666667,tm_ti_3,0.166666666666667,H_anion,0.666666666666667,H,0.166666666666667,Ti",tm_ti
TAE-PTComp_1213_tm_ti_4,TAE-PTComp,0.152208154253182,95.5120588235294,1623.705,17,"-0.0588235294117647,tm_ti_4,0.470588235294118,H,0.411764705882353,O,0.117647058823529,Ti",tm_ti
TAE-PTComp_1214_tm_ti_5,TAE-PTComp,0.180482104972717,113.254230769231,1472.305,13,"-0.0769230769230769,tm_ti_5,0.307692307692308,H,0.461538461538462,C,0.153846153846154,N,0.0769230769230769,Ti",tm_ti
TAE-PTComp_1215_tm_ti_6,TAE-PTComp,0.188141454964987,118.060545454545,1298.666,11,"-0.0909090909090909,tm_ti_6,0.181818181818182,H,0.454545454545455,C,0.181818181818182,N,0.0909090909090909,O,0.0909090909090909,Ti",tm_ti
TAE-PTComp_1216_tm_ti_7,TAE-PTComp,0.133049186428068,83.489625,1335.834,16,"-0.0625,tm_ti_7,0.5,H,0.0625,B,0.125,C,0.0625,N,0.125,Cl,0.125,Ti",tm_ti
TAE-PTComp_1217_tm_ti_8,TAE-PTComp,0.130658850671667,81.9896666666667,983.876,12,"-0.0833333333333333,tm_ti_8,0.416666666666667,H,0.0833333333333333,B,0.166666666666667,C,0.0833333333333333,N,0.0833333333333333,S,0.0833333333333333,Cl,0.0833333333333333,Ti",tm_ti
TAE-PTComp_1218_tm_ti_9,TAE-PTComp,0.143794335260083,90.2323076923077,1173.02,13,"-0.0769230769230769,tm_ti_9,0.384615384615385,H,0.0769230769230769,B,0.153846153846154,C,0.0769230769230769,N,0.0769230769230769,S,0.0769230769230769,Cl,0.153846153846154,Ti",tm_ti
TAE-PTComp_1219_tm_ti_10,TAE-PTComp,0.135578630309962,85.076875,1361.23,16,"-0.0625,tm_ti_10,0.4375,H,0.0625,B,0.125,C,0.0625,N,0.125,S,0.0625,Cl,0.125,Ti",tm_ti
TAE-PTComp_1220_tm_ti_11,TAE-PTComp,0.166752999407304,104.639086956522,2406.699,23,"-0.0434782608695652,tm_ti_11,0.521739130434783,H,0.347826086956522,C,0.0869565217391304,N,0.0434782608695652,Ti",tm_ti
TAE-PTComp_1221_tm_ti_12,TAE-PTComp,0.148057525567586,92.9075,2043.965,22,"-0.0454545454545455,tm_ti_12,0.636363636363636,H,0.0454545454545455,B,0.227272727272727,C,0.0454545454545455,F,0.0454545454545455,Ti",tm_ti
TAE-PTComp_1222_tm_ti_13,TAE-PTComp,0.134923593719032,84.6658333333333,1015.99,12,"-0.0833333333333333,tm_ti_13,0.666666666666667,H,0.25,C,0.0833333333333333,Ti",tm_ti
TAE-PTComp_1223_tm_ti_14,TAE-PTComp,0.199055958774958,124.9095,999.276,8,"-0.125,tm_ti_14,0.25,O,0.5,F,0.25,Ti",tm_ti
TAE-PTComp_1224_tm_ti_15,TAE-PTComp,0.130407692445089,81.8320625,1309.313,16,"-0.0625,tm_ti_15,0.5,H,0.125,C,0.25,Cl,0.125,Ti",tm_ti
TAE-PTComp_1225_tm_ti_16,TAE-PTComp,0.146012934923093,91.6245,1282.743,14,"-0.0714285714285714,tm_ti_16,0.214285714285714,H,0.214285714285714,C,0.428571428571429,S,0.0714285714285714,Cl,0.0714285714285714,Ti",tm_ti
TAE-PTComp_1226_tm_ti_17,TAE-PTComp,0.124633064207034,78.2084285714286,1094.918,14,"-0.0714285714285714,tm_ti_17,0.142857142857143,H,0.142857142857143,S,0.571428571428571,Cl,0.142857142857143,Ti",tm_ti
TAE-PTComp_1227_tm_ti_18,TAE-PTComp,0.134549550463948,84.4311176470588,1435.329,17,"-0.0588235294117647,tm_ti_18,0.470588235294118,H,0.235294117647059,N,0.235294117647059,O,0.0588235294117647,Ti",tm_ti
TAE-PTComp_1228_tm_ti_19,TAE-PTComp,0.147290029408536,92.4258888888889,831.833,9,"-0.111111111111111,tm_ti_19,0.444444444444444,B,0.444444444444444,F,0.111111111111111,Ti",tm_ti
TAE-PTComp_1229_tm_ti_20,TAE-PTComp,0.11828219822628,74.2232,371.116,5,"-0.2,tm_ti_20,0.2,Ti,0.8,Br",tm_ti
TAE-PTComp_1230_tm_ti_21,TAE-PTComp,0.194176439706316,121.847555555556,1096.628,9,"-0.111111111111111,tm_ti_21,0.444444444444444,C,0.444444444444444,N,0.111111111111111,Ti",tm_ti
TAE-PTComp_1231_tm_ti_22,TAE-PTComp,0.16852508420596,105.751086956522,2432.275,23,"-0.0434782608695652,tm_ti_22,0.434782608695652,H,0.260869565217391,C,0.0869565217391304,N,0.173913043478261,O,0.0434782608695652,Ti",tm_ti
TAE-PTComp_1232_tm_ti_23,TAE-PTComp,0.157381994041036,98.7586923076923,1283.863,13,"-0.0769230769230769,tm_ti_23,0.923076923076923,N,0.0769230769230769,Ti",tm_ti
TAE-PTComp_1233_tm_ti_24,TAE-PTComp,0.158024528692482,99.1618888888889,892.457,9,"-0.111111111111111,tm_ti_24,0.444444444444444,H,0.444444444444444,O,0.111111111111111,Ti",tm_ti
TAE-PTComp_1234_tm_ti_25,TAE-PTComp,0.153602082340943,96.3867619047619,2024.122,21,"-0.0476190476190476,tm_ti_25,0.571428571428571,H,0.19047619047619,C,0.19047619047619,O,0.0476190476190476,Ti",tm_ti
TAE-PTComp_1235_tm_ti_26,TAE-PTComp,0.119121884530455,74.7501111111111,672.751,9,"-0.111111111111111,tm_ti_26,0.444444444444444,H,0.444444444444444,S,0.111111111111111,Ti",tm_ti
TAE-PTComp_1236_tm_ti_27,TAE-PTComp,0.187813047512356,117.854466666667,1767.817,15,"-0.0666666666666667,tm_ti_27,0.466666666666667,H,0.0666666666666667,C_cation,0.4,C,0.0666666666666667,Ti",tm_ti
TAE-PTComp_1237_tm_ti_28,TAE-PTComp,0.155264815726664,97.4301428571429,1364.022,14,"-0.0714285714285714,tm_ti_28,0.285714285714286,H,0.214285714285714,C,0.0714285714285714,O,0.0714285714285714,F,0.0714285714285714,P,0.0714285714285714,S_cation,0.0714285714285714,S,0.0714285714285714,Cl,0.0714285714285714,Ti",tm_ti
TAE-PTComp_1238_tm_ti_29,TAE-PTComp,0.174541306635951,109.526323529412,3723.895,34,"-0.0294117647058824,tm_ti_29,0.558823529411765,H,0.0294117647058824,C_cation,0.382352941176471,C,0.0294117647058824,Ti",tm_ti
TAE-PTComp_1239_tm_ti_30,TAE-PTComp,0.247046070868424,155.02375,620.095,4,"-0.25,tm_ti_30,0.25,F_cation,0.5,F,0.25,Ti",tm_ti
TAE-PTComp_1240_tm_ti_31,TAE-PTComp,0.176218056572132,110.5785,663.471,6,"-0.166666666666667,tm_ti_31,0.166666666666667,H,0.166666666666667,C_cation,0.166666666666667,O,0.166666666666667,F,0.166666666666667,Cl,0.166666666666667,Ti",tm_ti
TAE-PTComp_1241_tm_v_1,TAE-PTComp,0.1361738165429,85.45036,2136.259,25,"-0.04,tm_v_1,0.72,H,0.04,C_anion,0.2,C,0.04,V",tm_v
TAE-PTComp_1242_tm_v_2,TAE-PTComp,0.180488261024424,113.25809375,3624.259,32,"-0.03125,tm_v_2,0.46875,H,0.5,C,0.03125,V",tm_v
TAE-PTComp_1243_tm_v_3,TAE-PTComp,0.183147741360772,114.926942857143,4022.443,35,"-0.0285714285714286,tm_v_3,0.4,H,0.428571428571429,C,0.0285714285714286,N,0.0857142857142857,O,0.0285714285714286,S,0.0285714285714286,V",tm_v
TAE-PTComp_1244_tm_v_4,TAE-PTComp,0.175432233996549,110.085388888889,3963.074,36,"-0.0277777777777778,tm_v_4,0.277777777777778,H,0.388888888888889,C,0.166666666666667,F,0.111111111111111,S,0.0555555555555556,V",tm_v
TAE-PTComp_1245_tm_v_5,TAE-PTComp,0.169932557007038,106.634289473684,4052.103,38,"-0.0263157894736842,tm_v_5,0.473684210526316,H,0.315789473684211,C,0.157894736842105,N,0.0526315789473684,V",tm_v
TAE-PTComp_1246_tm_v_6,TAE-PTComp,0.15340018821595,96.2600714285714,1347.641,14,"-0.0714285714285714,tm_v_6,0.428571428571429,H,0.142857142857143,C,0.0714285714285714,N,0.285714285714286,O,0.0714285714285714,V",tm_v
TAE-PTComp_1247_tm_v_7,TAE-PTComp,0.131523838215637,82.5324545454545,907.857,11,"-0.0909090909090909,tm_v_7,0.545454545454545,H,0.0909090909090909,B,0.0909090909090909,C,0.0909090909090909,N,0.0909090909090909,Cl,0.0909090909090909,V",tm_v
TAE-PTComp_1248_tm_v_8,TAE-PTComp,0.169731401520306,106.5080625,3408.258,32,"-0.03125,tm_v_8,0.5,H,0.375,C,0.09375,N,0.03125,V",tm_v
TAE-PTComp_1249_tm_v_9,TAE-PTComp,0.139712100438902,87.6706666666667,1841.084,21,"-0.0476190476190476,tm_v_9,0.619047619047619,H,0.142857142857143,C,0.19047619047619,N,0.0476190476190476,V",tm_v
TAE-PTComp_1250_tm_v_10,TAE-PTComp,0.149499137268112,93.812125,750.497,8,"-0.125,tm_v_10,0.125,H,0.125,C,0.125,N,0.125,O,0.375,Cl,0.125,V",tm_v
TAE-PTComp_1251_tm_v_11,TAE-PTComp,0.132755465763092,83.3053125,1332.885,16,"-0.0625,tm_v_11,0.375,H,0.125,C,0.125,S,0.25,Cl,0.125,V",tm_v
TAE-PTComp_1252_tm_v_12,TAE-PTComp,0.167647116409234,105.200153846154,1367.602,13,"-0.0769230769230769,tm_v_12,0.307692307692308,H,0.538461538461538,O,0.153846153846154,V",tm_v
TAE-PTComp_1253_tm_v_13,TAE-PTComp,0.126392071355797,79.3122222222222,713.81,9,"-0.111111111111111,tm_v_13,0.333333333333333,H,0.111111111111111,N,0.111111111111111,Si,0.333333333333333,Cl,0.111111111111111,V",tm_v
TAE-PTComp_1254_tm_v_14,TAE-PTComp,0.155586154073696,97.6317857142857,2733.69,28,"-0.0357142857142857,tm_v_14,0.428571428571429,H,0.214285714285714,C,0.214285714285714,O,0.107142857142857,P,0.0357142857142857,V",tm_v
TAE-PTComp_1255_tm_v_15,TAE-PTComp,0.172836618198548,108.456615384615,1409.936,13,"-0.0769230769230769,tm_v_15,0.384615384615385,B,0.0769230769230769,N,0.0769230769230769,O,0.384615384615385,F,0.0769230769230769,V",tm_v
TAE-PTComp_1256_tm_v_16,TAE-PTComp,0.202881889364918,127.310307692308,1655.034,13,"-0.0769230769230769,tm_v_16,0.384615384615385,C,0.461538461538462,O,0.0769230769230769,P,0.0769230769230769,V",tm_v
TAE-PTComp_1257_tm_v_17,TAE-PTComp,0.151848703387733,95.2865,571.719,6,"-0.166666666666667,tm_v_17,0.833333333333333,F,0.166666666666667,V",tm_v
TAE-PTComp_1258_tm_v_18,TAE-PTComp,0.0710852481283513,44.6066666666667,267.64,6,"-0.166666666666667,tm_v_18,0.833333333333333,H,0.166666666666667,V",tm_v
TAE-PTComp_1259_tm_v_19,TAE-PTComp,0.191252326887985,120.012647058824,4080.43,34,"-0.0294117647058824,tm_v_19,0.264705882352941,H,0.441176470588235,C,0.264705882352941,O,0.0294117647058824,V",tm_v
TAE-PTComp_1260_tm_v_20,TAE-PTComp,0.180092523502711,113.009764705882,1921.166,17,"-0.0588235294117647,tm_v_20,0.470588235294118,H,0.0588235294117647,C_cation,0.411764705882353,C,0.0588235294117647,V",tm_v
TAE-PTComp_1261_tm_v_21,TAE-PTComp,0.178478580211425,111.997,3359.91,30,"-0.0333333333333333,tm_v_21,0.466666666666667,H,0.0333333333333333,C_cation,0.3,C,0.166666666666667,O,0.0333333333333333,V",tm_v
TAE-PTComp_1262_tm_v_22,TAE-PTComp,0.188358909124796,118.197,1063.773,9,"-0.111111111111111,tm_v_22,0.111111111111111,C_cation,0.333333333333333,C,0.444444444444444,N,0.111111111111111,V",tm_v
TAE-PTComp_1263_tm_v_23,TAE-PTComp,0.180167104865133,113.056565217391,2600.301,23,"-0.0434782608695652,tm_v_23,0.434782608695652,H,0.0434782608695652,C_cation,0.391304347826087,C,0.0434782608695652,V,0.0869565217391304,Br",tm_v
TAE-PTComp_1264_tm_v_24,TAE-PTComp,0.192789785122036,120.977416666667,2903.458,24,"-0.0416666666666667,tm_v_24,0.25,H,0.416666666666667,C,0.208333333333333,O,0.0416666666666667,S_cation,0.0416666666666667,S,0.0416666666666667,V",tm_v
TAE-PTComp_1265_tm_v_25,TAE-PTComp,0.150163039164337,94.2287297297297,3486.463,37,"-0.027027027027027,tm_v_25,0.648648648648649,H,0.027027027027027,C_cation,0.189189189189189,C,0.108108108108108,N,0.027027027027027,V",tm_v
TAE-PTComp_1266_tm_v_26,TAE-PTComp,0.159075632787385,99.8214666666667,1497.322,15,"-0.0666666666666667,tm_v_26,0.466666666666667,H,0.4,O,0.0666666666666667,V",tm_v
TAE-PTComp_1267_tm_v_27,TAE-PTComp,0.203912291408648,127.956894736842,4862.362,38,"-0.0263157894736842,tm_v_27,0.315789473684211,H,0.0263157894736842,C_cation,0.5,C,0.105263157894737,N,0.0263157894736842,O,0.0263157894736842,V",tm_v
TAE-PTComp_1268_tm_cr_1,TAE-PTComp,0.17743407839958,111.341565217391,2560.856,23,"-0.0434782608695652,tm_cr_1,0.478260869565217,H,0.0434782608695652,C_anion,0.434782608695652,C,0.0434782608695652,Cr",tm_cr
TAE-PTComp_1269_tm_cr_2,TAE-PTComp,0.185893607700766,116.65,2099.7,18,"-0.0555555555555556,tm_cr_2,0.277777777777778,H,0.388888888888889,C,0.0555555555555556,O_anion,0.222222222222222,O,0.0555555555555556,Cr",tm_cr
TAE-PTComp_1270_tm_cr_3,TAE-PTComp,0.203038141110273,127.408357142857,1783.717,14,"-0.0714285714285714,tm_cr_3,0.0714285714285714,H,0.428571428571429,C,0.0714285714285714,O_anion,0.357142857142857,O,0.0714285714285714,Cr",tm_cr
TAE-PTComp_1271_tm_cr_4,TAE-PTComp,0.157928406701006,99.1015714285714,2774.844,28,"-0.0357142857142857,tm_cr_4,0.321428571428571,H,0.107142857142857,C,0.392857142857143,O,0.107142857142857,P,0.0357142857142857,S,0.0357142857142857,Cr",tm_cr
TAE-PTComp_1272_tm_cr_5,TAE-PTComp,0.198068867557198,124.290090909091,2734.382,22,"-0.0454545454545455,tm_cr_5,0.363636363636364,C,0.0909090909090909,N,0.454545454545455,O,0.0909090909090909,Cr",tm_cr
TAE-PTComp_1273_tm_cr_6,TAE-PTComp,0.151677529807225,95.1790869565217,2189.119,23,"-0.0434782608695652,tm_cr_6,0.521739130434783,H,0.217391304347826,C,0.173913043478261,N,0.0434782608695652,O,0.0434782608695652,Cr",tm_cr
TAE-PTComp_1274_tm_cr_7,TAE-PTComp,0.157120496303592,98.5946,2464.865,25,"-0.04,tm_cr_7,0.48,H,0.24,B,0.24,N,0.04,Cr",tm_cr
TAE-PTComp_1275_tm_cr_8,TAE-PTComp,0.174213367255943,109.320538461538,1421.167,13,"-0.0769230769230769,tm_cr_8,0.461538461538462,B,0.461538461538462,F,0.0769230769230769,Cr",tm_cr
TAE-PTComp_1276_tm_cr_9,TAE-PTComp,0.164788647461284,103.4064375,1654.503,16,"-0.0625,tm_cr_9,0.375,H,0.375,C,0.1875,O,0.0625,Cr",tm_cr
TAE-PTComp_1277_tm_cr_10,TAE-PTComp,0.191822663141871,120.370538461538,1564.817,13,"-0.0769230769230769,tm_cr_10,0.153846153846154,H,0.384615384615385,C,0.384615384615385,O,0.0769230769230769,Cr",tm_cr
TAE-PTComp_1278_tm_cr_11,TAE-PTComp,0.161090304586425,101.085692307692,1314.114,13,"-0.0769230769230769,tm_cr_11,0.461538461538462,C,0.461538461538462,S,0.0769230769230769,Cr",tm_cr
TAE-PTComp_1279_tm_cr_12,TAE-PTComp,0.19654862611301,123.336125,3946.756,32,"-0.03125,tm_cr_12,0.25,H,0.5,C,0.1875,O,0.0625,Cr",tm_cr
TAE-PTComp_1280_tm_cr_13,TAE-PTComp,0.138513381952093,86.9184594594595,3215.983,37,"-0.027027027027027,tm_cr_13,0.648648648648649,H,0.216216216216216,C,0.108108108108108,Si,0.027027027027027,Cr",tm_cr
TAE-PTComp_1281_tm_cr_14,TAE-PTComp,0.189706232740261,119.042458333333,2857.019,24,"-0.0416666666666667,tm_cr_14,0.125,H,0.375,C,0.0416666666666667,N,0.333333333333333,O,0.0416666666666667,S,0.0833333333333333,Cr",tm_cr
TAE-PTComp_1282_tm_cr_15,TAE-PTComp,0.141109243376731,88.5473870967742,2744.969,31,"-0.032258064516129,tm_cr_15,0.612903225806452,H,0.258064516129032,C,0.032258064516129,O,0.032258064516129,P,0.032258064516129,S,0.032258064516129,Cr",tm_cr
TAE-PTComp_1283_tm_cr_16,TAE-PTComp,0.185937431740301,116.6775,4200.39,36,"-0.0277777777777778,tm_cr_16,0.416666666666667,H,0.0277777777777778,C_cation,0.416666666666667,C,0.0555555555555556,N,0.0555555555555556,O,0.0277777777777778,Cr",tm_cr
TAE-PTComp_1284_tm_cr_17,TAE-PTComp,0.190208044552962,119.35735,4774.294,40,"-0.025,tm_cr_17,0.3,H,0.45,C,0.025,N,0.15,O,0.025,Si_cation,0.05,Cr",tm_cr
TAE-PTComp_1285_tm_mn_1,TAE-PTComp,0.153641694719535,96.411619047619,2024.644,21,"-0.0476190476190476,tm_mn_1,0.476190476190476,H,0.19047619047619,B,0.0476190476190476,C_anion,0.0476190476190476,C,0.19047619047619,N,0.0476190476190476,Mn",tm_mn
TAE-PTComp_1286_tm_mn_2,TAE-PTComp,0.174582983554221,109.552476190476,2300.602,21,"-0.0476190476190476,tm_mn_2,0.476190476190476,H,0.0476190476190476,C_anion,0.428571428571429,C,0.0476190476190476,Mn",tm_mn
TAE-PTComp_1287_tm_mn_3,TAE-PTComp,0.184463483210604,115.752583333333,2778.062,24,"-0.0416666666666667,tm_mn_3,0.125,H,0.375,C,0.125,N,0.25,O,0.0416666666666667,S,0.0833333333333333,Mn",tm_mn
TAE-PTComp_1288_tm_mn_4,TAE-PTComp,0.187320611388113,117.545458333333,2821.091,24,"-0.0416666666666667,tm_mn_4,0.125,H,0.375,C,0.125,N,0.291666666666667,O,0.0833333333333333,Mn",tm_mn
TAE-PTComp_1289_tm_mn_5,TAE-PTComp,0.175673670938166,110.236892857143,3086.633,28,"-0.0357142857142857,tm_mn_5,0.285714285714286,H,0.357142857142857,C,0.214285714285714,O,0.0714285714285714,P,0.0714285714285714,Mn",tm_mn
TAE-PTComp_1290_tm_mn_6,TAE-PTComp,0.182537128939442,114.543777777778,2061.788,18,"-0.0555555555555556,tm_mn_6,0.277777777777778,H,0.388888888888889,C,0.277777777777778,O,0.0555555555555556,Mn",tm_mn
TAE-PTComp_1291_tm_mn_7,TAE-PTComp,0.181517771316816,113.904121212121,3758.836,33,"-0.0303030303030303,tm_mn_7,0.363636363636364,H,0.454545454545455,C,0.121212121212121,O,0.0606060606060606,Mn",tm_mn
TAE-PTComp_1292_tm_mn_8,TAE-PTComp,0.183608165929903,115.215863636364,2534.749,22,"-0.0454545454545455,tm_mn_8,0.318181818181818,H,0.454545454545455,C,0.181818181818182,O,0.0454545454545455,Mn",tm_mn
TAE-PTComp_1293_tm_mn_9,TAE-PTComp,0.1809268552622,113.533315789474,2157.133,19,"-0.0526315789473684,tm_mn_9,0.368421052631579,H,0.473684210526316,C,0.105263157894737,O,0.0526315789473684,Mn",tm_mn
TAE-PTComp_1294_tm_mn_10,TAE-PTComp,0.192438449125084,120.75695,2415.139,20,"-0.05,tm_mn_10,0.4,C,0.4,O,0.1,Mn,0.1,I",tm_mn
TAE-PTComp_1295_tm_mn_11,TAE-PTComp,0.169721305693016,106.501727272727,2343.038,22,"-0.0454545454545455,tm_mn_11,0.454545454545455,B,0.454545454545455,F,0.0909090909090909,Mn",tm_mn
TAE-PTComp_1296_tm_mn_12,TAE-PTComp,0.159573951956935,100.134166666667,1802.415,18,"-0.0555555555555556,tm_mn_12,0.333333333333333,H,0.277777777777778,C,0.277777777777778,O,0.0555555555555556,P,0.0555555555555556,Mn",tm_mn
TAE-PTComp_1297_tm_mn_13,TAE-PTComp,0.133578859705903,83.822,1676.44,20,"-0.05,tm_mn_13,0.5,H,0.15,C,0.15,O,0.15,P,0.05,Mn",tm_mn
TAE-PTComp_1298_tm_mn_14,TAE-PTComp,0.19691336164205,123.565,1482.78,12,"-0.0833333333333333,tm_mn_14,0.416666666666667,C,0.416666666666667,O,0.0833333333333333,Mn,0.0833333333333333,Br",tm_mn
TAE-PTComp_1299_tm_mn_15,TAE-PTComp,0.197824636064141,124.136833333333,1489.642,12,"-0.0833333333333333,tm_mn_15,0.416666666666667,C,0.416666666666667,O,0.0833333333333333,Cl,0.0833333333333333,Mn",tm_mn
TAE-PTComp_1300_tm_mn_16,TAE-PTComp,0.169740226088267,106.5136,2130.272,20,"-0.05,tm_mn_16,0.3,H,0.35,C,0.1,O,0.05,Si,0.15,Cl,0.05,Mn",tm_mn
TAE-PTComp_1301_tm_mn_17,TAE-PTComp,0.178580349369901,112.060861111111,4034.191,36,"-0.0277777777777778,tm_mn_17,0.416666666666667,H,0.444444444444444,C,0.0555555555555556,N,0.0555555555555556,O,0.0277777777777778,Mn",tm_mn
TAE-PTComp_1302_tm_mn_18,TAE-PTComp,0.144883194088532,90.9155769230769,2363.805,26,"-0.0384615384615385,tm_mn_18,0.538461538461538,H,0.230769230769231,C,0.0384615384615385,N,0.0769230769230769,O,0.0769230769230769,P,0.0384615384615385,Mn",tm_mn
TAE-PTComp_1303_tm_mn_19,TAE-PTComp,0.20258803148863,127.125909090909,1398.385,11,"-0.0909090909090909,tm_mn_19,0.0909090909090909,C_cation,0.181818181818182,C,0.363636363636364,N,0.272727272727273,O,0.0909090909090909,Mn",tm_mn
TAE-PTComp_1304_tm_mn_20,TAE-PTComp,0.169366367190996,106.279,1381.627,13,"-0.0769230769230769,tm_mn_20,0.461538461538462,C,0.0769230769230769,S_cation,0.384615384615385,S,0.0769230769230769,Mn",tm_mn
TAE-PTComp_1305_tm_mn_21,TAE-PTComp,0.128491000267977,80.62932,2015.733,25,"-0.04,tm_mn_21,0.68,H,0.24,N,0.04,Mn",tm_mn
TAE-PTComp_1306_tm_mn_22,TAE-PTComp,0.146664486581847,92.0333548387097,2853.034,31,"-0.032258064516129,tm_mn_22,0.612903225806452,H,0.258064516129032,C,0.032258064516129,O,0.032258064516129,P,0.032258064516129,S_cation,0.032258064516129,Mn",tm_mn
TAE-PTComp_1307_tm_fe_1,TAE-PTComp,0.175707881007886,110.25836,2756.459,25,"-0.04,tm_fe_1,0.36,H,0.36,C,0.04,O_anion,0.2,O,0.04,Fe",tm_fe
TAE-PTComp_1308_tm_fe_2,TAE-PTComp,0.114901237933127,72.1016153846154,937.321,13,"-0.0769230769230769,tm_fe_2,0.384615384615385,H,0.0769230769230769,B,0.0769230769230769,C,0.0769230769230769,F_anion,0.153846153846154,F,0.153846153846154,S,0.0769230769230769,Fe",tm_fe
TAE-PTComp_1309_tm_fe_3,TAE-PTComp,0.159304199966214,99.9648947368421,1899.333,19,"-0.0526315789473684,tm_fe_3,0.473684210526316,H,0.368421052631579,C,0.0526315789473684,Si_anion,0.0526315789473684,Si,0.0526315789473684,Fe",tm_fe
TAE-PTComp_1310_tm_fe_4,TAE-PTComp,0.16577194602835,104.023466666667,3120.704,30,"-0.0333333333333333,tm_fe_4,0.4,H,0.4,C,0.133333333333333,Cl,0.0666666666666667,Fe",tm_fe
TAE-PTComp_1311_tm_fe_5,TAE-PTComp,0.195444379836833,122.6432,3679.296,30,"-0.0333333333333333,tm_fe_5,0.266666666666667,H,0.5,C,0.166666666666667,O,0.0666666666666667,Fe",tm_fe
TAE-PTComp_1312_tm_fe_6,TAE-PTComp,0.174921806675469,109.765090909091,1207.416,11,"-0.0909090909090909,tm_fe_6,0.454545454545455,B,0.454545454545455,F,0.0909090909090909,Fe",tm_fe
TAE-PTComp_1313_tm_fe_7,TAE-PTComp,0.172603721640933,108.310470588235,1841.278,17,"-0.0588235294117647,tm_fe_7,0.352941176470588,H,0.352941176470588,C,0.176470588235294,O,0.0588235294117647,Si,0.0588235294117647,Fe",tm_fe
TAE-PTComp_1314_tm_fe_8,TAE-PTComp,0.202319871828533,126.957636363636,1396.534,11,"-0.0909090909090909,tm_fe_8,0.363636363636364,C,0.181818181818182,N,0.363636363636364,O,0.0909090909090909,Fe",tm_fe
TAE-PTComp_1315_tm_fe_9,TAE-PTComp,0.190605137221781,119.606529411765,2033.311,17,"-0.0588235294117647,tm_fe_9,0.294117647058824,H,0.470588235294118,C,0.0588235294117647,N,0.117647058823529,O,0.0588235294117647,Fe",tm_fe
TAE-PTComp_1316_tm_fe_10,TAE-PTComp,0.159893420754229,100.334636363636,1103.681,11,"-0.0909090909090909,tm_fe_10,0.454545454545455,C,0.454545454545455,S,0.0909090909090909,Fe",tm_fe
TAE-PTComp_1317_tm_fe_11,TAE-PTComp,0.146355801736753,91.839652173913,2112.312,23,"-0.0434782608695652,tm_fe_11,0.478260869565217,H,0.0434782608695652,B,0.217391304347826,C,0.0434782608695652,N,0.0869565217391304,O,0.0434782608695652,F,0.0434782608695652,S,0.0434782608695652,Fe",tm_fe
TAE-PTComp_1318_tm_fe_12,TAE-PTComp,0.173487210824335,108.864868421053,4136.865,38,"-0.0263157894736842,tm_fe_12,0.447368421052632,H,0.421052631578947,C,0.0263157894736842,N,0.0263157894736842,O,0.0526315789473684,P,0.0263157894736842,Fe",tm_fe
TAE-PTComp_1319_tm_fe_13,TAE-PTComp,0.151708132318984,95.1982903225806,2951.147,31,"-0.032258064516129,tm_fe_13,0.516129032258065,H,0.258064516129032,C,0.0645161290322581,N,0.0645161290322581,O,0.0645161290322581,P,0.032258064516129,Fe",tm_fe
TAE-PTComp_1320_tm_fe_14,TAE-PTComp,0.16321645580466,102.419872340426,4813.734,47,"-0.0212765957446809,tm_fe_14,0.574468085106383,H,0.382978723404255,C,0.0212765957446809,Cl,0.0212765957446809,Fe",tm_fe
TAE-PTComp_1321_tm_fe_15,TAE-PTComp,0.109639293900534,68.7996956521739,1582.393,23,"-0.0434782608695652,tm_fe_15,0.695652173913043,H,0.0434782608695652,C,0.0434782608695652,O,0.173913043478261,P,0.0434782608695652,Fe",tm_fe
TAE-PTComp_1322_tm_fe_16,TAE-PTComp,0.16282569569044,102.174666666667,3065.24,30,"-0.0333333333333333,tm_fe_16,0.5,H,0.333333333333333,C,0.0666666666666667,N,0.0333333333333333,O,0.0333333333333333,P,0.0333333333333333,Fe",tm_fe
TAE-PTComp_1323_tm_fe_17,TAE-PTComp,0.183109585989208,114.903,3676.896,32,"-0.03125,tm_fe_17,0.34375,H,0.4375,C,0.125,O,0.03125,P,0.0625,Fe",tm_fe
TAE-PTComp_1324_tm_fe_18,TAE-PTComp,0.146516034896957,91.9402,2298.505,25,"-0.04,tm_fe_18,0.4,H,0.16,C,0.16,N,0.24,O,0.04,Fe",tm_fe
TAE-PTComp_1325_tm_fe_19,TAE-PTComp,0.188141488768654,118.060566666667,3541.817,30,"-0.0333333333333333,tm_fe_19,0.333333333333333,H,0.466666666666667,C,0.133333333333333,O,0.0666666666666667,Fe",tm_fe
TAE-PTComp_1326_tm_fe_20,TAE-PTComp,0.163159687991746,102.38425,2866.759,28,"-0.0357142857142857,tm_fe_20,0.571428571428571,H,0.392857142857143,C,0.0357142857142857,Fe",tm_fe
TAE-PTComp_1327_tm_fe_21,TAE-PTComp,0.182109982165693,114.275739130435,2628.342,23,"-0.0434782608695652,tm_fe_21,0.260869565217391,H,0.391304347826087,C,0.260869565217391,O,0.0869565217391304,Fe",tm_fe
TAE-PTComp_1328_tm_fe_22,TAE-PTComp,0.18066173450092,113.36695,2267.339,20,"-0.05,tm_fe_22,0.4,H,0.5,C,0.05,S,0.05,Fe",tm_fe
TAE-PTComp_1329_tm_fe_23,TAE-PTComp,0.188175367811391,118.081826086957,2715.882,23,"-0.0434782608695652,tm_fe_23,0.478260869565217,H,0.0434782608695652,C_cation,0.434782608695652,C,0.0434782608695652,Fe",tm_fe
TAE-PTComp_1330_tm_fe_24,TAE-PTComp,0.182181965079643,114.320909090909,2515.06,22,"-0.0454545454545455,tm_fe_24,0.5,H,0.0454545454545455,C_cation,0.409090909090909,C,0.0454545454545455,Fe",tm_fe
TAE-PTComp_1331_tm_fe_25,TAE-PTComp,0.149814368339589,94.009935483871,2914.308,31,"-0.032258064516129,tm_fe_25,0.612903225806452,H,0.258064516129032,C,0.032258064516129,N,0.032258064516129,P,0.032258064516129,S_cation,0.032258064516129,Fe",tm_fe
TAE-PTComp_1332_tm_fe_26,TAE-PTComp,0.17617311701159,110.5503,2211.006,20,"-0.05,tm_fe_26,0.45,H,0.4,C,0.05,N,0.05,P_cation,0.05,Fe",tm_fe
TAE-PTComp_1333_tm_co_1,TAE-PTComp,0.175600426111499,110.190931034483,3195.537,29,"-0.0344827586206897,tm_co_1,0.413793103448276,H,0.0344827586206897,C_anion,0.379310344827586,C,0.137931034482759,N,0.0344827586206897,Co",tm_co
TAE-PTComp_1334_tm_co_2,TAE-PTComp,0.171534599326341,107.639586206897,3121.548,29,"-0.0344827586206897,tm_co_2,0.517241379310345,H,0.0689655172413793,B,0.379310344827586,C,0.0344827586206897,Co",tm_co
TAE-PTComp_1335_tm_co_3,TAE-PTComp,0.145258876871404,91.1513214285714,2552.237,28,"-0.0357142857142857,tm_co_3,0.571428571428571,H,0.285714285714286,C,0.0714285714285714,Cl,0.0714285714285714,Co",tm_co
TAE-PTComp_1336_tm_co_4,TAE-PTComp,0.178787738890327,112.191,1907.247,17,"-0.0588235294117647,tm_co_4,0.352941176470588,H,0.411764705882353,C,0.0588235294117647,N,0.117647058823529,O,0.0588235294117647,Co",tm_co
TAE-PTComp_1337_tm_co_5,TAE-PTComp,0.163185663695179,102.40055,2048.011,20,"-0.05,tm_co_5,0.5,H,0.4,C,0.05,Co,0.05,I",tm_co
TAE-PTComp_1338_tm_co_6,TAE-PTComp,0.196172668973847,123.100208333333,2954.405,24,"-0.0416666666666667,tm_co_6,0.25,H,0.5,C,0.166666666666667,O,0.0833333333333333,Co",tm_co
TAE-PTComp_1339_tm_co_7,TAE-PTComp,0.164896682912593,103.474230769231,2690.33,26,"-0.0384615384615385,tm_co_7,0.384615384615385,H,0.384615384615385,C,0.0769230769230769,S,0.0769230769230769,Cl,0.0769230769230769,Co",tm_co
TAE-PTComp_1340_tm_co_8,TAE-PTComp,0.140734999398057,88.3125454545455,971.438,11,"-0.0909090909090909,tm_co_8,0.454545454545455,H,0.0909090909090909,B,0.181818181818182,C,0.0909090909090909,N,0.0909090909090909,O,0.0909090909090909,Co",tm_co
TAE-PTComp_1341_tm_co_9,TAE-PTComp,0.105642881631207,66.2919090909091,729.211,11,"-0.0909090909090909,tm_co_9,0.545454545454545,H,0.181818181818182,C,0.0909090909090909,P,0.0909090909090909,S,0.0909090909090909,Co",tm_co
TAE-PTComp_1342_tm_co_10,TAE-PTComp,0.122134012581129,76.64025,919.683,12,"-0.0833333333333333,tm_co_10,0.5,H,0.0833333333333333,C,0.0833333333333333,O,0.166666666666667,P,0.0833333333333333,Cl,0.0833333333333333,Co",tm_co
TAE-PTComp_1343_tm_co_11,TAE-PTComp,0.183565356000373,115.189,1382.268,12,"-0.0833333333333333,tm_co_11,0.333333333333333,C,0.333333333333333,O,0.166666666666667,Cl,0.166666666666667,Co",tm_co
TAE-PTComp_1344_tm_co_12,TAE-PTComp,0.160528682664383,100.733269230769,2619.065,26,"-0.0384615384615385,tm_co_12,0.384615384615385,H,0.153846153846154,C,0.0769230769230769,N,0.307692307692308,O,0.0769230769230769,Co",tm_co
TAE-PTComp_1345_tm_co_13,TAE-PTComp,0.166745442343815,104.634344827586,3034.396,29,"-0.0344827586206897,tm_co_13,0.517241379310345,H,0.379310344827586,C,0.0689655172413793,O,0.0344827586206897,Co",tm_co
TAE-PTComp_1346_tm_co_14,TAE-PTComp,0.159874080227691,100.3225,2407.74,24,"-0.0416666666666667,tm_co_14,0.375,H,0.291666666666667,C,0.166666666666667,N,0.0416666666666667,O,0.0416666666666667,Co,0.0833333333333333,I",tm_co
TAE-PTComp_1347_tm_co_15,TAE-PTComp,0.187622870886598,117.735129032258,3649.789,31,"-0.032258064516129,tm_co_15,0.419354838709677,H,0.548387096774194,C,0.032258064516129,Co",tm_co
TAE-PTComp_1348_tm_co_16,TAE-PTComp,0.17926147313588,112.488272727273,1237.371,11,"-0.0909090909090909,tm_co_16,0.0909090909090909,B_cation,0.363636363636364,B,0.454545454545455,F,0.0909090909090909,Co",tm_co
TAE-PTComp_1349_tm_co_17,TAE-PTComp,0.171843113570806,107.833181818182,1186.165,11,"-0.0909090909090909,tm_co_17,0.454545454545455,C,0.0909090909090909,S_cation,0.363636363636364,S,0.0909090909090909,Co",tm_co
TAE-PTComp_1350_tm_co_18,TAE-PTComp,0.129960428281597,81.5514,1223.271,15,"-0.0666666666666667,tm_co_18,0.533333333333333,H,0.266666666666667,O,0.0666666666666667,Co,0.0666666666666667,Br_cation,0.0666666666666667,Br",tm_co
TAE-PTComp_1351_tm_co_19,TAE-PTComp,0.135258934989976,84.8762631578947,1612.649,19,"-0.0526315789473684,tm_co_19,0.631578947368421,H,0.210526315789474,N,0.0526315789473684,Cl_cation,0.0526315789473684,Cl,0.0526315789473684,Co",tm_co
TAE-PTComp_1352_tm_co_20,TAE-PTComp,0.112839863396569,70.8080833333333,849.697,12,"-0.0833333333333333,tm_co_20,0.75,H,0.0833333333333333,B_cation,0.0833333333333333,C,0.0833333333333333,Co",tm_co
TAE-PTComp_1353_tm_co_21,TAE-PTComp,0.153686986390109,96.44004,2411.001,25,"-0.04,tm_co_21,0.4,H,0.04,C_cation,0.12,C,0.16,N,0.24,O,0.04,Co",tm_co
TAE-PTComp_1354_tm_ni_1,TAE-PTComp,0.126886796068772,79.6226666666667,955.472,12,"-0.0833333333333333,tm_ni_1,0.583333333333333,H,0.0833333333333333,B,0.166666666666667,C,0.0833333333333333,F_anion,0.0833333333333333,Ni",tm_ni
TAE-PTComp_1355_tm_ni_2,TAE-PTComp,0.117484209550024,73.7224545454545,1621.894,22,"-0.0454545454545455,tm_ni_2,0.5,H,0.0454545454545455,B,0.0909090909090909,C,0.0454545454545455,F_anion,0.0909090909090909,F,0.0909090909090909,P,0.0454545454545455,S,0.0909090909090909,Ni",tm_ni
TAE-PTComp_1356_tm_ni_3,TAE-PTComp,0.0795980014079873,49.9485,199.794,4,"-0.25,tm_ni_3,0.25,H_anion,0.5,H,0.25,Ni",tm_ni
TAE-PTComp_1357_tm_ni_4,TAE-PTComp,0.132088964946435,82.8870769230769,1077.532,13,"-0.0769230769230769,tm_ni_4,0.692307692307692,H,0.0769230769230769,C_anion,0.153846153846154,C,0.0769230769230769,Ni",tm_ni
TAE-PTComp_1358_tm_ni_5,TAE-PTComp,0.153134411653495,96.0932941176471,1633.586,17,"-0.0588235294117647,tm_ni_5,0.470588235294118,H,0.235294117647059,B,0.235294117647059,N,0.0588235294117647,Ni",tm_ni
TAE-PTComp_1359_tm_ni_6,TAE-PTComp,0.149852806120501,94.0340555555556,1692.613,18,"-0.0555555555555556,tm_ni_6,0.333333333333333,H,0.222222222222222,C,0.222222222222222,N,0.111111111111111,Ni,0.111111111111111,Br",tm_ni
TAE-PTComp_1360_tm_ni_7,TAE-PTComp,0.189742619973087,119.065291666667,2857.567,24,"-0.0416666666666667,tm_ni_7,0.25,H,0.0833333333333333,B,0.416666666666667,C,0.166666666666667,O,0.0833333333333333,Ni",tm_ni
TAE-PTComp_1361_tm_ni_8,TAE-PTComp,0.12589491197396,79.00025,1580.005,20,"-0.05,tm_ni_8,0.55,H,0.05,B,0.1,C,0.15,F,0.05,P,0.1,Ni",tm_ni
TAE-PTComp_1362_tm_ni_9,TAE-PTComp,0.141738577147054,88.9423,889.423,10,"-0.1,tm_ni_9,0.3,H,0.3,C,0.2,S,0.1,Cl,0.1,Ni",tm_ni
TAE-PTComp_1363_tm_ni_10,TAE-PTComp,0.176162394350488,110.543571428571,2321.415,21,"-0.0476190476190476,tm_ni_10,0.476190476190476,H,0.476190476190476,C,0.0476190476190476,Ni",tm_ni
TAE-PTComp_1364_tm_ni_11,TAE-PTComp,0.154408824097302,96.893,2325.432,24,"-0.0416666666666667,tm_ni_11,0.541666666666667,H,0.291666666666667,C,0.0833333333333333,O,0.0416666666666667,P,0.0416666666666667,Ni",tm_ni
TAE-PTComp_1365_tm_ni_12,TAE-PTComp,0.16450620152648,103.2292,2064.584,20,"-0.05,tm_ni_12,0.5,H,0.35,C,0.1,O,0.05,Ni",tm_ni
TAE-PTComp_1366_tm_ni_13,TAE-PTComp,0.168440429803954,105.697965517241,3065.241,29,"-0.0344827586206897,tm_ni_13,0.482758620689655,H,0.344827586206897,C,0.137931034482759,O,0.0344827586206897,Ni",tm_ni
TAE-PTComp_1367_tm_ni_14,TAE-PTComp,0.156527751561798,98.2226470588235,1669.785,17,"-0.0588235294117647,tm_ni_14,0.588235294117647,H,0.352941176470588,C,0.0588235294117647,Ni",tm_ni
TAE-PTComp_1368_tm_ni_15,TAE-PTComp,0.168726270613544,105.877333333333,952.896,9,"-0.111111111111111,tm_ni_15,0.444444444444444,B,0.444444444444444,F,0.111111111111111,Ni",tm_ni
TAE-PTComp_1369_tm_ni_16,TAE-PTComp,0.171751865958418,107.775923076923,1401.087,13,"-0.0769230769230769,tm_ni_16,0.461538461538462,H,0.461538461538462,C,0.0769230769230769,Ni",tm_ni
TAE-PTComp_1370_tm_ni_17,TAE-PTComp,0.213584861024818,134.026523809524,2814.557,21,"-0.0476190476190476,tm_ni_17,0.952380952380952,C,0.0476190476190476,Ni",tm_ni
TAE-PTComp_1371_tm_ni_18,TAE-PTComp,0.204443583749598,128.290285714286,898.032,7,"-0.142857142857143,tm_ni_18,0.428571428571429,C,0.428571428571429,O,0.142857142857143,Ni",tm_ni
TAE-PTComp_1372_tm_ni_19,TAE-PTComp,0.129557310861931,81.29844,2032.461,25,"-0.04,tm_ni_19,0.64,H,0.16,C,0.16,P,0.04,Ni",tm_ni
TAE-PTComp_1373_tm_ni_20,TAE-PTComp,0.173574714454152,108.919777777778,980.278,9,"-0.111111111111111,tm_ni_20,0.888888888888889,N,0.111111111111111,Ni",tm_ni
TAE-PTComp_1374_tm_ni_21,TAE-PTComp,0.151346859546768,94.9715882352941,1614.517,17,"-0.0588235294117647,tm_ni_21,0.705882352941177,F,0.235294117647059,P,0.0588235294117647,Ni",tm_ni
TAE-PTComp_1375_tm_ni_22,TAE-PTComp,0.197595982971379,123.993351351351,4587.754,37,"-0.027027027027027,tm_ni_22,0.324324324324324,H,0.540540540540541,C,0.108108108108108,N,0.027027027027027,Ni",tm_ni
TAE-PTComp_1376_tm_ni_23,TAE-PTComp,0.101634941821573,63.7768888888889,573.992,9,"-0.111111111111111,tm_ni_23,0.666666666666667,H,0.222222222222222,Si,0.111111111111111,Ni",tm_ni
TAE-PTComp_1377_tm_ni_24,TAE-PTComp,0.135110523167668,84.7831333333333,1271.747,15,"-0.0666666666666667,tm_ni_24,0.733333333333333,H,0.0666666666666667,C_cation,0.133333333333333,N,0.0666666666666667,Ni",tm_ni
TAE-PTComp_1378_tm_ni_25,TAE-PTComp,0.171876061797932,107.853857142857,754.977,7,"-0.142857142857143,tm_ni_25,0.428571428571429,H,0.142857142857143,C_cation,0.285714285714286,C,0.142857142857143,Ni",tm_ni
TAE-PTComp_1379_tm_ni_26,TAE-PTComp,0.126647988253335,79.4728125,1271.565,16,"-0.0625,tm_ni_26,0.625,H,0.0625,C,0.0625,O,0.0625,P_cation,0.125,P,0.0625,Ni",tm_ni
TAE-PTComp_1380_tm_ni_27,TAE-PTComp,0.17331487193928,108.756724137931,3153.945,29,"-0.0344827586206897,tm_ni_27,0.517241379310345,H,0.0344827586206897,C_cation,0.344827586206897,C,0.0689655172413793,O,0.0344827586206897,Ni",tm_ni
TAE-PTComp_1381_tm_cu_1,TAE-PTComp,0.0758815634952658,47.6164,238.082,5,"-0.2,tm_cu_1,0.2,Cl_anion,0.6,Cl,0.2,Cu",tm_cu
TAE-PTComp_1382_tm_cu_2,TAE-PTComp,0.0997461699843159,62.5916666666667,187.775,3,"-0.333333333333333,tm_cu_2,0.333333333333333,F_anion,0.333333333333333,F,0.333333333333333,Cu",tm_cu
TAE-PTComp_1383_tm_cu_3,TAE-PTComp,0.0540597415690792,33.923,67.846,2,"-0.5,tm_cu_3,0.5,S_anion,0.5,Cu",tm_cu
TAE-PTComp_1384_tm_cu_4,TAE-PTComp,0.176361782936275,110.668689655172,3209.392,29,"-0.0344827586206897,tm_cu_4,0.413793103448276,H,0.0344827586206897,C_anion,0.379310344827586,C,0.137931034482759,N,0.0344827586206897,Cu",tm_cu
TAE-PTComp_1385_tm_cu_5,TAE-PTComp,0.150520314004734,94.4529230769231,1227.888,13,"-0.0769230769230769,tm_cu_5,0.230769230769231,H,0.230769230769231,B,0.0769230769230769,C_anion,0.0769230769230769,C,0.153846153846154,N,0.230769230769231,Cu",tm_cu
TAE-PTComp_1386_tm_cu_6,TAE-PTComp,0.141547813094959,88.82259375,2842.323,32,"-0.03125,tm_cu_6,0.625,H,0.25,C,0.0625,P,0.0625,Cu",tm_cu
TAE-PTComp_1387_tm_cu_7,TAE-PTComp,0.163904445819172,102.851592592593,2776.993,27,"-0.037037037037037,tm_cu_7,0.333333333333333,H,0.333333333333333,C,0.111111111111111,N,0.111111111111111,P,0.111111111111111,Cu",tm_cu
TAE-PTComp_1388_tm_cu_8,TAE-PTComp,0.149054124066651,93.532875,1496.526,16,"-0.0625,tm_cu_8,0.25,H,0.25,C,0.25,N,0.125,Cu,0.125,I",tm_cu
TAE-PTComp_1389_tm_cu_9,TAE-PTComp,0.144437716816323,90.6360357142857,2537.809,28,"-0.0357142857142857,tm_cu_9,0.571428571428571,H,0.285714285714286,C,0.0714285714285714,Cl,0.0714285714285714,Cu",tm_cu
TAE-PTComp_1390_tm_cu_10,TAE-PTComp,0.164778388652029,103.4,620.4,6,"-0.166666666666667,tm_cu_10,0.333333333333333,C,0.333333333333333,N,0.333333333333333,Cu",tm_cu
TAE-PTComp_1391_tm_cu_11,TAE-PTComp,0.0759177780879362,47.639125,381.113,8,"-0.125,tm_cu_11,0.5,H,0.5,Cu",tm_cu
TAE-PTComp_1392_tm_cu_12,TAE-PTComp,0.0895823128151645,56.21375,449.71,8,"-0.125,tm_cu_12,0.5,Cu,0.5,I",tm_cu
TAE-PTComp_1393_tm_cu_13,TAE-PTComp,0.0644444453374636,40.4395,80.879,2,"-0.5,tm_cu_13,0.5,Cu,0.5,Br",tm_cu
TAE-PTComp_1394_tm_cu_14,TAE-PTComp,0.145130079726641,91.0705,364.282,4,"-0.25,tm_cu_14,0.25,H,0.5,C,0.25,Cu",tm_cu
TAE-PTComp_1395_tm_cu_15,TAE-PTComp,0.196020767770145,123.004888888889,1107.044,9,"-0.111111111111111,tm_cu_15,0.111111111111111,B,0.333333333333333,C,0.444444444444444,O,0.111111111111111,Cu",tm_cu
TAE-PTComp_1396_tm_cu_16,TAE-PTComp,0.0930229779991023,58.3728,291.864,5,"-0.2,tm_cu_16,0.6,H,0.2,Si,0.2,Cu",tm_cu
TAE-PTComp_1397_tm_cu_17,TAE-PTComp,0.118030431964867,74.0652142857143,1036.913,14,"-0.0714285714285714,tm_cu_17,0.571428571428571,H,0.0714285714285714,C,0.0714285714285714,N,0.0714285714285714,O,0.214285714285714,Cu",tm_cu
TAE-PTComp_1398_tm_cu_18,TAE-PTComp,0.122642271839646,76.9591875,1231.347,16,"-0.0625,tm_cu_18,0.4375,H,0.125,C,0.0625,N,0.125,O,0.25,Cu",tm_cu
TAE-PTComp_1399_tm_cu_19,TAE-PTComp,0.158635187910045,99.5450833333333,1194.541,12,"-0.0833333333333333,tm_cu_19,0.25,H,0.0833333333333333,B,0.166666666666667,C,0.166666666666667,N,0.166666666666667,O,0.166666666666667,Cu",tm_cu
TAE-PTComp_1400_tm_cu_20,TAE-PTComp,0.113416614316875,71.17,925.21,13,"-0.0769230769230769,tm_cu_20,0.461538461538462,H,0.0769230769230769,B,0.0769230769230769,C,0.230769230769231,F,0.153846153846154,Cu",tm_cu
TAE-PTComp_1401_tm_cu_21,TAE-PTComp,0.151495843254022,95.0650769230769,1235.846,13,"-0.0769230769230769,tm_cu_21,0.461538461538462,H,0.230769230769231,C,0.0769230769230769,N,0.153846153846154,O,0.0769230769230769,Cu",tm_cu
TAE-PTComp_1402_tm_cu_22,TAE-PTComp,0.133777705751956,83.9467777777778,1511.042,18,"-0.0555555555555556,tm_cu_22,0.222222222222222,H,0.222222222222222,C,0.444444444444444,S,0.111111111111111,Cu",tm_cu
TAE-PTComp_1403_tm_cu_23,TAE-PTComp,0.165287406931921,103.719413793103,3007.863,29,"-0.0344827586206897,tm_cu_23,0.517241379310345,H,0.379310344827586,C,0.0689655172413793,O,0.0344827586206897,Cu",tm_cu
TAE-PTComp_1404_tm_cu_24,TAE-PTComp,0.17590550411239,110.38237037037,2980.324,27,"-0.037037037037037,tm_cu_24,0.444444444444444,H,0.444444444444444,C,0.037037037037037,N,0.037037037037037,O,0.037037037037037,Cu",tm_cu
TAE-PTComp_1405_tm_cu_25,TAE-PTComp,0.158250903422193,99.3039411764706,1688.167,17,"-0.0588235294117647,tm_cu_25,0.470588235294118,H,0.0588235294117647,B_cation,0.176470588235294,B,0.235294117647059,N,0.0588235294117647,Cu",tm_cu
TAE-PTComp_1406_tm_cu_26,TAE-PTComp,0.157375702308705,98.7547441860465,4246.454,43,"-0.0232558139534884,tm_cu_26,0.558139534883721,H,0.0232558139534884,C_cation,0.255813953488372,C,0.13953488372093,O,0.0232558139534884,Cu",tm_cu
TAE-PTComp_1407_tm_cu_27,TAE-PTComp,0.143490933159912,90.04192,2251.048,25,"-0.04,tm_cu_27,0.64,H,0.04,C_cation,0.12,C,0.16,O,0.04,Cu",tm_cu
TAE-PTComp_1408_tm_cu_28,TAE-PTComp,0.163108294345382,102.352,921.168,9,"-0.111111111111111,tm_cu_28,0.111111111111111,B_cation,0.333333333333333,B,0.444444444444444,F,0.111111111111111,Cu",tm_cu
TAE-PTComp_1409_tm_cu_29,TAE-PTComp,0.156096979220243,97.9523333333333,293.857,3,"-0.333333333333333,tm_cu_29,0.333333333333333,C,0.333333333333333,S_cation,0.333333333333333,Cu",tm_cu
TAE-PTComp_1410_tm_cu_30,TAE-PTComp,0.110544944526247,69.368,1179.256,17,"-0.0588235294117647,tm_cu_30,0.705882352941177,H,0.0588235294117647,P_cation,0.176470588235294,P,0.0588235294117647,Cu",tm_cu
TAE-PTComp_1411_tm_cu_31,TAE-PTComp,0.128479147622932,80.6218823529412,1370.572,17,"-0.0588235294117647,tm_cu_31,0.294117647058824,H,0.0588235294117647,C,0.0588235294117647,N,0.117647058823529,O,0.0588235294117647,F,0.0588235294117647,S_cation,0.0588235294117647,Cl,0.294117647058824,Cu",tm_cu
TAE-PTComp_1412_tm_cu_32,TAE-PTComp,0.172733381428491,108.391833333333,650.351,6,"-0.166666666666667,tm_cu_32,0.166666666666667,H,0.333333333333333,N,0.166666666666667,O,0.166666666666667,Cu",tm_cu
TAE-PTComp_1413_tm_zn_1,TAE-PTComp,0.101974052752057,63.9896842105263,1215.804,19,"-0.0526315789473684,tm_zn_1,0.368421052631579,H,0.105263157894737,C,0.105263157894737,O,0.105263157894737,F,0.0526315789473684,P,0.0526315789473684,Cl_anion,0.210526315789474,Zn",tm_zn
TAE-PTComp_1414_tm_zn_2,TAE-PTComp,0.167183392644919,104.909162790698,4511.094,43,"-0.0232558139534884,tm_zn_2,0.488372093023256,H,0.348837209302326,C,0.0232558139534884,O_anion,0.116279069767442,O,0.0232558139534884,Zn",tm_zn
TAE-PTComp_1415_tm_zn_3,TAE-PTComp,0.0649532025964304,40.75875,163.035,4,"-0.25,tm_zn_3,0.25,H_anion,0.5,H,0.25,Zn",tm_zn
TAE-PTComp_1416_tm_zn_4,TAE-PTComp,0.12742118375086,79.958,1039.454,13,"-0.0769230769230769,tm_zn_4,0.692307692307692,H,0.0769230769230769,C_anion,0.153846153846154,C,0.0769230769230769,Zn",tm_zn
TAE-PTComp_1417_tm_zn_5,TAE-PTComp,0.104356990143889,65.485,261.94,4,"-0.25,tm_zn_5,0.25,H,0.25,O_anion,0.25,O,0.25,Zn",tm_zn
TAE-PTComp_1418_tm_zn_6,TAE-PTComp,0.13405383680808,84.1200526315789,1598.281,19,"-0.0526315789473684,tm_zn_6,0.421052631578947,H,0.105263157894737,C,0.210526315789474,N,0.105263157894737,S,0.105263157894737,Cl,0.0526315789473684,Zn",tm_zn
TAE-PTComp_1419_tm_zn_7,TAE-PTComp,0.126091395787578,79.1235454545455,870.359,11,"-0.0909090909090909,tm_zn_7,0.363636363636364,H,0.181818181818182,C,0.181818181818182,N,0.0909090909090909,O,0.181818181818182,Zn",tm_zn
TAE-PTComp_1420_tm_zn_8,TAE-PTComp,0.119028665656616,74.6916153846154,970.991,13,"-0.0769230769230769,tm_zn_8,0.461538461538462,H,0.153846153846154,C,0.153846153846154,N,0.0769230769230769,O,0.153846153846154,Zn",tm_zn
TAE-PTComp_1421_tm_zn_9,TAE-PTComp,0.167615768535861,105.180482758621,3050.234,29,"-0.0344827586206897,tm_zn_9,0.206896551724138,H,0.206896551724138,C,0.448275862068966,O,0.137931034482759,Zn",tm_zn
TAE-PTComp_1422_tm_zn_10,TAE-PTComp,0.0780184767830459,48.9573333333333,293.744,6,"-0.166666666666667,tm_zn_10,0.333333333333333,Zn,0.666666666666667,Br",tm_zn
TAE-PTComp_1423_tm_zn_11,TAE-PTComp,0.144601092582757,90.7385555555556,1633.294,18,"-0.0555555555555556,tm_zn_11,0.444444444444444,H,0.444444444444444,C,0.111111111111111,Zn",tm_zn
TAE-PTComp_1424_tm_zn_12,TAE-PTComp,0.114407303210609,71.7916666666667,861.5,12,"-0.0833333333333333,tm_zn_12,0.666666666666667,F,0.333333333333333,Zn",tm_zn
TAE-PTComp_1425_tm_zn_13,TAE-PTComp,0.129251481872621,81.1065294117647,1378.811,17,"-0.0588235294117647,tm_zn_13,0.294117647058824,H,0.117647058823529,C,0.0588235294117647,N,0.294117647058824,O,0.235294117647059,Zn",tm_zn
TAE-PTComp_1426_tm_zn_14,TAE-PTComp,0.0851825784460188,53.452875,427.623,8,"-0.125,tm_zn_14,0.5,S,0.5,Zn",tm_zn
TAE-PTComp_1427_tm_zn_15,TAE-PTComp,0.113777906528523,71.3967142857143,499.777,7,"-0.142857142857143,tm_zn_15,0.571428571428571,H,0.142857142857143,B,0.142857142857143,N,0.142857142857143,Zn",tm_zn
TAE-PTComp_1428_tm_zn_16,TAE-PTComp,0.106509102014792,66.8354705882353,1136.203,17,"-0.0588235294117647,tm_zn_16,0.705882352941177,H,0.235294117647059,B,0.0588235294117647,Zn",tm_zn
TAE-PTComp_1429_tm_zn_17,TAE-PTComp,0.146833905263718,92.1396666666667,1382.095,15,"-0.0666666666666667,tm_zn_17,0.466666666666667,H,0.266666666666667,B,0.2,N,0.0666666666666667,Zn",tm_zn
TAE-PTComp_1430_tm_zn_18,TAE-PTComp,0.112863900218254,70.8231666666667,424.939,6,"-0.166666666666667,tm_zn_18,0.5,H,0.166666666666667,C,0.166666666666667,Zn,0.166666666666667,Br",tm_zn
TAE-PTComp_1431_tm_zn_19,TAE-PTComp,0.0853333729820555,53.5475,214.19,4,"-0.25,tm_zn_19,0.5,H,0.25,C,0.25,Zn",tm_zn
TAE-PTComp_1432_tm_zn_20,TAE-PTComp,0.0825235880472557,51.7843333333333,155.353,3,"-0.333333333333333,tm_zn_20,0.666666666666667,Cl,0.333333333333333,Zn",tm_zn
TAE-PTComp_1433_tm_zn_21,TAE-PTComp,0.121763190379931,76.4075555555556,687.668,9,"-0.111111111111111,tm_zn_21,0.444444444444444,H,0.222222222222222,O,0.222222222222222,F,0.111111111111111,Zn",tm_zn
TAE-PTComp_1434_tm_zn_22,TAE-PTComp,0.183944633142532,115.427,1038.843,9,"-0.111111111111111,tm_zn_22,0.222222222222222,B,0.222222222222222,C,0.444444444444444,O,0.111111111111111,Zn",tm_zn
TAE-PTComp_1435_tm_zn_23,TAE-PTComp,0.170854639162187,107.212904761905,2251.471,21,"-0.0476190476190476,tm_zn_23,0.476190476190476,H,0.476190476190476,C,0.0476190476190476,Zn",tm_zn
TAE-PTComp_1436_tm_zn_24,TAE-PTComp,0.102800572739794,64.5083333333333,580.575,9,"-0.111111111111111,tm_zn_24,0.444444444444444,H,0.222222222222222,F,0.222222222222222,S,0.111111111111111,Zn",tm_zn
TAE-PTComp_1437_tm_zn_25,TAE-PTComp,0.144438904903109,90.63678125,2900.377,32,"-0.03125,tm_zn_25,0.5,H,0.25,C,0.0625,O,0.125,Cl,0.0625,Zn",tm_zn
TAE-PTComp_1438_tm_zn_26,TAE-PTComp,0.107943655779539,67.7356666666667,812.828,12,"-0.0833333333333333,tm_zn_26,0.333333333333333,H,0.166666666666667,O,0.166666666666667,Cl,0.166666666666667,Zn,0.166666666666667,Br",tm_zn
TAE-PTComp_1439_tm_zn_27,TAE-PTComp,0.107684695545922,67.5731666666667,405.439,6,"-0.166666666666667,tm_zn_27,0.666666666666667,H,0.166666666666667,C,0.166666666666667,Zn",tm_zn
TAE-PTComp_1440_tm_zn_28,TAE-PTComp,0.111868696120447,70.1986666666667,421.192,6,"-0.166666666666667,tm_zn_28,0.5,H,0.166666666666667,N,0.166666666666667,O,0.166666666666667,Zn",tm_zn
TAE-PTComp_1441_tm_zn_29,TAE-PTComp,0.194885137715025,122.29227027027,4524.814,37,"-0.027027027027027,tm_zn_29,0.324324324324324,H,0.540540540540541,C,0.108108108108108,N,0.027027027027027,Zn",tm_zn
TAE-PTComp_1442_tm_zn_30,TAE-PTComp,0.129196721352631,81.0721666666667,486.433,6,"-0.166666666666667,tm_zn_30,0.333333333333333,N,0.333333333333333,O,0.166666666666667,S,0.166666666666667,Zn",tm_zn
TAE-PTComp_1443_tm_zn_31,TAE-PTComp,0.114178674524355,71.6482,716.482,10,"-0.1,tm_zn_31,0.2,H,0.1,C,0.1,N,0.1,Si_cation,0.1,Si,0.2,S,0.2,Zn",tm_zn
TAE-PTComp_1444_tm_zn_32,TAE-PTComp,0.203433581924156,127.6565,255.313,2,"-0.5,tm_zn_32,0.5,F_cation,0.5,Zn",tm_zn
TAE-PTComp_1445_tm_zn_33,TAE-PTComp,0.0669360411852146,42.003,84.006,2,"-0.5,tm_zn_33,0.5,Zn,0.5,I_cation",tm_zn
TAE-PTComp_1446_tm_y_1,TAE-PTComp,0.160282004252835,100.578476190476,2112.148,21,"-0.0476190476190476,tm_y_1,0.380952380952381,H,0.0952380952380952,C,0.0952380952380952,O,0.142857142857143,F,0.0476190476190476,Cl_anion,0.238095238095238,Y",tm_y
TAE-PTComp_1447_tm_y_2,TAE-PTComp,0.140685715031518,88.281619047619,1853.914,21,"-0.0476190476190476,tm_y_2,0.380952380952381,H,0.0952380952380952,C,0.0952380952380952,O,0.142857142857143,F,0.0476190476190476,P,0.0476190476190476,Cl_anion,0.19047619047619,Y",tm_y
TAE-PTComp_1448_tm_y_3,TAE-PTComp,0.145575826823501,91.3502105263158,1735.654,19,"-0.0526315789473684,tm_y_3,0.368421052631579,H,0.105263157894737,C,0.105263157894737,O,0.105263157894737,F,0.0526315789473684,P,0.0526315789473684,Cl_anion,0.210526315789474,Y",tm_y
TAE-PTComp_1449_tm_y_4,TAE-PTComp,0.167456816946589,105.080739130435,2416.857,23,"-0.0434782608695652,tm_y_4,0.521739130434783,H,0.0434782608695652,C_anion,0.304347826086957,C,0.0869565217391304,N,0.0434782608695652,Y",tm_y
TAE-PTComp_1450_tm_y_5,TAE-PTComp,0.16278059194066,102.146363636364,2247.22,22,"-0.0454545454545455,tm_y_5,0.545454545454545,H,0.0454545454545455,C_anion,0.272727272727273,C,0.0909090909090909,N,0.0454545454545455,Y",tm_y
TAE-PTComp_1451_tm_y_6,TAE-PTComp,0.154020339480171,96.6492222222222,869.843,9,"-0.111111111111111,tm_y_6,0.111111111111111,Cl_anion,0.666666666666667,Cl,0.222222222222222,Y",tm_y
TAE-PTComp_1452_tm_y_7,TAE-PTComp,0.136928609927824,85.924,773.316,9,"-0.111111111111111,tm_y_7,0.444444444444444,B,0.111111111111111,F_anion,0.333333333333333,F,0.111111111111111,Y",tm_y
TAE-PTComp_1453_tm_y_8,TAE-PTComp,0.144480368420515,90.6628,453.314,5,"-0.2,tm_y_8,0.2,Cl_anion,0.6,Cl,0.2,Y",tm_y
TAE-PTComp_1454_tm_y_9,TAE-PTComp,0.191454922584479,120.139777777778,1081.258,9,"-0.111111111111111,tm_y_9,0.444444444444444,C,0.111111111111111,O_anion,0.333333333333333,O,0.111111111111111,Y",tm_y
TAE-PTComp_1455_tm_y_10,TAE-PTComp,0.138901582248884,87.1620588235294,1481.755,17,"-0.0588235294117647,tm_y_10,0.705882352941177,H,0.0588235294117647,C_anion,0.176470588235294,C,0.0588235294117647,Y",tm_y
TAE-PTComp_1456_tm_y_11,TAE-PTComp,0.183349676533075,115.053659090909,5062.361,44,"-0.0227272727272727,tm_y_11,0.454545454545455,H,0.454545454545455,C,0.0454545454545455,Cl,0.0454545454545455,Y",tm_y
TAE-PTComp_1457_tm_y_12,TAE-PTComp,0.144903589122316,90.928375,1454.854,16,"-0.0625,tm_y_12,0.5625,H,0.375,O,0.0625,Y",tm_y
TAE-PTComp_1458_tm_y_13,TAE-PTComp,0.164315386142032,103.109461538462,1340.423,13,"-0.0769230769230769,tm_y_13,0.307692307692308,H,0.230769230769231,C,0.153846153846154,N,0.230769230769231,Cl,0.0769230769230769,Y",tm_y
TAE-PTComp_1459_tm_y_14,TAE-PTComp,0.122137598184363,76.6425,1379.565,18,"-0.0555555555555556,tm_y_14,0.444444444444444,H,0.277777777777778,P,0.111111111111111,Cl,0.166666666666667,Y",tm_y
TAE-PTComp_1460_tm_y_15,TAE-PTComp,0.148802911671603,93.3752368421053,3548.259,38,"-0.0263157894736842,tm_y_15,0.631578947368421,H,0.210526315789474,C,0.0526315789473684,N,0.0526315789473684,O,0.0526315789473684,Y",tm_y
TAE-PTComp_1461_tm_y_16,TAE-PTComp,0.160106923104413,100.468611111111,1808.435,18,"-0.0555555555555556,tm_y_16,0.5,H,0.166666666666667,C,0.166666666666667,O,0.166666666666667,Y",tm_y
TAE-PTComp_1462_tm_y_17,TAE-PTComp,0.13387128556971,84.0055,1008.066,12,"-0.0833333333333333,tm_y_17,0.333333333333333,H,0.333333333333333,S,0.333333333333333,Y",tm_y
TAE-PTComp_1463_tm_y_18,TAE-PTComp,0.163316436399821,102.482611111111,1844.687,18,"-0.0555555555555556,tm_y_18,0.333333333333333,H,0.0555555555555556,C,0.0555555555555556,N,0.111111111111111,O,0.0555555555555556,F,0.0555555555555556,S,0.0555555555555556,Cl,0.277777777777778,Y",tm_y
TAE-PTComp_1464_tm_y_19,TAE-PTComp,0.161159080746932,101.12885,4045.154,40,"-0.025,tm_y_19,0.5,H,0.4,O,0.1,Y",tm_y
TAE-PTComp_1465_tm_y_20,TAE-PTComp,0.134175891101648,84.1966428571428,2357.506,28,"-0.0357142857142857,tm_y_20,0.428571428571429,H,0.428571428571429,S,0.142857142857143,Y",tm_y
TAE-PTComp_1466_tm_y_21,TAE-PTComp,0.14109846728959,88.540625,708.325,8,"-0.125,tm_y_21,0.75,Br,0.25,Y",tm_y
TAE-PTComp_1467_tm_y_22,TAE-PTComp,0.0927605516823588,58.208125,465.665,8,"-0.125,tm_y_22,0.75,H,0.25,Y",tm_y
TAE-PTComp_1468_tm_y_23,TAE-PTComp,0.159454963049591,100.0595,600.357,6,"-0.166666666666667,tm_y_23,0.666666666666667,O,0.333333333333333,Y",tm_y
TAE-PTComp_1469_tm_y_24,TAE-PTComp,0.156935877577041,98.47875,3151.32,32,"-0.03125,tm_y_24,0.5625,H,0.1875,C,0.1875,O,0.0625,Y",tm_y
TAE-PTComp_1470_tm_y_25,TAE-PTComp,0.146397370301484,91.8657368421053,1745.449,19,"-0.0526315789473684,tm_y_25,0.210526315789474,H,0.157894736842105,N,0.578947368421053,O,0.0526315789473684,Y",tm_y
TAE-PTComp_1471_tm_y_26,TAE-PTComp,0.158345975809137,99.3636,993.636,10,"-0.1,tm_y_26,0.6,S,0.4,Y",tm_y
TAE-PTComp_1472_tm_y_27,TAE-PTComp,0.179149631289529,112.418090909091,2473.198,22,"-0.0454545454545455,tm_y_27,0.409090909090909,H,0.272727272727273,C,0.272727272727273,O,0.0454545454545455,Y",tm_y
TAE-PTComp_1473_tm_y_28,TAE-PTComp,0.107293399992922,67.327625,1077.242,16,"-0.0625,tm_y_28,0.75,O,0.1875,Cl,0.0625,Y",tm_y
TAE-PTComp_1474_tm_y_29,TAE-PTComp,0.183127526857006,114.914258064516,3562.342,31,"-0.032258064516129,tm_y_29,0.483870967741935,H,0.483870967741935,C,0.032258064516129,Y",tm_y
TAE-PTComp_1475_tm_y_30,TAE-PTComp,0.186488817837725,117.0235,468.094,4,"-0.25,tm_y_30,0.75,F,0.25,Y",tm_y
TAE-PTComp_1476_tm_y_31,TAE-PTComp,0.192040496199924,120.507230769231,1566.594,13,"-0.0769230769230769,tm_y_31,0.230769230769231,H,0.230769230769231,C,0.461538461538462,O,0.0769230769230769,Y",tm_y
TAE-PTComp_1477_tm_y_32,TAE-PTComp,0.195588354483081,122.733545454545,2700.138,22,"-0.0454545454545455,tm_y_32,0.136363636363636,H,0.272727272727273,C,0.545454545454545,O,0.0454545454545455,Y",tm_y
TAE-PTComp_1478_tm_y_33,TAE-PTComp,0.103469108973671,64.9278461538462,844.062,13,"-0.0769230769230769,tm_y_33,0.692307692307692,H,0.230769230769231,Si,0.0769230769230769,Y",tm_y
TAE-PTComp_1479_tm_y_34,TAE-PTComp,0.183847423454836,115.366,2653.418,23,"-0.0434782608695652,tm_y_34,0.434782608695652,H,0.0434782608695652,C_cation,0.391304347826087,C,0.0869565217391304,Cl,0.0434782608695652,Y",tm_y
TAE-PTComp_1480_tm_y_35,TAE-PTComp,0.185632531823862,116.486172413793,3378.099,29,"-0.0344827586206897,tm_y_35,0.413793103448276,H,0.0344827586206897,C_cation,0.379310344827586,C,0.137931034482759,N,0.0344827586206897,Y",tm_y
TAE-PTComp_1481_tm_zr_1,TAE-PTComp,0.17517486736437,109.923888888889,3957.26,36,"-0.0277777777777778,tm_zr_1,0.527777777777778,H,0.0277777777777778,C_anion,0.416666666666667,C,0.0277777777777778,Zr",tm_zr
TAE-PTComp_1482_tm_zr_2,TAE-PTComp,0.142995716201161,89.7311666666667,538.387,6,"-0.166666666666667,tm_zr_2,0.166666666666667,Cl_anion,0.666666666666667,Cl,0.166666666666667,Zr",tm_zr
TAE-PTComp_1483_tm_zr_3,TAE-PTComp,0.09731194378832,61.0641666666667,366.385,6,"-0.166666666666667,tm_zr_3,0.166666666666667,H_anion,0.666666666666667,H,0.166666666666667,Zr",tm_zr
TAE-PTComp_1484_tm_zr_4,TAE-PTComp,0.159618775903255,100.162294117647,1702.759,17,"-0.0588235294117647,tm_zr_4,0.470588235294118,H,0.411764705882353,O,0.117647058823529,Zr",tm_zr
TAE-PTComp_1485_tm_zr_5,TAE-PTComp,0.1858947109633,116.650692307692,1516.459,13,"-0.0769230769230769,tm_zr_5,0.307692307692308,H,0.461538461538462,C,0.153846153846154,N,0.0769230769230769,Zr",tm_zr
TAE-PTComp_1486_tm_zr_6,TAE-PTComp,0.193531304772803,121.442727272727,1335.87,11,"-0.0909090909090909,tm_zr_6,0.181818181818182,H,0.454545454545455,C,0.181818181818182,N,0.0909090909090909,O,0.0909090909090909,Zr",tm_zr
TAE-PTComp_1487_tm_zr_7,TAE-PTComp,0.13267608449148,83.2555,1332.088,16,"-0.0625,tm_zr_7,0.5,H,0.0625,B,0.125,C,0.0625,N,0.125,Cl,0.125,Zr",tm_zr
TAE-PTComp_1488_tm_zr_8,TAE-PTComp,0.136221183689631,85.4800833333333,1025.761,12,"-0.0833333333333333,tm_zr_8,0.416666666666667,H,0.0833333333333333,B,0.166666666666667,C,0.0833333333333333,N,0.0833333333333333,S,0.0833333333333333,Cl,0.0833333333333333,Zr",tm_zr
TAE-PTComp_1489_tm_zr_9,TAE-PTComp,0.152190040557203,95.5006923076923,1241.509,13,"-0.0769230769230769,tm_zr_9,0.384615384615385,H,0.0769230769230769,B,0.153846153846154,C,0.0769230769230769,N,0.0769230769230769,S,0.0769230769230769,Cl,0.153846153846154,Zr",tm_zr
TAE-PTComp_1490_tm_zr_10,TAE-PTComp,0.144055992357671,90.3965,1446.344,16,"-0.0625,tm_zr_10,0.4375,H,0.0625,B,0.125,C,0.0625,N,0.125,S,0.0625,Cl,0.125,Zr",tm_zr
TAE-PTComp_1491_tm_zr_11,TAE-PTComp,0.169426646897551,106.316826086957,2445.287,23,"-0.0434782608695652,tm_zr_11,0.521739130434783,H,0.347826086956522,C,0.0869565217391304,N,0.0434782608695652,Zr",tm_zr
TAE-PTComp_1492_tm_zr_12,TAE-PTComp,0.150990186831419,94.7477727272727,2084.451,22,"-0.0454545454545455,tm_zr_12,0.636363636363636,H,0.0454545454545455,B,0.227272727272727,C,0.0454545454545455,F,0.0454545454545455,Zr",tm_zr
TAE-PTComp_1493_tm_zr_13,TAE-PTComp,0.138932696535776,87.1815833333333,1046.179,12,"-0.0833333333333333,tm_zr_13,0.666666666666667,H,0.25,C,0.0833333333333333,Zr",tm_zr
TAE-PTComp_1494_tm_zr_14,TAE-PTComp,0.218317620151539,136.996375,1095.971,8,"-0.125,tm_zr_14,0.25,O,0.5,F,0.25,Zr",tm_zr
TAE-PTComp_1495_tm_zr_15,TAE-PTComp,0.148858111089821,93.409875,1494.558,16,"-0.0625,tm_zr_15,0.375,H,0.125,C,0.375,Cl,0.125,Zr",tm_zr
TAE-PTComp_1496_tm_zr_16,TAE-PTComp,0.176853992079164,110.977555555556,998.798,9,"-0.111111111111111,tm_zr_16,0.666666666666667,S,0.333333333333333,Zr",tm_zr
TAE-PTComp_1497_tm_zr_17,TAE-PTComp,0.15272393206302,95.8357142857143,1341.7,14,"-0.0714285714285714,tm_zr_17,0.214285714285714,H,0.214285714285714,C,0.428571428571429,S,0.0714285714285714,Cl,0.0714285714285714,Zr",tm_zr
TAE-PTComp_1498_tm_zr_18,TAE-PTComp,0.139861519545127,87.7644285714286,1228.702,14,"-0.0714285714285714,tm_zr_18,0.142857142857143,H,0.142857142857143,S,0.571428571428571,Cl,0.142857142857143,Zr",tm_zr
TAE-PTComp_1499_tm_zr_19,TAE-PTComp,0.139148121765413,87.3167647058823,1484.385,17,"-0.0588235294117647,tm_zr_19,0.470588235294118,H,0.235294117647059,N,0.235294117647059,O,0.0588235294117647,Zr",tm_zr
TAE-PTComp_1500_tm_zr_20,TAE-PTComp,0.154398908355024,96.8867777777778,871.981,9,"-0.111111111111111,tm_zr_20,0.444444444444444,B,0.444444444444444,F,0.111111111111111,Zr",tm_zr
TAE-PTComp_1501_tm_zr_21,TAE-PTComp,0.135486081906471,85.0188,425.094,5,"-0.2,tm_zr_21,0.8,Br,0.2,Zr",tm_zr
TAE-PTComp_1502_tm_zr_22,TAE-PTComp,0.204212587426923,128.145333333333,1153.308,9,"-0.111111111111111,tm_zr_22,0.444444444444444,C,0.444444444444444,N,0.111111111111111,Zr",tm_zr
TAE-PTComp_1503_tm_zr_23,TAE-PTComp,0.172246975007079,108.086608695652,2485.992,23,"-0.0434782608695652,tm_zr_23,0.434782608695652,H,0.260869565217391,C,0.0869565217391304,N,0.173913043478261,O,0.0434782608695652,Zr",tm_zr
TAE-PTComp_1504_tm_zr_24,TAE-PTComp,0.131449631118389,82.4858888888889,742.373,9,"-0.111111111111111,tm_zr_24,0.666666666666667,H,0.222222222222222,C,0.111111111111111,Zr",tm_zr
TAE-PTComp_1505_tm_zr_25,TAE-PTComp,0.163603291468858,102.662615384615,1334.614,13,"-0.0769230769230769,tm_zr_25,0.923076923076923,N,0.0769230769230769,Zr",tm_zr
TAE-PTComp_1506_tm_zr_26,TAE-PTComp,0.166861402797852,104.707111111111,942.364,9,"-0.111111111111111,tm_zr_26,0.444444444444444,H,0.444444444444444,O,0.111111111111111,Zr",tm_zr
TAE-PTComp_1507_tm_zr_27,TAE-PTComp,0.157362754076426,98.746619047619,2073.679,21,"-0.0476190476190476,tm_zr_27,0.571428571428571,H,0.19047619047619,C,0.19047619047619,O,0.0476190476190476,Zr",tm_zr
TAE-PTComp_1508_tm_zr_28,TAE-PTComp,0.141316857086606,88.6776666666667,266.033,3,"-0.333333333333333,tm_zr_28,0.333333333333333,O,0.333333333333333,S,0.333333333333333,Zr",tm_zr
TAE-PTComp_1509_tm_zr_29,TAE-PTComp,0.152459052738349,95.6695,574.017,6,"-0.166666666666667,tm_zr_29,0.666666666666667,O,0.166666666666667,S,0.166666666666667,Zr",tm_zr
TAE-PTComp_1510_tm_zr_30,TAE-PTComp,0.191806293994796,120.360266666667,1805.404,15,"-0.0666666666666667,tm_zr_30,0.466666666666667,H,0.0666666666666667,C_cation,0.4,C,0.0666666666666667,Zr",tm_zr
TAE-PTComp_1511_tm_zr_31,TAE-PTComp,0.160539067341883,100.739785714286,1410.357,14,"-0.0714285714285714,tm_zr_31,0.285714285714286,H,0.214285714285714,C,0.0714285714285714,O,0.0714285714285714,F,0.0714285714285714,P,0.0714285714285714,S_cation,0.0714285714285714,S,0.0714285714285714,Cl,0.0714285714285714,Zr",tm_zr
TAE-PTComp_1512_tm_zr_32,TAE-PTComp,0.176906726746345,111.010647058824,3774.362,34,"-0.0294117647058824,tm_zr_32,0.558823529411765,H,0.0294117647058824,C_cation,0.382352941176471,C,0.0294117647058824,Zr",tm_zr
TAE-PTComp_1513_tm_zr_33,TAE-PTComp,0.27353092996129,171.64325,686.573,4,"-0.25,tm_zr_33,0.25,F_cation,0.5,F,0.25,Zr",tm_zr
TAE-PTComp_1514_tm_zr_34,TAE-PTComp,0.190050517050851,119.2585,715.551,6,"-0.166666666666667,tm_zr_34,0.166666666666667,H,0.166666666666667,C_cation,0.166666666666667,O,0.166666666666667,F,0.166666666666667,Cl,0.166666666666667,Zr",tm_zr
TAE-PTComp_1515_tm_zr_35,TAE-PTComp,0.139777741640977,87.7118571428571,613.983,7,"-0.142857142857143,tm_zr_35,0.428571428571429,H,0.142857142857143,S_cation,0.285714285714286,S,0.142857142857143,Zr",tm_zr
TAE-PTComp_1516_tm_nb_1,TAE-PTComp,0.123518208660627,77.5088461538462,1007.615,13,"-0.0769230769230769,tm_nb_1,0.538461538461538,H,0.0769230769230769,C,0.0769230769230769,S,0.0769230769230769,Cl_anion,0.0769230769230769,Cl,0.153846153846154,Nb",tm_nb
TAE-PTComp_1517_tm_nb_2,TAE-PTComp,0.126509871385878,79.3861428571429,555.703,7,"-0.142857142857143,tm_nb_2,0.142857142857143,Cl_anion,0.714285714285714,Cl,0.142857142857143,Nb",tm_nb
TAE-PTComp_1518_tm_nb_3,TAE-PTComp,0.140550547275293,88.1968,2204.92,25,"-0.04,tm_nb_3,0.72,H,0.04,C_anion,0.2,C,0.04,Nb",tm_nb
TAE-PTComp_1519_tm_nb_4,TAE-PTComp,0.159400337933645,100.025222222222,1800.454,18,"-0.0555555555555556,tm_nb_4,0.5,H,0.333333333333333,C,0.0555555555555556,N,0.0555555555555556,Cl,0.0555555555555556,Nb",tm_nb
TAE-PTComp_1520_tm_nb_5,TAE-PTComp,0.183987112580854,115.45365625,3694.517,32,"-0.03125,tm_nb_5,0.46875,H,0.5,C,0.03125,Nb",tm_nb
TAE-PTComp_1521_tm_nb_6,TAE-PTComp,0.186306669193403,116.9092,4091.822,35,"-0.0285714285714286,tm_nb_6,0.4,H,0.428571428571429,C,0.0285714285714286,N,0.0857142857142857,O,0.0285714285714286,S,0.0285714285714286,Nb",tm_nb
TAE-PTComp_1522_tm_nb_7,TAE-PTComp,0.17344586428663,108.838923076923,1414.906,13,"-0.0769230769230769,tm_nb_7,0.384615384615385,H,0.384615384615385,C,0.153846153846154,Cl,0.0769230769230769,Nb",tm_nb
TAE-PTComp_1523_tm_nb_8,TAE-PTComp,0.177513292358789,111.391272727273,1225.304,11,"-0.0909090909090909,tm_nb_8,0.181818181818182,C,0.181818181818182,N,0.454545454545455,S,0.181818181818182,Nb",tm_nb
TAE-PTComp_1524_tm_nb_9,TAE-PTComp,0.180560266356049,113.303277777778,4078.918,36,"-0.0277777777777778,tm_nb_9,0.277777777777778,H,0.388888888888889,C,0.166666666666667,F,0.111111111111111,S,0.0555555555555556,Nb",tm_nb
TAE-PTComp_1525_tm_nb_10,TAE-PTComp,0.174034864539444,109.208526315789,4149.924,38,"-0.0263157894736842,tm_nb_10,0.473684210526316,H,0.315789473684211,C,0.157894736842105,N,0.0526315789473684,Nb",tm_nb
TAE-PTComp_1526_tm_nb_11,TAE-PTComp,0.193500186082912,121.4232,1214.232,10,"-0.1,tm_nb_11,0.2,C,0.2,N,0.1,O,0.3,S,0.2,Nb",tm_nb
TAE-PTComp_1527_tm_nb_12,TAE-PTComp,0.138017747977038,86.6074444444444,1558.934,18,"-0.0555555555555556,tm_nb_12,0.444444444444444,H,0.0555555555555556,B,0.111111111111111,C,0.0555555555555556,N,0.111111111111111,S,0.111111111111111,Cl,0.111111111111111,Nb",tm_nb
TAE-PTComp_1528_tm_nb_13,TAE-PTComp,0.140707473555043,88.2952727272727,971.248,11,"-0.0909090909090909,tm_nb_13,0.545454545454545,H,0.0909090909090909,B,0.0909090909090909,C,0.0909090909090909,N,0.0909090909090909,Cl,0.0909090909090909,Nb",tm_nb
TAE-PTComp_1529_tm_nb_14,TAE-PTComp,0.172005620171954,107.93515625,3453.925,32,"-0.03125,tm_nb_14,0.5,H,0.375,C,0.09375,N,0.03125,Nb",tm_nb
TAE-PTComp_1530_tm_nb_15,TAE-PTComp,0.145294258617609,91.1735238095238,1914.644,21,"-0.0476190476190476,tm_nb_15,0.619047619047619,H,0.142857142857143,C,0.19047619047619,N,0.0476190476190476,Nb",tm_nb
TAE-PTComp_1531_tm_nb_16,TAE-PTComp,0.165705267088197,103.981625,831.853,8,"-0.125,tm_nb_16,0.125,H,0.125,C,0.125,N,0.125,O,0.375,Cl,0.125,Nb",tm_nb
TAE-PTComp_1532_tm_nb_17,TAE-PTComp,0.146405757677472,91.871,1469.936,16,"-0.0625,tm_nb_17,0.375,H,0.125,C,0.125,S,0.25,Cl,0.125,Nb",tm_nb
TAE-PTComp_1533_tm_nb_18,TAE-PTComp,0.184344136764476,115.677692307692,1503.81,13,"-0.0769230769230769,tm_nb_18,0.307692307692308,H,0.538461538461538,O,0.153846153846154,Nb",tm_nb
TAE-PTComp_1534_tm_nb_19,TAE-PTComp,0.138666343762157,87.0144444444445,783.13,9,"-0.111111111111111,tm_nb_19,0.333333333333333,H,0.111111111111111,N,0.111111111111111,Si,0.333333333333333,Cl,0.111111111111111,Nb",tm_nb
TAE-PTComp_1535_tm_nb_20,TAE-PTComp,0.20152353677247,126.457928571429,1770.411,14,"-0.0714285714285714,tm_nb_20,0.428571428571429,O,0.142857142857143,P,0.142857142857143,Cl,0.285714285714286,Nb",tm_nb
TAE-PTComp_1536_tm_nb_21,TAE-PTComp,0.15848480126009,99.4507142857143,2784.62,28,"-0.0357142857142857,tm_nb_21,0.428571428571429,H,0.214285714285714,C,0.214285714285714,O,0.107142857142857,P,0.0357142857142857,Nb",tm_nb
TAE-PTComp_1537_tm_nb_22,TAE-PTComp,0.173289323591563,108.740692307692,1413.629,13,"-0.0769230769230769,tm_nb_22,0.384615384615385,B,0.0769230769230769,N,0.0769230769230769,O,0.384615384615385,F,0.0769230769230769,Nb",tm_nb
TAE-PTComp_1538_tm_nb_23,TAE-PTComp,0.20748494582518,130.198769230769,1692.584,13,"-0.0769230769230769,tm_nb_23,0.384615384615385,C,0.461538461538462,O,0.0769230769230769,P,0.0769230769230769,Nb",tm_nb
TAE-PTComp_1539_tm_nb_24,TAE-PTComp,0.182218497185328,114.343833333333,686.063,6,"-0.166666666666667,tm_nb_24,0.833333333333333,F,0.166666666666667,Nb",tm_nb
TAE-PTComp_1540_tm_nb_25,TAE-PTComp,0.150333347780681,94.3356,471.678,5,"-0.2,tm_nb_25,0.2,O,0.6,Br,0.2,Nb",tm_nb
TAE-PTComp_1541_tm_nb_26,TAE-PTComp,0.17213983129303,108.019375,864.155,8,"-0.125,tm_nb_26,0.375,H,0.5,O,0.125,Nb",tm_nb
TAE-PTComp_1542_tm_nb_27,TAE-PTComp,0.193066220289064,121.150882352941,4119.13,34,"-0.0294117647058824,tm_nb_27,0.264705882352941,H,0.441176470588235,C,0.264705882352941,O,0.0294117647058824,Nb",tm_nb
TAE-PTComp_1543_tm_nb_28,TAE-PTComp,0.203210035055821,127.516222222222,1147.646,9,"-0.111111111111111,tm_nb_28,0.111111111111111,C_cation,0.333333333333333,C,0.444444444444444,N,0.111111111111111,Nb",tm_nb
TAE-PTComp_1544_tm_nb_29,TAE-PTComp,0.196222801019073,123.131666666667,369.395,3,"-0.333333333333333,tm_nb_29,0.333333333333333,C_cation,0.333333333333333,O,0.333333333333333,Nb",tm_nb
TAE-PTComp_1545_tm_nb_30,TAE-PTComp,0.185729605326727,116.547086956522,2680.583,23,"-0.0434782608695652,tm_nb_30,0.434782608695652,H,0.0434782608695652,C_cation,0.391304347826087,C,0.0869565217391304,Br,0.0434782608695652,Nb",tm_nb
TAE-PTComp_1546_tm_nb_31,TAE-PTComp,0.123574867320971,77.5444,387.722,5,"-0.2,tm_nb_31,0.6,H,0.2,Nb",tm_nb
TAE-PTComp_1547_tm_nb_32,TAE-PTComp,0.197341575628356,123.833708333333,2972.009,24,"-0.0416666666666667,tm_nb_32,0.25,H,0.416666666666667,C,0.208333333333333,O,0.0416666666666667,S_cation,0.0416666666666667,S,0.0416666666666667,Nb",tm_nb
TAE-PTComp_1548_tm_nb_33,TAE-PTComp,0.152667362288434,95.8002162162162,3544.608,37,"-0.027027027027027,tm_nb_33,0.648648648648649,H,0.027027027027027,C_cation,0.189189189189189,C,0.108108108108108,N,0.027027027027027,Nb",tm_nb
TAE-PTComp_1549_tm_nb_34,TAE-PTComp,0.165203667755688,103.666866666667,1555.003,15,"-0.0666666666666667,tm_nb_34,0.466666666666667,H,0.4,O,0.0666666666666667,Nb",tm_nb
TAE-PTComp_1550_tm_nb_35,TAE-PTComp,0.206928224066262,129.849421052632,4934.278,38,"-0.0263157894736842,tm_nb_35,0.315789473684211,H,0.0263157894736842,C_cation,0.5,C,0.105263157894737,N,0.0263157894736842,O,0.0263157894736842,Nb",tm_nb
TAE-PTComp_1551_tm_mo_1,TAE-PTComp,0.189908775056315,119.169555555556,2145.052,18,"-0.0555555555555556,tm_mo_1,0.277777777777778,H,0.388888888888889,C,0.0555555555555556,O_anion,0.222222222222222,O,0.0555555555555556,Mo",tm_mo
TAE-PTComp_1552_tm_mo_2,TAE-PTComp,0.162758976910251,102.1328,2553.32,25,"-0.04,tm_mo_2,0.36,H,0.36,C,0.04,S_anion,0.2,S,0.04,Mo",tm_mo
TAE-PTComp_1553_tm_mo_3,TAE-PTComp,0.180397761351477,113.201304347826,2603.63,23,"-0.0434782608695652,tm_mo_3,0.478260869565217,H,0.0434782608695652,C_anion,0.434782608695652,C,0.0434782608695652,Mo",tm_mo
TAE-PTComp_1554_tm_mo_4,TAE-PTComp,0.207962369552583,130.498357142857,1826.977,14,"-0.0714285714285714,tm_mo_4,0.0714285714285714,H,0.428571428571429,C,0.0714285714285714,O_anion,0.357142857142857,O,0.0714285714285714,Mo",tm_mo
TAE-PTComp_1555_tm_mo_5,TAE-PTComp,0.160715331043754,100.850392857143,2823.811,28,"-0.0357142857142857,tm_mo_5,0.321428571428571,H,0.107142857142857,C,0.392857142857143,O,0.107142857142857,P,0.0357142857142857,S,0.0357142857142857,Mo",tm_mo
TAE-PTComp_1556_tm_mo_6,TAE-PTComp,0.201858705303408,126.66825,4053.384,32,"-0.03125,tm_mo_6,0.25,H,0.5,C,0.1875,O,0.0625,Mo",tm_mo
TAE-PTComp_1557_tm_mo_7,TAE-PTComp,0.140855976065425,88.3884594594595,3270.373,37,"-0.027027027027027,tm_mo_7,0.648648648648649,H,0.216216216216216,C,0.108108108108108,Si,0.027027027027027,Mo",tm_mo
TAE-PTComp_1558_tm_mo_8,TAE-PTComp,0.163862750797431,102.825428571429,719.778,7,"-0.142857142857143,tm_mo_8,0.285714285714286,H,0.571428571428571,O,0.142857142857143,Mo",tm_mo
TAE-PTComp_1559_tm_mo_9,TAE-PTComp,0.196783748725122,123.483666666667,2963.608,24,"-0.0416666666666667,tm_mo_9,0.125,H,0.375,C,0.0416666666666667,N,0.333333333333333,O,0.0416666666666667,S,0.0833333333333333,Mo",tm_mo
TAE-PTComp_1560_tm_mo_10,TAE-PTComp,0.188065396714554,118.012818181818,3894.423,33,"-0.0303030303030303,tm_mo_10,0.363636363636364,H,0.454545454545455,C,0.121212121212121,O,0.0606060606060606,Mo",tm_mo
TAE-PTComp_1561_tm_mo_11,TAE-PTComp,0.130045376612349,81.6047058823529,1387.28,17,"-0.0588235294117647,tm_mo_11,0.470588235294118,H,0.0588235294117647,B,0.117647058823529,C,0.0588235294117647,N,0.0588235294117647,S,0.117647058823529,Cl,0.117647058823529,Mo",tm_mo
TAE-PTComp_1562_tm_mo_12,TAE-PTComp,0.134277513324417,84.2604117647059,1432.427,17,"-0.0588235294117647,tm_mo_12,0.470588235294118,H,0.0588235294117647,B,0.117647058823529,C,0.0588235294117647,N,0.0588235294117647,S,0.117647058823529,Cl,0.117647058823529,Mo",tm_mo
TAE-PTComp_1563_tm_mo_13,TAE-PTComp,0.129084220679712,81.0015714285714,1134.022,14,"-0.0714285714285714,tm_mo_13,0.5,H,0.0714285714285714,B,0.0714285714285714,C,0.0714285714285714,N,0.0714285714285714,S,0.0714285714285714,Br,0.142857142857143,Mo",tm_mo
TAE-PTComp_1564_tm_mo_14,TAE-PTComp,0.204338312922162,128.224227272727,2820.933,22,"-0.0454545454545455,tm_mo_14,0.363636363636364,C,0.0909090909090909,N,0.454545454545455,O,0.0909090909090909,Mo",tm_mo
TAE-PTComp_1565_tm_mo_15,TAE-PTComp,0.156095893723612,97.951652173913,2252.888,23,"-0.0434782608695652,tm_mo_15,0.521739130434783,H,0.217391304347826,C,0.173913043478261,N,0.0434782608695652,O,0.0434782608695652,Mo",tm_mo
TAE-PTComp_1566_tm_mo_16,TAE-PTComp,0.159837140546366,100.29932,2507.483,25,"-0.04,tm_mo_16,0.48,H,0.24,B,0.24,N,0.04,Mo",tm_mo
TAE-PTComp_1567_tm_mo_17,TAE-PTComp,0.177338542259882,111.281615384615,1446.661,13,"-0.0769230769230769,tm_mo_17,0.461538461538462,B,0.461538461538462,F,0.0769230769230769,Mo",tm_mo
TAE-PTComp_1568_tm_mo_18,TAE-PTComp,0.146690078154656,92.0494137931035,2669.433,29,"-0.0344827586206897,tm_mo_18,0.517241379310345,H,0.206896551724138,C,0.0344827586206897,N,0.137931034482759,O,0.0689655172413793,P,0.0344827586206897,Mo",tm_mo
TAE-PTComp_1569_tm_mo_19,TAE-PTComp,0.181590055146389,113.94948,2848.737,25,"-0.04,tm_mo_19,0.48,H,0.48,C,0.04,Mo",tm_mo
TAE-PTComp_1570_tm_mo_20,TAE-PTComp,0.170250218388348,106.833625,1709.338,16,"-0.0625,tm_mo_20,0.375,H,0.375,C,0.1875,O,0.0625,Mo",tm_mo
TAE-PTComp_1571_tm_mo_21,TAE-PTComp,0.146973762761317,92.2274285714286,645.592,7,"-0.142857142857143,tm_mo_21,0.857142857142857,F,0.142857142857143,Mo",tm_mo
TAE-PTComp_1572_tm_mo_22,TAE-PTComp,0.131059375832994,82.241,411.205,5,"-0.2,tm_mo_22,0.2,N,0.6,Cl,0.2,Mo",tm_mo
TAE-PTComp_1573_tm_mo_23,TAE-PTComp,0.147343326523284,92.4593333333333,832.134,9,"-0.111111111111111,tm_mo_23,0.444444444444444,O,0.444444444444444,P,0.111111111111111,Mo",tm_mo
TAE-PTComp_1574_tm_mo_24,TAE-PTComp,0.152992962340007,96.0045333333333,1440.068,15,"-0.0666666666666667,tm_mo_24,0.4,H,0.2,C,0.2,O,0.133333333333333,P,0.0666666666666667,Mo",tm_mo
TAE-PTComp_1575_tm_mo_25,TAE-PTComp,0.172412848130632,108.190695652174,2488.386,23,"-0.0434782608695652,tm_mo_25,0.434782608695652,H,0.434782608695652,C,0.0434782608695652,Mo,0.0869565217391304,I",tm_mo
TAE-PTComp_1576_tm_mo_26,TAE-PTComp,0.154937149844511,97.2245294117647,1652.817,17,"-0.0588235294117647,tm_mo_26,0.470588235294118,H,0.176470588235294,C,0.117647058823529,N,0.176470588235294,O,0.0588235294117647,Mo",tm_mo
TAE-PTComp_1577_tm_mo_27,TAE-PTComp,0.14365556144159,90.1452258064516,2794.502,31,"-0.032258064516129,tm_mo_27,0.612903225806452,H,0.258064516129032,C,0.032258064516129,O,0.032258064516129,P,0.032258064516129,S,0.032258064516129,Mo",tm_mo
TAE-PTComp_1578_tm_mo_28,TAE-PTComp,0.135578165509543,85.0765833333333,1020.919,12,"-0.0833333333333333,tm_mo_28,0.333333333333333,H,0.166666666666667,C,0.0833333333333333,O,0.333333333333333,Cl,0.0833333333333333,Mo",tm_mo
TAE-PTComp_1579_tm_mo_29,TAE-PTComp,0.142625735067389,89.499,536.994,6,"-0.166666666666667,tm_mo_29,0.333333333333333,H,0.166666666666667,C,0.166666666666667,N,0.166666666666667,S_cation,0.166666666666667,Mo",tm_mo
TAE-PTComp_1580_tm_mo_30,TAE-PTComp,0.188470195625191,118.266833333333,4257.606,36,"-0.0277777777777778,tm_mo_30,0.416666666666667,H,0.0277777777777778,C_cation,0.416666666666667,C,0.0555555555555556,N,0.0555555555555556,O,0.0277777777777778,Mo",tm_mo
TAE-PTComp_1581_tm_tc_1,TAE-PTComp,0.15386118765032,96.5493529411765,1641.339,17,"-0.0588235294117647,tm_tc_1,0.0588235294117647,H_anion,0.411764705882353,H,0.470588235294118,B,0.0588235294117647,Tc",tm_tc
TAE-PTComp_1582_tm_tc_2,TAE-PTComp,0.169793264893762,106.546882352941,1811.297,17,"-0.0588235294117647,tm_tc_2,0.470588235294118,H,0.0588235294117647,C_anion,0.411764705882353,C,0.0588235294117647,Tc",tm_tc
TAE-PTComp_1583_tm_tc_3,TAE-PTComp,0.15965480825845,100.184904761905,2103.883,21,"-0.0476190476190476,tm_tc_3,0.476190476190476,H,0.19047619047619,B,0.0476190476190476,C_anion,0.0476190476190476,C,0.19047619047619,N,0.0476190476190476,Tc",tm_tc
TAE-PTComp_1584_tm_tc_4,TAE-PTComp,0.180564452721731,113.305904761905,2379.424,21,"-0.0476190476190476,tm_tc_4,0.476190476190476,H,0.0476190476190476,C_anion,0.428571428571429,C,0.0476190476190476,Tc",tm_tc
TAE-PTComp_1585_tm_tc_5,TAE-PTComp,0.19674443988966,123.459,2963.016,24,"-0.0416666666666667,tm_tc_5,0.125,H,0.375,C,0.125,N,0.25,O,0.0416666666666667,S,0.0833333333333333,Tc",tm_tc
TAE-PTComp_1586_tm_tc_6,TAE-PTComp,0.199823477067362,125.391125,3009.387,24,"-0.0416666666666667,tm_tc_6,0.125,H,0.375,C,0.125,N,0.291666666666667,O,0.0833333333333333,Tc",tm_tc
TAE-PTComp_1587_tm_tc_7,TAE-PTComp,0.18563908678544,116.490285714286,3261.728,28,"-0.0357142857142857,tm_tc_7,0.285714285714286,H,0.357142857142857,C,0.214285714285714,O,0.0714285714285714,P,0.0714285714285714,Tc",tm_tc
TAE-PTComp_1588_tm_tc_8,TAE-PTComp,0.146049281294344,91.6473076923077,2382.83,26,"-0.0384615384615385,tm_tc_8,0.5,H,0.230769230769231,C,0.0384615384615385,N,0.0769230769230769,O,0.115384615384615,P,0.0384615384615385,Tc",tm_tc
TAE-PTComp_1589_tm_tc_9,TAE-PTComp,0.190085133615414,119.280222222222,2147.044,18,"-0.0555555555555556,tm_tc_9,0.277777777777778,H,0.388888888888889,C,0.277777777777778,O,0.0555555555555556,Tc",tm_tc
TAE-PTComp_1590_tm_tc_10,TAE-PTComp,0.190083620498897,119.279272727273,3936.216,33,"-0.0303030303030303,tm_tc_10,0.363636363636364,H,0.454545454545455,C,0.121212121212121,O,0.0606060606060606,Tc",tm_tc
TAE-PTComp_1591_tm_tc_11,TAE-PTComp,0.189697896514559,119.037227272727,2618.819,22,"-0.0454545454545455,tm_tc_11,0.318181818181818,H,0.454545454545455,C,0.181818181818182,O,0.0454545454545455,Tc",tm_tc
TAE-PTComp_1592_tm_tc_12,TAE-PTComp,0.187893074262446,117.904684210526,2240.189,19,"-0.0526315789473684,tm_tc_12,0.368421052631579,H,0.473684210526316,C,0.105263157894737,O,0.0526315789473684,Tc",tm_tc
TAE-PTComp_1593_tm_tc_13,TAE-PTComp,0.20724452040213,130.0479,2600.958,20,"-0.05,tm_tc_13,0.4,C,0.4,O,0.1,Tc,0.1,I",tm_tc
TAE-PTComp_1594_tm_tc_14,TAE-PTComp,0.150534533832946,94.4618461538462,2456.008,26,"-0.0384615384615385,tm_tc_14,0.538461538461538,H,0.230769230769231,C,0.0384615384615385,N,0.0769230769230769,O,0.0769230769230769,P,0.0384615384615385,Tc",tm_tc
TAE-PTComp_1595_tm_tc_15,TAE-PTComp,0.167424652372645,105.060555555556,1891.09,18,"-0.0555555555555556,tm_tc_15,0.333333333333333,H,0.277777777777778,C,0.277777777777778,O,0.0555555555555556,P,0.0555555555555556,Tc",tm_tc
TAE-PTComp_1596_tm_tc_16,TAE-PTComp,0.140858112352758,88.3898,1767.796,20,"-0.05,tm_tc_16,0.5,H,0.15,C,0.15,O,0.15,P,0.05,Tc",tm_tc
TAE-PTComp_1597_tm_tc_17,TAE-PTComp,0.208748641119047,130.99175,1571.901,12,"-0.0833333333333333,tm_tc_17,0.416666666666667,C,0.416666666666667,O,0.0833333333333333,Br,0.0833333333333333,Tc",tm_tc
TAE-PTComp_1598_tm_tc_18,TAE-PTComp,0.209715957191695,131.59875,1579.185,12,"-0.0833333333333333,tm_tc_18,0.416666666666667,C,0.416666666666667,O,0.0833333333333333,Cl,0.0833333333333333,Tc",tm_tc
TAE-PTComp_1599_tm_tc_19,TAE-PTComp,0.176510880836298,110.76225,2215.245,20,"-0.05,tm_tc_19,0.3,H,0.35,C,0.1,O,0.05,Si,0.15,Cl,0.05,Tc",tm_tc
TAE-PTComp_1600_tm_tc_20,TAE-PTComp,0.061186725598567,38.39525,153.581,4,"-0.25,tm_tc_20,0.75,H,0.25,Tc",tm_tc
TAE-PTComp_1601_tm_tc_21,TAE-PTComp,0.18182487763023,114.096833333333,4107.486,36,"-0.0277777777777778,tm_tc_21,0.416666666666667,H,0.444444444444444,C,0.0555555555555556,N,0.0555555555555556,O,0.0277777777777778,Tc",tm_tc
TAE-PTComp_1602_tm_tc_22,TAE-PTComp,0.159796981790138,100.27412,2506.853,25,"-0.04,tm_tc_22,0.6,H,0.32,C,0.04,P_cation,0.04,Tc",tm_tc
TAE-PTComp_1603_tm_tc_23,TAE-PTComp,0.151253441844276,94.9129677419355,2942.302,31,"-0.032258064516129,tm_tc_23,0.612903225806452,H,0.258064516129032,C,0.032258064516129,O,0.032258064516129,P,0.032258064516129,S_cation,0.032258064516129,Tc",tm_tc
TAE-PTComp_1604_tm_tc_24,TAE-PTComp,0.185918369815413,116.665538461538,1516.652,13,"-0.0769230769230769,tm_tc_24,0.0769230769230769,B_cation,0.384615384615385,B,0.461538461538462,F,0.0769230769230769,Tc",tm_tc
TAE-PTComp_1605_tm_tc_25,TAE-PTComp,0.216815705123885,136.053909090909,1496.593,11,"-0.0909090909090909,tm_tc_25,0.0909090909090909,C_cation,0.181818181818182,C,0.363636363636364,N,0.272727272727273,O,0.0909090909090909,Tc",tm_tc
TAE-PTComp_1606_tm_tc_26,TAE-PTComp,0.179794282075286,112.822615384615,1466.694,13,"-0.0769230769230769,tm_tc_26,0.461538461538462,C,0.0769230769230769,S_cation,0.384615384615385,S,0.0769230769230769,Tc",tm_tc
TAE-PTComp_1607_tm_tc_27,TAE-PTComp,0.137591212630843,86.3397894736842,1640.456,19,"-0.0526315789473684,tm_tc_27,0.578947368421053,H,0.315789473684211,O,0.0526315789473684,Tc",tm_tc
TAE-PTComp_1608_tm_tc_28,TAE-PTComp,0.133437666618528,83.7334,2093.335,25,"-0.04,tm_tc_28,0.68,H,0.24,N,0.04,Tc",tm_tc
TAE-PTComp_1609_tm_tc_29,TAE-PTComp,0.195935647320022,122.951475,4918.059,40,"-0.025,tm_tc_29,0.3,H,0.45,C,0.025,N,0.15,O,0.025,Si_cation,0.05,Tc",tm_tc
TAE-PTComp_1610_tm_tc_30,TAE-PTComp,0.195934770839231,122.950925,4918.037,40,"-0.025,tm_tc_30,0.3,H,0.45,C,0.025,N,0.15,O,0.025,Si_cation,0.05,Tc",tm_tc
TAE-PTComp_1611_tm_ru_1,TAE-PTComp,0.1187430432451,74.5123846153846,968.661,13,"-0.0769230769230769,tm_ru_1,0.384615384615385,H,0.0769230769230769,B,0.0769230769230769,C,0.0769230769230769,F_anion,0.153846153846154,F,0.153846153846154,S,0.0769230769230769,Ru",tm_ru
TAE-PTComp_1612_tm_ru_2,TAE-PTComp,0.149773405269384,93.9842307692308,1221.795,13,"-0.0769230769230769,tm_ru_2,0.384615384615385,H,0.0769230769230769,B,0.153846153846154,C,0.0769230769230769,N,0.0769230769230769,O_anion,0.0769230769230769,O,0.153846153846154,Ru",tm_ru
TAE-PTComp_1613_tm_ru_3,TAE-PTComp,0.177996866368855,111.69472,2792.368,25,"-0.04,tm_ru_3,0.36,H,0.36,C,0.04,O_anion,0.2,O,0.04,Ru",tm_ru
TAE-PTComp_1614_tm_ru_4,TAE-PTComp,0.168318491818087,105.621448275862,3063.022,29,"-0.0344827586206897,tm_ru_4,0.517241379310345,H,0.379310344827586,C,0.0344827586206897,O_anion,0.0344827586206897,O,0.0344827586206897,Ru",tm_ru
TAE-PTComp_1615_tm_ru_5,TAE-PTComp,0.164472333302242,103.207947368421,1960.951,19,"-0.0526315789473684,tm_ru_5,0.473684210526316,H,0.368421052631579,C,0.0526315789473684,Si_anion,0.0526315789473684,Si,0.0526315789473684,Ru",tm_ru
TAE-PTComp_1616_tm_ru_6,TAE-PTComp,0.143783908347509,90.2257647058824,1533.838,17,"-0.0588235294117647,tm_ru_6,0.470588235294118,H,0.470588235294118,B,0.0588235294117647,Ru",tm_ru
TAE-PTComp_1617_tm_ru_7,TAE-PTComp,0.171920007254719,107.881433333333,3236.443,30,"-0.0333333333333333,tm_ru_7,0.4,H,0.4,C,0.133333333333333,Cl,0.0666666666666667,Ru",tm_ru
TAE-PTComp_1618_tm_ru_8,TAE-PTComp,0.201681257783327,126.5569,3796.707,30,"-0.0333333333333333,tm_ru_8,0.266666666666667,H,0.5,C,0.166666666666667,O,0.0666666666666667,Ru",tm_ru
TAE-PTComp_1619_tm_ru_9,TAE-PTComp,0.160072961687108,100.4473,2008.946,20,"-0.05,tm_ru_9,0.4,H,0.35,C,0.15,P,0.05,Cl,0.05,Ru",tm_ru
TAE-PTComp_1620_tm_ru_10,TAE-PTComp,0.177181327348822,111.182961538462,2890.757,26,"-0.0384615384615385,tm_ru_10,0.384615384615385,H,0.384615384615385,C,0.0769230769230769,N,0.0769230769230769,O,0.0769230769230769,Ru",tm_ru
TAE-PTComp_1621_tm_ru_11,TAE-PTComp,0.150376804599015,94.3628695652174,2170.346,23,"-0.0434782608695652,tm_ru_11,0.478260869565217,H,0.0434782608695652,B,0.217391304347826,C,0.0434782608695652,N,0.0869565217391304,O,0.0434782608695652,F,0.0434782608695652,S,0.0434782608695652,Ru",tm_ru
TAE-PTComp_1622_tm_ru_12,TAE-PTComp,0.120898573066598,75.865,1669.03,22,"-0.0454545454545455,tm_ru_12,0.5,H,0.0454545454545455,B,0.0909090909090909,C,0.136363636363636,F,0.0454545454545455,P,0.0909090909090909,S,0.0909090909090909,Ru",tm_ru
TAE-PTComp_1623_tm_ru_13,TAE-PTComp,0.176234705513467,110.588947368421,4202.38,38,"-0.0263157894736842,tm_ru_13,0.447368421052632,H,0.421052631578947,C,0.0263157894736842,N,0.0263157894736842,O,0.0526315789473684,P,0.0263157894736842,Ru",tm_ru
TAE-PTComp_1624_tm_ru_14,TAE-PTComp,0.18402624485252,115.478212121212,3810.781,33,"-0.0303030303030303,tm_ru_14,0.393939393939394,H,0.454545454545455,C,0.0909090909090909,N,0.0303030303030303,O,0.0303030303030303,Ru",tm_ru
TAE-PTComp_1625_tm_ru_15,TAE-PTComp,0.165427459126939,103.80729787234,4878.943,47,"-0.0212765957446809,tm_ru_15,0.574468085106383,H,0.382978723404255,C,0.0212765957446809,Cl,0.0212765957446809,Ru",tm_ru
TAE-PTComp_1626_tm_ru_16,TAE-PTComp,0.113515764041104,71.2322173913043,1638.341,23,"-0.0434782608695652,tm_ru_16,0.695652173913043,H,0.0434782608695652,C,0.173913043478261,P,0.0434782608695652,S,0.0434782608695652,Ru",tm_ru
TAE-PTComp_1627_tm_ru_17,TAE-PTComp,0.166287157373139,104.346766666667,3130.403,30,"-0.0333333333333333,tm_ru_17,0.5,H,0.333333333333333,C,0.0666666666666667,N,0.0333333333333333,O,0.0333333333333333,P,0.0333333333333333,Ru",tm_ru
TAE-PTComp_1628_tm_ru_18,TAE-PTComp,0.18875471988187,118.445375,3790.252,32,"-0.03125,tm_ru_18,0.34375,H,0.4375,C,0.125,O,0.03125,P,0.0625,Ru",tm_ru
TAE-PTComp_1629_tm_ru_19,TAE-PTComp,0.148886357675303,93.4276,2335.69,25,"-0.04,tm_ru_19,0.4,H,0.16,C,0.16,N,0.24,O,0.04,Ru",tm_ru
TAE-PTComp_1630_tm_ru_20,TAE-PTComp,0.167415865431384,105.055041666667,2521.321,24,"-0.0416666666666667,tm_ru_20,0.416666666666667,H,0.333333333333333,C,0.166666666666667,N,0.0416666666666667,O,0.0416666666666667,Ru",tm_ru
TAE-PTComp_1631_tm_ru_21,TAE-PTComp,0.181705188504073,114.021727272727,1254.239,11,"-0.0909090909090909,tm_ru_21,0.454545454545455,B,0.454545454545455,F,0.0909090909090909,Ru",tm_ru
TAE-PTComp_1632_tm_ru_22,TAE-PTComp,0.133145400114865,83.55,751.95,9,"-0.111111111111111,tm_ru_22,0.444444444444444,H,0.222222222222222,C,0.222222222222222,Cl,0.111111111111111,Ru",tm_ru
TAE-PTComp_1633_tm_ru_23,TAE-PTComp,0.206990158846948,129.888285714286,909.218,7,"-0.142857142857143,tm_ru_23,0.428571428571429,C,0.428571428571429,O,0.142857142857143,Ru",tm_ru
TAE-PTComp_1634_tm_ru_24,TAE-PTComp,0.178139986776557,111.784529411765,1900.337,17,"-0.0588235294117647,tm_ru_24,0.352941176470588,H,0.352941176470588,C,0.176470588235294,O,0.0588235294117647,Si,0.0588235294117647,Ru",tm_ru
TAE-PTComp_1635_tm_ru_25,TAE-PTComp,0.209335919467032,131.360272727273,1444.963,11,"-0.0909090909090909,tm_ru_25,0.363636363636364,C,0.181818181818182,N,0.363636363636364,O,0.0909090909090909,Ru",tm_ru
TAE-PTComp_1636_tm_ru_26,TAE-PTComp,0.195727909654968,122.821117647059,2087.959,17,"-0.0588235294117647,tm_ru_26,0.294117647058824,H,0.470588235294118,C,0.0588235294117647,N,0.117647058823529,O,0.0588235294117647,Ru",tm_ru
TAE-PTComp_1637_tm_ru_27,TAE-PTComp,0.166334468019456,104.376454545455,1148.141,11,"-0.0909090909090909,tm_ru_27,0.454545454545455,C,0.454545454545455,S,0.0909090909090909,Ru",tm_ru
TAE-PTComp_1638_tm_ru_28,TAE-PTComp,0.166587979998807,104.535535714286,2926.995,28,"-0.0357142857142857,tm_ru_28,0.571428571428571,H,0.392857142857143,C,0.0357142857142857,Ru",tm_ru
TAE-PTComp_1639_tm_ru_29,TAE-PTComp,0.190052145295799,119.25952173913,2742.969,23,"-0.0434782608695652,tm_ru_29,0.260869565217391,H,0.391304347826087,C,0.260869565217391,O,0.0869565217391304,Ru",tm_ru
TAE-PTComp_1640_tm_ru_30,TAE-PTComp,0.219491093654613,137.732740740741,3718.784,27,"-0.037037037037037,tm_ru_30,0.444444444444444,C,0.444444444444444,O,0.111111111111111,Ru",tm_ru
TAE-PTComp_1641_tm_ru_31,TAE-PTComp,0.183652286958797,115.24355,2304.871,20,"-0.05,tm_ru_31,0.4,H,0.5,C,0.05,S,0.05,Ru",tm_ru
TAE-PTComp_1642_tm_ru_32,TAE-PTComp,0.164005292754594,102.914875,2469.957,24,"-0.0416666666666667,tm_ru_32,0.5,H,0.375,C,0.0833333333333333,P,0.0416666666666667,Ru",tm_ru
TAE-PTComp_1643_tm_ru_33,TAE-PTComp,0.152764638665641,95.8612580645161,2971.699,31,"-0.032258064516129,tm_ru_33,0.612903225806452,H,0.258064516129032,C,0.032258064516129,N,0.032258064516129,P,0.032258064516129,S_cation,0.032258064516129,Ru",tm_ru
TAE-PTComp_1644_tm_ru_34,TAE-PTComp,0.191699721321262,120.293391304348,2766.748,23,"-0.0434782608695652,tm_ru_34,0.478260869565217,H,0.0434782608695652,C_cation,0.434782608695652,C,0.0434782608695652,Ru",tm_ru
TAE-PTComp_1645_tm_ru_35,TAE-PTComp,0.186336411591143,116.927863636364,2572.413,22,"-0.0454545454545455,tm_ru_35,0.5,H,0.0454545454545455,C_cation,0.409090909090909,C,0.0454545454545455,Ru",tm_ru
TAE-PTComp_1646_tm_ru_36,TAE-PTComp,0.180439745820657,113.22765,2264.553,20,"-0.05,tm_ru_36,0.45,H,0.4,C,0.05,N,0.05,P_cation,0.05,Ru",tm_ru
TAE-PTComp_1647_tm_rh_1,TAE-PTComp,0.14218406229971,89.2218461538462,1159.884,13,"-0.0769230769230769,tm_rh_1,0.384615384615385,H,0.0769230769230769,B,0.153846153846154,C,0.0769230769230769,N,0.0769230769230769,O_anion,0.0769230769230769,O,0.153846153846154,Rh",tm_rh
TAE-PTComp_1648_tm_rh_2,TAE-PTComp,0.127645157189278,80.0985454545454,881.084,11,"-0.0909090909090909,tm_rh_2,0.454545454545455,H,0.181818181818182,C,0.0909090909090909,O_anion,0.0909090909090909,O,0.181818181818182,Rh",tm_rh
TAE-PTComp_1649_tm_rh_3,TAE-PTComp,0.13989202562979,87.7835714285714,614.485,7,"-0.142857142857143,tm_rh_3,0.428571428571429,H,0.142857142857143,C,0.142857142857143,N,0.142857142857143,O_anion,0.142857142857143,Rh",tm_rh
TAE-PTComp_1650_tm_rh_4,TAE-PTComp,0.178116338119117,111.769689655172,3241.321,29,"-0.0344827586206897,tm_rh_4,0.413793103448276,H,0.0344827586206897,C_anion,0.379310344827586,C,0.137931034482759,N,0.0344827586206897,Rh",tm_rh
TAE-PTComp_1651_tm_rh_5,TAE-PTComp,0.178724433073217,112.151275,4486.051,40,"-0.025,tm_rh_5,0.35,H,0.35,C,0.25,N,0.05,Rh",tm_rh
TAE-PTComp_1652_tm_rh_6,TAE-PTComp,0.135126087341708,84.7929,847.929,10,"-0.1,tm_rh_6,0.3,H,0.2,C,0.1,N,0.3,Cl,0.1,Rh",tm_rh
TAE-PTComp_1653_tm_rh_7,TAE-PTComp,0.195894572242967,122.9257,2458.514,20,"-0.05,tm_rh_7,0.15,H,0.4,C,0.3,O,0.05,P,0.1,Rh",tm_rh
TAE-PTComp_1654_tm_rh_8,TAE-PTComp,0.173082700695348,108.611034482759,3149.72,29,"-0.0344827586206897,tm_rh_8,0.517241379310345,H,0.0689655172413793,B,0.379310344827586,C,0.0344827586206897,Rh",tm_rh
TAE-PTComp_1655_tm_rh_9,TAE-PTComp,0.199835030677784,125.398375,3009.561,24,"-0.0416666666666667,tm_rh_9,0.25,H,0.5,C,0.166666666666667,O,0.0833333333333333,Rh",tm_rh
TAE-PTComp_1656_tm_rh_10,TAE-PTComp,0.167850729639074,105.327923076923,2738.526,26,"-0.0384615384615385,tm_rh_10,0.384615384615385,H,0.384615384615385,C,0.0769230769230769,S,0.0769230769230769,Cl,0.0769230769230769,Rh",tm_rh
TAE-PTComp_1657_tm_rh_11,TAE-PTComp,0.110930885819872,69.6101818181818,765.712,11,"-0.0909090909090909,tm_rh_11,0.545454545454545,H,0.181818181818182,C,0.0909090909090909,P,0.0909090909090909,S,0.0909090909090909,Rh",tm_rh
TAE-PTComp_1658_tm_rh_12,TAE-PTComp,0.141597442771311,88.8537368421053,1688.221,19,"-0.0526315789473684,tm_rh_12,0.578947368421053,H,0.263157894736842,C,0.105263157894737,P,0.0526315789473684,Rh",tm_rh
TAE-PTComp_1659_tm_rh_13,TAE-PTComp,0.168536499242345,105.75825,2961.231,28,"-0.0357142857142857,tm_rh_13,0.535714285714286,H,0.392857142857143,C,0.0357142857142857,O,0.0357142857142857,Rh",tm_rh
TAE-PTComp_1660_tm_rh_14,TAE-PTComp,0.127972304248044,80.3038333333333,963.646,12,"-0.0833333333333333,tm_rh_14,0.5,H,0.0833333333333333,C,0.0833333333333333,O,0.166666666666667,P,0.0833333333333333,Cl,0.0833333333333333,Rh",tm_rh
TAE-PTComp_1661_tm_rh_15,TAE-PTComp,0.175598783053465,110.1899,2203.798,20,"-0.05,tm_rh_15,0.3,H,0.3,C,0.2,O,0.1,S,0.1,Rh",tm_rh
TAE-PTComp_1662_tm_rh_16,TAE-PTComp,0.185228544700791,116.232666666667,697.396,6,"-0.166666666666667,tm_rh_16,0.333333333333333,C,0.333333333333333,O,0.166666666666667,Cl,0.166666666666667,Rh",tm_rh
TAE-PTComp_1663_tm_rh_17,TAE-PTComp,0.119281067607393,74.85,1047.9,14,"-0.0714285714285714,tm_rh_17,0.428571428571429,H,0.0714285714285714,C,0.0714285714285714,O,0.142857142857143,P,0.0714285714285714,Cl,0.0714285714285714,Rh,0.142857142857143,I",tm_rh
TAE-PTComp_1664_tm_rh_18,TAE-PTComp,0.193740235579468,121.573833333333,1458.886,12,"-0.0833333333333333,tm_rh_18,0.333333333333333,C,0.333333333333333,O,0.166666666666667,Cl,0.166666666666667,Rh",tm_rh
TAE-PTComp_1665_tm_rh_19,TAE-PTComp,0.146113730214024,91.68775,2567.257,28,"-0.0357142857142857,tm_rh_19,0.571428571428571,H,0.285714285714286,C,0.0714285714285714,Cl,0.0714285714285714,Rh",tm_rh
TAE-PTComp_1666_tm_rh_20,TAE-PTComp,0.146887113845052,92.1730555555555,1659.115,18,"-0.0555555555555556,tm_rh_20,0.444444444444444,H,0.222222222222222,C,0.111111111111111,P,0.111111111111111,S,0.111111111111111,Rh",tm_rh
TAE-PTComp_1667_tm_rh_21,TAE-PTComp,0.181407432171286,113.834882352941,1935.193,17,"-0.0588235294117647,tm_rh_21,0.352941176470588,H,0.411764705882353,C,0.0588235294117647,N,0.117647058823529,O,0.0588235294117647,Rh",tm_rh
TAE-PTComp_1668_tm_rh_22,TAE-PTComp,0.183851991778957,115.368866666667,1730.533,15,"-0.0666666666666667,tm_rh_22,0.333333333333333,H,0.466666666666667,C,0.133333333333333,N,0.0666666666666667,Rh",tm_rh
TAE-PTComp_1669_tm_rh_23,TAE-PTComp,0.152619209682832,95.77,670.39,7,"-0.142857142857143,tm_rh_23,0.428571428571429,H,0.428571428571429,C,0.142857142857143,Rh",tm_rh
TAE-PTComp_1670_tm_rh_24,TAE-PTComp,0.0710060992569484,44.557,267.342,6,"-0.166666666666667,tm_rh_24,0.833333333333333,H,0.166666666666667,Rh",tm_rh
TAE-PTComp_1671_tm_rh_25,TAE-PTComp,0.19355475807881,121.457444444444,1093.117,9,"-0.111111111111111,tm_rh_25,0.333333333333333,C,0.111111111111111,N,0.444444444444444,O,0.111111111111111,Rh",tm_rh
TAE-PTComp_1672_tm_rh_26,TAE-PTComp,0.161599337661025,101.405115384615,2636.533,26,"-0.0384615384615385,tm_rh_26,0.384615384615385,H,0.153846153846154,C,0.0769230769230769,N,0.307692307692308,O,0.0769230769230769,Rh",tm_rh
TAE-PTComp_1673_tm_rh_27,TAE-PTComp,0.168554399782632,105.769482758621,3067.315,29,"-0.0344827586206897,tm_rh_27,0.517241379310345,H,0.379310344827586,C,0.0689655172413793,O,0.0344827586206897,Rh",tm_rh
TAE-PTComp_1674_tm_rh_28,TAE-PTComp,0.162753386025208,102.129291666667,2451.103,24,"-0.0416666666666667,tm_rh_28,0.375,H,0.291666666666667,C,0.166666666666667,N,0.0416666666666667,O,0.0416666666666667,Rh,0.0833333333333333,I",tm_rh
TAE-PTComp_1675_tm_rh_29,TAE-PTComp,0.188829946865864,118.492580645161,3673.27,31,"-0.032258064516129,tm_rh_29,0.419354838709677,H,0.548387096774194,C,0.032258064516129,Rh",tm_rh
TAE-PTComp_1676_tm_rh_30,TAE-PTComp,0.18082235220408,113.467739130435,2609.758,23,"-0.0434782608695652,tm_rh_30,0.478260869565217,H,0.0434782608695652,C_cation,0.391304347826087,C,0.0434782608695652,N,0.0434782608695652,Rh",tm_rh
TAE-PTComp_1677_tm_rh_31,TAE-PTComp,0.118590772584655,74.4168333333333,893.002,12,"-0.0833333333333333,tm_rh_31,0.75,H,0.0833333333333333,B_cation,0.0833333333333333,C,0.0833333333333333,Rh",tm_rh
TAE-PTComp_1678_tm_rh_32,TAE-PTComp,0.182613975942102,114.592,1260.512,11,"-0.0909090909090909,tm_rh_32,0.0909090909090909,B_cation,0.363636363636364,B,0.454545454545455,F,0.0909090909090909,Rh",tm_rh
TAE-PTComp_1679_tm_rh_33,TAE-PTComp,0.174341735752168,109.401090909091,1203.412,11,"-0.0909090909090909,tm_rh_33,0.454545454545455,C,0.0909090909090909,S_cation,0.363636363636364,S,0.0909090909090909,Rh",tm_rh
TAE-PTComp_1680_tm_rh_34,TAE-PTComp,0.131515570804542,82.5272666666667,1237.909,15,"-0.0666666666666667,tm_rh_34,0.533333333333333,H,0.266666666666667,O,0.0666666666666667,Br_cation,0.0666666666666667,Br,0.0666666666666667,Rh",tm_rh
TAE-PTComp_1681_tm_rh_35,TAE-PTComp,0.175815001219049,110.325578947368,2096.186,19,"-0.0526315789473684,tm_rh_35,0.421052631578947,H,0.0526315789473684,C_cation,0.263157894736842,C,0.105263157894737,N,0.105263157894737,O,0.0526315789473684,Rh",tm_rh
TAE-PTComp_1682_tm_rh_36,TAE-PTComp,0.154398688792159,96.88664,2422.166,25,"-0.04,tm_rh_36,0.4,H,0.04,C_cation,0.12,C,0.16,N,0.24,O,0.04,Rh",tm_rh
TAE-PTComp_1683_tm_pd_1,TAE-PTComp,0.124718834112981,78.26225,939.147,12,"-0.0833333333333333,tm_pd_1,0.583333333333333,H,0.0833333333333333,B,0.166666666666667,C,0.0833333333333333,F_anion,0.0833333333333333,Pd",tm_pd
TAE-PTComp_1684_tm_pd_2,TAE-PTComp,0.116941081205504,73.3816363636364,1614.396,22,"-0.0454545454545455,tm_pd_2,0.5,H,0.0454545454545455,B,0.0909090909090909,C,0.0454545454545455,F_anion,0.0909090909090909,F,0.0909090909090909,P,0.0454545454545455,S,0.0909090909090909,Pd",tm_pd
TAE-PTComp_1685_tm_pd_3,TAE-PTComp,0.0790386473033755,49.5975,198.39,4,"-0.25,tm_pd_3,0.25,H_anion,0.5,H,0.25,Pd",tm_pd
TAE-PTComp_1686_tm_pd_4,TAE-PTComp,0.152875029584204,95.9305294117647,1630.819,17,"-0.0588235294117647,tm_pd_4,0.470588235294118,H,0.235294117647059,B,0.235294117647059,N,0.0588235294117647,Pd",tm_pd
TAE-PTComp_1687_tm_pd_5,TAE-PTComp,0.145313255358556,91.1854444444444,1641.338,18,"-0.0555555555555556,tm_pd_5,0.333333333333333,H,0.222222222222222,C,0.222222222222222,N,0.111111111111111,Br,0.111111111111111,Pd",tm_pd
TAE-PTComp_1688_tm_pd_6,TAE-PTComp,0.18523551670708,116.237041666667,2789.689,24,"-0.0416666666666667,tm_pd_6,0.25,H,0.0833333333333333,B,0.416666666666667,C,0.166666666666667,O,0.0833333333333333,Pd",tm_pd
TAE-PTComp_1689_tm_pd_7,TAE-PTComp,0.117195043325521,73.541,1323.738,18,"-0.0555555555555556,tm_pd_7,0.444444444444444,H,0.0555555555555556,B,0.0555555555555556,C,0.166666666666667,F,0.111111111111111,P,0.0555555555555556,S,0.111111111111111,Pd",tm_pd
TAE-PTComp_1690_tm_pd_8,TAE-PTComp,0.121623263320365,76.31975,1526.395,20,"-0.05,tm_pd_8,0.55,H,0.05,B,0.1,C,0.15,F,0.05,P,0.1,Pd",tm_pd
TAE-PTComp_1691_tm_pd_9,TAE-PTComp,0.13450888550491,84.4056,844.056,10,"-0.1,tm_pd_9,0.3,H,0.3,C,0.2,S,0.1,Cl,0.1,Pd",tm_pd
TAE-PTComp_1692_tm_pd_10,TAE-PTComp,0.16530408396264,103.729878787879,3423.086,33,"-0.0303030303030303,tm_pd_10,0.454545454545455,H,0.0303030303030303,B,0.303030303030303,C,0.181818181818182,N,0.0303030303030303,Pd",tm_pd
TAE-PTComp_1693_tm_pd_11,TAE-PTComp,0.164446450846695,103.191705882353,3508.518,34,"-0.0294117647058824,tm_pd_11,0.5,H,0.382352941176471,C,0.0588235294117647,N,0.0294117647058824,Pd,0.0294117647058824,I",tm_pd
TAE-PTComp_1694_tm_pd_12,TAE-PTComp,0.162324162757991,101.85995,2037.199,20,"-0.05,tm_pd_12,0.5,H,0.35,C,0.1,O,0.05,Pd",tm_pd
TAE-PTComp_1695_tm_pd_13,TAE-PTComp,0.19891722691647,124.822444444444,2246.804,18,"-0.0555555555555556,tm_pd_13,0.444444444444444,C,0.111111111111111,N,0.333333333333333,O,0.111111111111111,Pd",tm_pd
TAE-PTComp_1696_tm_pd_14,TAE-PTComp,0.137698142355378,86.4068888888889,1555.324,18,"-0.0555555555555556,tm_pd_14,0.444444444444444,H,0.222222222222222,C,0.222222222222222,P,0.111111111111111,Pd",tm_pd
TAE-PTComp_1697_tm_pd_15,TAE-PTComp,0.144175227893809,90.4713214285714,2533.197,28,"-0.0357142857142857,tm_pd_15,0.571428571428571,H,0.285714285714286,C,0.0714285714285714,S,0.0714285714285714,Pd",tm_pd
TAE-PTComp_1698_tm_pd_16,TAE-PTComp,0.166084317554289,104.219482758621,3022.365,29,"-0.0344827586206897,tm_pd_16,0.482758620689655,H,0.344827586206897,C,0.137931034482759,O,0.0344827586206897,Pd",tm_pd
TAE-PTComp_1699_tm_pd_17,TAE-PTComp,0.154386607418437,96.8790588235294,1646.944,17,"-0.0588235294117647,tm_pd_17,0.588235294117647,H,0.352941176470588,C,0.0588235294117647,Pd",tm_pd
TAE-PTComp_1700_tm_pd_18,TAE-PTComp,0.162800198067438,102.158666666667,919.428,9,"-0.111111111111111,tm_pd_18,0.444444444444444,B,0.444444444444444,F,0.111111111111111,Pd",tm_pd
TAE-PTComp_1701_tm_pd_19,TAE-PTComp,0.223599431887865,140.310761904762,2946.526,21,"-0.0476190476190476,tm_pd_19,0.952380952380952,C,0.0476190476190476,Pd",tm_pd
TAE-PTComp_1702_tm_pd_20,TAE-PTComp,0.198499450387199,124.560285714286,871.922,7,"-0.142857142857143,tm_pd_20,0.428571428571429,C,0.428571428571429,O,0.142857142857143,Pd",tm_pd
TAE-PTComp_1703_tm_pd_21,TAE-PTComp,0.14784531097614,92.7743333333333,834.969,9,"-0.111111111111111,tm_pd_21,0.444444444444444,C,0.444444444444444,S,0.111111111111111,Pd",tm_pd
TAE-PTComp_1704_tm_pd_22,TAE-PTComp,0.128369631582486,80.55316,2013.829,25,"-0.04,tm_pd_22,0.64,H,0.16,C,0.16,P,0.04,Pd",tm_pd
TAE-PTComp_1705_tm_pd_23,TAE-PTComp,0.0956858063213277,60.04375,240.175,4,"-0.25,tm_pd_23,0.5,H,0.25,O,0.25,Pd",tm_pd
TAE-PTComp_1706_tm_pd_24,TAE-PTComp,0.0704940219949866,44.2356666666667,132.707,3,"-0.333333333333333,tm_pd_24,0.333333333333333,H,0.333333333333333,F,0.333333333333333,Pd",tm_pd
TAE-PTComp_1707_tm_pd_25,TAE-PTComp,0.167936375500954,105.381666666667,948.435,9,"-0.111111111111111,tm_pd_25,0.888888888888889,N,0.111111111111111,Pd",tm_pd
TAE-PTComp_1708_tm_pd_26,TAE-PTComp,0.10767964914137,67.57,472.99,7,"-0.142857142857143,tm_pd_26,0.571428571428571,H,0.285714285714286,N,0.142857142857143,Pd",tm_pd
TAE-PTComp_1709_tm_pd_27,TAE-PTComp,0.148486907413769,93.1769411764706,1584.008,17,"-0.0588235294117647,tm_pd_27,0.705882352941177,F,0.235294117647059,P,0.0588235294117647,Pd",tm_pd
TAE-PTComp_1710_tm_pd_28,TAE-PTComp,0.196747540951917,123.460945945946,4568.055,37,"-0.027027027027027,tm_pd_28,0.324324324324324,H,0.540540540540541,C,0.108108108108108,N,0.027027027027027,Pd",tm_pd
TAE-PTComp_1711_tm_pd_29,TAE-PTComp,0.10390387613512,65.2006666666667,586.806,9,"-0.111111111111111,tm_pd_29,0.666666666666667,H,0.222222222222222,Si,0.111111111111111,Pd",tm_pd
TAE-PTComp_1712_tm_pd_30,TAE-PTComp,0.12492386542522,78.3909090909091,862.3,11,"-0.0909090909090909,tm_pd_30,0.454545454545455,H,0.0909090909090909,B_cation,0.0909090909090909,C,0.181818181818182,F,0.0909090909090909,P,0.0909090909090909,Pd",tm_pd
TAE-PTComp_1713_tm_pd_31,TAE-PTComp,0.132877037632766,83.3816,1250.724,15,"-0.0666666666666667,tm_pd_31,0.733333333333333,H,0.0666666666666667,C_cation,0.133333333333333,N,0.0666666666666667,Pd",tm_pd
TAE-PTComp_1714_tm_pd_32,TAE-PTComp,0.134905692262883,84.6546,846.546,10,"-0.1,tm_pd_32,0.3,H,0.1,C_cation,0.1,C,0.1,N,0.3,Cl,0.1,Pd",tm_pd
TAE-PTComp_1715_tm_pd_33,TAE-PTComp,0.170697024391426,107.114,749.798,7,"-0.142857142857143,tm_pd_33,0.428571428571429,H,0.142857142857143,C_cation,0.285714285714286,C,0.142857142857143,Pd",tm_pd
TAE-PTComp_1716_tm_pd_34,TAE-PTComp,0.124208881652936,77.94225,1247.076,16,"-0.0625,tm_pd_34,0.625,H,0.0625,C,0.0625,O,0.0625,P_cation,0.125,P,0.0625,Pd",tm_pd
TAE-PTComp_1717_tm_pd_35,TAE-PTComp,0.171805291763645,107.809448275862,3126.474,29,"-0.0344827586206897,tm_pd_35,0.517241379310345,H,0.0344827586206897,C_cation,0.344827586206897,C,0.0689655172413793,O,0.0344827586206897,Pd",tm_pd
TAE-PTComp_1718_tm_ag_1,TAE-PTComp,0.0671071939796172,42.1104,210.552,5,"-0.2,tm_ag_1,0.2,Cl_anion,0.6,Cl,0.2,Ag",tm_ag
TAE-PTComp_1719_tm_ag_2,TAE-PTComp,0.0828114987069894,51.965,155.895,3,"-0.333333333333333,tm_ag_2,0.333333333333333,F_anion,0.333333333333333,F,0.333333333333333,Ag",tm_ag
TAE-PTComp_1720_tm_ag_3,TAE-PTComp,0.122119935768429,76.6314166666667,919.577,12,"-0.0833333333333333,tm_ag_3,0.666666666666667,H,0.0833333333333333,C_anion,0.166666666666667,C,0.0833333333333333,Ag",tm_ag
TAE-PTComp_1721_tm_ag_4,TAE-PTComp,0.0433180710786633,27.1825,54.365,2,"-0.5,tm_ag_4,0.5,S_anion,0.5,Ag",tm_ag
TAE-PTComp_1722_tm_ag_5,TAE-PTComp,0.175150535940121,109.908620689655,3187.35,29,"-0.0344827586206897,tm_ag_5,0.413793103448276,H,0.0344827586206897,C_anion,0.379310344827586,C,0.137931034482759,N,0.0344827586206897,Ag",tm_ag
TAE-PTComp_1723_tm_ag_6,TAE-PTComp,0.144175573757857,90.4715384615385,1176.13,13,"-0.0769230769230769,tm_ag_6,0.230769230769231,H,0.230769230769231,B,0.0769230769230769,C_anion,0.0769230769230769,C,0.153846153846154,N,0.230769230769231,Ag",tm_ag
TAE-PTComp_1724_tm_ag_7,TAE-PTComp,0.154240699145631,96.7875,580.725,6,"-0.166666666666667,tm_ag_7,0.333333333333333,C,0.333333333333333,N,0.333333333333333,Ag",tm_ag
TAE-PTComp_1725_tm_ag_8,TAE-PTComp,0.134173095975317,84.1948888888889,1515.508,18,"-0.0555555555555556,tm_ag_8,0.444444444444444,H,0.222222222222222,C,0.111111111111111,Si,0.111111111111111,P,0.111111111111111,Ag",tm_ag
TAE-PTComp_1726_tm_ag_9,TAE-PTComp,0.0618793446234015,38.829875,310.639,8,"-0.125,tm_ag_9,0.5,H,0.5,Ag",tm_ag
TAE-PTComp_1727_tm_ag_10,TAE-PTComp,0.0787284926235747,49.402875,395.223,8,"-0.125,tm_ag_10,0.5,Ag,0.5,I",tm_ag
TAE-PTComp_1728_tm_ag_11,TAE-PTComp,0.0553736659544138,34.7475,69.495,2,"-0.5,tm_ag_11,0.5,Br,0.5,Ag",tm_ag
TAE-PTComp_1729_tm_ag_12,TAE-PTComp,0.139429368983841,87.49325,349.973,4,"-0.25,tm_ag_12,0.25,H,0.5,C,0.25,Ag",tm_ag
TAE-PTComp_1730_tm_ag_13,TAE-PTComp,0.189308518514803,118.792888888889,1069.136,9,"-0.111111111111111,tm_ag_13,0.111111111111111,B,0.333333333333333,C,0.444444444444444,O,0.111111111111111,Ag",tm_ag
TAE-PTComp_1731_tm_ag_14,TAE-PTComp,0.0908610982887992,57.0162,285.081,5,"-0.2,tm_ag_14,0.6,H,0.2,Si,0.2,Ag",tm_ag
TAE-PTComp_1732_tm_ag_15,TAE-PTComp,0.139654315786773,87.63440625,2804.301,32,"-0.03125,tm_ag_15,0.625,H,0.25,C,0.0625,P,0.0625,Ag",tm_ag
TAE-PTComp_1733_tm_ag_16,TAE-PTComp,0.160290570914532,100.583851851852,2715.764,27,"-0.037037037037037,tm_ag_16,0.333333333333333,H,0.333333333333333,C,0.111111111111111,N,0.111111111111111,P,0.111111111111111,Ag",tm_ag
TAE-PTComp_1734_tm_ag_17,TAE-PTComp,0.145903175624076,91.555625,1464.89,16,"-0.0625,tm_ag_17,0.25,H,0.25,C,0.25,N,0.125,Ag,0.125,I",tm_ag
TAE-PTComp_1735_tm_ag_18,TAE-PTComp,0.177401704039939,111.32125,2671.71,24,"-0.0416666666666667,tm_ag_18,0.25,H,0.0833333333333333,B,0.416666666666667,C,0.166666666666667,O,0.0833333333333333,Ag",tm_ag
TAE-PTComp_1736_tm_ag_19,TAE-PTComp,0.110743461733908,69.4925714285714,972.896,14,"-0.0714285714285714,tm_ag_19,0.571428571428571,H,0.0714285714285714,C,0.0714285714285714,N,0.0714285714285714,O,0.214285714285714,Ag",tm_ag
TAE-PTComp_1737_tm_ag_20,TAE-PTComp,0.114797270762411,72.036375,1152.582,16,"-0.0625,tm_ag_20,0.4375,H,0.125,C,0.0625,N,0.125,O,0.25,Ag",tm_ag
TAE-PTComp_1738_tm_ag_21,TAE-PTComp,0.154821301269412,97.1518333333333,1165.822,12,"-0.0833333333333333,tm_ag_21,0.25,H,0.0833333333333333,B,0.166666666666667,C,0.166666666666667,N,0.166666666666667,O,0.166666666666667,Ag",tm_ag
TAE-PTComp_1739_tm_ag_22,TAE-PTComp,0.105915654934628,66.4630769230769,864.02,13,"-0.0769230769230769,tm_ag_22,0.461538461538462,H,0.0769230769230769,B,0.0769230769230769,C,0.230769230769231,F,0.153846153846154,Ag",tm_ag
TAE-PTComp_1740_tm_ag_23,TAE-PTComp,0.148370423080631,93.1038461538461,1210.35,13,"-0.0769230769230769,tm_ag_23,0.461538461538462,H,0.230769230769231,C,0.0769230769230769,N,0.153846153846154,O,0.0769230769230769,Ag",tm_ag
TAE-PTComp_1741_tm_ag_24,TAE-PTComp,0.129767142133894,81.4301111111111,1465.742,18,"-0.0555555555555556,tm_ag_24,0.222222222222222,H,0.222222222222222,C,0.444444444444444,S,0.111111111111111,Ag",tm_ag
TAE-PTComp_1742_tm_ag_25,TAE-PTComp,0.163616653203989,102.671,2977.459,29,"-0.0344827586206897,tm_ag_25,0.517241379310345,H,0.379310344827586,C,0.0689655172413793,O,0.0344827586206897,Ag",tm_ag
TAE-PTComp_1743_tm_ag_26,TAE-PTComp,0.173704386393356,109.001148148148,2943.031,27,"-0.037037037037037,tm_ag_26,0.444444444444444,H,0.444444444444444,C,0.037037037037037,N,0.037037037037037,O,0.037037037037037,Ag",tm_ag
TAE-PTComp_1744_tm_ag_27,TAE-PTComp,0.156942369159368,98.4828235294118,1674.208,17,"-0.0588235294117647,tm_ag_27,0.470588235294118,H,0.0588235294117647,B_cation,0.176470588235294,B,0.235294117647059,N,0.0588235294117647,Ag",tm_ag
TAE-PTComp_1745_tm_ag_28,TAE-PTComp,0.142234601530534,89.25356,2231.339,25,"-0.04,tm_ag_28,0.64,H,0.04,C_cation,0.12,C,0.16,O,0.04,Ag",tm_ag
TAE-PTComp_1746_tm_ag_29,TAE-PTComp,0.156386660548241,98.1341111111111,883.207,9,"-0.111111111111111,tm_ag_29,0.111111111111111,B_cation,0.333333333333333,B,0.444444444444444,F,0.111111111111111,Ag",tm_ag
TAE-PTComp_1747_tm_ag_30,TAE-PTComp,0.150070509783566,94.1706666666667,282.512,3,"-0.333333333333333,tm_ag_30,0.333333333333333,C,0.333333333333333,S_cation,0.333333333333333,Ag",tm_ag
TAE-PTComp_1748_tm_ag_31,TAE-PTComp,0.108199350692563,67.8961176470588,1154.234,17,"-0.0588235294117647,tm_ag_31,0.705882352941177,H,0.0588235294117647,P_cation,0.176470588235294,P,0.0588235294117647,Ag",tm_ag
TAE-PTComp_1749_tm_ag_32,TAE-PTComp,0.153166877376901,96.1136666666667,865.023,9,"-0.111111111111111,tm_ag_32,0.555555555555556,H,0.111111111111111,C_cation,0.111111111111111,C,0.111111111111111,N,0.111111111111111,Ag",tm_ag
TAE-PTComp_1750_tm_ag_33,TAE-PTComp,0.157459718458917,98.8074651162791,4248.721,43,"-0.0232558139534884,tm_ag_33,0.558139534883721,H,0.0232558139534884,C_cation,0.255813953488372,C,0.13953488372093,O,0.0232558139534884,Ag",tm_ag
TAE-PTComp_1751_tm_ag_34,TAE-PTComp,0.119402931246742,74.9264705882353,1273.75,17,"-0.0588235294117647,tm_ag_34,0.294117647058824,H,0.0588235294117647,C,0.0588235294117647,N,0.117647058823529,O,0.0588235294117647,F,0.0588235294117647,S_cation,0.0588235294117647,Cl,0.294117647058824,Ag",tm_ag
TAE-PTComp_1752_tm_ag_35,TAE-PTComp,0.169133170180622,106.132666666667,636.796,6,"-0.166666666666667,tm_ag_35,0.166666666666667,H,0.333333333333333,N,0.166666666666667,O,0.166666666666667,Ag",tm_ag
TAE-PTComp_1753_tm_cd_1,TAE-PTComp,0.166300500387967,104.355139534884,4487.271,43,"-0.0232558139534884,tm_cd_1,0.488372093023256,H,0.348837209302326,C,0.0232558139534884,O_anion,0.116279069767442,O,0.0232558139534884,Cd",tm_cd
TAE-PTComp_1754_tm_cd_2,TAE-PTComp,0.0593987047855343,37.27325,149.093,4,"-0.25,tm_cd_2,0.25,H_anion,0.5,H,0.25,Cd",tm_cd
TAE-PTComp_1755_tm_cd_3,TAE-PTComp,0.0930695111610814,58.402,233.608,4,"-0.25,tm_cd_3,0.25,H,0.25,O_anion,0.25,O,0.25,Cd",tm_cd
TAE-PTComp_1756_tm_cd_4,TAE-PTComp,0.0959770789209365,60.2265263157895,1144.304,19,"-0.0526315789473684,tm_cd_4,0.368421052631579,H,0.105263157894737,C,0.105263157894737,O,0.105263157894737,F,0.0526315789473684,P,0.0526315789473684,Cl_anion,0.210526315789474,Cd",tm_cd
TAE-PTComp_1757_tm_cd_5,TAE-PTComp,0.132511398363964,83.1521578947368,1579.891,19,"-0.0526315789473684,tm_cd_5,0.421052631578947,H,0.105263157894737,C,0.210526315789474,N,0.105263157894737,S,0.105263157894737,Cl,0.0526315789473684,Cd",tm_cd
TAE-PTComp_1758_tm_cd_6,TAE-PTComp,0.070547142042908,44.269,265.614,6,"-0.166666666666667,tm_cd_6,0.666666666666667,Br,0.333333333333333,Cd",tm_cd
TAE-PTComp_1759_tm_cd_7,TAE-PTComp,0.142521088572983,89.4333333333333,1609.8,18,"-0.0555555555555556,tm_cd_7,0.444444444444444,H,0.444444444444444,C,0.111111111111111,Cd",tm_cd
TAE-PTComp_1760_tm_cd_8,TAE-PTComp,0.100824905357479,63.2685833333333,759.223,12,"-0.0833333333333333,tm_cd_8,0.666666666666667,F,0.333333333333333,Cd",tm_cd
TAE-PTComp_1761_tm_cd_9,TAE-PTComp,0.0726751975626972,45.604375,364.835,8,"-0.125,tm_cd_9,0.5,S,0.5,Cd",tm_cd
TAE-PTComp_1762_tm_cd_10,TAE-PTComp,0.00736024743992243,4.618625,36.949,8,"-0.125,tm_cd_10,1,Cd",tm_cd
TAE-PTComp_1763_tm_cd_11,TAE-PTComp,0.113957300518932,71.5092857142857,500.565,7,"-0.142857142857143,tm_cd_11,0.571428571428571,H,0.142857142857143,B,0.142857142857143,N,0.142857142857143,Cd",tm_cd
TAE-PTComp_1764_tm_cd_12,TAE-PTComp,0.106468793272546,66.8101764705882,1135.773,17,"-0.0588235294117647,tm_cd_12,0.705882352941177,H,0.235294117647059,B,0.0588235294117647,Cd",tm_cd
TAE-PTComp_1765_tm_cd_13,TAE-PTComp,0.146877782423301,92.1672,1382.508,15,"-0.0666666666666667,tm_cd_13,0.466666666666667,H,0.266666666666667,B,0.2,N,0.0666666666666667,Cd",tm_cd
TAE-PTComp_1766_tm_cd_14,TAE-PTComp,0.108859976606182,68.3106666666667,409.864,6,"-0.166666666666667,tm_cd_14,0.5,H,0.166666666666667,C,0.166666666666667,Br,0.166666666666667,Cd",tm_cd
TAE-PTComp_1767_tm_cd_15,TAE-PTComp,0.082629429742739,51.85075,207.403,4,"-0.25,tm_cd_15,0.5,H,0.25,C,0.25,Cd",tm_cd
TAE-PTComp_1768_tm_cd_16,TAE-PTComp,0.0730825619301941,45.86,137.58,3,"-0.333333333333333,tm_cd_16,0.666666666666667,Cl,0.333333333333333,Cd",tm_cd
TAE-PTComp_1769_tm_cd_17,TAE-PTComp,0.116489432022299,73.0982222222222,657.884,9,"-0.111111111111111,tm_cd_17,0.444444444444444,H,0.222222222222222,O,0.222222222222222,F,0.111111111111111,Cd",tm_cd
TAE-PTComp_1770_tm_cd_18,TAE-PTComp,0.169212926138286,106.182714285714,2229.837,21,"-0.0476190476190476,tm_cd_18,0.476190476190476,H,0.476190476190476,C,0.0476190476190476,Cd",tm_cd
TAE-PTComp_1771_tm_cd_19,TAE-PTComp,0.142353079821417,89.32790625,2858.493,32,"-0.03125,tm_cd_19,0.5,H,0.25,C,0.0625,O,0.125,Cl,0.0625,Cd",tm_cd
TAE-PTComp_1772_tm_cd_20,TAE-PTComp,0.103184099485786,64.749,776.988,12,"-0.0833333333333333,tm_cd_20,0.333333333333333,H,0.166666666666667,O,0.166666666666667,Cl,0.166666666666667,Br,0.166666666666667,Cd",tm_cd
TAE-PTComp_1773_tm_cd_21,TAE-PTComp,0.122226043064152,76.698,690.282,9,"-0.111111111111111,tm_cd_21,0.666666666666667,H,0.222222222222222,C,0.111111111111111,Cd",tm_cd
TAE-PTComp_1774_tm_cd_22,TAE-PTComp,0.104834008174223,65.7843333333333,394.706,6,"-0.166666666666667,tm_cd_22,0.5,H,0.166666666666667,N,0.166666666666667,O,0.166666666666667,Cd",tm_cd
TAE-PTComp_1775_tm_cd_23,TAE-PTComp,0.193402829956165,121.362108108108,4490.398,37,"-0.027027027027027,tm_cd_23,0.324324324324324,H,0.540540540540541,C,0.108108108108108,N,0.027027027027027,Cd",tm_cd
TAE-PTComp_1776_tm_cd_24,TAE-PTComp,0.129755013056285,81.4225,488.535,6,"-0.166666666666667,tm_cd_24,0.333333333333333,N,0.333333333333333,O,0.166666666666667,S,0.166666666666667,Cd",tm_cd
TAE-PTComp_1777_tm_cd_25,TAE-PTComp,0.103339169164141,64.8463076923077,843.002,13,"-0.0769230769230769,tm_cd_25,0.461538461538462,H,0.153846153846154,C,0.153846153846154,P,0.0769230769230769,S,0.153846153846154,Cd",tm_cd
TAE-PTComp_1778_tm_cd_26,TAE-PTComp,0.121831264526191,76.4502727272727,840.953,11,"-0.0909090909090909,tm_cd_26,0.363636363636364,H,0.181818181818182,C,0.181818181818182,N,0.0909090909090909,O,0.181818181818182,Cd",tm_cd
TAE-PTComp_1779_tm_cd_27,TAE-PTComp,0.11556797625769,72.52,942.76,13,"-0.0769230769230769,tm_cd_27,0.461538461538462,H,0.153846153846154,C,0.153846153846154,N,0.0769230769230769,O,0.153846153846154,Cd",tm_cd
TAE-PTComp_1780_tm_cd_28,TAE-PTComp,0.12815594391716,80.4190689655172,2332.153,29,"-0.0344827586206897,tm_cd_28,0.206896551724138,H,0.206896551724138,C,0.0344827586206897,O,0.413793103448276,S,0.137931034482759,Cd",tm_cd
TAE-PTComp_1781_tm_cd_29,TAE-PTComp,0.200335620729383,125.7125,251.425,2,"-0.5,tm_cd_29,0.5,F_cation,0.5,Cd",tm_cd
TAE-PTComp_1782_tm_cd_30,TAE-PTComp,0.0678412068017944,42.571,85.142,2,"-0.5,tm_cd_30,0.5,Cd,0.5,I_cation",tm_cd
TAE-PTComp_1783_tm_cd_31,TAE-PTComp,0.112230815487127,70.4259,704.259,10,"-0.1,tm_cd_31,0.2,H,0.1,C,0.1,N,0.1,Si_cation,0.1,Si,0.2,S,0.2,Cd",tm_cd
TAE-PTComp_1784_tm_hf_1,TAE-PTComp,0.175484955644111,110.118472222222,3964.265,36,"-0.0277777777777778,tm_hf_1,0.527777777777778,H,0.0277777777777778,C_anion,0.416666666666667,C,0.0277777777777778,Hf",tm_hf
TAE-PTComp_1785_tm_hf_2,TAE-PTComp,0.14764292359356,92.6473333333333,555.884,6,"-0.166666666666667,tm_hf_2,0.166666666666667,Cl_anion,0.666666666666667,Cl,0.166666666666667,Hf",tm_hf
TAE-PTComp_1786_tm_hf_3,TAE-PTComp,0.101277886566128,63.5528333333333,381.317,6,"-0.166666666666667,tm_hf_3,0.166666666666667,H_anion,0.666666666666667,H,0.166666666666667,Hf",tm_hf
TAE-PTComp_1787_tm_hf_4,TAE-PTComp,0.225879458173323,141.7415,1133.932,8,"-0.125,tm_hf_4,0.25,O,0.5,F,0.25,Hf",tm_hf
TAE-PTComp_1788_tm_hf_5,TAE-PTComp,0.152045214365012,95.4098125,1526.557,16,"-0.0625,tm_hf_5,0.375,H,0.125,C,0.375,Cl,0.125,Hf",tm_hf
TAE-PTComp_1789_tm_hf_6,TAE-PTComp,0.180667126185784,113.370333333333,1020.333,9,"-0.111111111111111,tm_hf_6,0.666666666666667,S,0.333333333333333,Hf",tm_hf
TAE-PTComp_1790_tm_hf_7,TAE-PTComp,0.154322200476299,96.8386428571429,1355.741,14,"-0.0714285714285714,tm_hf_7,0.214285714285714,H,0.214285714285714,C,0.428571428571429,S,0.0714285714285714,Cl,0.0714285714285714,Hf",tm_hf
TAE-PTComp_1791_tm_hf_8,TAE-PTComp,0.143646892102894,90.1397857142857,1261.957,14,"-0.0714285714285714,tm_hf_8,0.142857142857143,H,0.142857142857143,S,0.571428571428571,Cl,0.142857142857143,Hf",tm_hf
TAE-PTComp_1792_tm_hf_9,TAE-PTComp,0.140796936805804,88.3514117647059,1501.974,17,"-0.0588235294117647,tm_hf_9,0.470588235294118,H,0.235294117647059,N,0.235294117647059,O,0.0588235294117647,Hf",tm_hf
TAE-PTComp_1793_tm_hf_10,TAE-PTComp,0.140132704978344,87.9346,439.673,5,"-0.2,tm_hf_10,0.8,Br,0.2,Hf",tm_hf
TAE-PTComp_1794_tm_hf_11,TAE-PTComp,0.207768620501605,130.376777777778,1173.391,9,"-0.111111111111111,tm_hf_11,0.444444444444444,C,0.444444444444444,N,0.111111111111111,Hf",tm_hf
TAE-PTComp_1795_tm_hf_12,TAE-PTComp,0.173690292900448,108.992304347826,2506.823,23,"-0.0434782608695652,tm_hf_12,0.434782608695652,H,0.260869565217391,C,0.0869565217391304,N,0.173913043478261,O,0.0434782608695652,Hf",tm_hf
TAE-PTComp_1796_tm_hf_13,TAE-PTComp,0.134271013930318,84.2563333333333,758.307,9,"-0.111111111111111,tm_hf_13,0.666666666666667,H,0.222222222222222,C,0.111111111111111,Hf",tm_hf
TAE-PTComp_1797_tm_hf_14,TAE-PTComp,0.165948459861435,104.134230769231,1353.745,13,"-0.0769230769230769,tm_hf_14,0.923076923076923,N,0.0769230769230769,Hf",tm_hf
TAE-PTComp_1798_tm_hf_15,TAE-PTComp,0.170768382322467,107.158777777778,964.429,9,"-0.111111111111111,tm_hf_15,0.444444444444444,H,0.444444444444444,O,0.111111111111111,Hf",tm_hf
TAE-PTComp_1799_tm_hf_16,TAE-PTComp,0.158951954138667,99.7438571428572,2094.621,21,"-0.0476190476190476,tm_hf_16,0.571428571428571,H,0.19047619047619,C,0.19047619047619,O,0.0476190476190476,Hf",tm_hf
TAE-PTComp_1800_tm_hf_17,TAE-PTComp,0.143709384044984,90.179,270.537,3,"-0.333333333333333,tm_hf_17,0.333333333333333,O,0.333333333333333,S,0.333333333333333,Hf",tm_hf
TAE-PTComp_1801_tm_hf_18,TAE-PTComp,0.106970121536575,67.1247647058824,1141.121,17,"-0.0588235294117647,tm_hf_18,0.705882352941177,H,0.235294117647059,Si,0.0588235294117647,Hf",tm_hf
TAE-PTComp_1802_tm_hf_19,TAE-PTComp,0.157878360027286,99.0701666666667,594.421,6,"-0.166666666666667,tm_hf_19,0.666666666666667,O,0.166666666666667,S,0.166666666666667,Hf",tm_hf
TAE-PTComp_1803_tm_hf_20,TAE-PTComp,0.162743453357423,102.123058823529,1736.092,17,"-0.0588235294117647,tm_hf_20,0.470588235294118,H,0.411764705882353,O,0.117647058823529,Hf",tm_hf
TAE-PTComp_1804_tm_hf_21,TAE-PTComp,0.187957076393059,117.944846153846,1533.283,13,"-0.0769230769230769,tm_hf_21,0.307692307692308,H,0.461538461538462,C,0.153846153846154,N,0.0769230769230769,Hf",tm_hf
TAE-PTComp_1805_tm_hf_22,TAE-PTComp,0.195265722628388,122.531090909091,1347.842,11,"-0.0909090909090909,tm_hf_22,0.181818181818182,H,0.454545454545455,C,0.181818181818182,N,0.0909090909090909,O,0.0909090909090909,Hf",tm_hf
TAE-PTComp_1806_tm_hf_23,TAE-PTComp,0.145215237803464,91.1239375,1457.983,16,"-0.0625,tm_hf_23,0.5,H,0.0625,B,0.125,C,0.0625,N,0.125,Cl,0.125,Hf",tm_hf
TAE-PTComp_1807_tm_hf_24,TAE-PTComp,0.138049841339324,86.6275833333333,1039.531,12,"-0.0833333333333333,tm_hf_24,0.416666666666667,H,0.0833333333333333,B,0.166666666666667,C,0.0833333333333333,N,0.0833333333333333,S,0.0833333333333333,Cl,0.0833333333333333,Hf",tm_hf
TAE-PTComp_1808_tm_hf_25,TAE-PTComp,0.155690202237891,97.6970769230769,1270.062,13,"-0.0769230769230769,tm_hf_25,0.384615384615385,H,0.0769230769230769,B,0.153846153846154,C,0.0769230769230769,N,0.0769230769230769,S,0.0769230769230769,Cl,0.153846153846154,Hf",tm_hf
TAE-PTComp_1809_tm_hf_26,TAE-PTComp,0.146580456235073,91.980625,1471.69,16,"-0.0625,tm_hf_26,0.4375,H,0.0625,B,0.125,C,0.0625,N,0.125,S,0.0625,Cl,0.125,Hf",tm_hf
TAE-PTComp_1810_tm_hf_27,TAE-PTComp,0.17054708728225,107.019913043478,2461.458,23,"-0.0434782608695652,tm_hf_27,0.521739130434783,H,0.347826086956522,C,0.0869565217391304,N,0.0434782608695652,Hf",tm_hf
TAE-PTComp_1811_tm_hf_28,TAE-PTComp,0.15238205281434,95.6211818181818,2103.666,22,"-0.0454545454545455,tm_hf_28,0.636363636363636,H,0.0454545454545455,B,0.227272727272727,C,0.0454545454545455,F,0.0454545454545455,Hf",tm_hf
TAE-PTComp_1812_tm_hf_29,TAE-PTComp,0.13996362386581,87.8285,1053.942,12,"-0.0833333333333333,tm_hf_29,0.666666666666667,H,0.25,C,0.0833333333333333,Hf",tm_hf
TAE-PTComp_1813_tm_hf_30,TAE-PTComp,0.191119451775173,119.929266666667,1798.939,15,"-0.0666666666666667,tm_hf_30,0.466666666666667,H,0.0666666666666667,C_cation,0.4,C,0.0666666666666667,Hf",tm_hf
TAE-PTComp_1814_tm_hf_31,TAE-PTComp,0.12003902429117,75.325625,1205.21,16,"-0.0625,tm_hf_31,0.75,O,0.0625,Cl_cation,0.125,Cl,0.0625,Hf",tm_hf
TAE-PTComp_1815_tm_hf_32,TAE-PTComp,0.17726308415018,111.234264705882,3781.965,34,"-0.0294117647058824,tm_hf_32,0.558823529411765,H,0.0294117647058824,C_cation,0.382352941176471,C,0.0294117647058824,Hf",tm_hf
TAE-PTComp_1816_tm_hf_33,TAE-PTComp,0.279391000847854,175.3205,701.282,4,"-0.25,tm_hf_33,0.25,F_cation,0.5,F,0.25,Hf",tm_hf
TAE-PTComp_1817_tm_hf_34,TAE-PTComp,0.194179803976018,121.849666666667,731.098,6,"-0.166666666666667,tm_hf_34,0.166666666666667,H,0.166666666666667,C_cation,0.166666666666667,O,0.166666666666667,F,0.166666666666667,Cl,0.166666666666667,Hf",tm_hf
TAE-PTComp_1818_tm_hf_35,TAE-PTComp,0.141731269346176,88.9377142857143,622.564,7,"-0.142857142857143,tm_hf_35,0.428571428571429,H,0.142857142857143,S_cation,0.285714285714286,S,0.142857142857143,Hf",tm_hf
TAE-PTComp_1819_tm_hf_36,TAE-PTComp,0.16222213811738,101.795928571429,1425.143,14,"-0.0714285714285714,tm_hf_36,0.285714285714286,H,0.214285714285714,C,0.0714285714285714,O,0.0714285714285714,F,0.0714285714285714,P,0.0714285714285714,S_cation,0.0714285714285714,S,0.0714285714285714,Cl,0.0714285714285714,Hf",tm_hf
TAE-PTComp_1820_tm_ta_1,TAE-PTComp,0.12756424012607,80.0477692307692,1040.621,13,"-0.0769230769230769,tm_ta_1,0.538461538461538,H,0.0769230769230769,C,0.0769230769230769,S,0.0769230769230769,Cl_anion,0.0769230769230769,Cl,0.153846153846154,Ta",tm_ta
TAE-PTComp_1821_tm_ta_2,TAE-PTComp,0.136387468411071,85.5844285714286,599.091,7,"-0.142857142857143,tm_ta_2,0.142857142857143,Cl_anion,0.714285714285714,Cl,0.142857142857143,Ta",tm_ta
TAE-PTComp_1822_tm_ta_3,TAE-PTComp,0.14281148525096,89.61556,2240.389,25,"-0.04,tm_ta_3,0.72,H,0.04,C_anion,0.2,C,0.04,Ta",tm_ta
TAE-PTComp_1823_tm_ta_4,TAE-PTComp,0.161209783832673,101.160666666667,1820.892,18,"-0.0555555555555556,tm_ta_4,0.5,H,0.333333333333333,C,0.0555555555555556,N,0.0555555555555556,Cl,0.0555555555555556,Ta",tm_ta
TAE-PTComp_1824_tm_ta_5,TAE-PTComp,0.185017674710558,116.10034375,3715.211,32,"-0.03125,tm_ta_5,0.46875,H,0.5,C,0.03125,Ta",tm_ta
TAE-PTComp_1825_tm_ta_6,TAE-PTComp,0.187886383532801,117.900485714286,4126.517,35,"-0.0285714285714286,tm_ta_6,0.4,H,0.428571428571429,C,0.0285714285714286,N,0.0857142857142857,O,0.0285714285714286,S,0.0285714285714286,Ta",tm_ta
TAE-PTComp_1826_tm_ta_7,TAE-PTComp,0.175431614262656,110.085,1431.105,13,"-0.0769230769230769,tm_ta_7,0.384615384615385,H,0.384615384615385,C,0.153846153846154,Cl,0.0769230769230769,Ta",tm_ta
TAE-PTComp_1827_tm_ta_8,TAE-PTComp,0.183358767304912,115.059363636364,1265.653,11,"-0.0909090909090909,tm_ta_8,0.181818181818182,C,0.181818181818182,N,0.454545454545455,S,0.181818181818182,Ta",tm_ta
TAE-PTComp_1828_tm_ta_9,TAE-PTComp,0.182162367001357,114.308611111111,4115.11,36,"-0.0277777777777778,tm_ta_9,0.277777777777778,H,0.388888888888889,C,0.166666666666667,F,0.111111111111111,S,0.0555555555555556,Ta",tm_ta
TAE-PTComp_1829_tm_ta_10,TAE-PTComp,0.176175364828355,110.551710526316,4200.965,38,"-0.0263157894736842,tm_ta_10,0.473684210526316,H,0.315789473684211,C,0.157894736842105,N,0.0526315789473684,Ta",tm_ta
TAE-PTComp_1830_tm_ta_11,TAE-PTComp,0.202621323271391,127.1468,1271.468,10,"-0.1,tm_ta_11,0.2,C,0.2,N,0.1,O,0.3,S,0.2,Ta",tm_ta
TAE-PTComp_1831_tm_ta_12,TAE-PTComp,0.163624621211178,102.676,1437.464,14,"-0.0714285714285714,tm_ta_12,0.428571428571429,H,0.142857142857143,C,0.0714285714285714,N,0.285714285714286,O,0.0714285714285714,Ta",tm_ta
TAE-PTComp_1832_tm_ta_13,TAE-PTComp,0.133462961419529,83.7492727272727,921.242,11,"-0.0909090909090909,tm_ta_13,0.545454545454545,H,0.0909090909090909,B,0.0909090909090909,C,0.0909090909090909,N,0.0909090909090909,Cl,0.0909090909090909,Ta",tm_ta
TAE-PTComp_1833_tm_ta_14,TAE-PTComp,0.173124328381177,108.63715625,3476.389,32,"-0.03125,tm_ta_14,0.5,H,0.375,C,0.09375,N,0.03125,Ta",tm_ta
TAE-PTComp_1834_tm_ta_15,TAE-PTComp,0.148285372630277,93.0504761904762,1954.06,21,"-0.0476190476190476,tm_ta_15,0.619047619047619,H,0.142857142857143,C,0.19047619047619,N,0.0476190476190476,Ta",tm_ta
TAE-PTComp_1835_tm_ta_16,TAE-PTComp,0.172147400899859,108.024125,864.193,8,"-0.125,tm_ta_16,0.125,H,0.125,C,0.125,N,0.125,O,0.375,Cl,0.125,Ta",tm_ta
TAE-PTComp_1836_tm_ta_17,TAE-PTComp,0.152043720363664,95.408875,1526.542,16,"-0.0625,tm_ta_17,0.375,H,0.125,C,0.125,S,0.25,Cl,0.125,Ta",tm_ta
TAE-PTComp_1837_tm_ta_18,TAE-PTComp,0.193222458127749,121.248923076923,1576.236,13,"-0.0769230769230769,tm_ta_18,0.307692307692308,H,0.538461538461538,O,0.153846153846154,Ta",tm_ta
TAE-PTComp_1838_tm_ta_19,TAE-PTComp,0.144007564580649,90.3661111111111,813.295,9,"-0.111111111111111,tm_ta_19,0.333333333333333,H,0.111111111111111,N,0.111111111111111,Si,0.333333333333333,Cl,0.111111111111111,Ta",tm_ta
TAE-PTComp_1839_tm_ta_20,TAE-PTComp,0.159782163573341,100.264821428571,2807.415,28,"-0.0357142857142857,tm_ta_20,0.428571428571429,H,0.214285714285714,C,0.214285714285714,O,0.107142857142857,P,0.0357142857142857,Ta",tm_ta
TAE-PTComp_1840_tm_ta_21,TAE-PTComp,0.175693087483155,110.249076923077,1433.238,13,"-0.0769230769230769,tm_ta_21,0.384615384615385,B,0.0769230769230769,N,0.0769230769230769,O,0.384615384615385,F,0.0769230769230769,Ta",tm_ta
TAE-PTComp_1841_tm_ta_22,TAE-PTComp,0.209283876678824,131.327615384615,1707.259,13,"-0.0769230769230769,tm_ta_22,0.384615384615385,C,0.461538461538462,O,0.0769230769230769,P,0.0769230769230769,Ta",tm_ta
TAE-PTComp_1842_tm_ta_23,TAE-PTComp,0.195567034027484,122.720166666667,736.321,6,"-0.166666666666667,tm_ta_23,0.833333333333333,F,0.166666666666667,Ta",tm_ta
TAE-PTComp_1843_tm_ta_24,TAE-PTComp,0.103585421447832,65.0008333333333,390.005,6,"-0.166666666666667,tm_ta_24,0.833333333333333,I,0.166666666666667,Ta",tm_ta
TAE-PTComp_1844_tm_ta_25,TAE-PTComp,0.159562531146632,100.127,500.635,5,"-0.2,tm_ta_25,0.2,O,0.6,Br,0.2,Ta",tm_ta
TAE-PTComp_1845_tm_ta_26,TAE-PTComp,0.179456852293956,112.610875,900.887,8,"-0.125,tm_ta_26,0.375,H,0.5,O,0.125,Ta",tm_ta
TAE-PTComp_1846_tm_ta_27,TAE-PTComp,0.194422328241866,122.001852941176,4148.063,34,"-0.0294117647058824,tm_ta_27,0.264705882352941,H,0.441176470588235,C,0.264705882352941,O,0.0294117647058824,Ta",tm_ta
TAE-PTComp_1847_tm_ta_28,TAE-PTComp,0.184988535825447,116.082058823529,1973.395,17,"-0.0588235294117647,tm_ta_28,0.470588235294118,H,0.0588235294117647,C_cation,0.411764705882353,C,0.0588235294117647,Ta",tm_ta
TAE-PTComp_1848_tm_ta_29,TAE-PTComp,0.184252251340044,115.620033333333,3468.601,30,"-0.0333333333333333,tm_ta_29,0.466666666666667,H,0.0333333333333333,C_cation,0.3,C,0.166666666666667,O,0.0333333333333333,Ta",tm_ta
TAE-PTComp_1849_tm_ta_30,TAE-PTComp,0.210142909576863,131.866666666667,1186.8,9,"-0.111111111111111,tm_ta_30,0.111111111111111,C_cation,0.333333333333333,C,0.444444444444444,N,0.111111111111111,Ta",tm_ta
TAE-PTComp_1850_tm_ta_31,TAE-PTComp,0.187425127969358,117.611043478261,2705.054,23,"-0.0434782608695652,tm_ta_31,0.434782608695652,H,0.0434782608695652,C_cation,0.391304347826087,C,0.0869565217391304,Br,0.0434782608695652,Ta",tm_ta
TAE-PTComp_1851_tm_ta_32,TAE-PTComp,0.133533282704787,83.7934,418.967,5,"-0.2,tm_ta_32,0.6,H,0.2,Ta",tm_ta
TAE-PTComp_1852_tm_ta_33,TAE-PTComp,0.199424279907233,125.140625,3003.375,24,"-0.0416666666666667,tm_ta_33,0.25,H,0.416666666666667,C,0.208333333333333,O,0.0416666666666667,S_cation,0.0416666666666667,S,0.0416666666666667,Ta",tm_ta
TAE-PTComp_1853_tm_ta_34,TAE-PTComp,0.154247827281792,96.791972972973,3581.303,37,"-0.027027027027027,tm_ta_34,0.648648648648649,H,0.027027027027027,C_cation,0.189189189189189,C,0.108108108108108,N,0.027027027027027,Ta",tm_ta
TAE-PTComp_1854_tm_ta_35,TAE-PTComp,0.167871887762777,105.3412,1580.118,15,"-0.0666666666666667,tm_ta_35,0.466666666666667,H,0.4,O,0.0666666666666667,Ta",tm_ta
TAE-PTComp_1855_tm_ta_36,TAE-PTComp,0.208674391873117,130.945157894737,4975.916,38,"-0.0263157894736842,tm_ta_36,0.315789473684211,H,0.0263157894736842,C_cation,0.5,C,0.105263157894737,N,0.0263157894736842,O,0.0263157894736842,Ta",tm_ta
TAE-PTComp_1856_tm_w_1,TAE-PTComp,0.194814500015265,122.247944444444,2200.463,18,"-0.0555555555555556,tm_w_1,0.277777777777778,H,0.388888888888889,C,0.0555555555555556,O_anion,0.222222222222222,O,0.0555555555555556,W",tm_w
TAE-PTComp_1857_tm_w_2,TAE-PTComp,0.214231369950912,134.432214285714,1882.051,14,"-0.0714285714285714,tm_w_2,0.0714285714285714,H,0.428571428571429,C,0.0714285714285714,O_anion,0.357142857142857,O,0.0714285714285714,W",tm_w
TAE-PTComp_1858_tm_w_3,TAE-PTComp,0.166227163591017,104.30912,2607.728,25,"-0.04,tm_w_3,0.36,H,0.36,C,0.04,S_anion,0.2,S,0.04,W",tm_w
TAE-PTComp_1859_tm_w_4,TAE-PTComp,0.182896459118679,114.769260869565,2639.693,23,"-0.0434782608695652,tm_w_4,0.478260869565217,H,0.0434782608695652,C_anion,0.434782608695652,C,0.0434782608695652,W",tm_w
TAE-PTComp_1860_tm_w_5,TAE-PTComp,0.163585634890292,102.651535714286,2874.243,28,"-0.0357142857142857,tm_w_5,0.321428571428571,H,0.107142857142857,C,0.392857142857143,O,0.107142857142857,P,0.0357142857142857,S,0.0357142857142857,W",tm_w
TAE-PTComp_1861_tm_w_6,TAE-PTComp,0.143055878244624,89.7689189189189,3321.45,37,"-0.027027027027027,tm_w_6,0.648648648648649,H,0.216216216216216,C,0.108108108108108,Si,0.027027027027027,W",tm_w
TAE-PTComp_1862_tm_w_7,TAE-PTComp,0.181830607006828,114.100428571429,798.703,7,"-0.142857142857143,tm_w_7,0.285714285714286,H,0.571428571428571,O,0.142857142857143,W",tm_w
TAE-PTComp_1863_tm_w_8,TAE-PTComp,0.203458614746739,127.672208333333,3064.133,24,"-0.0416666666666667,tm_w_8,0.125,H,0.375,C,0.0416666666666667,N,0.333333333333333,O,0.0416666666666667,S,0.0833333333333333,W",tm_w
TAE-PTComp_1864_tm_w_9,TAE-PTComp,0.13702853811209,85.9867058823529,1461.774,17,"-0.0588235294117647,tm_w_9,0.470588235294118,H,0.0588235294117647,B,0.117647058823529,C,0.0588235294117647,N,0.0588235294117647,S,0.117647058823529,Cl,0.117647058823529,W",tm_w
TAE-PTComp_1865_tm_w_10,TAE-PTComp,0.142890460388559,89.6651176470588,1524.307,17,"-0.0588235294117647,tm_w_10,0.470588235294118,H,0.0588235294117647,B,0.117647058823529,C,0.0588235294117647,N,0.0588235294117647,S,0.117647058823529,Cl,0.117647058823529,W",tm_w
TAE-PTComp_1866_tm_w_11,TAE-PTComp,0.142698130104127,89.5444285714286,1253.622,14,"-0.0714285714285714,tm_w_11,0.5,H,0.0714285714285714,B,0.0714285714285714,C,0.0714285714285714,N,0.0714285714285714,S,0.0714285714285714,Br,0.142857142857143,W",tm_w
TAE-PTComp_1867_tm_w_12,TAE-PTComp,0.149274734831188,93.6713103448276,2716.468,29,"-0.0344827586206897,tm_w_12,0.517241379310345,H,0.206896551724138,C,0.0344827586206897,N,0.137931034482759,O,0.0689655172413793,P,0.0344827586206897,W",tm_w
TAE-PTComp_1868_tm_w_13,TAE-PTComp,0.157765479925453,98.9993333333333,1484.99,15,"-0.0666666666666667,tm_w_13,0.4,H,0.2,C,0.2,O,0.133333333333333,P,0.0666666666666667,W",tm_w
TAE-PTComp_1869_tm_w_14,TAE-PTComp,0.175851909320079,110.348739130435,2538.021,23,"-0.0434782608695652,tm_w_14,0.434782608695652,H,0.434782608695652,C,0.0869565217391304,I,0.0434782608695652,W",tm_w
TAE-PTComp_1870_tm_w_15,TAE-PTComp,0.159142851520966,99.8636470588235,1697.682,17,"-0.0588235294117647,tm_w_15,0.470588235294118,H,0.176470588235294,C,0.117647058823529,N,0.176470588235294,O,0.0588235294117647,W",tm_w
TAE-PTComp_1871_tm_w_16,TAE-PTComp,0.145585978254051,91.3565806451613,2832.054,31,"-0.032258064516129,tm_w_16,0.612903225806452,H,0.258064516129032,C,0.032258064516129,O,0.032258064516129,P,0.032258064516129,S,0.032258064516129,W",tm_w
TAE-PTComp_1872_tm_w_17,TAE-PTComp,0.21213348679081,133.115772727273,2928.547,22,"-0.0454545454545455,tm_w_17,0.363636363636364,C,0.0909090909090909,N,0.454545454545455,O,0.0909090909090909,W",tm_w
TAE-PTComp_1873_tm_w_18,TAE-PTComp,0.160604746486849,100.781,2317.963,23,"-0.0434782608695652,tm_w_18,0.521739130434783,H,0.217391304347826,C,0.173913043478261,N,0.0434782608695652,O,0.0434782608695652,W",tm_w
TAE-PTComp_1874_tm_w_19,TAE-PTComp,0.233885871156173,146.7656,2201.484,15,"-0.0666666666666667,tm_w_19,0.6,O,0.4,W",tm_w
TAE-PTComp_1875_tm_w_20,TAE-PTComp,0.161763039755783,101.50784,2537.696,25,"-0.04,tm_w_20,0.48,H,0.24,B,0.24,N,0.04,W",tm_w
TAE-PTComp_1876_tm_w_21,TAE-PTComp,0.184195686661323,115.584538461538,1502.599,13,"-0.0769230769230769,tm_w_21,0.461538461538462,B,0.461538461538462,F,0.0769230769230769,W",tm_w
TAE-PTComp_1877_tm_w_22,TAE-PTComp,0.118397074124199,74.2952857142857,520.067,7,"-0.142857142857143,tm_w_22,0.857142857142857,Cl,0.142857142857143,W",tm_w
TAE-PTComp_1878_tm_w_23,TAE-PTComp,0.175670256077943,110.23475,1763.756,16,"-0.0625,tm_w_23,0.375,H,0.375,C,0.1875,O,0.0625,W",tm_w
TAE-PTComp_1879_tm_w_24,TAE-PTComp,0.173707950430759,109.003384615385,1417.044,13,"-0.0769230769230769,tm_w_24,0.461538461538462,C,0.461538461538462,S,0.0769230769230769,W",tm_w
TAE-PTComp_1880_tm_w_25,TAE-PTComp,0.145546009701865,91.3315,1095.978,12,"-0.0833333333333333,tm_w_25,0.333333333333333,H,0.166666666666667,C,0.0833333333333333,O,0.333333333333333,Cl,0.0833333333333333,W",tm_w
TAE-PTComp_1881_tm_w_26,TAE-PTComp,0.172875705214029,108.481142857143,759.368,7,"-0.142857142857143,tm_w_26,0.857142857142857,F,0.142857142857143,W",tm_w
TAE-PTComp_1882_tm_w_27,TAE-PTComp,0.150410159369975,94.3838,471.919,5,"-0.2,tm_w_27,0.2,N,0.6,Cl,0.2,W",tm_w
TAE-PTComp_1883_tm_w_28,TAE-PTComp,0.171291756447954,107.4872,537.436,5,"-0.2,tm_w_28,0.4,O,0.4,Br,0.2,W",tm_w
TAE-PTComp_1884_tm_w_29,TAE-PTComp,0.154432728118867,96.908,872.172,9,"-0.111111111111111,tm_w_29,0.444444444444444,O,0.444444444444444,P,0.111111111111111,W",tm_w
TAE-PTComp_1885_tm_w_30,TAE-PTComp,0.160567828053543,100.757833333333,604.547,6,"-0.166666666666667,tm_w_30,0.333333333333333,H,0.166666666666667,C,0.166666666666667,N,0.166666666666667,S_cation,0.166666666666667,W",tm_w
TAE-PTComp_1886_tm_w_31,TAE-PTComp,0.145088646089262,91.0445,364.178,4,"-0.25,tm_w_31,0.25,Br_cation,0.5,Br,0.25,W",tm_w
TAE-PTComp_1887_tm_w_32,TAE-PTComp,0.191210747430867,119.986555555556,4319.516,36,"-0.0277777777777778,tm_w_32,0.416666666666667,H,0.0277777777777778,C_cation,0.416666666666667,C,0.0555555555555556,N,0.0555555555555556,O,0.0277777777777778,W",tm_w
TAE-PTComp_1888_tm_re_1,TAE-PTComp,0.154433478048955,96.9084705882353,1647.444,17,"-0.0588235294117647,tm_re_1,0.0588235294117647,H_anion,0.411764705882353,H,0.470588235294118,B,0.0588235294117647,Re",tm_re
TAE-PTComp_1889_tm_re_2,TAE-PTComp,0.169660246044349,106.463411764706,1809.878,17,"-0.0588235294117647,tm_re_2,0.470588235294118,H,0.0588235294117647,C_anion,0.411764705882353,C,0.0588235294117647,Re",tm_re
TAE-PTComp_1890_tm_re_3,TAE-PTComp,0.159711722595508,100.220619047619,2104.633,21,"-0.0476190476190476,tm_re_3,0.476190476190476,H,0.19047619047619,B,0.0476190476190476,C_anion,0.0476190476190476,C,0.19047619047619,N,0.0476190476190476,Re",tm_re
TAE-PTComp_1891_tm_re_4,TAE-PTComp,0.22245937217886,139.595363636364,1535.549,11,"-0.0909090909090909,tm_re_4,0.454545454545455,C,0.0909090909090909,O_anion,0.363636363636364,O,0.0909090909090909,Re",tm_re
TAE-PTComp_1892_tm_re_5,TAE-PTComp,0.180784825034822,113.44419047619,2382.328,21,"-0.0476190476190476,tm_re_5,0.476190476190476,H,0.0476190476190476,C_anion,0.428571428571429,C,0.0476190476190476,Re",tm_re
TAE-PTComp_1893_tm_re_6,TAE-PTComp,0.170025799465892,106.6928,533.464,5,"-0.2,tm_re_6,0.4,O,0.2,S_anion,0.2,S,0.2,Re",tm_re
TAE-PTComp_1894_tm_re_7,TAE-PTComp,0.192897087618837,121.04475,484.179,4,"-0.25,tm_re_7,0.25,O_anion,0.5,O,0.25,Re",tm_re
TAE-PTComp_1895_tm_re_8,TAE-PTComp,0.188452201208958,118.255541666667,2838.133,24,"-0.0416666666666667,tm_re_8,0.25,H,0.416666666666667,C,0.25,O,0.0833333333333333,Re",tm_re
TAE-PTComp_1896_tm_re_9,TAE-PTComp,0.199535765607808,125.210583333333,3005.054,24,"-0.0416666666666667,tm_re_9,0.125,H,0.375,C,0.125,N,0.25,O,0.0416666666666667,S,0.0833333333333333,Re",tm_re
TAE-PTComp_1897_tm_re_10,TAE-PTComp,0.202504180285713,127.073291666667,3049.759,24,"-0.0416666666666667,tm_re_10,0.125,H,0.375,C,0.125,N,0.291666666666667,O,0.0833333333333333,Re",tm_re
TAE-PTComp_1898_tm_re_11,TAE-PTComp,0.187825166471861,117.862071428571,3300.138,28,"-0.0357142857142857,tm_re_11,0.285714285714286,H,0.357142857142857,C,0.214285714285714,O,0.0714285714285714,P,0.0714285714285714,Re",tm_re
TAE-PTComp_1899_tm_re_12,TAE-PTComp,0.147155976200423,92.3417692307692,2400.886,26,"-0.0384615384615385,tm_re_12,0.5,H,0.230769230769231,C,0.0384615384615385,N,0.0769230769230769,O,0.115384615384615,P,0.0384615384615385,Re",tm_re
TAE-PTComp_1900_tm_re_13,TAE-PTComp,0.192241364893954,120.633277777778,2171.399,18,"-0.0555555555555556,tm_re_13,0.277777777777778,H,0.388888888888889,C,0.277777777777778,O,0.0555555555555556,Re",tm_re
TAE-PTComp_1901_tm_re_14,TAE-PTComp,0.191921719029834,120.432696969697,3974.279,33,"-0.0303030303030303,tm_re_14,0.363636363636364,H,0.454545454545455,C,0.121212121212121,O,0.0606060606060606,Re",tm_re
TAE-PTComp_1902_tm_re_15,TAE-PTComp,0.190972343046097,119.836954545455,2636.413,22,"-0.0454545454545455,tm_re_15,0.318181818181818,H,0.454545454545455,C,0.181818181818182,O,0.0454545454545455,Re",tm_re
TAE-PTComp_1903_tm_re_16,TAE-PTComp,0.189626744879079,118.992578947368,2260.859,19,"-0.0526315789473684,tm_re_16,0.368421052631579,H,0.473684210526316,C,0.105263157894737,O,0.0526315789473684,Re",tm_re
TAE-PTComp_1904_tm_re_17,TAE-PTComp,0.210327262703174,131.98235,2639.647,20,"-0.05,tm_re_17,0.4,C,0.4,O,0.1,I,0.1,Re",tm_re
TAE-PTComp_1905_tm_re_18,TAE-PTComp,0.151708405168858,95.1984615384615,2475.16,26,"-0.0384615384615385,tm_re_18,0.538461538461538,H,0.230769230769231,C,0.0384615384615385,N,0.0769230769230769,O,0.0769230769230769,P,0.0384615384615385,Re",tm_re
TAE-PTComp_1906_tm_re_19,TAE-PTComp,0.18501524356291,116.098818181818,2554.174,22,"-0.0454545454545455,tm_re_19,0.454545454545455,B,0.454545454545455,F,0.0909090909090909,Re",tm_re
TAE-PTComp_1907_tm_re_20,TAE-PTComp,0.190541257760232,119.566444444444,1076.098,9,"-0.111111111111111,tm_re_20,0.777777777777778,O,0.222222222222222,Re",tm_re
TAE-PTComp_1908_tm_re_21,TAE-PTComp,0.165287013110876,103.719166666667,1866.945,18,"-0.0555555555555556,tm_re_21,0.333333333333333,H,0.277777777777778,C,0.277777777777778,O,0.0555555555555556,P,0.0555555555555556,Re",tm_re
TAE-PTComp_1909_tm_re_22,TAE-PTComp,0.142501513835324,89.42105,1788.421,20,"-0.05,tm_re_22,0.5,H,0.15,C,0.15,O,0.15,P,0.05,Re",tm_re
TAE-PTComp_1910_tm_re_23,TAE-PTComp,0.211758290234151,132.880333333333,1594.564,12,"-0.0833333333333333,tm_re_23,0.416666666666667,C,0.416666666666667,O,0.0833333333333333,Br,0.0833333333333333,Re",tm_re
TAE-PTComp_1911_tm_re_24,TAE-PTComp,0.212776203152444,133.519083333333,1602.229,12,"-0.0833333333333333,tm_re_24,0.416666666666667,C,0.416666666666667,O,0.0833333333333333,Cl,0.0833333333333333,Re",tm_re
TAE-PTComp_1912_tm_re_25,TAE-PTComp,0.17805627583045,111.732,2234.64,20,"-0.05,tm_re_25,0.3,H,0.35,C,0.1,O,0.05,Si,0.15,Cl,0.05,Re",tm_re
TAE-PTComp_1913_tm_re_26,TAE-PTComp,0.182511055849254,114.527416666667,4122.987,36,"-0.0277777777777778,tm_re_26,0.416666666666667,H,0.444444444444444,C,0.0555555555555556,N,0.0555555555555556,O,0.0277777777777778,Re",tm_re
TAE-PTComp_1914_tm_re_27,TAE-PTComp,0.160933283359233,100.98716,2524.679,25,"-0.04,tm_re_27,0.6,H,0.32,C,0.04,P_cation,0.04,Re",tm_re
TAE-PTComp_1915_tm_re_28,TAE-PTComp,0.218291959546572,136.980272727273,1506.783,11,"-0.0909090909090909,tm_re_28,0.0909090909090909,C_cation,0.181818181818182,C,0.363636363636364,N,0.272727272727273,O,0.0909090909090909,Re",tm_re
TAE-PTComp_1916_tm_re_29,TAE-PTComp,0.183658765561564,115.247615384615,1498.219,13,"-0.0769230769230769,tm_re_29,0.461538461538462,C,0.0769230769230769,S_cation,0.384615384615385,S,0.0769230769230769,Re",tm_re
TAE-PTComp_1917_tm_re_30,TAE-PTComp,0.13297150632599,83.44088,2086.022,25,"-0.04,tm_re_30,0.68,H,0.24,N,0.04,Re",tm_re
TAE-PTComp_1918_tm_re_31,TAE-PTComp,0.197325905214219,123.823875,4952.955,40,"-0.025,tm_re_31,0.3,H,0.45,C,0.025,N,0.15,O,0.025,Si_cation,0.05,Re",tm_re
TAE-PTComp_1919_tm_re_32,TAE-PTComp,0.151380467300806,94.9926774193548,2944.773,31,"-0.032258064516129,tm_re_32,0.612903225806452,H,0.258064516129032,C,0.032258064516129,O,0.032258064516129,P,0.032258064516129,S_cation,0.032258064516129,Re",tm_re
TAE-PTComp_1920_tm_os_1,TAE-PTComp,0.121538097581995,76.2663076923077,991.462,13,"-0.0769230769230769,tm_os_1,0.384615384615385,H,0.0769230769230769,B,0.0769230769230769,C,0.0769230769230769,F_anion,0.153846153846154,F,0.153846153846154,S,0.0769230769230769,Os",tm_os
TAE-PTComp_1921_tm_os_2,TAE-PTComp,0.178798256659816,112.1976,2804.94,25,"-0.04,tm_os_2,0.36,H,0.36,C,0.04,O_anion,0.2,O,0.04,Os",tm_os
TAE-PTComp_1922_tm_os_3,TAE-PTComp,0.169367631081792,106.279793103448,3082.114,29,"-0.0344827586206897,tm_os_3,0.517241379310345,H,0.379310344827586,C,0.0344827586206897,O_anion,0.0344827586206897,O,0.0344827586206897,Os",tm_os
TAE-PTComp_1923_tm_os_4,TAE-PTComp,0.166111645939015,104.236631578947,1980.496,19,"-0.0526315789473684,tm_os_4,0.473684210526316,H,0.368421052631579,C,0.0526315789473684,Si_anion,0.0526315789473684,Si,0.0526315789473684,Os",tm_os
TAE-PTComp_1924_tm_os_5,TAE-PTComp,0.147126627974852,92.3233529411765,1569.497,17,"-0.0588235294117647,tm_os_5,0.470588235294118,H,0.470588235294118,B,0.0588235294117647,Os",tm_os
TAE-PTComp_1925_tm_os_6,TAE-PTComp,0.174098354179878,109.248366666667,3277.451,30,"-0.0333333333333333,tm_os_6,0.4,H,0.4,C,0.133333333333333,Cl,0.0666666666666667,Os",tm_os
TAE-PTComp_1926_tm_os_7,TAE-PTComp,0.162674436353984,102.07975,2041.595,20,"-0.05,tm_os_7,0.4,H,0.35,C,0.15,P,0.05,Cl,0.05,Os",tm_os
TAE-PTComp_1927_tm_os_8,TAE-PTComp,0.179812240737641,112.833884615385,2933.681,26,"-0.0384615384615385,tm_os_8,0.384615384615385,H,0.384615384615385,C,0.0769230769230769,N,0.0769230769230769,O,0.0769230769230769,Os",tm_os
TAE-PTComp_1928_tm_os_9,TAE-PTComp,0.152984213699071,95.9990434782609,2207.978,23,"-0.0434782608695652,tm_os_9,0.478260869565217,H,0.0434782608695652,B,0.217391304347826,C,0.0434782608695652,N,0.0869565217391304,O,0.0434782608695652,F,0.0434782608695652,S,0.0434782608695652,Os",tm_os
TAE-PTComp_1929_tm_os_10,TAE-PTComp,0.124436802876734,78.0852727272727,1717.876,22,"-0.0454545454545455,tm_os_10,0.5,H,0.0454545454545455,B,0.0909090909090909,C,0.136363636363636,F,0.0454545454545455,P,0.0909090909090909,S,0.0909090909090909,Os",tm_os
TAE-PTComp_1930_tm_os_11,TAE-PTComp,0.185843964601436,116.618848484848,3848.422,33,"-0.0303030303030303,tm_os_11,0.393939393939394,H,0.454545454545455,C,0.0909090909090909,N,0.0303030303030303,O,0.0303030303030303,Os",tm_os
TAE-PTComp_1931_tm_os_12,TAE-PTComp,0.166298243640162,104.353723404255,4904.625,47,"-0.0212765957446809,tm_os_12,0.574468085106383,H,0.382978723404255,C,0.0212765957446809,Cl,0.0212765957446809,Os",tm_os
TAE-PTComp_1932_tm_os_13,TAE-PTComp,0.11677606472146,73.2780869565217,1685.396,23,"-0.0434782608695652,tm_os_13,0.695652173913043,H,0.0434782608695652,C,0.0434782608695652,O,0.173913043478261,P,0.0434782608695652,Os",tm_os
TAE-PTComp_1933_tm_os_14,TAE-PTComp,0.167835713010143,105.3185,3159.555,30,"-0.0333333333333333,tm_os_14,0.5,H,0.333333333333333,C,0.0666666666666667,N,0.0333333333333333,O,0.0333333333333333,P,0.0333333333333333,Os",tm_os
TAE-PTComp_1934_tm_os_15,TAE-PTComp,0.187954279232493,117.943090909091,1297.374,11,"-0.0909090909090909,tm_os_15,0.454545454545455,B,0.454545454545455,F,0.0909090909090909,Os",tm_os
TAE-PTComp_1935_tm_os_16,TAE-PTComp,0.0916151904890907,57.4894,287.447,5,"-0.2,tm_os_16,0.8,Br,0.2,Os",tm_os
TAE-PTComp_1936_tm_os_17,TAE-PTComp,0.139455530607442,87.5096666666667,787.587,9,"-0.111111111111111,tm_os_17,0.444444444444444,H,0.222222222222222,C,0.222222222222222,Cl,0.111111111111111,Os",tm_os
TAE-PTComp_1937_tm_os_18,TAE-PTComp,0.211639604869938,132.805857142857,929.641,7,"-0.142857142857143,tm_os_18,0.428571428571429,C,0.428571428571429,O,0.142857142857143,Os",tm_os
TAE-PTComp_1938_tm_os_19,TAE-PTComp,0.181763836445751,114.058529411765,1938.995,17,"-0.0588235294117647,tm_os_19,0.352941176470588,H,0.352941176470588,C,0.176470588235294,O,0.0588235294117647,Si,0.0588235294117647,Os",tm_os
TAE-PTComp_1939_tm_os_20,TAE-PTComp,0.21395591490761,134.259363636364,1476.853,11,"-0.0909090909090909,tm_os_20,0.363636363636364,C,0.181818181818182,N,0.363636363636364,O,0.0909090909090909,Os",tm_os
TAE-PTComp_1940_tm_os_21,TAE-PTComp,0.198847243857258,124.778529411765,2121.235,17,"-0.0588235294117647,tm_os_21,0.294117647058824,H,0.470588235294118,C,0.0588235294117647,N,0.117647058823529,O,0.0588235294117647,Os",tm_os
TAE-PTComp_1941_tm_os_22,TAE-PTComp,0.173084673963586,108.612272727273,1194.735,11,"-0.0909090909090909,tm_os_22,0.454545454545455,C,0.454545454545455,S,0.0909090909090909,Os",tm_os
TAE-PTComp_1942_tm_os_23,TAE-PTComp,0.191845410270084,120.3848125,3852.314,32,"-0.03125,tm_os_23,0.34375,H,0.4375,C,0.125,O,0.03125,P,0.0625,Os",tm_os
TAE-PTComp_1943_tm_os_24,TAE-PTComp,0.149979185797179,94.11336,2352.834,25,"-0.04,tm_os_24,0.4,H,0.16,C,0.16,N,0.24,O,0.04,Os",tm_os
TAE-PTComp_1944_tm_os_25,TAE-PTComp,0.170965745433848,107.282625,2574.783,24,"-0.0416666666666667,tm_os_25,0.416666666666667,H,0.333333333333333,C,0.166666666666667,N,0.0416666666666667,O,0.0416666666666667,Os",tm_os
TAE-PTComp_1945_tm_os_26,TAE-PTComp,0.167817443507947,105.307035714286,2948.597,28,"-0.0357142857142857,tm_os_26,0.571428571428571,H,0.392857142857143,C,0.0357142857142857,Os",tm_os
TAE-PTComp_1946_tm_os_27,TAE-PTComp,0.195550485977773,122.709782608696,2822.325,23,"-0.0434782608695652,tm_os_27,0.260869565217391,H,0.391304347826087,C,0.260869565217391,O,0.0869565217391304,Os",tm_os
TAE-PTComp_1947_tm_os_28,TAE-PTComp,0.18467147475824,115.8831,2317.662,20,"-0.05,tm_os_28,0.4,H,0.5,C,0.05,S,0.05,Os",tm_os
TAE-PTComp_1948_tm_os_29,TAE-PTComp,0.165009593660607,103.545083333333,2485.082,24,"-0.0416666666666667,tm_os_29,0.5,H,0.375,C,0.0833333333333333,P,0.0416666666666667,Os",tm_os
TAE-PTComp_1949_tm_os_30,TAE-PTComp,0.192967673769471,121.089043478261,2785.048,23,"-0.0434782608695652,tm_os_30,0.478260869565217,H,0.0434782608695652,C_cation,0.434782608695652,C,0.0434782608695652,Os",tm_os
TAE-PTComp_1950_tm_os_31,TAE-PTComp,0.18823815759768,118.121227272727,2598.667,22,"-0.0454545454545455,tm_os_31,0.5,H,0.0454545454545455,C_cation,0.409090909090909,C,0.0454545454545455,Os",tm_os
TAE-PTComp_1951_tm_os_32,TAE-PTComp,0.154129789626221,96.7179032258065,2998.255,31,"-0.032258064516129,tm_os_32,0.612903225806452,H,0.258064516129032,C,0.032258064516129,N,0.032258064516129,P,0.032258064516129,S_cation,0.032258064516129,Os",tm_os
TAE-PTComp_1952_tm_os_33,TAE-PTComp,0.182267606669631,114.37465,2287.493,20,"-0.05,tm_os_33,0.45,H,0.4,C,0.05,N,0.05,P_cation,0.05,Os",tm_os
TAE-PTComp_1953_tm_ir_1,TAE-PTComp,0.179899907838479,112.888896551724,3273.778,29,"-0.0344827586206897,tm_ir_1,0.413793103448276,H,0.0344827586206897,C_anion,0.379310344827586,C,0.137931034482759,N,0.0344827586206897,Ir",tm_ir
TAE-PTComp_1954_tm_ir_2,TAE-PTComp,0.153301148513416,96.1979230769231,1250.573,13,"-0.0769230769230769,tm_ir_2,0.384615384615385,H,0.0769230769230769,B,0.153846153846154,C,0.0769230769230769,N,0.0769230769230769,O_anion,0.0769230769230769,O,0.153846153846154,Ir",tm_ir
TAE-PTComp_1955_tm_ir_3,TAE-PTComp,0.143566572839226,90.0893846153846,1171.162,13,"-0.0769230769230769,tm_ir_3,0.384615384615385,H,0.0769230769230769,B,0.153846153846154,C,0.0769230769230769,N,0.0769230769230769,O_anion,0.0769230769230769,O,0.153846153846154,Ir",tm_ir
TAE-PTComp_1956_tm_ir_4,TAE-PTComp,0.13769933353221,86.4076363636364,950.484,11,"-0.0909090909090909,tm_ir_4,0.454545454545455,H,0.181818181818182,C,0.0909090909090909,O_anion,0.0909090909090909,O,0.181818181818182,Ir",tm_ir
TAE-PTComp_1957_tm_ir_5,TAE-PTComp,0.14388399723108,90.2885714285714,632.02,7,"-0.142857142857143,tm_ir_5,0.428571428571429,H,0.142857142857143,C,0.142857142857143,N,0.142857142857143,O_anion,0.142857142857143,Ir",tm_ir
TAE-PTComp_1958_tm_ir_6,TAE-PTComp,0.139061486091962,87.2624,872.624,10,"-0.1,tm_ir_6,0.3,H,0.2,C,0.1,N,0.3,Cl,0.1,Ir",tm_ir
TAE-PTComp_1959_tm_ir_7,TAE-PTComp,0.120707113236733,75.7448571428572,530.214,7,"-0.142857142857143,tm_ir_7,0.142857142857143,H,0.142857142857143,C,0.142857142857143,P,0.428571428571429,Cl,0.142857142857143,Ir",tm_ir
TAE-PTComp_1960_tm_ir_8,TAE-PTComp,0.202879088303929,127.30855,2546.171,20,"-0.05,tm_ir_8,0.15,H,0.4,C,0.3,O,0.05,P,0.1,Ir",tm_ir
TAE-PTComp_1961_tm_ir_9,TAE-PTComp,0.174844344656999,109.716482758621,3181.778,29,"-0.0344827586206897,tm_ir_9,0.517241379310345,H,0.0689655172413793,B,0.379310344827586,C,0.0344827586206897,Ir",tm_ir
TAE-PTComp_1962_tm_ir_10,TAE-PTComp,0.148983066516833,93.4882857142857,2617.672,28,"-0.0357142857142857,tm_ir_10,0.571428571428571,H,0.285714285714286,C,0.0714285714285714,Cl,0.0714285714285714,Ir",tm_ir
TAE-PTComp_1963_tm_ir_11,TAE-PTComp,0.152303588064766,95.5719444444445,1720.295,18,"-0.0555555555555556,tm_ir_11,0.444444444444444,H,0.222222222222222,C,0.111111111111111,P,0.111111111111111,S,0.111111111111111,Ir",tm_ir
TAE-PTComp_1964_tm_ir_12,TAE-PTComp,0.185827238887951,116.608352941176,1982.342,17,"-0.0588235294117647,tm_ir_12,0.352941176470588,H,0.411764705882353,C,0.0588235294117647,N,0.117647058823529,O,0.0588235294117647,Ir",tm_ir
TAE-PTComp_1965_tm_ir_13,TAE-PTComp,0.188207410748124,118.101933333333,1771.529,15,"-0.0666666666666667,tm_ir_13,0.333333333333333,H,0.466666666666667,C,0.133333333333333,N,0.0666666666666667,Ir",tm_ir
TAE-PTComp_1966_tm_ir_14,TAE-PTComp,0.15390888856058,96.5792857142857,676.055,7,"-0.142857142857143,tm_ir_14,0.428571428571429,H,0.428571428571429,C,0.142857142857143,Ir",tm_ir
TAE-PTComp_1967_tm_ir_15,TAE-PTComp,0.107330916026766,67.3511666666667,404.107,6,"-0.166666666666667,tm_ir_15,0.833333333333333,F,0.166666666666667,Ir",tm_ir
TAE-PTComp_1968_tm_ir_16,TAE-PTComp,0.0985719513250145,61.8548333333333,371.129,6,"-0.166666666666667,tm_ir_16,0.833333333333333,H,0.166666666666667,Ir",tm_ir
TAE-PTComp_1969_tm_ir_17,TAE-PTComp,0.200253727322171,125.661111111111,1130.95,9,"-0.111111111111111,tm_ir_17,0.333333333333333,C,0.111111111111111,N,0.444444444444444,O,0.111111111111111,Ir",tm_ir
TAE-PTComp_1970_tm_ir_18,TAE-PTComp,0.204631306204663,128.408083333333,3081.794,24,"-0.0416666666666667,tm_ir_18,0.25,H,0.5,C,0.166666666666667,O,0.0833333333333333,Ir",tm_ir
TAE-PTComp_1971_tm_ir_19,TAE-PTComp,0.171526616524444,107.634576923077,2798.499,26,"-0.0384615384615385,tm_ir_19,0.384615384615385,H,0.384615384615385,C,0.0769230769230769,S,0.0769230769230769,Cl,0.0769230769230769,Ir",tm_ir
TAE-PTComp_1972_tm_ir_20,TAE-PTComp,0.117730638281426,73.8770909090909,812.648,11,"-0.0909090909090909,tm_ir_20,0.545454545454545,H,0.181818181818182,C,0.0909090909090909,P,0.0909090909090909,S,0.0909090909090909,Ir",tm_ir
TAE-PTComp_1973_tm_ir_21,TAE-PTComp,0.145101185216363,91.0523684210526,1729.995,19,"-0.0526315789473684,tm_ir_21,0.578947368421053,H,0.263157894736842,C,0.105263157894737,P,0.0526315789473684,Ir",tm_ir
TAE-PTComp_1974_tm_ir_22,TAE-PTComp,0.132902774295984,83.39775,1000.773,12,"-0.0833333333333333,tm_ir_22,0.5,H,0.0833333333333333,C,0.0833333333333333,O,0.166666666666667,P,0.0833333333333333,Cl,0.0833333333333333,Ir",tm_ir
TAE-PTComp_1975_tm_ir_23,TAE-PTComp,0.181786737435823,114.0729,2281.458,20,"-0.05,tm_ir_23,0.3,H,0.3,C,0.2,O,0.1,S,0.1,Ir",tm_ir
TAE-PTComp_1976_tm_ir_24,TAE-PTComp,0.156029936128182,97.9102631578947,1860.295,19,"-0.0526315789473684,tm_ir_24,0.473684210526316,H,0.263157894736842,C,0.210526315789474,N,0.0526315789473684,Ir",tm_ir
TAE-PTComp_1977_tm_ir_25,TAE-PTComp,0.150837282051767,94.6518235294118,3218.162,34,"-0.0294117647058824,tm_ir_25,0.558823529411765,H,0.235294117647059,C,0.0588235294117647,O,0.0588235294117647,P,0.0588235294117647,Cl,0.0294117647058824,Ir",tm_ir
TAE-PTComp_1978_tm_ir_26,TAE-PTComp,0.12469680826454,78.2484285714286,1095.478,14,"-0.0714285714285714,tm_ir_26,0.428571428571429,H,0.0714285714285714,C,0.0714285714285714,O,0.142857142857143,P,0.0714285714285714,Cl,0.142857142857143,I,0.0714285714285714,Ir",tm_ir
TAE-PTComp_1979_tm_ir_27,TAE-PTComp,0.199554869853614,125.222571428571,1753.116,14,"-0.0714285714285714,tm_ir_27,0.142857142857143,H,0.285714285714286,C,0.428571428571429,O,0.142857142857143,Ir",tm_ir
TAE-PTComp_1980_tm_ir_28,TAE-PTComp,0.164160193878951,103.012076923077,2678.314,26,"-0.0384615384615385,tm_ir_28,0.384615384615385,H,0.153846153846154,C,0.0769230769230769,N,0.307692307692308,O,0.0769230769230769,Ir",tm_ir
TAE-PTComp_1981_tm_ir_29,TAE-PTComp,0.170212349747289,106.809862068966,3097.486,29,"-0.0344827586206897,tm_ir_29,0.517241379310345,H,0.379310344827586,C,0.0689655172413793,O,0.0344827586206897,Ir",tm_ir
TAE-PTComp_1982_tm_ir_30,TAE-PTComp,0.165435417244757,103.812291666667,2491.495,24,"-0.0416666666666667,tm_ir_30,0.375,H,0.291666666666667,C,0.166666666666667,N,0.0416666666666667,O,0.0833333333333333,I,0.0416666666666667,Ir",tm_ir
TAE-PTComp_1983_tm_ir_31,TAE-PTComp,0.190090537009535,119.283612903226,3697.792,31,"-0.032258064516129,tm_ir_31,0.419354838709677,H,0.548387096774194,C,0.032258064516129,Ir",tm_ir
TAE-PTComp_1984_tm_ir_32,TAE-PTComp,0.183159680503965,114.934434782609,2643.492,23,"-0.0434782608695652,tm_ir_32,0.478260869565217,H,0.0434782608695652,C_cation,0.391304347826087,C,0.0434782608695652,N,0.0434782608695652,Ir",tm_ir
TAE-PTComp_1985_tm_ir_33,TAE-PTComp,0.191129892279137,119.935818181818,1319.294,11,"-0.0909090909090909,tm_ir_33,0.0909090909090909,B_cation,0.363636363636364,B,0.454545454545455,F,0.0909090909090909,Ir",tm_ir
TAE-PTComp_1986_tm_ir_34,TAE-PTComp,0.182327996920474,114.412545454545,1258.538,11,"-0.0909090909090909,tm_ir_34,0.454545454545455,C,0.0909090909090909,S_cation,0.363636363636364,S,0.0909090909090909,Ir",tm_ir
TAE-PTComp_1987_tm_ir_35,TAE-PTComp,0.134234361097253,84.2333333333333,1263.5,15,"-0.0666666666666667,tm_ir_35,0.533333333333333,H,0.266666666666667,O,0.0666666666666667,Br_cation,0.0666666666666667,Br,0.0666666666666667,Ir",tm_ir
TAE-PTComp_1988_tm_ir_36,TAE-PTComp,0.14022057112919,87.9897368421053,1671.805,19,"-0.0526315789473684,tm_ir_36,0.631578947368421,H,0.210526315789474,N,0.0526315789473684,Cl_cation,0.0526315789473684,Cl,0.0526315789473684,Ir",tm_ir
TAE-PTComp_1989_tm_ir_37,TAE-PTComp,0.178814494619727,112.207789473684,2131.948,19,"-0.0526315789473684,tm_ir_37,0.421052631578947,H,0.0526315789473684,C_cation,0.263157894736842,C,0.105263157894737,N,0.105263157894737,O,0.0526315789473684,Ir",tm_ir
TAE-PTComp_1990_tm_ir_38,TAE-PTComp,0.12252497613383,76.8855833333333,922.627,12,"-0.0833333333333333,tm_ir_38,0.75,H,0.0833333333333333,B_cation,0.0833333333333333,C,0.0833333333333333,Ir",tm_ir
TAE-PTComp_1991_tm_ir_39,TAE-PTComp,0.156445765454895,98.1712,2454.28,25,"-0.04,tm_ir_39,0.4,H,0.04,C_cation,0.12,C,0.16,N,0.24,O,0.04,Ir",tm_ir
TAE-PTComp_1992_tm_pt_1,TAE-PTComp,0.130502146530299,81.8913333333333,982.696,12,"-0.0833333333333333,tm_pt_1,0.583333333333333,H,0.0833333333333333,B,0.166666666666667,C,0.0833333333333333,F_anion,0.0833333333333333,Pt",tm_pt
TAE-PTComp_1993_tm_pt_2,TAE-PTComp,0.121938832623232,76.5177727272727,1683.391,22,"-0.0454545454545455,tm_pt_2,0.5,H,0.0454545454545455,B,0.0909090909090909,C,0.0454545454545455,F_anion,0.0909090909090909,F,0.0909090909090909,P,0.0454545454545455,S,0.0909090909090909,Pt",tm_pt
TAE-PTComp_1994_tm_pt_3,TAE-PTComp,0.146624081074429,92.008,276.024,3,"-0.333333333333333,tm_pt_3,0.333333333333333,C_anion,0.333333333333333,P,0.333333333333333,Pt",tm_pt
TAE-PTComp_1995_tm_pt_4,TAE-PTComp,0.101400461076707,63.62975,254.519,4,"-0.25,tm_pt_4,0.25,H_anion,0.5,H,0.25,Pt",tm_pt
TAE-PTComp_1996_tm_pt_5,TAE-PTComp,0.154969490579569,97.2448235294118,1653.162,17,"-0.0588235294117647,tm_pt_5,0.470588235294118,H,0.235294117647059,B,0.235294117647059,N,0.0588235294117647,Pt",tm_pt
TAE-PTComp_1997_tm_pt_6,TAE-PTComp,0.182065458327266,114.2478,4569.912,40,"-0.025,tm_pt_6,0.35,H,0.4,C,0.2,N,0.05,Pt",tm_pt
TAE-PTComp_1998_tm_pt_7,TAE-PTComp,0.153702681593601,96.4498888888889,1736.098,18,"-0.0555555555555556,tm_pt_7,0.333333333333333,H,0.222222222222222,C,0.222222222222222,N,0.111111111111111,Br,0.111111111111111,Pt",tm_pt
TAE-PTComp_1999_tm_pt_8,TAE-PTComp,0.192944829261906,121.074708333333,2905.793,24,"-0.0416666666666667,tm_pt_8,0.25,H,0.0833333333333333,B,0.416666666666667,C,0.166666666666667,O,0.0833333333333333,Pt",tm_pt
TAE-PTComp_2000_tm_pt_9,TAE-PTComp,0.127445884573144,79.9735,1439.523,18,"-0.0555555555555556,tm_pt_9,0.444444444444444,H,0.0555555555555556,B,0.0555555555555556,C,0.166666666666667,F,0.111111111111111,P,0.0555555555555556,S,0.111111111111111,Pt",tm_pt
TAE-PTComp_2001_tm_pt_10,TAE-PTComp,0.130225523880748,81.71775,1634.355,20,"-0.05,tm_pt_10,0.55,H,0.05,B,0.1,C,0.15,F,0.05,P,0.1,Pt",tm_pt
TAE-PTComp_2002_tm_pt_11,TAE-PTComp,0.141077073190289,88.5272,885.272,10,"-0.1,tm_pt_11,0.3,H,0.3,C,0.2,S,0.1,Cl,0.1,Pt",tm_pt
TAE-PTComp_2003_tm_pt_12,TAE-PTComp,0.168717433369208,105.871787878788,3493.769,33,"-0.0303030303030303,tm_pt_12,0.454545454545455,H,0.0303030303030303,B,0.303030303030303,C,0.181818181818182,N,0.0303030303030303,Pt",tm_pt
TAE-PTComp_2004_tm_pt_13,TAE-PTComp,0.149488579658587,93.8055,2063.721,22,"-0.0454545454545455,tm_pt_13,0.5,H,0.227272727272727,C,0.0909090909090909,N,0.0454545454545455,O,0.0454545454545455,P,0.0454545454545455,S,0.0454545454545455,Pt",tm_pt
TAE-PTComp_2005_tm_pt_14,TAE-PTComp,0.16571917126074,103.99035,2079.807,20,"-0.05,tm_pt_14,0.5,H,0.35,C,0.1,O,0.05,Pt",tm_pt
TAE-PTComp_2006_tm_pt_15,TAE-PTComp,0.208322042867532,130.724055555556,2353.033,18,"-0.0555555555555556,tm_pt_15,0.444444444444444,C,0.111111111111111,N,0.333333333333333,O,0.111111111111111,Pt",tm_pt
TAE-PTComp_2007_tm_pt_16,TAE-PTComp,0.144890154176862,90.9199444444444,1636.559,18,"-0.0555555555555556,tm_pt_16,0.444444444444444,H,0.222222222222222,C,0.222222222222222,P,0.111111111111111,Pt",tm_pt
TAE-PTComp_2008_tm_pt_17,TAE-PTComp,0.149136905969902,93.5848214285714,2620.375,28,"-0.0357142857142857,tm_pt_17,0.571428571428571,H,0.285714285714286,C,0.0714285714285714,S,0.0714285714285714,Pt",tm_pt
TAE-PTComp_2009_tm_pt_18,TAE-PTComp,0.168392017291313,105.667586206897,3064.36,29,"-0.0344827586206897,tm_pt_18,0.482758620689655,H,0.344827586206897,C,0.137931034482759,O,0.0344827586206897,Pt",tm_pt
TAE-PTComp_2010_tm_pt_19,TAE-PTComp,0.158769292595731,99.6292352941176,1693.697,17,"-0.0588235294117647,tm_pt_19,0.588235294117647,H,0.352941176470588,C,0.0588235294117647,Pt",tm_pt
TAE-PTComp_2011_tm_pt_20,TAE-PTComp,0.17694181722506,111.032666666667,999.294,9,"-0.111111111111111,tm_pt_20,0.444444444444444,B,0.444444444444444,F,0.111111111111111,Pt",tm_pt
TAE-PTComp_2012_tm_pt_21,TAE-PTComp,0.226210737557896,141.949380952381,2980.937,21,"-0.0476190476190476,tm_pt_21,0.952380952380952,C,0.0476190476190476,Pt",tm_pt
TAE-PTComp_2013_tm_pt_22,TAE-PTComp,0.209272423762997,131.320428571429,919.243,7,"-0.142857142857143,tm_pt_22,0.428571428571429,C,0.428571428571429,O,0.142857142857143,Pt",tm_pt
TAE-PTComp_2014_tm_pt_23,TAE-PTComp,0.159490996148764,100.082111111111,900.739,9,"-0.111111111111111,tm_pt_23,0.444444444444444,C,0.444444444444444,S,0.111111111111111,Pt",tm_pt
TAE-PTComp_2015_tm_pt_24,TAE-PTComp,0.0990068717173705,62.12775,248.511,4,"-0.25,tm_pt_24,0.5,H,0.25,O,0.25,Pt",tm_pt
TAE-PTComp_2016_tm_pt_25,TAE-PTComp,0.0885027806412829,55.5363333333333,166.609,3,"-0.333333333333333,tm_pt_25,0.333333333333333,H,0.333333333333333,F,0.333333333333333,Pt",tm_pt
TAE-PTComp_2017_tm_pt_26,TAE-PTComp,0.170054625945231,106.710888888889,960.398,9,"-0.111111111111111,tm_pt_26,0.888888888888889,N,0.111111111111111,Pt",tm_pt
TAE-PTComp_2018_tm_pt_27,TAE-PTComp,0.121241880347735,76.0804285714286,532.563,7,"-0.142857142857143,tm_pt_27,0.571428571428571,H,0.285714285714286,N,0.142857142857143,Pt",tm_pt
TAE-PTComp_2019_tm_pt_28,TAE-PTComp,0.153747385759421,96.4779411764706,1640.125,17,"-0.0588235294117647,tm_pt_28,0.705882352941177,F,0.235294117647059,P,0.0588235294117647,Pt",tm_pt
TAE-PTComp_2020_tm_pt_29,TAE-PTComp,0.199198327681772,124.998837837838,4624.957,37,"-0.027027027027027,tm_pt_29,0.324324324324324,H,0.540540540540541,C,0.108108108108108,N,0.027027027027027,Pt",tm_pt
TAE-PTComp_2021_tm_pt_30,TAE-PTComp,0.0923056448719724,57.9226666666667,173.768,3,"-0.333333333333333,tm_pt_30,0.666666666666667,S,0.333333333333333,Pt",tm_pt
TAE-PTComp_2022_tm_pt_31,TAE-PTComp,0.112319331193647,70.4814444444444,634.333,9,"-0.111111111111111,tm_pt_31,0.666666666666667,H,0.222222222222222,Si,0.111111111111111,Pt",tm_pt
TAE-PTComp_2023_tm_pt_32,TAE-PTComp,0.131604967016099,82.5833636363636,908.417,11,"-0.0909090909090909,tm_pt_32,0.454545454545455,H,0.0909090909090909,B_cation,0.0909090909090909,C,0.181818181818182,F,0.0909090909090909,P,0.0909090909090909,Pt",tm_pt
TAE-PTComp_2024_tm_pt_33,TAE-PTComp,0.137481058426206,86.2706666666667,1294.06,15,"-0.0666666666666667,tm_pt_33,0.733333333333333,H,0.0666666666666667,C_cation,0.133333333333333,N,0.0666666666666667,Pt",tm_pt
TAE-PTComp_2025_tm_pt_34,TAE-PTComp,0.143515761470311,90.0575,900.575,10,"-0.1,tm_pt_34,0.3,H,0.1,C_cation,0.1,C,0.1,N,0.3,Cl,0.1,Pt",tm_pt
TAE-PTComp_2026_tm_pt_35,TAE-PTComp,0.175166621109311,109.918714285714,769.431,7,"-0.142857142857143,tm_pt_35,0.428571428571429,H,0.142857142857143,C_cation,0.285714285714286,C,0.142857142857143,Pt",tm_pt
TAE-PTComp_2027_tm_pt_36,TAE-PTComp,0.182037623422155,114.230333333333,342.691,3,"-0.333333333333333,tm_pt_36,0.333333333333333,N,0.333333333333333,O_cation,0.333333333333333,Pt",tm_pt
TAE-PTComp_2028_tm_pt_37,TAE-PTComp,0.130459086091452,81.8643125,1309.829,16,"-0.0625,tm_pt_37,0.625,H,0.0625,C,0.0625,O,0.0625,P_cation,0.125,P,0.0625,Pt",tm_pt
TAE-PTComp_2029_tm_pt_38,TAE-PTComp,0.174733506929422,109.646931034483,3179.761,29,"-0.0344827586206897,tm_pt_38,0.517241379310345,H,0.0344827586206897,C_cation,0.344827586206897,C,0.0689655172413793,O,0.0344827586206897,Pt",tm_pt
TAE-PTComp_2030_tm_au_1,TAE-PTComp,0.118405992935606,74.3008823529412,1263.115,17,"-0.0588235294117647,tm_au_1,0.0588235294117647,H_anion,0.647058823529412,H,0.235294117647059,B,0.0588235294117647,Au",tm_au
TAE-PTComp_2031_tm_au_2,TAE-PTComp,0.076558206665688,48.041,240.205,5,"-0.2,tm_au_2,0.2,Cl_anion,0.6,Cl,0.2,Au",tm_au
TAE-PTComp_2032_tm_au_3,TAE-PTComp,0.085691667705285,53.7723333333333,161.317,3,"-0.333333333333333,tm_au_3,0.333333333333333,F_anion,0.333333333333333,F,0.333333333333333,Au",tm_au
TAE-PTComp_2033_tm_au_4,TAE-PTComp,0.126690384691582,79.4994166666667,953.993,12,"-0.0833333333333333,tm_au_4,0.666666666666667,H,0.0833333333333333,C_anion,0.166666666666667,C,0.0833333333333333,Au",tm_au
TAE-PTComp_2034_tm_au_5,TAE-PTComp,0.0570851938984397,35.8215,71.643,2,"-0.5,tm_au_5,0.5,S_anion,0.5,Au",tm_au
TAE-PTComp_2035_tm_au_6,TAE-PTComp,0.175757313425446,110.289379310345,3198.392,29,"-0.0344827586206897,tm_au_6,0.413793103448276,H,0.0344827586206897,C_anion,0.379310344827586,C,0.137931034482759,N,0.0344827586206897,Au",tm_au
TAE-PTComp_2036_tm_au_7,TAE-PTComp,0.144778235294944,90.8497142857143,1907.844,21,"-0.0476190476190476,tm_au_7,0.666666666666667,H,0.0476190476190476,C_anion,0.238095238095238,C,0.0476190476190476,Au",tm_au
TAE-PTComp_2037_tm_au_8,TAE-PTComp,0.149609999829663,93.8816923076923,1220.462,13,"-0.0769230769230769,tm_au_8,0.230769230769231,H,0.230769230769231,B,0.0769230769230769,C_anion,0.0769230769230769,C,0.153846153846154,N,0.230769230769231,Au",tm_au
TAE-PTComp_2038_tm_au_9,TAE-PTComp,0.141099064890129,88.541,2479.148,28,"-0.0357142857142857,tm_au_9,0.571428571428571,H,0.285714285714286,C,0.0714285714285714,Cl,0.0714285714285714,Au",tm_au
TAE-PTComp_2039_tm_au_10,TAE-PTComp,0.152013375536289,95.3898333333333,572.339,6,"-0.166666666666667,tm_au_10,0.333333333333333,C,0.333333333333333,N,0.333333333333333,Au",tm_au
TAE-PTComp_2040_tm_au_11,TAE-PTComp,0.0603729928644718,37.884625,303.077,8,"-0.125,tm_au_11,0.5,H,0.5,Au",tm_au
TAE-PTComp_2041_tm_au_12,TAE-PTComp,0.0718825800476507,45.107,360.856,8,"-0.125,tm_au_12,0.5,I,0.5,Au",tm_au
TAE-PTComp_2042_tm_au_13,TAE-PTComp,0.0513482287229339,32.2215,64.443,2,"-0.5,tm_au_13,0.5,Br,0.5,Au",tm_au
TAE-PTComp_2043_tm_au_14,TAE-PTComp,0.143075529073163,89.78125,359.125,4,"-0.25,tm_au_14,0.25,H,0.5,C,0.25,Au",tm_au
TAE-PTComp_2044_tm_au_15,TAE-PTComp,0.112719679288147,70.7326666666667,212.198,3,"-0.333333333333333,tm_au_15,0.333333333333333,C,0.333333333333333,P,0.333333333333333,Au",tm_au
TAE-PTComp_2045_tm_au_16,TAE-PTComp,0.0982687952115273,61.6646,308.323,5,"-0.2,tm_au_16,0.6,H,0.2,Si,0.2,Au",tm_au
TAE-PTComp_2046_tm_au_17,TAE-PTComp,0.142035753935147,89.12878125,2852.121,32,"-0.03125,tm_au_17,0.625,H,0.25,C,0.0625,P,0.0625,Au",tm_au
TAE-PTComp_2047_tm_au_18,TAE-PTComp,0.163222915604341,102.423925925926,2765.446,27,"-0.037037037037037,tm_au_18,0.333333333333333,H,0.333333333333333,C,0.111111111111111,N,0.111111111111111,P,0.111111111111111,Au",tm_au
TAE-PTComp_2048_tm_au_19,TAE-PTComp,0.14620466509606,91.7448125,1467.917,16,"-0.0625,tm_au_19,0.25,H,0.25,C,0.25,N,0.125,I,0.125,Au",tm_au
TAE-PTComp_2049_tm_au_20,TAE-PTComp,0.079452319676563,49.8570833333333,598.285,12,"-0.0833333333333333,tm_au_20,0.333333333333333,H,0.333333333333333,S,0.333333333333333,Au",tm_au
TAE-PTComp_2050_tm_au_21,TAE-PTComp,0.115225351948597,72.305,1012.27,14,"-0.0714285714285714,tm_au_21,0.571428571428571,H,0.0714285714285714,C,0.0714285714285714,N,0.0714285714285714,O,0.214285714285714,Au",tm_au
TAE-PTComp_2051_tm_au_22,TAE-PTComp,0.120056055906535,75.3363125,1205.381,16,"-0.0625,tm_au_22,0.4375,H,0.125,C,0.0625,N,0.125,O,0.25,Au",tm_au
TAE-PTComp_2052_tm_au_23,TAE-PTComp,0.157743036705206,98.98525,1187.823,12,"-0.0833333333333333,tm_au_23,0.25,H,0.0833333333333333,B,0.166666666666667,C,0.166666666666667,N,0.166666666666667,O,0.166666666666667,Au",tm_au
TAE-PTComp_2053_tm_au_24,TAE-PTComp,0.108707399483922,68.2149230769231,886.794,13,"-0.0769230769230769,tm_au_24,0.461538461538462,H,0.0769230769230769,B,0.0769230769230769,C,0.230769230769231,F,0.153846153846154,Au",tm_au
TAE-PTComp_2054_tm_au_25,TAE-PTComp,0.151054660825247,94.7882307692308,1232.247,13,"-0.0769230769230769,tm_au_25,0.461538461538462,H,0.230769230769231,C,0.0769230769230769,N,0.153846153846154,O,0.0769230769230769,Au",tm_au
TAE-PTComp_2055_tm_au_26,TAE-PTComp,0.132373831418807,83.0658333333333,1495.185,18,"-0.0555555555555556,tm_au_26,0.222222222222222,H,0.222222222222222,C,0.444444444444444,S,0.111111111111111,Au",tm_au
TAE-PTComp_2056_tm_au_27,TAE-PTComp,0.163141320361383,102.372724137931,2968.809,29,"-0.0344827586206897,tm_au_27,0.517241379310345,H,0.379310344827586,C,0.0689655172413793,O,0.0344827586206897,Au",tm_au
TAE-PTComp_2057_tm_au_28,TAE-PTComp,0.175976862043431,110.427148148148,2981.533,27,"-0.037037037037037,tm_au_28,0.444444444444444,H,0.444444444444444,C,0.037037037037037,N,0.037037037037037,O,0.037037037037037,Au",tm_au
TAE-PTComp_2058_tm_au_29,TAE-PTComp,0.155196156948758,97.3870588235294,1655.58,17,"-0.0588235294117647,tm_au_29,0.470588235294118,H,0.0588235294117647,B_cation,0.176470588235294,B,0.235294117647059,N,0.0588235294117647,Au",tm_au
TAE-PTComp_2059_tm_au_30,TAE-PTComp,0.141707438174963,88.92276,2223.069,25,"-0.04,tm_au_30,0.64,H,0.04,C_cation,0.12,C,0.16,O,0.04,Au",tm_au
TAE-PTComp_2060_tm_au_31,TAE-PTComp,0.163616653203989,102.671,924.039,9,"-0.111111111111111,tm_au_31,0.111111111111111,B_cation,0.333333333333333,B,0.444444444444444,F,0.111111111111111,Au",tm_au
TAE-PTComp_2061_tm_au_32,TAE-PTComp,0.109384146490818,68.6395882352941,1166.873,17,"-0.0588235294117647,tm_au_32,0.705882352941177,H,0.0588235294117647,P_cation,0.176470588235294,P,0.0588235294117647,Au",tm_au
TAE-PTComp_2062_tm_au_33,TAE-PTComp,0.156421431531547,98.1559302325581,4220.705,43,"-0.0232558139534884,tm_au_33,0.558139534883721,H,0.0232558139534884,C_cation,0.255813953488372,C,0.13953488372093,O,0.0232558139534884,Au",tm_au
TAE-PTComp_2063_tm_au_34,TAE-PTComp,0.121709716198357,76.374,1298.358,17,"-0.0588235294117647,tm_au_34,0.294117647058824,H,0.0588235294117647,C,0.0588235294117647,N,0.117647058823529,O,0.0588235294117647,F,0.0588235294117647,S_cation,0.0588235294117647,Cl,0.294117647058824,Au",tm_au
TAE-PTComp_2064_tm_au_35,TAE-PTComp,0.164113325652054,102.982666666667,617.896,6,"-0.166666666666667,tm_au_35,0.166666666666667,H,0.333333333333333,N,0.166666666666667,O,0.166666666666667,Au",tm_au
TAE-PTComp_2065_tm_hg_1,TAE-PTComp,0.163670724471374,102.704930232558,4416.312,43,"-0.0232558139534884,tm_hg_1,0.488372093023256,H,0.348837209302326,C,0.0232558139534884,O_anion,0.116279069767442,O,0.0232558139534884,Hg",tm_hg
TAE-PTComp_2066_tm_hg_2,TAE-PTComp,0.0526533883003615,33.0405,132.162,4,"-0.25,tm_hg_2,0.25,H_anion,0.5,H,0.25,Hg",tm_hg
TAE-PTComp_2067_tm_hg_3,TAE-PTComp,0.12189040608444,76.4873846153846,994.336,13,"-0.0769230769230769,tm_hg_3,0.692307692307692,H,0.0769230769230769,C_anion,0.153846153846154,C,0.0769230769230769,Hg",tm_hg
TAE-PTComp_2068_tm_hg_4,TAE-PTComp,0.0851501088167268,53.4325,213.73,4,"-0.25,tm_hg_4,0.25,H,0.25,O_anion,0.25,O,0.25,Hg",tm_hg
TAE-PTComp_2069_tm_hg_5,TAE-PTComp,0.0871287327490773,54.6741052631579,1038.808,19,"-0.0526315789473684,tm_hg_5,0.368421052631579,H,0.105263157894737,C,0.105263157894737,O,0.105263157894737,F,0.0526315789473684,P,0.0526315789473684,Cl_anion,0.210526315789474,Hg",tm_hg
TAE-PTComp_2070_tm_hg_6,TAE-PTComp,0.128729446657403,80.778947368421,1534.8,19,"-0.0526315789473684,tm_hg_6,0.421052631578947,H,0.105263157894737,C,0.210526315789474,N,0.105263157894737,S,0.105263157894737,Cl,0.0526315789473684,Hg",tm_hg
TAE-PTComp_2071_tm_hg_7,TAE-PTComp,0.050078393977374,31.4246666666667,188.548,6,"-0.166666666666667,tm_hg_7,0.666666666666667,Br,0.333333333333333,Hg",tm_hg
TAE-PTComp_2072_tm_hg_8,TAE-PTComp,0.13917098421741,87.3311111111111,1571.96,18,"-0.0555555555555556,tm_hg_8,0.444444444444444,H,0.444444444444444,C,0.111111111111111,Hg",tm_hg
TAE-PTComp_2073_tm_hg_9,TAE-PTComp,0.069649546033157,43.70575,524.469,12,"-0.0833333333333333,tm_hg_9,0.666666666666667,F,0.333333333333333,Hg",tm_hg
TAE-PTComp_2074_tm_hg_10,TAE-PTComp,0.109856321222665,68.9358823529412,1171.91,17,"-0.0588235294117647,tm_hg_10,0.294117647058824,H,0.117647058823529,C,0.0588235294117647,N,0.294117647058824,O,0.235294117647059,Hg",tm_hg
TAE-PTComp_2075_tm_hg_11,TAE-PTComp,0.0440784181645975,27.659625,221.277,8,"-0.125,tm_hg_11,0.5,S,0.5,Hg",tm_hg
TAE-PTComp_2076_tm_hg_12,TAE-PTComp,0.00524613593271258,3.292,26.336,8,"-0.125,tm_hg_12,1,Hg",tm_hg
TAE-PTComp_2077_tm_hg_13,TAE-PTComp,0.114025597723402,71.5521428571429,500.865,7,"-0.142857142857143,tm_hg_13,0.571428571428571,H,0.142857142857143,B,0.142857142857143,N,0.142857142857143,Hg",tm_hg
TAE-PTComp_2078_tm_hg_14,TAE-PTComp,0.106231909105904,66.6615294117647,1133.246,17,"-0.0588235294117647,tm_hg_14,0.705882352941177,H,0.235294117647059,B,0.0588235294117647,Hg",tm_hg
TAE-PTComp_2079_tm_hg_15,TAE-PTComp,0.146884794269627,92.1716,1382.574,15,"-0.0666666666666667,tm_hg_15,0.466666666666667,H,0.266666666666667,B,0.2,N,0.0666666666666667,Hg",tm_hg
TAE-PTComp_2080_tm_hg_16,TAE-PTComp,0.104598686361931,65.6366666666667,393.82,6,"-0.166666666666667,tm_hg_16,0.5,H,0.166666666666667,C,0.166666666666667,Br,0.166666666666667,Hg",tm_hg
TAE-PTComp_2081_tm_hg_17,TAE-PTComp,0.0793135435513685,49.77,199.08,4,"-0.25,tm_hg_17,0.5,H,0.25,C,0.25,Hg",tm_hg
TAE-PTComp_2082_tm_hg_18,TAE-PTComp,0.0573276869172007,35.9736666666667,107.921,3,"-0.333333333333333,tm_hg_18,0.666666666666667,Cl,0.333333333333333,Hg",tm_hg
TAE-PTComp_2083_tm_hg_19,TAE-PTComp,0.107465221214594,67.4354444444444,606.919,9,"-0.111111111111111,tm_hg_19,0.444444444444444,H,0.222222222222222,O,0.222222222222222,F,0.111111111111111,Hg",tm_hg
TAE-PTComp_2084_tm_hg_20,TAE-PTComp,0.180573457834616,113.311555555556,1019.804,9,"-0.111111111111111,tm_hg_20,0.222222222222222,B,0.222222222222222,C,0.444444444444444,O,0.111111111111111,Hg",tm_hg
TAE-PTComp_2085_tm_hg_21,TAE-PTComp,0.167370419333243,105.026523809524,2205.557,21,"-0.0476190476190476,tm_hg_21,0.476190476190476,H,0.476190476190476,C,0.0476190476190476,Hg",tm_hg
TAE-PTComp_2086_tm_hg_22,TAE-PTComp,0.0892073295435464,55.9784444444444,503.806,9,"-0.111111111111111,tm_hg_22,0.444444444444444,H,0.222222222222222,F,0.222222222222222,S,0.111111111111111,Hg",tm_hg
TAE-PTComp_2087_tm_hg_23,TAE-PTComp,0.137871025978008,86.515375,2768.492,32,"-0.03125,tm_hg_23,0.5,H,0.25,C,0.0625,O,0.125,Cl,0.0625,Hg",tm_hg
TAE-PTComp_2088_tm_hg_24,TAE-PTComp,0.0918384540505041,57.6295,691.554,12,"-0.0833333333333333,tm_hg_24,0.333333333333333,H,0.166666666666667,O,0.166666666666667,Cl,0.166666666666667,Br,0.166666666666667,Hg",tm_hg
TAE-PTComp_2089_tm_hg_25,TAE-PTComp,0.102258748250996,64.1683333333333,385.01,6,"-0.166666666666667,tm_hg_25,0.666666666666667,H,0.166666666666667,C,0.166666666666667,Hg",tm_hg
TAE-PTComp_2090_tm_hg_26,TAE-PTComp,0.0989514940674125,62.093,372.558,6,"-0.166666666666667,tm_hg_26,0.5,H,0.166666666666667,N,0.166666666666667,O,0.166666666666667,Hg",tm_hg
TAE-PTComp_2091_tm_hg_27,TAE-PTComp,0.129880907569858,81.5015,489.009,6,"-0.166666666666667,tm_hg_27,0.333333333333333,N,0.333333333333333,O,0.166666666666667,S,0.166666666666667,Hg",tm_hg
TAE-PTComp_2092_tm_hg_28,TAE-PTComp,0.117810318353308,73.9270909090909,813.198,11,"-0.0909090909090909,tm_hg_28,0.363636363636364,H,0.181818181818182,C,0.181818181818182,N,0.0909090909090909,O,0.181818181818182,Hg",tm_hg
TAE-PTComp_2093_tm_hg_29,TAE-PTComp,0.112980090107688,70.8960769230769,921.649,13,"-0.0769230769230769,tm_hg_29,0.461538461538462,H,0.153846153846154,C,0.153846153846154,N,0.0769230769230769,O,0.153846153846154,Hg",tm_hg
TAE-PTComp_2094_tm_hg_30,TAE-PTComp,0.146974178824746,92.2276896551724,2674.603,29,"-0.0344827586206897,tm_hg_30,0.206896551724138,H,0.206896551724138,C,0.448275862068966,O,0.137931034482759,Hg",tm_hg
TAE-PTComp_2095_tm_hg_31,TAE-PTComp,0.177230684045656,111.213933333333,1668.209,15,"-0.0666666666666667,tm_hg_31,0.466666666666667,H,0.0666666666666667,C_cation,0.4,C,0.0666666666666667,Hg",tm_hg
TAE-PTComp_2096_tm_hg_32,TAE-PTComp,0.0450829846708502,28.29,56.58,2,"-0.5,tm_hg_32,0.5,I_cation,0.5,Hg",tm_hg
TAE-PTComp_2097_tm_hg_33,TAE-PTComp,0.110542872844378,69.3667,693.667,10,"-0.1,tm_hg_33,0.2,H,0.1,C,0.1,N,0.1,Si_cation,0.1,Si,0.2,S,0.2,Hg",tm_hg
